tax	AmbarAyunda_minimap2_16S	total
Unclassified;Unknown;Unknown;Unknown;Unknown;Unknown;Unknown;Unknown	33500.0	33500.0
Bacteria;Bacillati;Bacillota;Clostridia;Peptostreptococcales;Peptostreptococcaceae;Romboutsia;Romboutsia timonensis	10724.0	10724.0
Bacteria;Pseudomonadati;Pseudomonadota;Betaproteobacteria;Burkholderiales;Comamonadaceae;Comamonas;Comamonas jiangduensis	9578.0	9578.0
Bacteria;Bacillati;Bacillota;Clostridia;Peptostreptococcales;Peptostreptococcaceae;Paraclostridium;Paraclostridium tenue	6098.0	6098.0
Bacteria;Bacillati;Bacillota;Clostridia;Peptostreptococcales;Peptostreptococcaceae;Romboutsia;Romboutsia hominis	2961.0	2961.0
Bacteria;Bacillati;Bacillota;Clostridia;Christensenellales;Christensenellaceae;Luoshenia;Luoshenia tenuis	2719.0	2719.0
Bacteria;Bacillati;Bacillota;Clostridia;Eubacteriales;Oscillospiraceae;Saccharofermentans;Saccharofermentans acetigenes	1322.0	1322.0
Bacteria;Bacillati;Bacillota;Bacilli;Lactobacillales;Carnobacteriaceae;Trichococcus;Trichococcus flocculiformis	1228.0	1228.0
Bacteria;Bacillati;Bacillota;Clostridia;Eubacteriales;Oscillospiraceae;Sporobacter;Sporobacter termitidis	1215.0	1215.0
Bacteria;Bacillati;Bacillota;Clostridia;Eubacteriales;Clostridiaceae;Clostridium;Clostridium jeddahitimonense	1123.0	1123.0
Bacteria;Bacillati;Bacillota;Clostridia;Christensenellales;Christensenellaceae;Guopingia;Guopingia tenuis	1115.0	1115.0
Bacteria;Bacillati;Bacillota;Clostridia;Christensenellales;Christensenellaceae;Christensenella;Christensenella massiliensis	1110.0	1110.0
Bacteria;Bacillati;Bacillota;Clostridia;Eubacteriales;Clostridiaceae;Clostridium;Clostridium disporicum	1099.0	1099.0
Bacteria;Bacillati;Bacillota;Bacilli;Lactobacillales;Carnobacteriaceae;Trichococcus;Trichococcus pasteurii	978.0	978.0
Bacteria;Bacillati;Bacillota;Clostridia;Eubacteriales;Clostridiaceae;Clostridium;Clostridium saudiense	977.0	977.0
Bacteria;Bacillati;Bacillota;Negativicutes;Acidaminococcales;Acidaminococcaceae;Acidaminococcus;Acidaminococcus provencensis	854.0	854.0
Bacteria;Thermotogati;Synergistota;Synergistia;Synergistales;Synergistaceae;Cloacibacillus;Cloacibacillus porcorum	800.0	800.0
Bacteria;Bacillati;Bacillota;Clostridia;Christensenellales;Christensenellaceae;Gehongia;Gehongia tenuis	708.0	708.0
Bacteria;Bacillati;Bacillota;Clostridia;Christensenellales;Christensenellaceae;Christensenella;Christensenella minuta	679.0	679.0
Bacteria;Bacillati;Bacillota;Clostridia;Peptostreptococcales;Peptostreptococcaceae;Paraclostridium;Paraclostridium sordellii	673.0	673.0
Bacteria;Bacillati;Bacillota;Clostridia;Eubacteriales;Oscillospiraceae;Acetivibrio;Acetivibrio cellulolyticus	655.0	655.0
Bacteria;Bacillati;Bacillota;Clostridia;Eubacteriales;Oscillospiraceae;Anaerotruncus;Anaerotruncus massiliensis (ex Togo et al. 2019)	547.0	547.0
Bacteria;Bacillati;Bacillota;Clostridia;Peptostreptococcales;Peptostreptococcaceae;Romboutsia;Romboutsia lituseburensis	533.0	533.0
Bacteria;Pseudomonadati;Pseudomonadota;Betaproteobacteria;Burkholderiales;Alcaligenaceae;Advenella;Advenella faeciporci	476.0	476.0
Bacteria;Bacillati;Bacillota;Clostridia;Eubacteriales;Oscillospiraceae;Provencibacterium;Provencibacterium massiliense	460.0	460.0
Bacteria;Pseudomonadati;Pseudomonadota;Betaproteobacteria;Burkholderiales;Comamonadaceae;Comamonas;Comamonas fluminis	457.0	457.0
Bacteria;Bacillati;Bacillota;Clostridia;Eubacteriales;Eubacteriales Family XIII. Incertae Sedis;Sinanaerobacter;Sinanaerobacter chloroacetimidivorans	457.0	457.0
Bacteria;Bacillati;Bacillota;Clostridia;Peptostreptococcales;Peptostreptococcaceae;Terrisporobacter;Terrisporobacter mayombei	441.0	441.0
Bacteria;Pseudomonadati;Campylobacterota;Epsilonproteobacteria;Campylobacterales;Arcobacteraceae;Arcobacter;Arcobacter ellisii	433.0	433.0
Bacteria;Bacillati;Actinomycetota;Actinomycetes;Micrococcales;Microbacteriaceae;Leucobacter;Leucobacter komagatae	430.0	430.0
Bacteria;Bacillati;Bacillota;Clostridia;Eubacteriales;Oscillospiraceae;Ruthenibacterium;Ruthenibacterium lactatiformans	410.0	410.0
Bacteria;Bacillati;Bacillota;Clostridia;Lachnospirales;Cellulosilyticaceae;Cellulosilyticum;Cellulosilyticum ruminicola	400.0	400.0
Bacteria;Bacillati;Bacillota;Clostridia;Eubacteriales;Acutalibacteraceae;Caproicibacter;Caproicibacter fermentans	373.0	373.0
Bacteria;Bacillati;Bacillota;Clostridia;Christensenellales;Christensenellaceae;Christensenella;Christensenella timonensis	368.0	368.0
Bacteria;Bacillati;Bacillota;Clostridia;Eubacteriales;Oscillospiraceae;Acetivibrio;Acetivibrio clariflavus	368.0	368.0
Bacteria;Bacillati;Bacillota;Clostridia;Eubacteriales;Eubacteriaceae;Eubacterium;Eubacterium coprostanoligenes	356.0	356.0
Bacteria;Pseudomonadati;Planctomycetota;Planctomycetia;Pirellulales;Thermoguttaceae;Thermostilla;Thermostilla marina	350.0	350.0
Bacteria;Pseudomonadati;Pseudomonadota;Betaproteobacteria;Nitrosomonadales;Sterolibacteriaceae;Denitratisoma;Denitratisoma oestradiolicum	347.0	347.0
Bacteria;Bacillati;Bacillota;Clostridia;Eubacteriales;Oscillospiraceae;Acetivibrio;Acetivibrio aldrichii	340.0	340.0
Bacteria;Bacillati;Bacillota;Clostridia;Eubacteriales;Eubacteriales_Incertae_sedis;Gemmiger;Gemmiger gallinarum	338.0	338.0
Bacteria;Pseudomonadati;Pseudomonadota;Betaproteobacteria;Burkholderiales;Comamonadaceae;Comamonas;Comamonas testosteroni	333.0	333.0
Bacteria;Bacillati;Bacillota;Clostridia;Peptostreptococcales;Peptostreptococcaceae;Intestinibacter;Intestinibacter bartlettii	319.0	319.0
Bacteria;Bacillati;Bacillota;Clostridia;Eubacteriales;Oscillospiraceae;Harryflintia;Harryflintia acetispora	308.0	308.0
Bacteria;Bacillati;Bacillota;Clostridia;Eubacteriales;Oscillospiraceae;Ruminiclostridium;Ruminiclostridium cellobioparum	308.0	308.0
Bacteria;Bacillati;Bacillota;Bacilli;Lactobacillales;Carnobacteriaceae;Jeotgalibaca;Jeotgalibaca porci	305.0	305.0
Bacteria;Bacillati;Actinomycetota;Coriobacteriia;Eggerthellales;Eggerthellaceae;Raoultibacter;Raoultibacter timonensis	279.0	279.0
Bacteria;Bacillati;Bacillota;Clostridia;Eubacteriales;Oscillospiraceae;Oscillibacter;Oscillibacter valericigenes	277.0	277.0
Bacteria;Bacillati;Bacillota;Clostridia;Peptostreptococcales;Peptostreptococcaceae;Paraclostridium;Paraclostridium benzoelyticum	264.0	264.0
Bacteria;Bacillati;Bacillota;Clostridia;Peptostreptococcales;Anaerovoracaceae;Aminipila;Aminipila butyrica	264.0	264.0
Bacteria;Bacillati;Bacillota;Clostridia;Lachnospirales;Cellulosilyticaceae;Cellulosilyticum;Cellulosilyticum lentocellum	262.0	262.0
Bacteria;Bacillati;Bacillota;Clostridia;Peptostreptococcales;Peptostreptococcaceae;Faecalimicrobium;Faecalimicrobium dakarense	240.0	240.0
Bacteria;Bacillati;Bacillota;Clostridia;Eubacteriales;Oscillospiraceae;Papillibacter;Papillibacter cinnamivorans	240.0	240.0
Bacteria;Bacillati;Bacillota;Clostridia;Eubacteriales;Oscillospiraceae;Acetivibrio;Acetivibrio alkalicellulosi	236.0	236.0
Bacteria;Pseudomonadati;Pseudomonadota;Betaproteobacteria;Burkholderiales;Comamonadaceae;Hydrogenophaga;Hydrogenophaga temperata	229.0	229.0
Bacteria;Bacillati;Bacillota;Clostridia;Eubacteriales;Acutalibacteraceae;Pseudoruminococcus;Pseudoruminococcus massiliensis	223.0	223.0
Bacteria;Bacillati;Bacillota;Bacilli;Lactobacillales;Carnobacteriaceae;Trichococcus;Trichococcus paludicola	207.0	207.0
Bacteria;Pseudomonadati;Pseudomonadota;Betaproteobacteria;Burkholderiales;Comamonadaceae;Giesbergeria;Giesbergeria voronezhensis	205.0	205.0
Bacteria;Pseudomonadati;Pseudomonadota;Betaproteobacteria;Burkholderiales;Comamonadaceae;Paenacidovorax;Paenacidovorax caeni	200.0	200.0
Bacteria;Bacillati;Bacillota;Tissierellia;Tissierellia_Incertae_sedis;Tissierellia_Incertae_sedis;Sedimentibacter;Sedimentibacter hydroxybenzoicus	196.0	196.0
Bacteria;Bacillati;Actinomycetota;Actinomycetes;Micrococcales;Microbacteriaceae;Leucobacter;Leucobacter insecticola	193.0	193.0
Bacteria;Bacillati;Bacillota;Clostridia;Peptostreptococcales;Peptostreptococcaceae;Romboutsia;Romboutsia sedimentorum	191.0	191.0
Bacteria;Pseudomonadati;Pseudomonadota;Betaproteobacteria;Burkholderiales;Comamonadaceae;Giesbergeria;Giesbergeria giesbergeri	190.0	190.0
Bacteria;Bacillati;Bacillota;Negativicutes;Acidaminococcales;Acidaminococcaceae;Acidaminococcus;Acidaminococcus intestini	187.0	187.0
Bacteria;Bacillati;Chloroflexota;Anaerolineae;Anaerolineales;Anaerolineaceae;Levilinea;Levilinea saccharolytica	186.0	186.0
Bacteria;Pseudomonadati;Pseudomonadota;Gammaproteobacteria;Moraxellales;Moraxellaceae;Acinetobacter;Acinetobacter seohaensis	180.0	180.0
Bacteria;Bacillati;Bacillota;Bacilli;Lactobacillales;Carnobacteriaceae;Trichococcus;Trichococcus collinsii	178.0	178.0
Bacteria;Bacillati;Bacillota;Clostridia;Eubacteriales;Oscillospiraceae;Neglectibacter;Neglectibacter timonensis	178.0	178.0
Bacteria;Bacillati;Bacillota;Clostridia;Eubacteriales;Clostridiaceae;Clostridium;Clostridium tertium	173.0	173.0
Bacteria;Bacillati;Candidatus Melainabacteria;Vampirovibriophyceae;Vampirovibrionales;Vampirovibrionales_Incertae_sedis;Vampirovibrio;Vampirovibrio chlorellavorus	168.0	168.0
Bacteria;Bacillati;Bacillota;Clostridia;Eubacteriales;Eubacteriales_Incertae_sedis;Intestinimonas;Intestinimonas timonensis	164.0	164.0
Bacteria;Bacillati;Bacillota;Clostridia;Eubacteriales;Oscillospiraceae;Ercella;Ercella succinigenes	163.0	163.0
Bacteria;Bacillati;Bacillota;Clostridia;Eubacteriales;Oscillospiraceae;Acetivibrio;Acetivibrio thermocellus	162.0	162.0
Bacteria;Bacillati;Bacillota;Bacilli;Lactobacillales;Carnobacteriaceae;Trichococcus;Trichococcus shcherbakoviae	161.0	161.0
Bacteria;Bacillati;Bacillota;Bacilli;Lactobacillales;Lactobacillaceae;Limosilactobacillus;Limosilactobacillus fermentum	148.0	148.0
Bacteria;Pseudomonadati;Pseudomonadota;Betaproteobacteria;Burkholderiales;Comamonadaceae;Comamonas;Comamonas denitrificans	148.0	148.0
Bacteria;Bacillati;Bacillota;Clostridia;Eubacteriales;Oscillospiraceae;Vescimonas;Vescimonas fastidiosa	148.0	148.0
Bacteria;Bacillati;Bacillota;Clostridia;Peptostreptococcales;Peptostreptococcaceae;Terrisporobacter;Terrisporobacter petrolearius	147.0	147.0
Bacteria;Bacillati;Bacillota;Bacilli;Bacillales;Bacillaceae;Bacillus;Bacillus stratosphericus	146.0	146.0
Bacteria;Bacillati;Bacillota;Clostridia;Eubacteriales;Oscillospiraceae;Ruminococcoides;Ruminococcoides bili	146.0	146.0
Bacteria;Bacillati;Bacillota;Clostridia;Eubacteriales;Clostridiaceae;Clostridium;Clostridium butyricum	143.0	143.0
Bacteria;Bacillati;Bacillota;Clostridia;Eubacteriales;Eubacteriales Family XIII. Incertae Sedis;Lentihominibacter;Lentihominibacter faecis	140.0	140.0
Bacteria;Bacillati;Bacillota;Clostridia;Eubacteriales;Desulfotomaculaceae;Cryptanaerobacter;Cryptanaerobacter phenolicus	139.0	139.0
Bacteria;Bacillati;Bacillota;Clostridia;Eubacteriales;Oscillospiraceae;Ruminiclostridium;Ruminiclostridium hungatei	138.0	138.0
Bacteria;Bacillati;Actinomycetota;Actinomycetes;Micrococcales;Microbacteriaceae;Leucobacter;Leucobacter luti	137.0	137.0
Bacteria;Bacillati;Bacillota;Tissierellia;Tissierellia_Incertae_sedis;Tissierellia_Incertae_sedis;Sedimentibacter;Sedimentibacter acidaminivorans	136.0	136.0
Bacteria;Bacillati;Bacillota;Clostridia;Eubacteriales;Peptococcaceae;Dehalobacterium;Dehalobacterium formicoaceticum	135.0	135.0
Bacteria;Bacillati;Bacillota;Clostridia;Eubacteriales;Acutalibacteraceae;Hydrogeniiclostridium;Hydrogeniiclostridium mannosilyticum	135.0	135.0
Bacteria;Bacillati;Bacillota;Clostridia;Eubacteriales;Clostridiaceae;Clostridium;Clostridium porci	129.0	129.0
Bacteria;Bacillati;Bacillota;Clostridia;Eubacteriales;Eubacteriaceae;Anaerofustis;Anaerofustis stercorihominis	127.0	127.0
Bacteria;Bacillati;Bacillota;Negativicutes;Acidaminococcales;Acidaminococcaceae;Phascolarctobacterium;Phascolarctobacterium succinatutens	127.0	127.0
Bacteria;Bacillati;Bacillota;Tissierellia;Tissierellia_Incertae_sedis;Tissierellia_Incertae_sedis;Sedimentibacter;Sedimentibacter saalensis	124.0	124.0
Bacteria;Pseudomonadati;Pseudomonadota;Betaproteobacteria;Burkholderiales;Comamonadaceae;Comamonas;Comamonas aquatica	121.0	121.0
Bacteria;Bacillati;Bacillota;Clostridia;Eubacteriales;Oscillospiraceae;Ruminiclostridium;Ruminiclostridium cellulolyticum	120.0	120.0
Bacteria;Pseudomonadati;Pseudomonadota;Betaproteobacteria;Rhodocyclales;Azonexaceae;Azonexus;Azonexus caeni	119.0	119.0
Bacteria;Bacillati;Actinomycetota;Actinomycetes;Micrococcales;Microbacteriaceae;Leucobacter;Leucobacter tardus	114.0	114.0
Bacteria;Bacillati;Bacillota;Clostridia;Eubacteriales;Oscillospiraceae;Acetivibrio;Acetivibrio straminisolvens	113.0	113.0
Bacteria;Pseudomonadati;Pseudomonadota;Betaproteobacteria;Burkholderiales;Comamonadaceae;Giesbergeria;Giesbergeria sinuosa	109.0	109.0
Bacteria;Bacillati;Bacillota;Clostridia;Eubacteriales;Syntrophomonadaceae;Syntrophomonas;Syntrophomonas palmitatica	108.0	108.0
Bacteria;Bacillati;Bacillota;Tissierellia;Tissierellales;Peptoniphilaceae;Miniphocaeibacter;Miniphocaeibacter massiliensis	108.0	108.0
Bacteria;Bacillati;Bacillota;Clostridia;Eubacteriales;Syntrophomonadaceae;Syntrophomonas;Syntrophomonas zehnderi	108.0	108.0
Bacteria;Bacillati;Bacillota;Bacilli;Bacillales;Bacillaceae;Bacillus;Bacillus altitudinis	107.0	107.0
Bacteria;Pseudomonadati;Pseudomonadota;Betaproteobacteria;Burkholderiales;Comamonadaceae;Hydrogenophaga;Hydrogenophaga flava	106.0	106.0
Bacteria;Pseudomonadati;Pseudomonadota;Betaproteobacteria;Burkholderiales;Alcaligenaceae;Advenella;Advenella alkanexedens	106.0	106.0
Bacteria;Bacillati;Bacillota;Clostridia;Peptostreptococcales;Peptostreptococcaceae;Terrisporobacter;Terrisporobacter glycolicus	106.0	106.0
Bacteria;Bacillati;Bacillota;Clostridia;Eubacteriales;Desulfotomaculaceae;Pelotomaculum;Pelotomaculum schinkii	106.0	106.0
Bacteria;Bacillati;Bacillota;Clostridia;Eubacteriales;Clostridiaceae;Clostridium;Clostridium saccharobutylicum	104.0	104.0
Bacteria;Bacillati;Bacillota;Bacilli;Bacillales;Bacillaceae;Vulcanibacillus;Vulcanibacillus modesticaldus	103.0	103.0
Bacteria;Bacillati;Bacillota;Negativicutes;Acidaminococcales;Acidaminococcaceae;Phascolarctobacterium;Phascolarctobacterium faecium	102.0	102.0
Bacteria;Pseudomonadati;Pseudomonadota;Betaproteobacteria;Burkholderiales;Comamonadaceae;Giesbergeria;Giesbergeria kuznetsovii	101.0	101.0
Bacteria;Bacillati;Bacillota;Clostridia;Peptostreptococcales;Anaerovoracaceae;Emergencia;Emergencia timonensis	99.0	99.0
Bacteria;Bacillati;Bacillota;Clostridia;Peptostreptococcales;Peptostreptococcaceae;Romboutsia;Romboutsia ilealis	98.0	98.0
Bacteria;Bacillati;Bacillota;Clostridia;Eubacteriales;Oscillospiraceae;Ethanoligenens;Ethanoligenens harbinense	97.0	97.0
Bacteria;Bacillati;Bacillota;Clostridia;Eubacteriales;Oscillospiraceae;Thermoclostridium;Thermoclostridium stercorarium	97.0	97.0
Bacteria;Pseudomonadati;Pseudomonadota;Betaproteobacteria;Burkholderiales;Comamonadaceae;Comamonas;Comamonas aquatilis	97.0	97.0
Bacteria;Pseudomonadati;Pseudomonadota;Betaproteobacteria;Rhodocyclales;Azonexaceae;Dechloromonas;Dechloromonas hortensis	96.0	96.0
Bacteria;Pseudomonadati;Bacteroidota;Bacteroidia;Marinilabiliales;Prolixibacteraceae;Puteibacter;Puteibacter caeruleilacunae	95.0	95.0
Bacteria;Bacillati;Chloroflexota;Anaerolineae;Anaerolineales;Anaerolineaceae;Leptolinea;Leptolinea tardivitalis	94.0	94.0
Bacteria;Bacillati;Actinomycetota;Actinomycetes;Micrococcales;Microbacteriaceae;Leucobacter;Leucobacter chromiireducens	94.0	94.0
Bacteria;Bacillati;Bacillota;Clostridia;Eubacteriales;Clostridiaceae;Clostridium;Clostridium celatum	92.0	92.0
Bacteria;Bacillati;Actinomycetota;Actinomycetes;Micrococcales;Microbacteriaceae;Leucobacter;Leucobacter humi	92.0	92.0
Bacteria;Pseudomonadati;Planctomycetota;Planctomycetia;Pirellulales;Pirellulaceae;Lignipirellula;Lignipirellula cremea	91.0	91.0
Bacteria;Bacillati;Bacillota;Clostridia;Lachnospirales;Lachnospiraceae;Porcincola;Porcincola intestinalis	89.0	89.0
Bacteria;Bacillati;Bacillota;Clostridia;Eubacteriales;Clostridiaceae;Clostridium;Clostridium paraputrificum	89.0	89.0
Bacteria;Bacillati;Bacillota;Clostridia;Eubacteriales;Oscillospiraceae;Massiliimalia;Massiliimalia timonensis	88.0	88.0
Bacteria;Pseudomonadati;Pseudomonadota;Betaproteobacteria;Burkholderiales;Burkholderiales_Incertae_sedis;Aquabacterium;Aquabacterium commune	87.0	87.0
Bacteria;Bacillati;Bacillota;Clostridia;Eubacteriales;Eubacteriales Family XIII. Incertae Sedis;Lentihominibacter;Lentihominibacter hominis	86.0	86.0
Bacteria;Bacillati;Bacillota;Clostridia;Eubacteriales;Oscillospiraceae;Pseudobacteroides;Pseudobacteroides cellulosolvens	84.0	84.0
Bacteria;Bacillati;Bacillota;Clostridia;Eubacteriales;Clostridiaceae;Clostridium;Clostridium tarantellae	82.0	82.0
Bacteria;Bacillati;Bacillota;Clostridia;Peptostreptococcales;Peptostreptococcaceae;Romboutsia;Romboutsia maritimum	82.0	82.0
Bacteria;Pseudomonadati;Pseudomonadota;Gammaproteobacteria;Moraxellales;Moraxellaceae;Acinetobacter;Acinetobacter haemolyticus	80.0	80.0
Bacteria;Bacillati;Bacillota;Clostridia;Monoglobales;Monoglobaceae;Monoglobus;Monoglobus pectinilyticus	79.0	79.0
Bacteria;Bacillati;Bacillota;Clostridia;Christensenellales;Christensenellaceae;Christensenella;Christensenella intestinihominis	79.0	79.0
Bacteria;Bacillati;Bacillota;Clostridia;Eubacteriales;Clostridiaceae;Clostridium;Clostridium saccharoperbutylacetonicum	75.0	75.0
Bacteria;Bacillati;Actinomycetota;Actinomycetes;Micrococcales;Microbacteriaceae;Leucobacter;Leucobacter celer	74.0	74.0
Bacteria;Pseudomonadati;Pseudomonadota;Betaproteobacteria;Burkholderiales;Comamonadaceae;Giesbergeria;Giesbergeria anulus	74.0	74.0
Bacteria;Bacillati;Bacillota;Clostridia;Eubacteriales;Oscillospiraceae;Vescimonas;Vescimonas coprocola	73.0	73.0
Bacteria;Bacillati;Bacillota;Bacilli;Bacillales;Bacillaceae;Bacillus;Bacillus aerophilus	73.0	73.0
Bacteria;Bacillati;Bacillota;Clostridia;Eubacteriales;Acutalibacteraceae;Anaeromassilibacillus;Anaeromassilibacillus senegalensis	72.0	72.0
Bacteria;Bacillati;Bacillota;Tissierellia;Tissierellales;Tissierellaceae;Tissierella;Tissierella creatinini	71.0	71.0
Bacteria;Bacillati;Bacillota;Negativicutes;Selenomonadales;Sporomusaceae;Propionispora;Propionispora hippei	70.0	70.0
Bacteria;Pseudomonadati;Pseudomonadota;Betaproteobacteria;Burkholderiales;Comamonadaceae;Comamonas;Comamonas terrigena	68.0	68.0
Bacteria;Pseudomonadati;Pseudomonadota;Gammaproteobacteria;Pseudomonadales;Pseudomonadaceae;Pseudomonas;Pseudomonas defluvii	68.0	68.0
Bacteria;Bacillati;Bacillota;Clostridia;Eubacteriales;Clostridiaceae;Proteiniclasticum;Proteiniclasticum ruminis	68.0	68.0
Bacteria;Bacillati;Bacillota;Clostridia;Eubacteriales;Oscillospiraceae;Solibaculum;Solibaculum mannosilyticum	67.0	67.0
Bacteria;Bacillati;Bacillota;Clostridia;Eubacteriales;Oscillospiraceae;Petroclostridium;Petroclostridium xylanilyticum	65.0	65.0
Bacteria;Pseudomonadati;Pseudomonadota;Betaproteobacteria;Burkholderiales;Comamonadaceae;Simplicispira;Simplicispira lacusdiani	64.0	64.0
Bacteria;Pseudomonadati;Pseudomonadota;Betaproteobacteria;Burkholderiales;Comamonadaceae;Comamonas;Comamonas thiooxydans	64.0	64.0
Bacteria;Bacillati;Bacillota;Clostridia;Eubacteriales;Yeguiaceae;Yeguia;Yeguia hominis	64.0	64.0
Bacteria;Bacillati;Bacillota;Clostridia;Eubacteriales;Oscillospiraceae;Acetivibrio;Acetivibrio ethanolgignens	62.0	62.0
Bacteria;Bacillati;Armatimonadota;Armatimonadia;Armatimonadales;Armatimonadaceae;Armatimonas;Armatimonas rosea	61.0	61.0
Bacteria;Bacillati;Bacillota;Clostridia;Eubacteriales;Clostridiaceae;Clostridium;Clostridium vincentii	61.0	61.0
Bacteria;Bacillati;Bacillota;Negativicutes;Selenomonadales;Sporomusaceae;Sporomusa;Sporomusa malonica	60.0	60.0
Bacteria;Bacillati;Bacillota;Clostridia;Eubacteriales;Oscillospiraceae;Congzhengia;Congzhengia minquanensis	60.0	60.0
Bacteria;Pseudomonadati;Pseudomonadota;Betaproteobacteria;Rhodocyclales;Azonexaceae;Azonexus;Azonexus hydrophilus	59.0	59.0
Bacteria;Pseudomonadati;Pseudomonadota;Betaproteobacteria;Burkholderiales;Comamonadaceae;Limnohabitans;Limnohabitans planktonicus	57.0	57.0
Bacteria;Pseudomonadati;Planctomycetota;Planctomycetia;Pirellulales;Lacipirellulaceae;Posidoniimonas;Posidoniimonas polymericola	56.0	56.0
Bacteria;Bacillati;Bacillota;Clostridia;Eubacteriales;Peptococcaceae;Thermanaerosceptrum;Thermanaerosceptrum fracticalcis	56.0	56.0
Bacteria;Bacillati;Actinomycetota;Actinomycetes;Micrococcales;Microbacteriaceae;Leucobacter;Leucobacter iarius	56.0	56.0
Bacteria;Bacillati;Chloroflexota;Caldilineae;Caldilineales;Caldilineaceae;Caldilinea;Caldilinea aerophila	55.0	55.0
Bacteria;Bacillati;Bacillota;Clostridia;Eubacteriales;Eubacteriales_Incertae_sedis;Intestinimonas;Intestinimonas massiliensis (ex Afouda et al. 2020)	55.0	55.0
Bacteria;Bacillati;Bacillota;Clostridia;Eubacteriales;Oscillospiraceae;Ruminococcus;Ruminococcus albus	54.0	54.0
Bacteria;Bacillati;Actinomycetota;Thermoleophilia;Miltoncostaeales;Miltoncostaeaceae;Miltoncostaea;Miltoncostaea oceani	53.0	53.0
Bacteria;Bacillati;Bacillota;Bacilli;Lactobacillales;Carnobacteriaceae;Trichococcus;Trichococcus patagoniensis	53.0	53.0
Bacteria;Bacillati;Bacillota;Clostridia;Eubacteriales;Syntrophomonadaceae;Syntrophomonas;Syntrophomonas curvata	52.0	52.0
Bacteria;Pseudomonadati;Campylobacterota;Epsilonproteobacteria;Campylobacterales;Arcobacteraceae;Aliarcobacter;Aliarcobacter cibarius	52.0	52.0
Bacteria;Bacillati;Bacillota;Clostridia;Lachnospirales;Lachnospiraceae;Enterocloster;Enterocloster aldenensis	52.0	52.0
Bacteria;Bacillati;Actinomycetota;Coriobacteriia;Coriobacteriales;Atopobiaceae;Olsenella;Olsenella intestinalis	51.0	51.0
Bacteria;Pseudomonadati;Thermodesulfobacteriota;Syntrophia;Syntrophales;Syntrophaceae;Syntrophus;Syntrophus aciditrophicus	50.0	50.0
Bacteria;Bacillati;Bacillota;Bacilli;Bacillales;Paenibacillaceae;Paenibacillus;Paenibacillus turicensis	50.0	50.0
Bacteria;Bacillati;Bacillota;Clostridia;Eubacteriales;Oscillospiraceae;Pygmaiobacter;Pygmaiobacter massiliensis	50.0	50.0
Bacteria;Bacillati;Bacillota;Clostridia;Eubacteriales;Oscillospiraceae;Ruminiclostridium;Ruminiclostridium sufflavum	50.0	50.0
Bacteria;Bacillati;Bacillota;Clostridia;Lachnospirales;Lachnospiraceae;Enterocloster;Enterocloster hominis (ex Hitch et al. 2024)	49.0	49.0
Bacteria;Bacillati;Actinomycetota;Actinomycetes;Mycobacteriales;Corynebacteriaceae;Corynebacterium;Corynebacterium pollutisoli	49.0	49.0
Bacteria;Bacillati;Bacillota;Clostridia;Eubacteriales;Oscillospiraceae;Thermoclostridium;Thermoclostridium caenicola	49.0	49.0
Bacteria;Pseudomonadati;Bacteroidota;Bacteroidia;Bacteroidales;Dysgonomonadaceae;Fermentimonas;Fermentimonas caenicola	48.0	48.0
Bacteria;Bacillati;Bacillota;Clostridia;Lachnospirales;Lachnospiraceae;Konateibacter;Konateibacter massiliensis	47.0	47.0
Bacteria;Pseudomonadati;Ignavibacteriota;Ignavibacteria;Ignavibacteriales;Ignavibacteriaceae;Ignavibacterium;Ignavibacterium album	47.0	47.0
Bacteria;Pseudomonadati;Pseudomonadota;Gammaproteobacteria;Moraxellales;Moraxellaceae;Acinetobacter;Acinetobacter chinensis	47.0	47.0
Bacteria;Bacillati;Bacillota;Clostridia;Eubacteriales;Eubacteriales_Incertae_sedis;Intestinimonas;Intestinimonas butyriciproducens	47.0	47.0
Bacteria;Bacillati;Bacillota;Clostridia;Eubacteriales;Clostridiaceae;Massilioclostridium;Massilioclostridium coli	47.0	47.0
Bacteria;Bacillati;Bacillota;Clostridia;Eubacteriales;Acutalibacteraceae;Caproiciproducens;Caproiciproducens galactitolivorans	47.0	47.0
Bacteria;Bacillati;Bacillota;Bacilli;Bacillales;Paenibacillaceae;Paenibacillus;Paenibacillus polymyxa	47.0	47.0
Bacteria;Pseudomonadati;Kiritimatiellota;Tichowtungiia;Tichowtungiales;Tichowtungiaceae;Tichowtungia;Tichowtungia aerotolerans	47.0	47.0
Bacteria;Bacillati;Bacillota;Clostridia;Eubacteriales;Oscillospiraceae;Ructibacterium;Ructibacterium gallinarum	46.0	46.0
Bacteria;Bacillati;Bacillota;Bacilli;Bacillales;Bacillaceae;Bacillus;Bacillus licheniformis	46.0	46.0
Bacteria;Bacillati;Actinomycetota;Actinomycetes;Micrococcales;Microbacteriaceae;Leucobacter;Leucobacter exalbidus	46.0	46.0
Bacteria;Bacillati;Bacillota;Clostridia;Eubacteriales;Clostridiaceae;Clostridium;Clostridium chauvoei	46.0	46.0
Bacteria;Bacillati;Actinomycetota;Actinomycetes;Mycobacteriales;Corynebacteriaceae;Corynebacterium;Corynebacterium xerosis	45.0	45.0
Bacteria;Bacillati;Actinomycetota;Actinomycetes;Micrococcales;Microbacteriaceae;Leucobacter;Leucobacter salsicius	44.0	44.0
Bacteria;Bacillati;Bacillota;Clostridia;Lachnospirales;Lachnospiraceae;Waltera;Waltera intestinalis	44.0	44.0
Bacteria;Pseudomonadati;Pseudomonadota;Betaproteobacteria;Burkholderiales;Alcaligenaceae;Pusillimonas;Pusillimonas minor	44.0	44.0
Bacteria;Bacillati;Bacillota;Clostridia;Eubacteriales;Oscillospiraceae;Flavonifractor;Flavonifractor plautii	44.0	44.0
Bacteria;Pseudomonadati;Pseudomonadota;Gammaproteobacteria;Moraxellales;Moraxellaceae;Acinetobacter;Acinetobacter indicus	44.0	44.0
Bacteria;Bacillati;Actinomycetota;Actinomycetes;Mycobacteriales;Corynebacteriaceae;Corynebacterium;Corynebacterium hansenii	44.0	44.0
Bacteria;Pseudomonadati;Thermodesulfobacteriota;Syntrophia;Syntrophales;Smithellaceae;Smithella;Smithella propionica	43.0	43.0
Bacteria;Bacillati;Bacillota;Bacilli;Bacillales;Paenibacillaceae;Paenibacillus;Paenibacillus barengoltzii	43.0	43.0
Bacteria;Bacillati;Bacillota;Clostridia;Lachnospirales;Lachnospiraceae;Faecalicatena;Faecalicatena orotica	43.0	43.0
Bacteria;Bacillati;Bacillota;Clostridia;Eubacteriales;Eubacteriales_Incertae_sedis;Neofamilia;Neofamilia massiliensis	42.0	42.0
Bacteria;Bacillati;Bacillota;Clostridia;Lachnospirales;Lachnospiraceae;Kineothrix;Kineothrix alysoides	42.0	42.0
Bacteria;Bacillati;Bacillota;Clostridia;Eubacteriales;Clostridiaceae;Clostridium;Clostridium merdae	41.0	41.0
Bacteria;Pseudomonadati;Bacteroidota;Bacteroidia;Bacteroidales;Paludibacteraceae;Paludibacter;Paludibacter propionicigenes	41.0	41.0
Bacteria;Bacillati;Bacillota;Clostridia;Eubacteriales;Oscillospiraceae;Oscillospiraceae_Incertae_sedis;[Clostridium] cellulosi	40.0	40.0
Bacteria;Bacillati;Bacillota;Clostridia;Eubacteriales;Oscillospiraceae;Oscillospiraceae_Incertae_sedis;[Clostridium] leptum	40.0	40.0
Bacteria;Bacillati;Bacillota;Clostridia;Lachnospirales;Lachnospiraceae;Faecalicatena;Faecalicatena fissicatena	40.0	40.0
Bacteria;Pseudomonadati;Pseudomonadota;Betaproteobacteria;Burkholderiales;Comamonadaceae;Ottowia;Ottowia caeni	40.0	40.0
Bacteria;Bacillati;Bacillota;Clostridia;Eubacteriales;Eubacteriales Family XIII. Incertae Sedis;Ihubacter;Ihubacter massiliensis	40.0	40.0
Bacteria;Bacillati;Bacillota;Clostridia;Peptostreptococcales;Anaerovoracaceae;Bacilliculturomica;Bacilliculturomica massiliensis	40.0	40.0
Bacteria;Bacillati;Bacillota;Clostridia;Eubacteriales;Oscillospiraceae;Angelakisella;Angelakisella massiliensis	39.0	39.0
Bacteria;Bacillati;Bacillota;Clostridia;Eubacteriales;Oscillospiraceae;Hydrogenoanaerobacterium;Hydrogenoanaerobacterium saccharovorans	39.0	39.0
Bacteria;Bacillati;Bacillota;Clostridia;Eubacteriales;Feifaniaceae;Feifania;Feifania hominis	39.0	39.0
Bacteria;Bacillati;Bacillota;Bacilli;Lactobacillales;Aerococcaceae;Fundicoccus;Fundicoccus fermenti	39.0	39.0
Bacteria;Bacillati;Bacillota;Bacilli;Lactobacillales;Carnobacteriaceae;Trichococcus;Trichococcus alkaliphilus	38.0	38.0
Bacteria;Bacillati;Bacillota;Tissierellia;Tissierellales;Peptoniphilaceae;Gallicola;Gallicola barnesae	38.0	38.0
Bacteria;Bacillati;Bacillota;Negativicutes;Selenomonadales;Sporomusaceae;Sporomusa;Sporomusa aerivorans	38.0	38.0
Bacteria;Bacillati;Bacillota;Bacilli;Bacillales;Bacillaceae;Bacillus;Bacillus subtilis	38.0	38.0
Bacteria;Bacillati;Bacillota;Negativicutes;Selenomonadales;Sporomusaceae;Sporomusa;Sporomusa sphaeroides	38.0	38.0
Bacteria;Bacillati;Bacillota;Clostridia;Eubacteriales;Oscillospiraceae;Merdimmobilis;Merdimmobilis hominis	38.0	38.0
Bacteria;Bacillati;Bacillota;Clostridia;Eubacteriales;Desulfallaceae;Desulfoscipio;Desulfoscipio gibsoniae	38.0	38.0
Bacteria;Bacillati;Bacillota;Clostridia;Eubacteriales;Oscillospiraceae;Acetanaerobacterium;Acetanaerobacterium elongatum	37.0	37.0
Bacteria;Pseudomonadati;Pseudomonadota;Betaproteobacteria;Nitrosomonadales;Sterolibacteriaceae;Georgfuchsia;Georgfuchsia toluolica	37.0	37.0
Bacteria;Bacillati;Bacillota;Tissierellia;Tissierellales;Peptoniphilaceae;Citroniella;Citroniella saccharovorans	37.0	37.0
Bacteria;Bacillati;Bacillota;Clostridia;Eubacteriales;Oscillospiraceae;Ruminococcus;Ruminococcus bromii	37.0	37.0
Bacteria;Bacillati;Bacillota;Clostridia;Lachnospirales;Lachnospiraceae;Mediterraneibacter;Mediterraneibacter butyricigenes	37.0	37.0
Bacteria;Bacillati;Bacillota;Clostridia;Eubacteriales;Desulfitobacteriaceae;Dehalobacter;Dehalobacter restrictus	36.0	36.0
Bacteria;Pseudomonadati;Pseudomonadota;Betaproteobacteria;Burkholderiales;Comamonadaceae;Curvibacter;Curvibacter delicatus	35.0	35.0
Bacteria;Bacillati;Bacillota;Clostridia;Eubacteriales;Oscillospiraceae;Ruminococcus;Ruminococcus champanellensis	35.0	35.0
Bacteria;Bacillati;Bacillota;Clostridia;Lachnospirales;Lachnospiraceae;Faecalicatena;Faecalicatena contorta	35.0	35.0
Bacteria;Bacillati;Bacillota;Clostridia;Peptostreptococcales;Anaerovoracaceae;Aminipila;Aminipila terrae	35.0	35.0
Bacteria;Bacillati;Actinomycetota;Actinomycetes;Micrococcales;Dermatophilaceae;Piscicoccus;Piscicoccus intestinalis	35.0	35.0
Bacteria;Bacillati;Bacillota;Clostridia;Eubacteriales;Clostridiaceae;Clostridium;Clostridium thermosuccinogenes	34.0	34.0
Bacteria;Bacillati;Bacillota;Clostridia;Peptostreptococcales;Peptostreptococcaceae;Paraclostridium;Paraclostridium ghonii	34.0	34.0
Bacteria;Pseudomonadati;Pseudomonadota;Betaproteobacteria;Burkholderiales;Comamonadaceae;Comamonas;Comamonas nitrativorans	34.0	34.0
Bacteria;Bacillati;Bacillota;Bacilli;Bacillales;Bacillaceae;Bacillus;Bacillus aerius	34.0	34.0
Bacteria;Pseudomonadati;Pseudomonadota;Gammaproteobacteria;Lysobacterales;Lysobacteraceae;Stenotrophomonas;Stenotrophomonas koreensis	34.0	34.0
Bacteria;Bacillati;Bacillota;Clostridia;Caldicoprobacterales;Caldicoprobacteraceae;Caldicoprobacter;Caldicoprobacter faecalis	33.0	33.0
Bacteria;Bacillati;Bacillota;Clostridia;Lachnospirales;Lachnospiraceae;Butyrivibrio;Butyrivibrio proteoclasticus	33.0	33.0
Bacteria;Bacillati;Bacillota;Tissierellia;Tissierellales;Sporanaerobacteraceae;Sporanaerobacter;Sporanaerobacter acetigenes	33.0	33.0
Bacteria;Pseudomonadati;Pseudomonadota;Betaproteobacteria;Burkholderiales;Comamonadaceae;Hydrogenophaga;Hydrogenophaga atypica	32.0	32.0
Bacteria;Bacillati;Bacillota;Clostridia;Eubacteriales;Clostridiaceae;Clostridium;Clostridium septicum	32.0	32.0
Bacteria;Pseudomonadati;Thermodesulfobacteriota;Desulfobulbia;Desulfobulbales;Desulfobulbaceae;Desulfobulbus;Desulfobulbus propionicus	31.0	31.0
Bacteria;Bacillati;Actinomycetota;Coriobacteriia;Coriobacteriales;Atopobiaceae;Olsenella;Olsenella phocaeensis	31.0	31.0
Bacteria;Bacillati;Bacillota;Clostridia;Eubacteriales;Clostridiaceae;Clostridium;Clostridium phoceensis	31.0	31.0
Bacteria;Bacillati;Bacillota;Clostridia;Peptostreptococcales;Peptostreptococcaceae;Asaccharospora;Asaccharospora irregularis	31.0	31.0
Bacteria;Bacillati;Bacillota;Clostridia;Eubacteriales;Oscillospiraceae;Allofournierella;Allofournierella massiliensis	30.0	30.0
Bacteria;Pseudomonadati;Planctomycetota;Planctomycetia;Pirellulales;Lacipirellulaceae;Pseudobythopirellula;Pseudobythopirellula maris	30.0	30.0
Bacteria;Bacillati;Actinomycetota;Actinomycetes;Mycobacteriales;Corynebacteriaceae;Corynebacterium;Corynebacterium urogenitale	30.0	30.0
Bacteria;Bacillati;Bacillota;Negativicutes;Selenomonadales;Sporomusaceae;Anaeroarcus;Anaeroarcus burkinensis	30.0	30.0
Bacteria;Bacillati;Actinomycetota;Actinomycetes;Micrococcales;Dermatophilaceae;Dermatophilus;Dermatophilus congolensis	30.0	30.0
Bacteria;Pseudomonadati;Bacteroidota;Bacteroidia;Bacteroidales;Tannerellaceae;Parabacteroides;Parabacteroides chongii	29.0	29.0
Bacteria;Bacillati;Actinomycetota;Thermoleophilia;Miltoncostaeales;Miltoncostaeaceae;Miltoncostaea;Miltoncostaea marina	29.0	29.0
Bacteria;Pseudomonadati;Pseudomonadota;Betaproteobacteria;Rhodocyclales;Rhodocyclaceae;Dechlorobacter;Dechlorobacter hydrogenophilus	29.0	29.0
Bacteria;Bacillati;Bacillota;Clostridia;Lachnospirales;Lachnospiraceae;Lacrimispora;Lacrimispora saccharolytica	29.0	29.0
Bacteria;Pseudomonadati;Pseudomonadota;Alphaproteobacteria;Hyphomicrobiales;Rhizobiaceae;Ciceribacter;Ciceribacter selenitireducens	29.0	29.0
Bacteria;Bacillati;Bacillota;Bacilli;Lactobacillales;Aerococcaceae;Suicoccus;Suicoccus acidiformans	29.0	29.0
Bacteria;Pseudomonadati;Planctomycetota;Planctomycetia;Pirellulales;Lacipirellulaceae;Pirellulimonas;Pirellulimonas nuda	28.0	28.0
Bacteria;Bacillati;Bacillota;Clostridia;Eubacteriales;Oscillospiraceae;Marseillibacter;Marseillibacter massiliensis	28.0	28.0
Bacteria;Bacillati;Chloroflexota;Dehalococcoidia;Dehalococcoidales;Dehalococcoidaceae;Dehalococcoides;Dehalococcoides mccartyi	28.0	28.0
Bacteria;Bacillati;Bacillota;Clostridia;Eubacteriales;Desulfotomaculaceae;Pelotomaculum;Pelotomaculum isophthalicicum	28.0	28.0
Bacteria;Bacillati;Actinomycetota;Actinomycetes;Micrococcales;Microbacteriaceae;Leucobacter;Leucobacter aridicollis	27.0	27.0
Bacteria;Bacillati;Bacillota;Bacilli;Lactobacillales;Lactobacillaceae;Lactiplantibacillus;Lactiplantibacillus plantarum	27.0	27.0
Bacteria;Bacillati;Bacillota;Clostridia;Eubacteriales;Oscillospiraceae;Oscillospiraceae_Incertae_sedis;[Clostridium] viride	27.0	27.0
Bacteria;Bacillati;Actinomycetota;Actinomycetes;Micrococcales;Microbacteriaceae;Leucobacter;Leucobacter soli	27.0	27.0
Bacteria;Bacillati;Bacillota;Clostridia;Eubacteriales;Desulfitobacteriaceae;Desulfosporosinus;Desulfosporosinus lacus	27.0	27.0
Bacteria;Bacillati;Bacillota;Clostridia;Eubacteriales;Clostridiaceae;Clostridium;Clostridium beijerinckii	27.0	27.0
Bacteria;Pseudomonadati;Pseudomonadota;Betaproteobacteria;Burkholderiales;Alcaligenaceae;Advenella;Advenella mimigardefordensis	27.0	27.0
Bacteria;Pseudomonadati;Verrucomicrobiota;Verrucomicrobiia;Limisphaerales;Limisphaeraceae;Limisphaera;Limisphaera ngatamarikiensis	27.0	27.0
Bacteria;Bacillati;Bacillota;Bacilli;Lactobacillales;Carnobacteriaceae;Jeotgalibaca;Jeotgalibaca arthritidis	26.0	26.0
Bacteria;Thermotogati;Synergistota;Synergistia;Synergistales;Synergistaceae;Thermanaerovibrio;Thermanaerovibrio velox	26.0	26.0
Bacteria;Bacillati;Actinomycetota;Actinomycetes;Mycobacteriales;Dietziaceae;Dietzia;Dietzia massiliensis	26.0	26.0
Bacteria;Bacillati;Bacillota;Bacilli;Lactobacillales;Carnobacteriaceae;Alkalibacterium;Alkalibacterium indicireducens	26.0	26.0
Bacteria;Bacillati;Bacillota;Clostridia;Eubacteriales;Clostridiaceae;Clostridium;Clostridium minihomine	26.0	26.0
Bacteria;Pseudomonadati;Ignavibacteriota;Ignavibacteria;Ignavibacteriales;Melioribacteraceae;Melioribacter;Melioribacter roseus	25.0	25.0
Bacteria;Bacillati;Actinomycetota;Actinomycetes;Propionibacteriales;Propionibacteriaceae;Propioniciclava;Propioniciclava sinopodophylli	25.0	25.0
Bacteria;Bacillati;Bacillota;Clostridia;Eubacteriales;Oscillospiraceae;Ruminococcus;Ruminococcus bovis	25.0	25.0
Bacteria;Pseudomonadati;Pseudomonadota;Betaproteobacteria;Burkholderiales;Alcaligenaceae;Parapusillimonas;Parapusillimonas granuli	25.0	25.0
Bacteria;Bacillati;Bacillota;Negativicutes;Acidaminococcales;Acidaminococcaceae;Acidaminococcus;Acidaminococcus fermentans	24.0	24.0
Bacteria;Pseudomonadati;Thermodesulfobacteriota;Desulfobulbia;Desulfobulbales;Desulfobulbaceae;Desulfoprunum;Desulfoprunum benzoelyticum	24.0	24.0
Bacteria;Pseudomonadati;Pseudomonadota;Gammaproteobacteria;Moraxellales;Moraxellaceae;Acinetobacter;Acinetobacter kanungonis	24.0	24.0
Bacteria;Pseudomonadati;Thermodesulfobacteriota;Syntrophorhabdia;Syntrophorhabdales;Syntrophorhabdaceae;Syntrophorhabdus;Syntrophorhabdus aromaticivorans	24.0	24.0
Bacteria;Bacillati;Bacillota;Bacillota_Incertae_sedis;Bacillota_Incertae_sedis;Bacillota_Incertae_sedis;Negativibacillus;Negativibacillus massiliensis	24.0	24.0
Bacteria;Bacillati;Bacillota;Clostridia;Lachnospirales;Lachnospiraceae;Anaerobium;Anaerobium acetethylicum	24.0	24.0
Bacteria;Bacillati;Bacillota;Bacilli;Bacillales;Bacillaceae;Bacillus;Bacillus xiamenensis	23.0	23.0
Bacteria;Pseudomonadati;Pseudomonadota;Betaproteobacteria;Burkholderiales;Comamonadaceae;Hydrogenophaga;Hydrogenophaga pseudoflava	23.0	23.0
Bacteria;Bacillati;Bacillota;Clostridia;Lachnospirales;Lachnospiraceae;Roseburia;Roseburia hominis	23.0	23.0
Bacteria;Bacillati;Bacillota;Bacilli;Lactobacillales;Carnobacteriaceae;Trichococcus;Trichococcus ilyis	23.0	23.0
Bacteria;Bacillati;Bacillota;Clostridia;Eubacteriales;Oscillospiraceae;Acetivibrio;Acetivibrio mesophilus	23.0	23.0
Bacteria;Bacillati;Bacillota;Negativicutes;Selenomonadales;Sporomusaceae;Propionispora;Propionispora vibrioides	23.0	23.0
Bacteria;Bacillati;Bacillota;Clostridia;Lachnospirales;Anaerotignaceae;Anaerotignum;Anaerotignum faecicola	22.0	22.0
Bacteria;Pseudomonadati;Pseudomonadota;Gammaproteobacteria;Moraxellales;Moraxellaceae;Acinetobacter;Acinetobacter bouvetii	22.0	22.0
Bacteria;Thermotogati;Synergistota;Synergistia;Synergistales;Aminobacteriaceae;Aminivibrio;Aminivibrio pyruvatiphilus	22.0	22.0
Bacteria;Bacillati;Bacillota;Clostridia;Eubacteriales;Clostridiaceae;Clostridium;Clostridium felsineum	22.0	22.0
Bacteria;Bacillati;Bacillota;Clostridia;Eubacteriales;Oscillospiraceae;Marasmitruncus;Marasmitruncus massiliensis	22.0	22.0
Bacteria;Pseudomonadati;Fibrobacterota;Chitinispirillia;Chitinispirillales;Chitinispirillaceae;Chitinispirillum;Chitinispirillum alkaliphilum	22.0	22.0
Bacteria;Bacillati;Bacillota;Clostridia;Eubacteriales;Eubacteriaceae;Eubacterium;Eubacterium oxidoreducens	22.0	22.0
Bacteria;Bacillati;Bacillota;Clostridia;Eubacteriales;Oscillospiraceae;Oscillibacter;Oscillibacter massiliensis	21.0	21.0
Bacteria;Bacillati;Chloroflexota;Dehalococcoidia;Dehalococcoidales;Dehalococcoidaceae;Dehalogenimonas;Dehalogenimonas lykanthroporepellens	20.0	20.0
Bacteria;Pseudomonadati;Planctomycetota;Planctomycetia;Pirellulales;Lacipirellulaceae;Lacipirellula;Lacipirellula limnantheis	20.0	20.0
Bacteria;Pseudomonadati;Pseudomonadota;Betaproteobacteria;Burkholderiales;Comamonadaceae;Simplicispira;Simplicispira metamorpha	20.0	20.0
Bacteria;Bacillati;Bacillota;Bacilli;Bacillales;Paenibacillaceae;Paenibacillus;Paenibacillus sabinae	20.0	20.0
Bacteria;Bacillati;Bacillota;Clostridia;Eubacteriales;Eubacteriaceae;Alkalibaculum;Alkalibaculum bacchi	20.0	20.0
Bacteria;Pseudomonadati;Pseudomonadota;Betaproteobacteria;Burkholderiales;Comamonadaceae;Hydrogenophaga;Hydrogenophaga bisanensis	20.0	20.0
Bacteria;Pseudomonadati;Pseudomonadota;Betaproteobacteria;Rhodocyclales;Azonexaceae;Ferribacterium;Ferribacterium limneticum	20.0	20.0
Bacteria;Bacillati;Bacillota;Clostridia;Eubacteriales;Peptococcaceae;Peptococcus;Peptococcus niger	20.0	20.0
Bacteria;Bacillati;Actinomycetota;Actinomycetes;Propionibacteriales;Propionibacteriaceae;Brooklawnia;Brooklawnia cerclae	20.0	20.0
Bacteria;Pseudomonadati;Planctomycetota;Planctomycetia;Pirellulales;Pirellulaceae;Anatilimnocola;Anatilimnocola aggregata	20.0	20.0
Bacteria;Bacillati;Bacillota;Clostridia;Lachnospirales;Lachnospiraceae;Anaerostipes;Anaerostipes hadrus	20.0	20.0
Bacteria;Bacillati;Bacillota;Clostridia;Eubacteriales;Oscillospiraceae;Ruminiclostridium;Ruminiclostridium herbifermentans	19.0	19.0
Bacteria;Pseudomonadati;Campylobacterota;Epsilonproteobacteria;Campylobacterales;Sulfurimonadaceae;Sulfuricurvum;Sulfuricurvum kujiense	19.0	19.0
Bacteria;Bacillati;Bacillota;Clostridia;Eubacteriales;Clostridiaceae;Clostridium;Clostridium chartatabidum	19.0	19.0
Bacteria;Bacillati;Bacillota;Clostridia;Lachnospirales;Lachnospiraceae;Syntrophococcus;Syntrophococcus sucromutans	19.0	19.0
Bacteria;Thermotogati;Synergistota;Synergistia;Synergistales;Aminobacteriaceae;Lactivibrio;Lactivibrio alcoholicus	19.0	19.0
Bacteria;Pseudomonadati;Planctomycetota;Planctomycetia;Pirellulales;Pirellulaceae;Blastopirellula;Blastopirellula retiformator	19.0	19.0
Bacteria;Bacillati;Bacillota;Bacilli;Lactobacillales;Enterococcaceae;Enterococcus;Enterococcus lemanii	18.0	18.0
Bacteria;Bacillati;Bacillota;Clostridia;Peptostreptococcales;Anaerovoracaceae;Anaerovorax;Anaerovorax odorimutans	18.0	18.0
Bacteria;Bacillati;Actinomycetota;Actinomycetes;Mycobacteriales;Corynebacteriaceae;Corynebacterium;Corynebacterium anserum	18.0	18.0
Bacteria;Bacillati;Bacillota;Clostridia;Eubacteriales;Oscillospiraceae;Ruminococcus;Ruminococcus flavefaciens	18.0	18.0
Bacteria;Bacillati;Bacillota;Clostridia;Eubacteriales;Clostridiaceae;Clostridium;Clostridium quinii	18.0	18.0
Bacteria;Pseudomonadati;Pseudomonadota;Betaproteobacteria;Rhodocyclales;Rhodocyclaceae;Azospira;Azospira oryzae	18.0	18.0
Bacteria;Pseudomonadati;Pseudomonadota;Betaproteobacteria;Burkholderiales;Comamonadaceae;Hydrogenophaga;Hydrogenophaga palleronii	18.0	18.0
Bacteria;Bacillati;Bacillota;Clostridia;Eubacteriales;Oscillospiraceae;Pseudoflavonifractor;Pseudoflavonifractor capillosus	18.0	18.0
Bacteria;Bacillati;Bacillota;Clostridia;Lachnospirales;Lachnospiraceae;Faecalimonas;Faecalimonas umbilicata	18.0	18.0
Bacteria;Bacillati;Bacillota;Clostridia;Lachnospirales;Lachnospiraceae;Enterocloster;Enterocloster bolteae	18.0	18.0
Bacteria;Bacillati;Bacillota;Clostridia;Eubacteriales;Eubacteriales_Incertae_sedis;Gemmiger;Gemmiger formicilis	18.0	18.0
Bacteria;Pseudomonadati;Pseudomonadota;Betaproteobacteria;Burkholderiales;Comamonadaceae;Comamonas;Comamonas phosphati	18.0	18.0
Bacteria;Pseudomonadati;Pseudomonadota;Betaproteobacteria;Burkholderiales;Comamonadaceae;Rhodoferax;Rhodoferax aquaticus	18.0	18.0
Bacteria;Bacillati;Actinomycetota;Actinomycetes;Mycobacteriales;Corynebacteriaceae;Corynebacterium;Corynebacterium nasicanis	18.0	18.0
Bacteria;Bacillati;Bacillota;Clostridia;Eubacteriales;Clostridiaceae;Clostridium;Clostridium manihotivorum	18.0	18.0
Bacteria;Bacillati;Bacillota;Clostridia;Eubacteriales;Clostridiaceae;Clostridium;Clostridium transplantifaecale	18.0	18.0
Bacteria;Pseudomonadati;Pseudomonadota;Gammaproteobacteria;Moraxellales;Moraxellaceae;Acinetobacter;Acinetobacter johnsonii	18.0	18.0
Bacteria;Bacillati;Actinomycetota;Actinomycetes;Mycobacteriales;Dietziaceae;Dietzia;Dietzia papillomatosis	17.0	17.0
Bacteria;Pseudomonadati;Pseudomonadota;Betaproteobacteria;Burkholderiales;Comamonadaceae;Comamonas;Comamonas kerstersii	17.0	17.0
Bacteria;Bacillati;Bacillota;Clostridia;Peptostreptococcales;Natronincolaceae;Alkaliphilus;Alkaliphilus oremlandii	17.0	17.0
Bacteria;Bacillati;Bacillota;Clostridia;Lachnospirales;Lachnospiraceae;Roseburia;Roseburia lenta	17.0	17.0
Bacteria;Bacillati;Actinomycetota;Actinomycetes;Mycobacteriales;Corynebacteriaceae;Corynebacterium;Corynebacterium freneyi	17.0	17.0
Bacteria;Pseudomonadati;Campylobacterota;Epsilonproteobacteria;Campylobacterales;Arcobacteraceae;Aliarcobacter;Aliarcobacter cryaerophilus	17.0	17.0
Bacteria;Pseudomonadati;Thermodesulfobacteriota;Desulfuromonadia;Desulfuromonadales;Desulfuromonadaceae;Pelobacter;Pelobacter propionicus	17.0	17.0
Bacteria;Bacillati;Bacillota;Bacilli;Bacillales;Paenibacillaceae;Thermobacillus;Thermobacillus composti	17.0	17.0
Bacteria;Bacillati;Bacillota;Clostridia;Eubacteriales;Oscillospiraceae;Anaerobacterium;Anaerobacterium chartisolvens	17.0	17.0
Bacteria;Bacillati;Actinomycetota;Coriobacteriia;Coriobacteriales;Atopobiaceae;Olsenella;Olsenella uli	17.0	17.0
Bacteria;Bacillati;Bacillota;Clostridia;Eubacteriales;Clostridiaceae;Clostridium;Clostridium subterminale	17.0	17.0
Bacteria;Pseudomonadati;Pseudomonadota;Betaproteobacteria;Burkholderiales;Comamonadaceae;Hydrogenophaga;Hydrogenophaga laconesensis	16.0	16.0
Bacteria;Bacillati;Bacillota;Clostridia;Eubacteriales;Clostridiaceae;Clostridium;Clostridium weizhouense	16.0	16.0
Bacteria;Pseudomonadati;Pseudomonadota;Betaproteobacteria;Burkholderiales;Burkholderiales_Incertae_sedis;Aquabacterium;Aquabacterium parvum	16.0	16.0
Bacteria;Pseudomonadati;Pseudomonadota;Betaproteobacteria;Burkholderiales;Alcaligenaceae;Paracandidimonas;Paracandidimonas caeni	16.0	16.0
Bacteria;Bacillati;Bacillota;Clostridia;Eubacteriales;Eubacteriaceae;Eubacterium;Eubacterium ventriosum	16.0	16.0
Bacteria;Bacillati;Bacillota;Clostridia;Eubacteriales;Oscillospiraceae;Lawsonibacter;Lawsonibacter asaccharolyticus	16.0	16.0
Bacteria;Bacillati;Bacillota;Clostridia;Eubacteriales;Syntrophomonadaceae;Syntrophothermus;Syntrophothermus lipocalidus	16.0	16.0
Bacteria;Pseudomonadati;Pseudomonadota;Betaproteobacteria;Rhodocyclales;Azonexaceae;Dechloromonas;Dechloromonas agitata	16.0	16.0
Bacteria;Bacillati;Bacillota;Clostridia;Eubacteriales;Clostridiaceae;Sarcina;Sarcina maxima	16.0	16.0
Bacteria;Pseudomonadati;Pseudomonadota;Gammaproteobacteria;Moraxellales;Moraxellaceae;Acinetobacter;Acinetobacter junii	16.0	16.0
Bacteria;Bacillati;Bacillota;Clostridia;Peptostreptococcales;Peptostreptococcaceae;Paraclostridium;Paraclostridium bifermentans	16.0	16.0
Bacteria;Bacillati;Bacillota;Clostridia;Lachnospirales;Lachnospiraceae;Wansuia;Wansuia hejianensis	16.0	16.0
Bacteria;Bacillati;Actinomycetota;Actinomycetes;Micrococcales;Microbacteriaceae;Leucobacter;Leucobacter muris	16.0	16.0
Bacteria;Bacillati;Bacillota;Tissierellia;Tissierellales;Peptoniphilaceae;Miniphocaeibacter;Miniphocaeibacter halophilus	16.0	16.0
Bacteria;Bacillati;Bacillota;Negativicutes;Selenomonadales;Selenomonadaceae;Propionispira;Propionispira paucivorans	16.0	16.0
Bacteria;Bacillati;Bacillota;Clostridia;Eubacteriales;Syntrophomonadaceae;Syntrophomonas;Syntrophomonas bryantii	16.0	16.0
Bacteria;Bacillati;Bacillota;Negativicutes;Selenomonadales;Sporomusaceae;Sporomusa;Sporomusa acidovorans	16.0	16.0
Bacteria;Bacillati;Bacillota;Bacilli;Bacillales;Paenibacillaceae;Paenibacillus;Paenibacillus yonginensis	16.0	16.0
Bacteria;Bacillati;Chloroflexota;Anaerolineae;Anaerolineales;Anaerolineaceae;Anaerolinea;Anaerolinea thermophila	16.0	16.0
Bacteria;Bacillati;Bacillota;Clostridia;Lachnospirales;Lachnospiraceae;Lacrimispora;Lacrimispora amygdalina	15.0	15.0
Bacteria;Bacillati;Bacillota;Bacilli;Bacillales;Bacillaceae;Bacillus;Bacillus paralicheniformis	15.0	15.0
Bacteria;Bacillati;Bacillota;Clostridia;Lachnospirales;Lachnospiraceae;Coprococcus;Coprococcus phoceensis	15.0	15.0
Bacteria;Bacillati;Bacillota;Clostridia;Eubacteriales;Oscillospiraceae;Pseudoflavonifractor;Pseudoflavonifractor gallinarum	15.0	15.0
Bacteria;Bacillati;Bacillota;Clostridia;Eubacteriales;Oscillospiraceae;Fumia;Fumia xinanensis	15.0	15.0
Bacteria;Bacillati;Bacillota;Clostridia;Eubacteriales;Clostridiaceae;Clostridium;Clostridium neonatale	15.0	15.0
Bacteria;Pseudomonadati;Planctomycetota;Phycisphaerae;Sedimentisphaerales;Anaerohalosphaeraceae;Anaerohalosphaera;Anaerohalosphaera lusitana	15.0	15.0
Bacteria;Bacillati;Bacillota;Bacilli;Bacillales;Paenibacillaceae;Brevibacillus;Brevibacillus gelatini	15.0	15.0
Bacteria;Bacillati;Actinomycetota;Actinomycetes;Micrococcales;Cellulomonadaceae;Actinotalea;Actinotalea ferrariae	15.0	15.0
Bacteria;Pseudomonadati;Pseudomonadota;Betaproteobacteria;Nitrosomonadales;Thiobacillaceae;Parasulfuritortus;Parasulfuritortus cantonensis	15.0	15.0
Bacteria;Pseudomonadati;Planctomycetota;Planctomycetia;Pirellulales;Lacipirellulaceae;Botrimarina;Botrimarina colliarenosi	14.0	14.0
Bacteria;Pseudomonadati;Pseudomonadota;Betaproteobacteria;Burkholderiales;Sphaerotilaceae;Methylibium;Methylibium petroleiphilum	14.0	14.0
Bacteria;Bacillati;Bacillota;Bacilli;Lactobacillales;Streptococcaceae;Streptococcus;Streptococcus henryi	14.0	14.0
Bacteria;Thermotogati;Synergistota;Synergistia;Synergistales;Thermovirgaceae;Thermovirga;Thermovirga lienii	14.0	14.0
Bacteria;Pseudomonadati;Bacteroidota;Bacteroidia;Bacteroidales;Porphyromonadaceae;Lascolabacillus;Lascolabacillus massiliensis	14.0	14.0
Bacteria;Bacillati;Bacillota;Bacilli;Bacillales;Bacillaceae;Bacillus;Bacillus safensis	14.0	14.0
Bacteria;Pseudomonadati;Planctomycetota;Planctomycetia;Pirellulales;Lacipirellulaceae;Posidoniimonas;Posidoniimonas corsicana	14.0	14.0
Bacteria;Pseudomonadati;Planctomycetota;Planctomycetia;Pirellulales;Pirellulaceae;Stieleria;Stieleria varia	14.0	14.0
Bacteria;Bacillati;Bacillota;Bacilli;Lactobacillales;Carnobacteriaceae;Alkalibacterium;Alkalibacterium olivapovliticus	13.0	13.0
Bacteria;Bacillati;Actinomycetota;Actinomycetes;Mycobacteriales;Corynebacteriaceae;Corynebacterium;Corynebacterium lipophiloflavum	13.0	13.0
Bacteria;Bacillati;Bacillota;Negativicutes;Acidaminococcales;Acidaminococcaceae;Phascolarctobacterium;Phascolarctobacterium wakonense	13.0	13.0
Bacteria;Pseudomonadati;Campylobacterota;Epsilonproteobacteria;Campylobacterales;Sulfurospirillaceae;Sulfurospirillum;Sulfurospirillum multivorans	13.0	13.0
Bacteria;Bacillati;Bacillota;Clostridia;Thermoanaerobacterales;Thermoanaerobacteraceae;Thermacetogenium;Thermacetogenium phaeum	13.0	13.0
Bacteria;Bacillati;Bacillota;Clostridia;Lachnospirales;Lachnospiraceae;Mobilitalea;Mobilitalea sibirica	13.0	13.0
Bacteria;Bacillati;Bacillota;Clostridia;Lachnospirales;Lachnospiraceae;Anaerotaenia;Anaerotaenia torta	13.0	13.0
Bacteria;Bacillati;Bacillota;Negativicutes;Selenomonadales;Sporomusaceae;Thermosinus;Thermosinus carboxydivorans	13.0	13.0
Bacteria;Bacillati;Bacillota;Clostridia;Peptostreptococcales;Peptostreptococcaceae;Paraclostridium;Paraclostridium dentum	13.0	13.0
Bacteria;Bacillati;Actinomycetota;Actinomycetes;Mycobacteriales;Corynebacteriaceae;Corynebacterium;Corynebacterium humireducens	13.0	13.0
Bacteria;Bacillati;Bacillota;Clostridia;Christensenellales;Christensenellaceae;Christensenella;Christensenella hongkongensis	13.0	13.0
Bacteria;Bacillati;Bacillota;Bacilli;Lactobacillales;Aerococcaceae;Fundicoccus;Fundicoccus ignavus	13.0	13.0
Bacteria;Pseudomonadati;Pseudomonadota;Betaproteobacteria;Burkholderiales;Comamonadaceae;Hydrogenophaga;Hydrogenophaga aquatica	13.0	13.0
Bacteria;Bacillati;Actinomycetota;Actinomycetes;Micrococcales;Bogoriellaceae;Georgenia;Georgenia deserti	13.0	13.0
Bacteria;Pseudomonadati;Pseudomonadota;Betaproteobacteria;Burkholderiales;Comamonadaceae;Diaphorobacter;Diaphorobacter nitroreducens	13.0	13.0
Bacteria;Bacillati;Actinomycetota;Coriobacteriia;Coriobacteriales;Atopobiaceae;Parafannyhessea;Parafannyhessea umbonata	13.0	13.0
Bacteria;Bacillati;Bacillota;Bacilli;Bacillales;Bacillaceae;Alkalicoccobacillus;Alkalicoccobacillus gibsonii	13.0	13.0
Bacteria;Bacillati;Bacillota;Clostridia;Eubacteriales;Oscillospiraceae;Anaerotruncus;Anaerotruncus rubiinfantis	13.0	13.0
Bacteria;Bacillati;Bacillota;Clostridia;Eubacteriales;Eubacteriales Family XII. Incertae Sedis;Guggenheimella;Guggenheimella bovis	13.0	13.0
Bacteria;Bacillati;Bacillota;Clostridia;Eubacteriales;Clostridiaceae;Clostridium;Clostridium fessum	12.0	12.0
Bacteria;Bacillati;Bacillota;Bacilli;Lactobacillales;Lactobacillaceae;Weissella;Weissella cibaria	12.0	12.0
Bacteria;Pseudomonadati;Lentisphaerota;Lentisphaeria;Victivallales;Victivallaceae;Victivallis;Victivallis lenta	12.0	12.0
Bacteria;Pseudomonadati;Thermodesulfobacteriota;Desulfuromonadia;Desulfuromonadales;Desulfuromonadaceae;Desulfuromonas;Desulfuromonas acetexigens	12.0	12.0
Bacteria;Bacillati;Bacillota;Clostridia;Eubacteriales;Clostridiaceae;Clostridium;Clostridium sulfidigenes	12.0	12.0
Bacteria;Bacillati;Bacillota;Clostridia;Eubacteriales;Oscillospiraceae;Ruminiclostridium;Ruminiclostridium papyrosolvens	12.0	12.0
Bacteria;Bacillati;Chloroflexota;Anaerolineae;Anaerolineales;Anaerolineaceae;Bellilinea;Bellilinea caldifistulae	12.0	12.0
Bacteria;Pseudomonadati;Pseudomonadota;Betaproteobacteria;Burkholderiales;Comamonadaceae;Pseudacidovorax;Pseudacidovorax intermedius	12.0	12.0
Bacteria;Bacillati;Bacillota;Erysipelotrichia;Erysipelotrichales;Turicibacteraceae;Turicibacter;Turicibacter sanguinis	12.0	12.0
Bacteria;Pseudomonadati;Pseudomonadota;Betaproteobacteria;Burkholderiales;Burkholderiales_Incertae_sedis;Aquabacterium;Aquabacterium fontiphilum	12.0	12.0
Bacteria;Bacillati;Chloroflexota;Caldilineae;Caldilineales;Caldilineaceae;Litorilinea;Litorilinea aerophila	12.0	12.0
Bacteria;Bacillati;Bacillota;Bacilli;Lactobacillales;Carnobacteriaceae;Trichococcus;Trichococcus palustris	12.0	12.0
Bacteria;Bacillati;Bacillota;Clostridia;Lachnospirales;Lachnospiraceae;Robinsoniella;Robinsoniella peoriensis	12.0	12.0
Bacteria;Bacillati;Bacillota;Clostridia;Peptostreptococcales;Filifactoraceae;Acetoanaerobium;Acetoanaerobium pronyense	12.0	12.0
Bacteria;Bacillati;Bacillota;Clostridia;Lachnospirales;Lachnospiraceae;Herbinix;Herbinix luporum	12.0	12.0
Bacteria;Bacillati;Bacillota;Bacilli;Bacillales;Bacillaceae;Lysinibacillus;Lysinibacillus contaminans	12.0	12.0
Bacteria;Pseudomonadati;Pseudomonadota;Betaproteobacteria;Burkholderiales;Comamonadaceae;Brachymonas;Brachymonas chironomi	12.0	12.0
Bacteria;Bacillati;Actinomycetota;Actinomycetes;Propionibacteriales;Propionibacteriaceae;Desertihabitans;Desertihabitans brevis	12.0	12.0
Bacteria;Bacillati;Actinomycetota;Coriobacteriia;Eggerthellales;Eggerthellaceae;Adlercreutzia;Adlercreutzia hattorii	12.0	12.0
Bacteria;Bacillati;Bacillota;Clostridia;Eubacteriales;Eubacteriales Family XIII. Incertae Sedis;Hornefia;Hornefia butyriciproducens	12.0	12.0
Bacteria;Pseudomonadati;Verrucomicrobiota;Verrucomicrobiia;Verrucomicrobiales;Akkermansiaceae;Akkermansia;Akkermansia glycaniphila	11.0	11.0
Bacteria;Bacillati;Bacillota;Clostridia;Lachnospirales;Lachnospiraceae;Lacrimispora;Lacrimispora celerecrescens	11.0	11.0
Bacteria;Pseudomonadati;Spirochaetota;Spirochaetia;Spirochaetales;Sphaerochaetaceae;Sphaerochaeta;Sphaerochaeta globosa	11.0	11.0
Bacteria;Bacillati;Bacillota;Bacilli;Bacillales;Bacillaceae;Lysinibacillus;Lysinibacillus odysseyi	11.0	11.0
Bacteria;Bacillati;Actinomycetota;Coriobacteriia;Eggerthellales;Eggerthellaceae;Raoultibacter;Raoultibacter massiliensis	11.0	11.0
Bacteria;Bacillati;Actinomycetota;Actinomycetes;Propionibacteriales;Propionibacteriaceae;Desertihabitans;Desertihabitans aurantiacus	11.0	11.0
Bacteria;Pseudomonadati;Campylobacterota;Epsilonproteobacteria;Campylobacterales;Sulfurospirillaceae;Sulfurospirillum;Sulfurospirillum cavolei	11.0	11.0
Bacteria;Bacillati;Bacillota;Clostridia;Eubacteriales;Eubacteriales_Incertae_sedis;Howardella;Howardella ureilytica	11.0	11.0
Bacteria;Bacillati;Bacillota;Clostridia;Eubacteriales;Peptococcaceae;Peptococcus;Peptococcus simiae	11.0	11.0
Bacteria;Bacillati;Bacillota;Clostridia;Eubacteriales;Eubacteriales Family XII. Incertae Sedis;Fusibacter;Fusibacter tunisiensis	11.0	11.0
Bacteria;Bacillati;Bacillota;Clostridia;Eubacteriales;Oscillospiraceae;Pseudoflavonifractor;Pseudoflavonifractor phocaeensis	11.0	11.0
Bacteria;Pseudomonadati;Pseudomonadota;Betaproteobacteria;Burkholderiales;Burkholderiales_Incertae_sedis;Aquabacterium;Aquabacterium lacunae	11.0	11.0
Bacteria;Bacillati;Bacillota;Tissierellia;Tissierellales;Tepidimicrobiaceae;Tepidimicrobium;Tepidimicrobium xylanilyticum	11.0	11.0
Bacteria;Bacillati;Bacillota;Bacilli;Bacillales;Paenibacillaceae;Paenibacillus;Paenibacillus protaetiae	11.0	11.0
Bacteria;Bacillati;Chloroflexota;Anaerolineae;Anaerolineales;Anaerolineaceae;Longilinea;Longilinea arvoryzae	11.0	11.0
Bacteria;Bacillati;Bacillota;Clostridia;Lachnospirales;Lachnospiraceae;Anaerobutyricum;Anaerobutyricum soehngenii	11.0	11.0
Bacteria;Pseudomonadati;Pseudomonadota;Betaproteobacteria;Rhodocyclales;Rhodocyclaceae;Azovibrio;Azovibrio restrictus	11.0	11.0
Bacteria;Bacillati;Bacillota;Tissierellia;Tissierellales;Tissierellaceae;Tissierella;Tissierella simiarum	11.0	11.0
Bacteria;Bacillati;Bacillota;Clostridia;Lachnospirales;Lachnospiraceae;Diplocloster;Diplocloster agilis	11.0	11.0
Bacteria;Pseudomonadati;Campylobacterota;Epsilonproteobacteria;Campylobacterales;Sulfurospirillaceae;Sulfurospirillum;Sulfurospirillum deleyianum	11.0	11.0
Bacteria;Bacillati;Chloroflexota;Anaerolineae;Anaerolineales;Anaerolineaceae;Pelolinea;Pelolinea submarina	11.0	11.0
Bacteria;Bacillati;Bacillota;Clostridia;Eubacteriales;Clostridiaceae;Clostridium;Clostridium bornimense	11.0	11.0
Bacteria;Bacillati;Bacillota;Bacilli;Bacillales;Paenibacillaceae;Xylanibacillus;Xylanibacillus composti	10.0	10.0
Bacteria;Bacillati;Bacillota;Clostridia;Eubacteriales;Clostridiaceae;Clostridium;Clostridium pascui	10.0	10.0
Bacteria;Pseudomonadati;Pseudomonadota;Gammaproteobacteria;Moraxellales;Moraxellaceae;Acinetobacter;Acinetobacter chengduensis	10.0	10.0
Bacteria;Bacillati;Bacillota;Bacilli;Lactobacillales;Streptococcaceae;Streptococcus;Streptococcus parasuis	10.0	10.0
Bacteria;Bacillati;Actinomycetota;Thermoleophilia;Solirubrobacterales;Solirubrobacteraceae;Solirubrobacter;Solirubrobacter soli	10.0	10.0
Bacteria;Bacillati;Bacillota;Bacilli;Bacillales;Bacillaceae;Priestia;Priestia megaterium	10.0	10.0
Bacteria;Pseudomonadati;Pseudomonadota;Alphaproteobacteria;Hyphomicrobiales;Chelatococcaceae;Camelimonas;Camelimonas lactis	10.0	10.0
Bacteria;Bacillati;Bacillota;Clostridia;Peptostreptococcales;Peptostreptococcaceae;Clostridioides;Clostridioides difficile	10.0	10.0
Bacteria;Pseudomonadati;Planctomycetota;Planctomycetia;Pirellulales;Pirellulaceae;Bremerella;Bremerella volcania	10.0	10.0
Bacteria;Bacillati;Actinomycetota;Actinomycetes;Micrococcales;Cellulomonadaceae;Actinotalea;Actinotalea solisilvae	10.0	10.0
Bacteria;Pseudomonadati;Kiritimatiellota;Kiritimatiellia;Kiritimatiellales;Kiritimatiellaceae;Kiritimatiella;Kiritimatiella glycovorans	10.0	10.0
Bacteria;Bacillati;Bacillota;Clostridia;Lachnospirales;Lachnospiraceae;Tyzzerella;[Clostridium] nexile	10.0	10.0
Bacteria;Bacillati;Bacillota;Bacilli;Bacillales;Bacillaceae;Bacillus;Bacillus zhangzhouensis	10.0	10.0
Bacteria;Bacillati;Bacillota;Clostridia;Eubacteriales;Oscillospiraceae;Paludihabitans;Paludihabitans psychrotolerans	10.0	10.0
Bacteria;Pseudomonadati;Bacteroidota;Bacteroidia;Bacteroidales;Rikenellaceae;Alistipes;Alistipes finegoldii	10.0	10.0
Bacteria;Bacillati;Bacillota;Clostridia;Eubacteriales;Oscillospiraceae;Oscillibacter;Oscillibacter ruminantium	10.0	10.0
Bacteria;Bacillati;Bacillota;Bacilli;Bacillales;Paenibacillaceae;Brevibacillus;Brevibacillus agri	10.0	10.0
Bacteria;Bacillati;Bacillota;Clostridia;Eubacteriales;Oscillospiraceae;Tepidibaculum;Tepidibaculum saccharolyticum	10.0	10.0
Bacteria;Pseudomonadati;Pseudomonadota;Betaproteobacteria;Rhodocyclales;Azonexaceae;Dechloromonas;Dechloromonas denitrificans	10.0	10.0
Bacteria;Bacillati;Bacillota;Clostridia;Eubacteriales;Acutalibacteraceae;Acutalibacter;Acutalibacter muris	9.0	9.0
Bacteria;Bacillati;Bacillota;Clostridia;Lachnospirales;Lachnospiraceae;Eshraghiella;Eshraghiella crossota	9.0	9.0
Bacteria;Bacillati;Bacillota;Clostridia;Lachnospirales;Lachnospiraceae;Blautia;Blautia pseudococcoides	9.0	9.0
Bacteria;Pseudomonadati;Pseudomonadota;Betaproteobacteria;Burkholderiales;Comamonadaceae;Acidovorax;Acidovorax cavernicola	9.0	9.0
Bacteria;Bacillati;Bacillota;Bacilli;Bacillales;Bacillaceae;Priestia;Priestia aryabhattai	9.0	9.0
Bacteria;Bacillati;Actinomycetota;Thermoleophilia;Solirubrobacterales;Patulibacteraceae;Patulibacter;Patulibacter medicamentivorans	9.0	9.0
Bacteria;Pseudomonadati;Pseudomonadota;Betaproteobacteria;Burkholderiales;Comamonadaceae;Comamonas;Comamonas odontotermitis	9.0	9.0
Bacteria;Bacillati;Bacillota;Bacilli;Bacillales;Bacillaceae;Bacillus;Bacillus velezensis	9.0	9.0
Bacteria;Bacillati;Bacillota;Clostridia;Eubacteriales;Eubacteriales Family XIII. Incertae Sedis;Zhenpiania;Zhenpiania hominis	9.0	9.0
Bacteria;Pseudomonadati;Pseudomonadota;Betaproteobacteria;Burkholderiales;Comamonadaceae;Malikia;Malikia granosa	9.0	9.0
Bacteria;Bacillati;Actinomycetota;Actinomycetes;Mycobacteriales;Corynebacteriaceae;Corynebacterium;Corynebacterium vitaeruminis	9.0	9.0
Bacteria;Bacillati;Bacillota;Clostridia;Eubacteriales;Peptococcaceae;Desulfovectis;Desulfovectis peckii	9.0	9.0
Bacteria;Bacillati;Bacillota;Clostridia;Eubacteriales;Desulfitobacteriaceae;Desulfosporosinus;Desulfosporosinus fructosivorans	9.0	9.0
Bacteria;Pseudomonadati;Bacteroidota;Bacteroidia;Bacteroidales;Bacteroidaceae;Phocaeicola;Phocaeicola paurosaccharolyticus	9.0	9.0
Bacteria;Bacillati;Bacillota;Clostridia;Eubacteriales;Desulfallaceae;Sporotomaculum;Sporotomaculum syntrophicum	9.0	9.0
Bacteria;Pseudomonadati;Bacteroidota;Bacteroidia;Bacteroidales;Dysgonomonadaceae;Proteiniphilum;Proteiniphilum acetatigenes	9.0	9.0
Bacteria;Bacillati;Bacillota;Clostridia;Eubacteriales;Oscillospiraceae;Dysosmobacter;Dysosmobacter acutus	9.0	9.0
Bacteria;Pseudomonadati;Bacteroidota;Bacteroidia;Bacteroidales;Rikenellaceae;Alistipes;Alistipes montrealensis	9.0	9.0
Bacteria;Bacillati;Bacillota;Clostridia;Eubacteriales;Butyricicoccaceae;Agathobaculum;Agathobaculum butyriciproducens	9.0	9.0
Bacteria;Bacillati;Bacillota;Clostridia;Eubacteriales;Syntrophomonadaceae;Syntrophomonas;Syntrophomonas cellicola	9.0	9.0
Bacteria;Bacillati;Bacillota;Clostridia;Lachnospirales;Lachnospiraceae;Lacrimispora;Lacrimispora xylanolytica	9.0	9.0
Bacteria;Pseudomonadati;Pseudomonadota;Gammaproteobacteria;Moraxellales;Moraxellaceae;Acinetobacter;Acinetobacter halotolerans	9.0	9.0
Bacteria;Bacillati;Bacillota;Bacilli;Lactobacillales;Carnobacteriaceae;Marinilactibacillus;Marinilactibacillus piezotolerans	9.0	9.0
Bacteria;Bacillati;Bacillota;Negativicutes;Acidaminococcales;Acidaminococcaceae;Succiniclasticum;Succiniclasticum ruminis	9.0	9.0
Bacteria;Bacillati;Bacillota;Bacilli;Lactobacillales;Aerococcaceae;Ruoffia;Ruoffia tabacinasalis	9.0	9.0
Bacteria;Pseudomonadati;Thermodesulfobacteriota;Syntrophia;Syntrophales;Syntrophaceae;Syntrophus;Syntrophus gentianae	9.0	9.0
Bacteria;Pseudomonadati;Thermodesulfobacteriota;Desulfuromonadia;Geobacterales;Geobacteraceae;Trichlorobacter;Trichlorobacter lovleyi	9.0	9.0
Bacteria;Pseudomonadati;Spirochaetota;Spirochaetia;Spirochaetales;Rectinemataceae;Rectinema;Rectinema cohabitans	8.0	8.0
Bacteria;Pseudomonadati;Pseudomonadota;Alphaproteobacteria;Hyphomicrobiales;Chelatococcaceae;Camelimonas;Camelimonas fluminis	8.0	8.0
Bacteria;Bacillati;Bacillota;Bacilli;Bacillales;Paenibacillaceae;Paenibacillus;Paenibacillus taiwanensis	8.0	8.0
Bacteria;Bacillati;Bacillota;Clostridia;Lachnospirales;Lachnospiraceae;Dorea;Dorea phocaeensis	8.0	8.0
Bacteria;Bacillati;Actinomycetota;Actinomycetes;Mycobacteriales;Corynebacteriaceae;Corynebacterium;Corynebacterium sanguinis	8.0	8.0
Bacteria;Pseudomonadati;Elusimicrobiota;Endomicrobiia;Endomicrobiales;Endomicrobiaceae;Endomicrobium;Endomicrobium proavitum	8.0	8.0
Bacteria;Bacillati;Bacillota;Clostridia;Lachnospirales;Lachnospiraceae;Coprococcus;Coprococcus catus	8.0	8.0
Bacteria;Bacillati;Bacillota;Clostridia;Lachnospirales;Lachnospiraceae;Blautia;Blautia argi	8.0	8.0
Bacteria;Bacillati;Bacillota;Clostridia;Lachnospirales;Lachnospiraceae;Lachnoclostridium;Lachnoclostridium phytofermentans	8.0	8.0
Bacteria;Bacillati;Bacillota;Clostridia;Lachnospirales;Lachnospiraceae;Anaerocolumna;Anaerocolumna chitinilytica	8.0	8.0
Bacteria;Pseudomonadati;Pseudomonadota;Betaproteobacteria;Rhodocyclales;Rhodocyclaceae;Propionivibrio;Propionivibrio limicola	8.0	8.0
Bacteria;Pseudomonadati;Pseudomonadota;Betaproteobacteria;Rhodocyclales;Zoogloeaceae;Thauera;Thauera phenylacetica	8.0	8.0
Bacteria;Bacillati;Actinomycetota;Actinomycetes;Mycobacteriales;Dietziaceae;Dietzia;Dietzia aerolata	8.0	8.0
Bacteria;Bacillati;Actinomycetota;Actinomycetes;Propionibacteriales;Propionibacteriaceae;Enemella;Enemella dayhoffiae	8.0	8.0
Bacteria;Bacillati;Cyanobacteriota;Cyanophyceae;Gloeobacterales;Gloeobacteraceae;Gloeobacter;Gloeobacter violaceus	8.0	8.0
Bacteria;Bacillati;Bacillota;Bacilli;Bacillales;Paenibacillaceae;Paenibacillus;Paenibacillus ginsengihumi	8.0	8.0
Bacteria;Bacillati;Bacillota;Bacilli;Bacillales;Paenibacillaceae;Brevibacillus;Brevibacillus parabrevis	8.0	8.0
Bacteria;Bacillati;Bacillota;Erysipelotrichia;Erysipelotrichales;Turicibacteraceae;Turicibacter;Turicibacter bilis	8.0	8.0
Bacteria;Bacillati;Bacillota;Clostridia;Eubacteriales;Oscillospiraceae;Anaerotruncus;Anaerotruncus colihominis	8.0	8.0
Bacteria;Pseudomonadati;Bacteroidota;Bacteroidia;Bacteroidales;Tannerellaceae;Parabacteroides;Parabacteroides chartae	8.0	8.0
Bacteria;Pseudomonadati;Bacteroidota;Bacteroidia;Bacteroidales;Porphyromonadaceae;Macellibacteroides;Macellibacteroides fermentans	8.0	8.0
Bacteria;Bacillati;Bacillota;Clostridia;Eubacteriales;Eubacteriales_Incertae_sedis;Massilistercora;Massilistercora timonensis	8.0	8.0
Bacteria;Bacillati;Bacillota;Clostridia;Eubacteriales;Gracilibacteraceae;Gracilibacter;Gracilibacter thermotolerans	8.0	8.0
Bacteria;Bacillati;Bacillota;Clostridia;Eubacteriales;Clostridiaceae;Proteiniclasticum;Proteiniclasticum aestuarii	8.0	8.0
Bacteria;Pseudomonadati;Pseudomonadota;Alphaproteobacteria;Rhodospirillales;Rhodospirillaceae;Rhodospirillum;Rhodospirillum rubrum	8.0	8.0
Bacteria;Bacillati;Actinomycetota;Actinomycetes;Propionibacteriales;Propionibacteriaceae;Nigerium;Nigerium massiliense	8.0	8.0
Bacteria;Pseudomonadati;Pseudomonadota;Betaproteobacteria;Burkholderiales;Comamonadaceae;Paracidovorax;Paracidovorax avenae	8.0	8.0
Bacteria;Bacillati;Actinomycetota;Actinomycetes;Propionibacteriales;Propionibacteriaceae;Tessaracoccus;Tessaracoccus massiliensis	8.0	8.0
Bacteria;Bacillati;Actinomycetota;Actinomycetes;Propionibacteriales;Propionibacteriaceae;Propioniciclava;Propioniciclava coleopterorum	8.0	8.0
Bacteria;Bacillati;Armatimonadota;Armatimonadia;Capsulimonadales;Capsulimonadaceae;Capsulimonas;Capsulimonas corticalis	8.0	8.0
Bacteria;Pseudomonadati;Atribacterota;Atribacteria;Atribacterales;Atribacteraceae;Atribacter;Atribacter laminatus	8.0	8.0
Bacteria;Bacillati;Bacillota;Clostridia;Eubacteriales;Eubacteriaceae;Eubacterium;Eubacterium maltosivorans	8.0	8.0
Bacteria;Pseudomonadati;Thermodesulfobacteriota;Desulfobulbia;Desulfobulbales;Desulfobulbaceae;Desulfobulbus;Desulfobulbus oligotrophicus	8.0	8.0
Bacteria;Bacillati;Bacillota;Clostridia;Eubacteriales;Clostridiaceae;Sarcina;Sarcina ventriculi	8.0	8.0
Bacteria;Bacillati;Actinomycetota;Rubrobacteria;Rubrobacterales;Rubrobacteraceae;Rubrobacter;Rubrobacter taiwanensis	7.0	7.0
Bacteria;Bacillati;Bacillota;Clostridia;Eubacteriales;Clostridiaceae;Clostridium;Clostridium diolis	7.0	7.0
Bacteria;Bacillati;Bacillota;Clostridia;Eubacteriales;Oscillospiraceae;Scatolibacter;Scatolibacter rhodanostii	7.0	7.0
Bacteria;Pseudomonadati;Pseudomonadota;Betaproteobacteria;Burkholderiales;Alcaligenaceae;Pelistega;Pelistega suis	7.0	7.0
Bacteria;Pseudomonadati;Pseudomonadota;Betaproteobacteria;Burkholderiales;Alcaligenaceae;Allopusillimonas;Allopusillimonas soli	7.0	7.0
Bacteria;Pseudomonadati;Bacteroidota;Bacteroidia;Bacteroidales;Rikenellaceae;Alistipes;Alistipes putredinis	7.0	7.0
Bacteria;Bacillati;Bacillota;Clostridia;Eubacteriales;Desulfallaceae;Desulfallas;Desulfallas thermosapovorans	7.0	7.0
Bacteria;Pseudomonadati;Pseudomonadota;Betaproteobacteria;Burkholderiales;Comamonadaceae;Simplicispira;Simplicispira soli	7.0	7.0
Bacteria;Bacillati;Actinomycetota;Coriobacteriia;Coriobacteriales;Atopobiaceae;Olsenella;Olsenella timonensis	7.0	7.0
Bacteria;Bacillati;Actinomycetota;Coriobacteriia;Eggerthellales;Eggerthellaceae;Adlercreutzia;Adlercreutzia caecimuris	7.0	7.0
Bacteria;Pseudomonadati;Pseudomonadota;Betaproteobacteria;Burkholderiales;Comamonadaceae;Comamonas;Comamonas granuli	7.0	7.0
Bacteria;Bacillati;Bacillota;Bacilli;Bacillales;Caryophanaceae;Solibacillus;Solibacillus isronensis	7.0	7.0
Bacteria;Bacillati;Bacillota;Clostridia;Eubacteriales;Clostridiaceae;Clostridium;Clostridium ihumii	7.0	7.0
Bacteria;Bacillati;Actinomycetota;Actinomycetes;Propionibacteriales;Propionibacteriaceae;Mariniluteicoccus;Mariniluteicoccus endophyticus	7.0	7.0
Bacteria;Bacillati;Actinomycetota;Actinomycetes;Mycobacteriales;Dietziaceae;Dietzia;Dietzia kunjamensis	7.0	7.0
Bacteria;Bacillati;Bacillota;Clostridia;Lachnospirales;Lachnospiraceae;Anaerosporobacter;Anaerosporobacter mobilis	7.0	7.0
Bacteria;Bacillati;Bacillota;Clostridia;Lachnospirales;Lachnospiraceae;Lachnoclostridium;[Clostridium] polysaccharolyticum	7.0	7.0
Bacteria;Bacillati;Bacillota;Clostridia;Lachnospirales;Lachnospiraceae;Anaerocolumna;Anaerocolumna sedimenticola	7.0	7.0
Bacteria;Bacillati;Bacillota;Bacilli;Bacillales;Paenibacillaceae;Paenibacillus;Paenibacillus favisporus	7.0	7.0
Bacteria;Pseudomonadati;Thermomicrobiota;Thermomicrobia;Sphaerobacterales;Sphaerobacteraceae;Sphaerobacter;Sphaerobacter thermophilus	7.0	7.0
Bacteria;Bacillati;Bacillota;Bacilli;Lactobacillales;Carnobacteriaceae;Jeotgalibaca;Jeotgalibaca dankookensis	7.0	7.0
Bacteria;Bacillati;Bacillota;Bacillota_Incertae_sedis;Bacillota_Incertae_sedis;Bacillota_Incertae_sedis;Hydrogenispora;Hydrogenispora ethanolica	7.0	7.0
Bacteria;Bacillati;Bacillota;Clostridia;Lachnospirales;Lachnospiraceae;Mediterraneibacter;Mediterraneibacter faecis	7.0	7.0
Bacteria;Bacillati;Actinomycetota;Actinomycetes;Micrococcales;Micrococcaceae;Rothia;Rothia kristinae	7.0	7.0
Bacteria;Pseudomonadati;Verrucomicrobiota;Verrucomicrobiota_Incertae_sedis;Verrucomicrobiota_Incertae_sedis;Verrucomicrobiota_Incertae_sedis;Methylacidimicrobium;Methylacidimicrobium fagopyrum	7.0	7.0
Bacteria;Bacillati;Bacillota;Bacilli;Lactobacillales;Aerococcaceae;Ruoffia;Ruoffia halotolerans	7.0	7.0
Bacteria;Bacillati;Chloroflexota;Anaerolineae;Anaerolineales;Anaerolineaceae;Ornatilinea;Ornatilinea apprima	7.0	7.0
Bacteria;Pseudomonadati;Pseudomonadota;Betaproteobacteria;Burkholderiales;Comamonadaceae;Ottowia;Ottowia oryzae	7.0	7.0
Bacteria;Pseudomonadati;Pseudomonadota;Betaproteobacteria;Burkholderiales;Comamonadaceae;Tibeticola;Tibeticola sediminis	7.0	7.0
Bacteria;Bacillati;Actinomycetota;Actinomycetes;Propionibacteriales;Propionibacteriaceae;Propioniciclava;Propioniciclava flava	7.0	7.0
Bacteria;Bacillati;Bacillota;Clostridia;Eubacteriales;Oscillospiraceae;Gorbachella;Gorbachella massiliensis	7.0	7.0
Bacteria;Bacillati;Bacillota;Clostridia;Eubacteriales;Oscillospiraceae;Oscillospiraceae_Incertae_sedis;[Clostridium] methylpentosum	7.0	7.0
Bacteria;Pseudomonadati;Bacteroidota;Bacteroidia;Bacteroidales;Muribaculaceae;Duncaniella;Duncaniella freteri	7.0	7.0
Bacteria;Pseudomonadati;Pseudomonadota;Betaproteobacteria;Burkholderiales;Comamonadaceae;Acidovorax;Acidovorax temperans	7.0	7.0
Bacteria;Pseudomonadati;Pseudomonadota;Betaproteobacteria;Burkholderiales;Comamonadaceae;Comamonas;Comamonas suwonensis	7.0	7.0
Bacteria;Bacillati;Bacillota;Negativicutes;Selenomonadales;Sporomusaceae;Pelosinus;Pelosinus propionicus	7.0	7.0
Bacteria;Bacillati;Bacillota;Negativicutes;Selenomonadales;Sporomusaceae;Sporomusa;Sporomusa paucivorans	7.0	7.0
Bacteria;Bacillati;Actinomycetota;Actinomycetes;Micrococcales;Microbacteriaceae;Leucobacter;Leucobacter zeae	7.0	7.0
Bacteria;Pseudomonadati;Verrucomicrobiota;Verrucomicrobiia;Verrucomicrobiales;Akkermansiaceae;Akkermansia;Akkermansia muciniphila	7.0	7.0
Bacteria;Pseudomonadati;Pseudomonadota;Betaproteobacteria;Burkholderiales;Comamonadaceae;Comamonas;Comamonas composti	7.0	7.0
Bacteria;Bacillati;Actinomycetota;Nitriliruptoria;Egibacterales;Egibacteraceae;Egibacter;Egibacter rhizosphaerae	6.0	6.0
Bacteria;Bacillati;Bacillota;Bacilli;Bacillales;Paenibacillaceae;Paenibacillus;Paenibacillus barcinonensis	6.0	6.0
Bacteria;Bacillati;Bacillota;Bacilli;Bacillales;Paenibacillaceae;Paenibacillus;Paenibacillus castaneae	6.0	6.0
Bacteria;Bacillati;Bacillota;Negativicutes;Acidaminococcales;Acidaminococcaceae;Acidaminococcus;Acidaminococcus timonensis	6.0	6.0
Bacteria;Bacillati;Bacillota;Bacilli;Bacillales;Caryophanaceae;Ureibacillus;Ureibacillus thermosphaericus	6.0	6.0
Bacteria;Bacillati;Actinomycetota;Actinomycetes;Micrococcales;Microbacteriaceae;Leucobacter;Leucobacter denitrificans	6.0	6.0
Bacteria;Pseudomonadati;Thermodesulfobacteriota;Syntrophobacteria;Syntrophobacterales;Syntrophobacteraceae;Desulfovirga;Desulfovirga adipica	6.0	6.0
Bacteria;Bacillati;Actinomycetota;Actinomycetes;Micrococcales;Bogoriellaceae;Georgenia;Georgenia ruanii	6.0	6.0
Bacteria;Pseudomonadati;Thermodesulfobacteriota;Desulfovibrionia;Desulfovibrionales;Desulfovibrionaceae;Alkalidesulfovibrio;Alkalidesulfovibrio alkalitolerans	6.0	6.0
Bacteria;Thermotogati;Synergistota;Synergistia;Synergistales;Synergistaceae;Cloacibacillus;Cloacibacillus evryensis	6.0	6.0
Bacteria;Bacillati;Actinomycetota;Actinomycetes;Micrococcales;Microbacteriaceae;Leucobacter;Leucobacter viscericola	6.0	6.0
Bacteria;Bacillati;Bacillota;Clostridia;Eubacteriales;Clostridiaceae;Falcatimonas;Falcatimonas natans	6.0	6.0
Bacteria;Bacillati;Bacillota;Clostridia;Eubacteriales;Desulfitobacteriaceae;Desulfitobacterium;Desulfitobacterium hafniense	6.0	6.0
Bacteria;Pseudomonadati;Bacteroidota;Bacteroidia;Bacteroidales;Bacteroidaceae;Phocaeicola;Phocaeicola plebeius	6.0	6.0
Bacteria;Pseudomonadati;Bacteroidota;Bacteroidia;Bacteroidales;Lentimicrobiaceae;Lentimicrobium;Lentimicrobium saccharophilum	6.0	6.0
Bacteria;Bacillati;Actinomycetota;Coriobacteriia;Coriobacteriales;Atopobiaceae;Olsenella;Olsenella urininfantis	6.0	6.0
Bacteria;Bacillati;Actinomycetota;Coriobacteriia;Eggerthellales;Eggerthellaceae;Gordonibacter;Gordonibacter pamelaeae	6.0	6.0
Bacteria;Bacillati;Bacillota;Clostridia;Eubacteriales;Eubacteriales Family XIII. Incertae Sedis;Eubacteriales Family XIII. Incertae Sedis_Incertae_sedis;[Eubacterium] sulci	6.0	6.0
Bacteria;Bacillati;Actinomycetota;Coriobacteriia;Eggerthellales;Eggerthellaceae;Gordonibacter;Gordonibacter massiliensis (ex Traore et al. 2017)	6.0	6.0
Bacteria;Bacillati;Bacillota;Clostridia;Eubacteriales;Oscillospiraceae;Mageeibacillus;Mageeibacillus indolicus	6.0	6.0
Bacteria;Bacillati;Bacillota;Clostridia;Eubacteriales;Peptococcaceae;Desulfonispora;Desulfonispora thiosulfatigenes	6.0	6.0
Bacteria;Bacillati;Bacillota;Clostridia;Eubacteriales;Syntrophomonadaceae;Pelospora;Pelospora glutarica	6.0	6.0
Bacteria;Pseudomonadati;Pseudomonadota;Betaproteobacteria;Burkholderiales;Comamonadaceae;Hydrogenophaga;Hydrogenophaga defluvii	6.0	6.0
Bacteria;Pseudomonadati;Pseudomonadota;Betaproteobacteria;Burkholderiales;Burkholderiales_Incertae_sedis;Aquabacterium;Aquabacterium olei	6.0	6.0
Bacteria;Pseudomonadati;Elusimicrobiota;Elusimicrobia;Elusimicrobiales;Elusimicrobiaceae;Elusimicrobium;Elusimicrobium minutum	6.0	6.0
Bacteria;Pseudomonadati;Planctomycetota;Planctomycetia;Pirellulales;Lacipirellulaceae;Aeoliella;Aeoliella mucimassa	6.0	6.0
Bacteria;Pseudomonadati;Lentisphaerota;Lentisphaeria;Victivallales;Victivallaceae;Victivallis;Victivallis vadensis	6.0	6.0
Bacteria;Bacillati;Bacillota;Clostridia;Lachnospirales;Anaerotignaceae;Anaerotignum;Anaerotignum aminivorans	6.0	6.0
Bacteria;Bacillati;Bacillota;Clostridia;Eubacteriales;Clostridiaceae;Clostridium;Clostridium formicaceticum	6.0	6.0
Bacteria;Pseudomonadati;Pseudomonadota;Betaproteobacteria;Rhodocyclales;Zoogloeaceae;Thauera;Thauera humireducens	6.0	6.0
Bacteria;Bacillati;Bacillota;Clostridia;Lachnospirales;Lachnospiraceae;Hominisplanchenecus;Hominisplanchenecus faecis	6.0	6.0
Bacteria;Bacillati;Bacillota;Bacilli;Bacillales;Caryophanaceae;Solibacillus;Solibacillus cecembensis	6.0	6.0
Bacteria;Bacillati;Actinomycetota;Actinomycetes;Propionibacteriales;Propionibacteriaceae;Mariniluteicoccus;Mariniluteicoccus flavus	6.0	6.0
Bacteria;Bacillati;Cyanobacteriota;Cyanophyceae;Gloeobacterales;Gloeobacteraceae;Gloeobacter;Gloeobacter morelensis	6.0	6.0
Bacteria;Pseudomonadati;Spirochaetota;Spirochaetia;Spirochaetales;Sphaerochaetaceae;Sphaerochaeta;Sphaerochaeta associata	6.0	6.0
Bacteria;Bacillati;Bacillota;Tissierellia;Tissierellales;Peptoniphilaceae;Parvimonas;Parvimonas micra	6.0	6.0
Bacteria;Bacillati;Actinomycetota;Actinomycetes;Mycobacteriales;Dietziaceae;Dietzia;Dietzia aurantiaca	6.0	6.0
Bacteria;Bacillati;Bacillota;Clostridia;Lachnospirales;Lachnospiraceae;Mediterraneibacter;Mediterraneibacter glycyrrhizinilyticus	6.0	6.0
Bacteria;Bacillati;Actinomycetota;Actinomycetes;Mycobacteriales;Corynebacteriaceae;Corynebacterium;Corynebacterium efficiens	6.0	6.0
Bacteria;Bacillati;Actinomycetota;Actinomycetes;Mycobacteriales;Dietziaceae;Dietzia;Dietzia cinnamea	6.0	6.0
Bacteria;Bacillati;Bacillota;Bacilli;Lactobacillales;Aerococcaceae;Facklamia;Facklamia languida	6.0	6.0
Bacteria;Bacillati;Bacillota;Bacilli;Lactobacillales;Streptococcaceae;Streptococcus;Streptococcus lutetiensis	6.0	6.0
Bacteria;Bacillati;Bacillota;Bacilli;Lactobacillales;Streptococcaceae;Streptococcus;Streptococcus varani	6.0	6.0
Bacteria;Bacillati;Bacillota;Clostridia;Lachnospirales;Vallitaleaceae;Abyssivirga;Abyssivirga alkaniphila	6.0	6.0
Bacteria;Bacillati;Actinomycetota;Acidimicrobiia;Acidimicrobiales;Iamiaceae;Rhabdothermincola;Rhabdothermincola sediminis	6.0	6.0
Bacteria;Pseudomonadati;Pseudomonadota;Gammaproteobacteria;Moraxellales;Moraxellaceae;Acinetobacter;Acinetobacter variabilis	6.0	6.0
Bacteria;Bacillati;Bacillota;Bacilli;Bacillales;Bacillaceae;Bacillus;Bacillus sonorensis	6.0	6.0
Bacteria;Bacillati;Bacillota;Erysipelotrichia;Erysipelotrichales;Erysipelotrichaceae;Breznakia;Breznakia pachnodae	6.0	6.0
Bacteria;Bacillati;Bacillota;Clostridia;Eubacteriales;Clostridiaceae;Crassaminicella;Crassaminicella thermophila	6.0	6.0
Bacteria;Bacillati;Bacillota;Bacilli;Bacillales;Bacillaceae;Tepidibacillus;Tepidibacillus infernus	6.0	6.0
Bacteria;Pseudomonadati;Thermodesulfobacteriota;Syntrophia;Syntrophales;Syntrophaceae;Syntrophus;Syntrophus buswellii	5.0	5.0
Bacteria;Pseudomonadati;Thermodesulfobacteriota;Desulfovibrionia;Desulfovibrionales;Desulfomicrobiaceae;Desulfomicrobium;Desulfomicrobium baculatum	5.0	5.0
Bacteria;Pseudomonadati;Pseudomonadota;Gammaproteobacteria;Moraxellales;Moraxellaceae;Acinetobacter;Acinetobacter proteolyticus	5.0	5.0
Bacteria;Pseudomonadati;Spirochaetota;Spirochaetia;Spirochaetales;Treponemataceae;Teretinema;Teretinema zuelzerae	5.0	5.0
Bacteria;Pseudomonadati;Pseudomonadota;Gammaproteobacteria;Pseudomonadales;Pseudomonadaceae;Pseudomonas;Pseudomonas oryzae	5.0	5.0
Bacteria;Bacillati;Bacillota;Bacilli;Bacillales;Bacillaceae;Lysinibacillus;Lysinibacillus halotolerans	5.0	5.0
Bacteria;Bacillati;Actinomycetota;Actinomycetes;Micrococcales;Microbacteriaceae;Gulosibacter;Gulosibacter macacae	5.0	5.0
Bacteria;Thermotogati;Synergistota;Synergistia;Synergistales;Dethiosulfovibrionaceae;Pyramidobacter;Pyramidobacter piscolens	5.0	5.0
Bacteria;Bacillati;Actinomycetota;Actinomycetes;Micrococcales;Cellulomonadaceae;Actinotalea;Actinotalea fermentans	5.0	5.0
Bacteria;Bacillati;Bacillota;Clostridia;Eubacteriales;Eubacteriales_Incertae_sedis;Anaerotalea;Anaerotalea alkaliphila	5.0	5.0
Bacteria;Bacillati;Bacillota;Bacilli;Bacillales;Bacillaceae;Shouchella;Shouchella lehensis	5.0	5.0
Bacteria;Bacillati;Bacillota;Bacilli;Bacillales;Bacillaceae;Peribacillus;Peribacillus acanthi	5.0	5.0
Bacteria;Bacillati;Bacillota;Clostridia;Eubacteriales;Clostridiaceae;Inconstantimicrobium;Inconstantimicrobium porci	5.0	5.0
Bacteria;Bacillati;Bacillota;Negativicutes;Selenomonadales;Selenomonadaceae;Anaerovibrio;Anaerovibrio lipolyticus	5.0	5.0
Bacteria;Bacillati;Bacillota;Bacilli;Bacillales;Paenibacillaceae;Brevibacillus;Brevibacillus formosus	5.0	5.0
Bacteria;Bacillati;Bacillota;Negativicutes;Selenomonadales;Sporomusaceae;Anaeromusa;Anaeromusa acidaminophila	5.0	5.0
Bacteria;Bacillati;Bacillota;Clostridia;Eubacteriales;Clostridiaceae;Fonticella;Fonticella tunisiensis	5.0	5.0
Bacteria;Pseudomonadati;Thermodesulfobacteriota;Desulfovibrionia;Desulfovibrionales;Desulfovibrionaceae;Desulfovibrio;Desulfovibrio intestinalis	5.0	5.0
Bacteria;Pseudomonadati;Thermodesulfobacteriota;Desulfuromonadia;Desulfuromonadales;Syntrophotaleaceae;Syntrophotalea;Syntrophotalea carbinolica	5.0	5.0
Bacteria;Pseudomonadati;Pseudomonadota;Betaproteobacteria;Burkholderiales;Alcaligenaceae;Advenella;Advenella mandrilli	5.0	5.0
Bacteria;Pseudomonadati;Pseudomonadota;Betaproteobacteria;Burkholderiales;Alcaligenaceae;Pusillimonas;Pusillimonas noertemannii	5.0	5.0
Bacteria;Bacillati;Bacillota;Bacilli;Bacillales;Paenibacillaceae;Paenibacillus;Paenibacillus bovis	5.0	5.0
Bacteria;Bacillati;Bacillota;Bacilli;Bacillales;Paenibacillaceae;Paenibacillus;Paenibacillus cucumis (ex Kampfer et al. 2016)	5.0	5.0
Bacteria;Pseudomonadati;Pseudomonadota;Betaproteobacteria;Burkholderiales;Comamonadaceae;Macromonas;Macromonas bipunctata	5.0	5.0
Bacteria;Pseudomonadati;Bacteroidota;Bacteroidia;Bacteroidales;Tannerellaceae;Parabacteroides;Parabacteroides goldsteinii	5.0	5.0
Bacteria;Pseudomonadati;Pseudomonadota;Betaproteobacteria;Burkholderiales;Alcaligenaceae;Pollutimonas;Pollutimonas thiosulfatoxidans	5.0	5.0
Bacteria;Bacillati;Bacillota;Clostridia;Eubacteriales;Clostridiaceae;Oxobacter;Oxobacter pfennigii	5.0	5.0
Bacteria;Bacillati;Actinomycetota;Coriobacteriia;Eggerthellales;Eggerthellaceae;Berryella;Berryella intestinalis	5.0	5.0
Bacteria;Bacillati;Actinomycetota;Coriobacteriia;Eggerthellales;Eggerthellaceae;Adlercreutzia;Adlercreutzia muris	5.0	5.0
Bacteria;Bacillati;Bacillota;Clostridia;Eubacteriales;Desulfitobacteriaceae;Syntrophobotulus;Syntrophobotulus glycolicus	5.0	5.0
Bacteria;Bacillati;Bacillota;Clostridia;Eubacteriales;Desulfotomaculaceae;Pelotomaculum;Pelotomaculum propionicicum	5.0	5.0
Bacteria;Pseudomonadati;Bacteroidota;Bacteroidia;Bacteroidales;Bacteroidaceae;Phocaeicola;Phocaeicola faecicola	5.0	5.0
Bacteria;Bacillati;Bacillota;Clostridia;Eubacteriales;Eubacteriaceae;Irregularibacter;Irregularibacter muris	5.0	5.0
Bacteria;Pseudomonadati;Thermodesulfobacteriota;Desulfovibrionia;Desulfovibrionales;Desulfomicrobiaceae;Desulfomicrobium;Desulfomicrobium norvegicum	5.0	5.0
Bacteria;Pseudomonadati;Pseudomonadota;Alphaproteobacteria;Rhodospirillales;Kiloniellaceae;Kiloniella;Kiloniella majae	5.0	5.0
Bacteria;Bacillati;Bacillota;Clostridia;Lachnospirales;Lachnospiraceae;Variimorphobacter;Variimorphobacter saccharofermentans	5.0	5.0
Bacteria;Pseudomonadati;Pseudomonadota;Alphaproteobacteria;Rhodobacterales;Paracoccaceae;Falsigemmobacter;Falsigemmobacter intermedius	5.0	5.0
Bacteria;Bacillati;Bacillota;Tissierellia;Tissierellales;Peptoniphilaceae;Lagierella;Lagierella massiliensis	5.0	5.0
Bacteria;Bacillati;Actinomycetota;Actinomycetes;Mycobacteriales;Dietziaceae;Dietzia;Dietzia timorensis	5.0	5.0
Bacteria;Pseudomonadati;Pseudomonadota;Alphaproteobacteria;Hyphomicrobiales;Rhizobiaceae;Rhizobium;Rhizobium arsenicireducens	5.0	5.0
Bacteria;Bacillati;Bacillota;Tissierellia;Tissierellales;Tissierellaceae;Gudongella;Gudongella oleilytica	5.0	5.0
Bacteria;Bacillati;Actinomycetota;Actinomycetes;Mycobacteriales;Gordoniaceae;Gordonia;Gordonia hongkongensis	5.0	5.0
Bacteria;Bacillati;Actinomycetota;Actinomycetes;Micrococcales;Microbacteriaceae;Leucobacter;Leucobacter aerolatus	5.0	5.0
Bacteria;Bacillati;Bacillota;Clostridia;Lachnospirales;Lachnospiraceae;Wujia;Wujia chipingensis	5.0	5.0
Bacteria;Pseudomonadati;Verrucomicrobiota;Opitutia;Opitutales;Opitutaceae;Cephaloticoccus;Cephaloticoccus primus	5.0	5.0
Bacteria;Bacillati;Bacillota;Bacilli;Lactobacillales;Lactobacillaceae;Weissella;Weissella confusa	5.0	5.0
Bacteria;Bacillati;Bacillota;Tissierellia;Tissierellales;Peptoniphilaceae;Murdochiella;Murdochiella vaginalis	5.0	5.0
Bacteria;Bacillati;Actinomycetota;Actinomycetes;Mycobacteriales;Corynebacteriaceae;Corynebacterium;Corynebacterium dentalis	5.0	5.0
Bacteria;Bacillati;Bacillota;Clostridia;Lachnospirales;Lachnospiraceae;Eisenbergiella;Eisenbergiella porci	5.0	5.0
Bacteria;Bacillati;Actinomycetota;Actinomycetes;Mycobacteriales;Dietziaceae;Dietzia;Dietzia cercidiphylli	5.0	5.0
Bacteria;Bacillati;Bacillota;Clostridia;Lachnospirales;Lachnospiraceae;Anaeromicropila;Anaeromicropila populeti	5.0	5.0
Bacteria;Bacillati;Actinomycetota;Actinomycetes;Propionibacteriales;Nocardioidaceae;Propionicimonas;Propionicimonas paludicola	5.0	5.0
Bacteria;Pseudomonadati;Pseudomonadota;Betaproteobacteria;Burkholderiales;Sphaerotilaceae;Sphaerotilus;Sphaerotilus mobilis	5.0	5.0
Bacteria;Pseudomonadati;Campylobacterota;Epsilonproteobacteria;Campylobacterales;Arcobacteraceae;Aliarcobacter;Aliarcobacter butzleri	5.0	5.0
Bacteria;Bacillati;Bacillota;Clostridia;Eubacteriales;Butyricicoccaceae;Butyricicoccus;Butyricicoccus pullicaecorum	5.0	5.0
Bacteria;Bacillati;Cyanobacteriota;Cyanophyceae;Gloeobacterales;Gloeobacteraceae;Gloeobacter;Gloeobacter kilaueensis	5.0	5.0
Bacteria;Bacillati;Bacillota;Clostridia;Eubacteriales;Clostridiaceae;Caloramator;Caloramator australicus	5.0	5.0
Bacteria;Bacillati;Bacillota;Bacilli;Bacillales;Paenibacillaceae;Paenibacillus;Paenibacillus lutimineralis	5.0	5.0
Bacteria;Pseudomonadati;Pseudomonadota;Betaproteobacteria;Nitrosomonadales;Sterolibacteriaceae;Sterolibacterium;Sterolibacterium denitrificans	5.0	5.0
Bacteria;Bacillati;Bacillota;Bacilli;Lactobacillales;Enterococcaceae;Enterococcus;Enterococcus eurekensis	4.0	4.0
Bacteria;Bacillati;Bacillota;Bacilli;Lactobacillales;Lactobacillaceae;Ligilactobacillus;Ligilactobacillus ruminis	4.0	4.0
Bacteria;Pseudomonadati;Pseudomonadota;Gammaproteobacteria;Pseudomonadales;Pseudomonadaceae;Pseudomonas;Pseudomonas brassicae	4.0	4.0
Bacteria;Bacillati;Actinomycetota;Actinomycetes;Actinomycetales;Actinomycetaceae;Trueperella;Trueperella pecoris	4.0	4.0
Bacteria;Thermotogati;Synergistota;Synergistia;Synergistales;Synergistaceae;Thermanaerovibrio;Thermanaerovibrio acidaminovorans	4.0	4.0
Bacteria;Pseudomonadati;Pseudomonadota;Alphaproteobacteria;Hyphomicrobiales;Rhizobiaceae;Agrobacterium;Agrobacterium tumefaciens	4.0	4.0
Bacteria;Bacillati;Bacillota;Clostridia;Eubacteriales;Syntrophomonadaceae;Thermohydrogenium;Thermohydrogenium kirishiense	4.0	4.0
Bacteria;Bacillati;Bacillota;Clostridia;Lachnospirales;Anaerotignaceae;Anaerotignum;Anaerotignum propionicum	4.0	4.0
Bacteria;Bacillati;Actinomycetota;Actinomycetes;Propionibacteriales;Propionibacteriaceae;Enemella;Enemella evansiae	4.0	4.0
Bacteria;Bacillati;Bacillota;Clostridia;Eubacteriales;Clostridiaceae;Clostridium;Clostridium novyi	4.0	4.0
Bacteria;Bacillati;Bacillota;Bacilli;Bacillales;Paenibacillaceae;Brevibacillus;Brevibacillus aydinogluensis	4.0	4.0
Bacteria;Bacillati;Cyanobacteriota;Cyanophyceae;Pseudanabaenales;Pseudanabaenaceae;Pseudanabaena;Pseudanabaena cinerea	4.0	4.0
Bacteria;Bacillati;Bacillota;Bacilli;Bacillales;Bacillales_Incertae_sedis;Exiguobacterium;Exiguobacterium indicum	4.0	4.0
Bacteria;Bacillati;Bacillota;Clostridia;Eubacteriales;Clostridiaceae;Clostridium;Clostridium intestinale	4.0	4.0
Bacteria;Pseudomonadati;Pseudomonadota;Betaproteobacteria;Burkholderiales;Sphaerotilaceae;Caldimonas;Caldimonas brevitalea	4.0	4.0
Bacteria;Bacillati;Bacillota;Clostridia;Lachnospirales;Lachnospiraceae;Blautia;Blautia faecis	4.0	4.0
Bacteria;Pseudomonadati;Campylobacterota;Epsilonproteobacteria;Campylobacterales;Arcobacteraceae;Arcobacter;Arcobacter suis	4.0	4.0
Bacteria;Bacillati;Bacillota;Clostridia;Eubacteriales;Clostridiaceae;Clostridium;Clostridium argentinense	4.0	4.0
Bacteria;Bacillati;Bacillota;Clostridia;Eubacteriales;Clostridiaceae;Clostridium;Clostridium cellulovorans	4.0	4.0
Bacteria;Bacillati;Bacillota;Clostridia;Eubacteriales;Clostridiaceae;Clostridium;Clostridium cagae	4.0	4.0
Bacteria;Bacillati;Bacillota;Bacilli;Bacillales;Paenibacillaceae;Paenibacillus;Paenibacillus oryzae	4.0	4.0
Bacteria;Bacillati;Bacillota;Clostridia;Lachnospirales;Lachnospiraceae;Blautia;Blautia faecicola	4.0	4.0
Bacteria;Bacillati;Bacillota;Clostridia;Lachnospirales;Lachnospiraceae;Lachnoclostridium;Lachnoclostridium urinimassiliense	4.0	4.0
Bacteria;Pseudomonadati;Pseudomonadota;Betaproteobacteria;Rhodocyclales;Zoogloeaceae;Thauera;Thauera selenatis	4.0	4.0
Bacteria;Pseudomonadati;Pseudomonadota;Gammaproteobacteria;Legionellales;Coxiellaceae;Coxiella;Coxiella burnetii	4.0	4.0
Bacteria;Bacillati;Bacillota;Clostridia;Lachnospirales;Lachnospiraceae;Gluceribacter;Gluceribacter canis	4.0	4.0
Bacteria;Pseudomonadati;Pseudomonadota;Betaproteobacteria;Rhodocyclales;Zoogloeaceae;Thauera;Thauera phenolivorans	4.0	4.0
Bacteria;Pseudomonadati;Pseudomonadota;Gammaproteobacteria;Moraxellales;Moraxellaceae;Acinetobacter;Acinetobacter gandensis	4.0	4.0
Bacteria;Bacillati;Bacillota;Clostridia;Peptostreptococcales;Acidaminobacteraceae;Acidaminobacter;Acidaminobacter hydrogenoformans	4.0	4.0
Bacteria;Bacillati;Bacillota;Clostridia;Lachnospirales;Vallitaleaceae;Petrocella;Petrocella atlantisensis	4.0	4.0
Bacteria;Bacillati;Bacillota;Clostridia;Peptostreptococcales;Tepidibacteraceae;Sporacetigenium;Sporacetigenium mesophilum	4.0	4.0
Bacteria;Bacillati;Actinomycetota;Actinomycetes;Mycobacteriales;Corynebacteriaceae;Corynebacterium;Corynebacterium falsenii	4.0	4.0
Bacteria;Bacillati;Actinomycetota;Actinomycetes;Mycobacteriales;Corynebacteriaceae;Corynebacterium;Corynebacterium pacaense	4.0	4.0
Bacteria;Bacillati;Bacillota;Clostridia;Lachnospirales;Lachnospiraceae;Marvinbryantia;Marvinbryantia formatexigens	4.0	4.0
Bacteria;Bacillati;Actinomycetota;Actinomycetes;Mycobacteriales;Dietziaceae;Dietzia;Dietzia alimentaria	4.0	4.0
Bacteria;Bacillati;Bacillota;Clostridia;Lachnospirales;Lachnospiraceae;Roseburia;Roseburia porci	4.0	4.0
Bacteria;Bacillati;Bacillota;Bacilli;Lactobacillales;Streptococcaceae;Streptococcus;Streptococcus pasteurianus	4.0	4.0
Bacteria;Bacillati;Bacillota;Bacilli;Lactobacillales;Aerococcaceae;Globicatella;Globicatella sanguinis	4.0	4.0
Bacteria;Pseudomonadati;Planctomycetota;Planctomycetia;Pirellulales;Pirellulaceae;Roseimaritima;Roseimaritima multifibrata	4.0	4.0
Bacteria;Bacillati;Bacillota;Clostridia;Eubacteriales;Oscillospiraceae;Acetivibrio;Acetivibrio saccincola	4.0	4.0
Bacteria;Bacillati;Actinomycetota;Coriobacteriia;Eggerthellales;Eggerthellaceae;Eggerthella;Eggerthella lenta	4.0	4.0
Bacteria;Bacillati;Bacillota;Bacilli;Bacillales;Bacillaceae;Lysinibacillus;Lysinibacillus telephonicus	4.0	4.0
Bacteria;Bacillati;Bacillota;Bacilli;Bacillales;Bacillaceae;Bacillus;Bacillus cabrialesii	4.0	4.0
Bacteria;Bacillati;Bacillota;Clostridia;Eubacteriales;Heliobacteriaceae;Heliophilum;Heliophilum fasciatum	4.0	4.0
Bacteria;Bacillati;Actinomycetota;Coriobacteriia;Coriobacteriales;Coriobacteriaceae;Parvibacter;Parvibacter caecicola	4.0	4.0
Bacteria;Bacillati;Actinomycetota;Coriobacteriia;Coriobacteriales;Coriobacteriaceae;Senegalimassilia;Senegalimassilia anaerobia	4.0	4.0
Bacteria;Pseudomonadati;Pseudomonadota;Betaproteobacteria;Burkholderiales;Comamonadaceae;Paracidovorax;Paracidovorax wautersii	4.0	4.0
Bacteria;Pseudomonadati;Pseudomonadota;Betaproteobacteria;Burkholderiales;Comamonadaceae;Paracidovorax;Paracidovorax konjaci	4.0	4.0
Bacteria;Bacillati;Actinomycetota;Thermoleophilia;Gaiellales;Gaiellaceae;Gaiella;Gaiella occulta	4.0	4.0
Bacteria;Pseudomonadati;Pseudomonadota;Betaproteobacteria;Burkholderiales;Comamonadaceae;Hydrogenophaga;Hydrogenophaga electricum	4.0	4.0
Bacteria;Pseudomonadati;Bacteroidota;Bacteroidia;Marinilabiliales;Prolixibacteraceae;Roseimarinus;Roseimarinus sediminis	4.0	4.0
Bacteria;Bacillati;Bacillota;Clostridia;Eubacteriales;Clostridiaceae;Clostridium;Clostridium senegalense	4.0	4.0
Bacteria;Pseudomonadati;Pseudomonadota;Alphaproteobacteria;Rhodospirillales;Rhodospirillaceae;Magnetospirillum;Magnetospirillum gryphiswaldense	4.0	4.0
Bacteria;Bacillati;Bacillota;Clostridia;Eubacteriales;Oscillospiraceae;Massiliimalia;Massiliimalia massiliensis	4.0	4.0
Bacteria;Pseudomonadati;Pseudomonadota;Betaproteobacteria;Burkholderiales;Comamonadaceae;Simplicispira;Simplicispira psychrophila	4.0	4.0
Bacteria;Bacillati;Actinomycetota;Actinomycetes;Propionibacteriales;Propionibacteriaceae;Tessaracoccus;Tessaracoccus nasisuum	4.0	4.0
Bacteria;Pseudomonadati;Pseudomonadota;Betaproteobacteria;Burkholderiales;Alcaligenaceae;Paralcaligenes;Paralcaligenes ureilyticus	4.0	4.0
Bacteria;Bacillati;Bacillota;Clostridia;Eubacteriales;Eubacteriales_Incertae_sedis;Colidextribacter;Colidextribacter massiliensis	4.0	4.0
Bacteria;Bacillati;Bacillota;Clostridia;Eubacteriales;Eubacteriales Family XIII. Incertae Sedis;Casaltella;Casaltella massiliensis	4.0	4.0
Bacteria;Bacillati;Bacillota;Bacilli;Bacillales;Bacillaceae;Shouchella;Shouchella hunanensis	4.0	4.0
Bacteria;Pseudomonadati;Pseudomonadota;Betaproteobacteria;Burkholderiales;Comamonadaceae;Brachymonas;Brachymonas denitrificans	4.0	4.0
Bacteria;Bacillati;Bacillota;Clostridia;Eubacteriales;Eubacteriaceae;Rhabdanaerobium;Rhabdanaerobium thermarum	4.0	4.0
Bacteria;Bacillati;Bacillota;Clostridia;Eubacteriales;Clostridiaceae;Lactonifactor;Lactonifactor longoviformis	4.0	4.0
Bacteria;Bacillati;Bacillota;Clostridia;Eubacteriales;Desulfotomaculaceae;Pelotomaculum;Pelotomaculum thermopropionicum	4.0	4.0
Bacteria;Bacillati;Bacillota;Negativicutes;Selenomonadales;Selenomonadaceae;Selenomonas;Selenomonas timonae	4.0	4.0
Bacteria;Pseudomonadati;Thermodesulfobacteriota;Syntrophobacteria;Syntrophobacterales;Syntrophobacteraceae;Syntrophobacter;Syntrophobacter fumaroxidans	4.0	4.0
Bacteria;Bacillati;Actinomycetota;Actinomycetes;Micrococcales;Microbacteriaceae;Leucobacter;Leucobacter triazinivorans	4.0	4.0
Bacteria;Bacillati;Bacillota;Negativicutes;Selenomonadales;Sporomusaceae;Anaerospora;Anaerospora hongkongensis	4.0	4.0
Bacteria;Bacillati;Actinomycetota;Actinomycetes;Micrococcales;Microbacteriaceae;Leucobacter;Leucobacter massiliensis	4.0	4.0
Bacteria;Pseudomonadati;Thermodesulfobacteriota;Desulfovibrionia;Desulfovibrionales;Desulfovibrionaceae;Desulfocurvibacter;Desulfocurvibacter africanus	4.0	4.0
Bacteria;Pseudomonadati;Pseudomonadota;Alphaproteobacteria;Geminicoccales;Geminicoccaceae;Tistrella;Tistrella bauzanensis	3.0	3.0
Bacteria;Pseudomonadati;Pseudomonadota;Alphaproteobacteria;Hyphomicrobiales;Brucellaceae;Brucella;Brucella pseudintermedia	3.0	3.0
Bacteria;Bacillati;Bacillota;Negativicutes;Selenomonadales;Selenomonadaceae;Selenomonas;Selenomonas lacticifex	3.0	3.0
Bacteria;Bacillati;Bacillota;Negativicutes;Selenomonadales;Selenomonadaceae;Propionispira;Propionispira arboris	3.0	3.0
Bacteria;Bacillati;Bacillota;Erysipelotrichia;Erysipelotrichales;Erysipelotrichaceae;Solobacterium;Solobacterium moorei	3.0	3.0
Bacteria;Bacillati;Actinomycetota;Actinomycetes;Micrococcales;Microbacteriaceae;Leucobacter;Leucobacter kyeonggiensis	3.0	3.0
Bacteria;Bacillati;Actinomycetota;Actinomycetes;Micrococcales;Microbacteriaceae;Leucobacter;Leucobacter chromiisoli	3.0	3.0
Bacteria;Bacillati;Bacillota;Negativicutes;Selenomonadales;Sporomusaceae;Sporomusa;Sporomusa termitida	3.0	3.0
Bacteria;Bacillati;Bacillota;Negativicutes;Selenomonadales;Sporomusaceae;Sporolituus;Sporolituus thermophilus	3.0	3.0
Bacteria;Bacillati;Bacillota;Erysipelotrichia;Erysipelotrichales;Erysipelotrichaceae;Anaerolactibacter;Anaerolactibacter massiliensis	3.0	3.0
Bacteria;Bacillati;Bacillota;Clostridia;Thermoanaerobacterales;Thermoanaerobacteraceae;Thermoanaerobacter;Thermoanaerobacter pseudethanolicus	3.0	3.0
Bacteria;Bacillati;Bacillota;Clostridia;Thermoanaerobacterales;Thermoanaerobacterales Family IV. Incertae Sedis;Mahella;Mahella australiensis	3.0	3.0
Bacteria;Thermotogati;Synergistota;Synergistia;Synergistales;Aminobacteriaceae;Aminobacterium;Aminobacterium colombiense	3.0	3.0
Bacteria;Thermotogati;Synergistota;Synergistia;Synergistales;Synergistaceae;Aminomonas;Aminomonas paucivorans	3.0	3.0
Bacteria;Bacillati;Actinomycetota;Actinomycetes;Mycobacteriales;Corynebacteriaceae;Corynebacterium;Corynebacterium marinum	3.0	3.0
Bacteria;Bacillati;Actinomycetota;Actinomycetes;Mycobacteriales;Corynebacteriaceae;Corynebacterium;Corynebacterium epidermidicanis	3.0	3.0
Bacteria;Bacillati;Actinomycetota;Actinomycetes;Micromonosporales;Micromonosporaceae;Plantactinospora;Plantactinospora soyae	3.0	3.0
Bacteria;Bacillati;Bacillota;Clostridia;Lachnospirales;Lachnospiraceae;Lacrimispora;Lacrimispora sphenoides	3.0	3.0
Bacteria;Bacillati;Bacillota;Tissierellia;Tissierellales;Tissierellaceae;Soehngenia;Soehngenia saccharolytica	3.0	3.0
Bacteria;Bacillati;Bacillota;Tissierellia;Tissierellales;Peptoniphilaceae;Urinicoccus;Urinicoccus timonensis	3.0	3.0
Bacteria;Bacillati;Bacillota;Bacilli;Bacillales;Bacillaceae;Shouchella;Shouchella miscanthi	3.0	3.0
Bacteria;Fusobacteriati;Fusobacteriota;Fusobacteriia;Fusobacteriales;Fusobacteriaceae;Ilyobacter;Ilyobacter delafieldii	3.0	3.0
Bacteria;Bacillati;Bacillota;Clostridia;Eubacteriales;Eubacteriales_Incertae_sedis;Intestinimonas;Intestinimonas gabonensis	3.0	3.0
Bacteria;Bacillati;Bacillota;Clostridia;Eubacteriales;Eubacteriales_Incertae_sedis;Levyella;Levyella massiliensis	3.0	3.0
Bacteria;Pseudomonadati;Bacteroidota;Bacteroidia;Bacteroidales;Dysgonomonadaceae;Petrimonas;Petrimonas sulfuriphila	3.0	3.0
Bacteria;Pseudomonadati;Bacteroidota;Bacteroidia;Bacteroidales;Dysgonomonadaceae;Proteiniphilum;Proteiniphilum saccharofermentans	3.0	3.0
Bacteria;Pseudomonadati;Thermodesulfobacteriota;Desulfobulbia;Desulfobulbales;Desulfobulbaceae;Desulfobulbus;Desulfobulbus elongatus	3.0	3.0
Bacteria;Pseudomonadati;Spirochaetota;Spirochaetia;Spirochaetales;Sphaerochaetaceae;Sphaerochaeta;Sphaerochaeta pleomorpha	3.0	3.0
Bacteria;Pseudomonadati;Pseudomonadota;Gammaproteobacteria;Pseudomonadales;Pseudomonadaceae;Pseudomonas;Pseudomonas wayambapalatensis	3.0	3.0
Bacteria;Bacillati;Actinomycetota;Actinomycetes;Actinomycetales;Actinomycetaceae;Scrofimicrobium;Scrofimicrobium canadense	3.0	3.0
Bacteria;Pseudomonadati;Pseudomonadota;Gammaproteobacteria;Lysobacterales;Rhodanobacteraceae;Dyella;Dyella thiooxydans	3.0	3.0
Bacteria;Bacillati;Actinomycetota;Actinomycetes;Mycobacteriales;Corynebacteriaceae;Corynebacterium;Corynebacterium qintianiae	3.0	3.0
Bacteria;Bacillati;Bacillota;Clostridia;Lachnospirales;Lachnospiraceae;Fusicatenibacter;Fusicatenibacter saccharivorans	3.0	3.0
Bacteria;Bacillati;Bacillota;Clostridia;Lachnospirales;Lachnospiraceae;Lacrimispora;Lacrimispora algidixylanolytica	3.0	3.0
Bacteria;Pseudomonadati;Pseudomonadota;Alphaproteobacteria;Rhodospirillales;Azospirillaceae;Skermanella;Skermanella pratensis	3.0	3.0
Bacteria;Pseudomonadati;Pseudomonadota;Alphaproteobacteria;Rhodospirillales;Dongiaceae;Dongia;Dongia mobilis	3.0	3.0
Bacteria;Pseudomonadati;Pseudomonadota;Alphaproteobacteria;Rhodospirillales;Dongiaceae;Hypericibacter;Hypericibacter adhaerens	3.0	3.0
Bacteria;Pseudomonadati;Pseudomonadota;Alphaproteobacteria;Rhodobacterales;Rhodobacterales_Incertae_sedis;Paenirhodobacter;Paenirhodobacter enshiensis	3.0	3.0
Bacteria;Bacillati;Bacillota;Clostridia;Caldicoprobacterales;Xylanivirgaceae;Xylanivirga;Xylanivirga thermophila	3.0	3.0
Bacteria;Pseudomonadati;Bacteroidota;Bacteroidia;Bacteroidales;Rikenellaceae;Millionella;Millionella massiliensis	3.0	3.0
Bacteria;Pseudomonadati;Bacteroidota;Bacteroidia;Bacteroidales;Prevotellaceae;Paraprevotella;Paraprevotella clara	3.0	3.0
Bacteria;Pseudomonadati;Bacteroidota;Bacteroidia;Bacteroidales;Muribaculaceae;Muribaculum;Muribaculum intestinale	3.0	3.0
Bacteria;Bacillati;Bacillota;Clostridia;Eubacteriales;Eubacteriales Family XII. Incertae Sedis;Fusibacter;Fusibacter fontis	3.0	3.0
Bacteria;Bacillati;Bacillota;Clostridia;Eubacteriales;Eubacteriales Family XII. Incertae Sedis;Fusibacter;Fusibacter paucivorans	3.0	3.0
Bacteria;Bacillati;Bacillota;Clostridia;Eubacteriales;Oscillospiraceae;Bittarella (ex Durand et al. 2017);Bittarella massiliensis (ex Durand et al. 2017)	3.0	3.0
Bacteria;Bacillati;Bacillota;Bacilli;Bacillales;Bacillaceae;Bacillus;Bacillus smithii	3.0	3.0
Bacteria;Pseudomonadati;Pseudomonadota;Betaproteobacteria;Burkholderiales;Comamonadaceae;Comamonas;Comamonas serinivorans	3.0	3.0
Bacteria;Bacillati;Bacillota;Bacilli;Bacillales;Bacillaceae;Lysinibacillus;Lysinibacillus sphaericus	3.0	3.0
Bacteria;Bacillati;Actinomycetota;Thermoleophilia;Solirubrobacterales;Conexibacteraceae;Conexibacter;Conexibacter woesei	3.0	3.0
Bacteria;Bacillati;Bacillota;Bacilli;Bacillales;Bacillaceae;Lysinibacillus;Lysinibacillus alkaliphilus	3.0	3.0
Bacteria;Bacillati;Actinomycetota;Actinomycetes;Mycobacteriales;Dietziaceae;Dietzia;Dietzia maris	3.0	3.0
Bacteria;Bacillati;Bacillota;Bacilli;Bacillales;Staphylococcaceae;Aliicoccus;Aliicoccus persicus	3.0	3.0
Bacteria;Bacillati;Bacillota;Bacilli;Lactobacillales;Aerococcaceae;Aerococcus;Aerococcus sanguinicola	3.0	3.0
Bacteria;Bacillati;Bacillota;Clostridia;Lachnospirales;Lachnospiraceae;Hungatella;Hungatella effluvii	3.0	3.0
Bacteria;Pseudomonadati;Pseudomonadota;Betaproteobacteria;Rhodocyclales;Zoogloeaceae;Thauera;Thauera mechernichensis	3.0	3.0
Bacteria;Bacillati;Bacillota;Clostridia;Eubacteriales;Clostridiaceae;Clostridium;Clostridium amylolyticum	3.0	3.0
Bacteria;Bacillati;Bacillota;Clostridia;Eubacteriales;Clostridiaceae;Caloramator;Caloramator fervidus	3.0	3.0
Bacteria;Bacillati;Bacillota;Clostridia;Lachnospirales;Lachnospiraceae;Anaerocolumna;Anaerocolumna jejuensis	3.0	3.0
Bacteria;Pseudomonadati;Pseudomonadota;Alphaproteobacteria;Hyphomicrobiales;Rhizobiaceae;Agrobacterium;Agrobacterium fabrum	3.0	3.0
Bacteria;Pseudomonadati;Nitrospinota;Nitrospinia;Nitrospinales;Nitrospinaceae;Nitrospina;Nitrospina gracilis	3.0	3.0
Bacteria;Pseudomonadati;Myxococcota;Myxococcota_Incertae_sedis;Polyangiales;Polyangiaceae;Chondromyces;Chondromyces crocatus	3.0	3.0
Bacteria;Pseudomonadati;Campylobacterota;Epsilonproteobacteria;Campylobacterales;Arcobacteraceae;Arcobacter;Arcobacter defluvii	3.0	3.0
Bacteria;Bacillati;Bacillota;Clostridia;Lachnospirales;Lachnospiraceae;Anaerocolumna;Anaerocolumna cellulosilytica	3.0	3.0
Bacteria;Bacillati;Bacillota;Bacilli;Bacillales;Paenibacillaceae;Paenibacillus;Paenibacillus medicaginis	3.0	3.0
Bacteria;Bacillati;Bacillota;Clostridia;Lachnospirales;Lachnospiraceae;Blautia;Blautia intestinalis	3.0	3.0
Bacteria;Bacillati;Bacillota;Clostridia;Lachnospirales;Lachnospiraceae;Bilifractor;Bilifractor porci	3.0	3.0
Bacteria;Pseudomonadati;Pseudomonadota;Betaproteobacteria;Burkholderiales;Oxalobacteraceae;Oxalobacter;Oxalobacter vibrioformis	3.0	3.0
Bacteria;Bacillati;Bacillota;Tissierellia;Tissierellales;Tissierellaceae;Urmitella;Urmitella timonensis	3.0	3.0
Bacteria;Bacillati;Bacillota;Tissierellia;Tissierellia_Incertae_sedis;Tissierellia_Incertae_sedis;Sedimentibacter;Sedimentibacter hongkongensis	3.0	3.0
Bacteria;Bacillati;Bacillota;Clostridia;Lachnospirales;Lachnospiraceae;Blautia;Blautia wexlerae	3.0	3.0
Bacteria;Bacillati;Bacillota;Clostridia;Lachnospirales;Lachnospiraceae;Butyrivibrio;Butyrivibrio hungatei	3.0	3.0
Bacteria;Bacillati;Bacillota;Bacilli;Bacillales;Paenibacillaceae;Paenibacillus;Paenibacillus lactis	3.0	3.0
Bacteria;Bacillati;Bacillota;Clostridia;Eubacteriales;Oscillospiraceae;Oscillospiraceae_Incertae_sedis;[Eubacterium] siraeum	3.0	3.0
Bacteria;Pseudomonadati;Pseudomonadota;Betaproteobacteria;Burkholderiales;Comamonadaceae;Ottowia;Ottowia beijingensis	3.0	3.0
Bacteria;Pseudomonadati;Pseudomonadota;Betaproteobacteria;Burkholderiales;Comamonadaceae;Limnohabitans;Limnohabitans australis	3.0	3.0
Bacteria;Bacillati;Bacillota;Bacilli;Bacillales;Bacillaceae;Bacillus;Bacillus borbori	3.0	3.0
Bacteria;Bacillati;Bacillota;Bacilli;Bacillales;Alicyclobacillaceae;Tumebacillus;Tumebacillus flagellatus	3.0	3.0
Bacteria;Bacillati;Bacillota;Clostridia;Eubacteriales;Eubacteriales_Incertae_sedis;Proteiniborus;Proteiniborus ethanoligenes	3.0	3.0
Bacteria;Pseudomonadati;Pseudomonadota;Betaproteobacteria;Burkholderiales;Alcaligenaceae;Advenella;Advenella kashmirensis	3.0	3.0
Bacteria;Bacillati;Bacillota;Bacilli;Bacillales;Paenibacillaceae;Brevibacillus;Brevibacillus brevis	3.0	3.0
Bacteria;Bacillati;Actinomycetota;Coriobacteriia;Eggerthellales;Eggerthellaceae;Gordonibacter;Gordonibacter urolithinfaciens	3.0	3.0
Bacteria;Bacillati;Actinomycetota;Coriobacteriia;Eggerthellales;Eggerthellaceae;Adlercreutzia;Adlercreutzia equolifaciens	3.0	3.0
Bacteria;Bacillati;Actinomycetota;Coriobacteriia;Coriobacteriales;Atopobiaceae;Thermophilibacter;Thermophilibacter gallinarum	3.0	3.0
Bacteria;Bacillati;Actinomycetota;Coriobacteriia;Coriobacteriales;Atopobiaceae;Thermophilibacter;Thermophilibacter mediterraneus	3.0	3.0
Bacteria;Pseudomonadati;Bacteroidota;Bacteroidia;Bacteroidales;Porphyromonadaceae;Massilibacteroides;Massilibacteroides vaginae	3.0	3.0
Bacteria;Bacillati;Bacillota;Clostridia;Eubacteriales;Clostridiaceae;Proteiniclasticum;Proteiniclasticum sediminis	3.0	3.0
Bacteria;Pseudomonadati;Pseudomonadota;Betaproteobacteria;Burkholderiales;Alcaligenaceae;Orrella;Orrella dioscoreae	3.0	3.0
Bacteria;Bacillati;Bacillota;Clostridia;Eubacteriales;Clostridiaceae;Clostridium;Clostridium guangxiense	3.0	3.0
Bacteria;Bacillati;Bacillota;Clostridia;Eubacteriales;Clostridiaceae;Clostridium;Clostridium haemolyticum	3.0	3.0
Bacteria;Bacillati;Bacillota;Bacilli;Bacillales;Caryophanaceae;Solibacillus;Solibacillus silvestris	3.0	3.0
Bacteria;Pseudomonadati;Pseudomonadota;Betaproteobacteria;Nitrosomonadales;Methylophilaceae;Methyloradius;Methyloradius palustris	3.0	3.0
Bacteria;Pseudomonadati;Pseudomonadota;Betaproteobacteria;Nitrosomonadales;Methylophilaceae;Methylovorus;Methylovorus glucosotrophus	3.0	3.0
Bacteria;Bacillati;Bacillota;Clostridia;Eubacteriales;Bianqueaceae;Bianquea;Bianquea renquensis	3.0	3.0
Bacteria;Bacillati;Bacillota;Clostridia;Eubacteriales;Butyricicoccaceae;Butyricicoccus;Butyricicoccus porcorum	3.0	3.0
Bacteria;Bacillati;Bacillota;Clostridia;Eubacteriales;Syntrophomonadaceae;Syntrophomonas;Syntrophomonas erecta	3.0	3.0
Bacteria;Pseudomonadati;Pseudomonadota;Betaproteobacteria;Nitrosomonadales;Sterolibacteriaceae;Sulfurisoma;Sulfurisoma sediminicola	3.0	3.0
Bacteria;Pseudomonadati;Pseudomonadota;Betaproteobacteria;Burkholderiales;Comamonadaceae;Paenacidovorax;Paenacidovorax monticola	3.0	3.0
Bacteria;Bacillati;Actinomycetota;Coriobacteriia;Coriobacteriales;Atopobiaceae;Olsenella;Olsenella profusa	3.0	3.0
Bacteria;Bacillati;Bacillota;Clostridia;Lachnospirales;Lachnospiraceae;Agathobacter;Agathobacter rectalis	3.0	3.0
Bacteria;Pseudomonadati;Pseudomonadota;Betaproteobacteria;Burkholderiales;Sphaerotilaceae;Ideonella;Ideonella dechloratans	3.0	3.0
Bacteria;Pseudomonadati;Pseudomonadota;Betaproteobacteria;Burkholderiales;Comamonadaceae;Serpentinimonas;Serpentinimonas barnesii	3.0	3.0
Bacteria;Pseudomonadati;Pseudomonadota;Betaproteobacteria;Burkholderiales;Comamonadaceae;Ottowia;Ottowia shaoguanensis	3.0	3.0
Bacteria;Pseudomonadati;Pseudomonadota;Betaproteobacteria;Burkholderiales;Comamonadaceae;Ottowia;Ottowia thiooxydans	3.0	3.0
Bacteria;Pseudomonadati;Bacteroidota;Bacteroidia;Bacteroidales;Rikenellaceae;Alistipes;Alistipes shahii	3.0	3.0
Bacteria;Bacillati;Bacillota;Clostridia;Eubacteriales;Oscillospiraceae;Faecalispora;Faecalispora jeddahensis	3.0	3.0
Bacteria;Bacillati;Bacillota;Clostridia;Eubacteriales;Peptococcaceae;Desulfofundulus;Desulfofundulus salinus	3.0	3.0
Bacteria;Pseudomonadati;Bacteroidota;Bacteroidia;Marinilabiliales;Prolixibacteraceae;Maribellus;Maribellus luteus	3.0	3.0
Bacteria;Bacillati;Bacillota;Clostridia;Eubacteriales;Clostridiaceae;Clostridium;Clostridium thermobutyricum	3.0	3.0
Bacteria;Bacillati;Bacillota;Clostridia;Eubacteriales;Clostridiaceae;Clostridium;Clostridium sporogenes	3.0	3.0
Bacteria;Pseudomonadati;Pseudomonadota;Alphaproteobacteria;Sphingomonadales;Sphingomonadaceae;Sphingobium;Sphingobium amiense	3.0	3.0
Bacteria;Pseudomonadati;Bdellovibrionota;Bacteriovoracia;Bacteriovoracales;Bacteriovoracaceae;Bacteriovorax;Bacteriovorax stolpii	3.0	3.0
Bacteria;Pseudomonadati;Pseudomonadota;Gammaproteobacteria;Pseudomonadales;Pseudomonadaceae;Pseudomonas;Pseudomonas pratensis	3.0	3.0
Bacteria;Bacillati;Actinomycetota;Actinomycetes;Micrococcales;Micrococcaceae;Micrococcoides;Micrococcoides hystricis	3.0	3.0
Bacteria;Bacillati;Actinomycetota;Actinomycetes;Micrococcales;Microbacteriaceae;Protaetiibacter;Protaetiibacter intestinalis	3.0	3.0
Bacteria;Bacillati;Bacillota;Clostridia;Peptostreptococcales;Filifactoraceae;Filifactor;Filifactor villosus	3.0	3.0
Bacteria;Bacillati;Bacillota;Clostridia;Peptostreptococcales;Anaerovoracaceae;Aminipila;Aminipila luticellarii	3.0	3.0
Bacteria;Bacillati;Actinomycetota;Actinomycetes;Kitasatosporales;Streptomycetaceae;Streptomyces;Streptomyces goshikiensis	3.0	3.0
Bacteria;Bacillati;Bacillota;Clostridia;Eubacteriales;Clostridiaceae;Desnuesiella;Desnuesiella massiliensis	3.0	3.0
Bacteria;Bacillati;Bacillota;Clostridia;Eubacteriales;Clostridiaceae;Fervidicella;Fervidicella metallireducens	3.0	3.0
Bacteria;Bacillati;Bacillota;Clostridia;Peptostreptococcales;Thermotaleaceae;Anaerosolibacter;Anaerosolibacter carboniphilus	3.0	3.0
Bacteria;Bacillati;Bacillota;Clostridia;Peptostreptococcales;Peptoclostridiaceae;Peptoclostridium;Peptoclostridium litorale	3.0	3.0
Bacteria;Pseudomonadati;Spirochaetota;Spirochaetia;Spirochaetales;Treponemataceae;Treponema;Treponema brennaborense	3.0	3.0
Bacteria;Pseudomonadati;Thermodesulfobacteriota;Desulfobacteria;Desulfobacterales;Desulfosarcinaceae;Desulfosarcina;Desulfosarcina alkanivorans	3.0	3.0
Bacteria;Pseudomonadati;Pseudomonadota;Gammaproteobacteria;Pseudomonadales;Pseudomonadaceae;Pseudomonas;Pseudomonas meliae	3.0	3.0
Bacteria;Pseudomonadati;Pseudomonadota;Gammaproteobacteria;Moraxellales;Moraxellaceae;Acinetobacter;Acinetobacter soli	3.0	3.0
Bacteria;Pseudomonadati;Pseudomonadota;Gammaproteobacteria;Moraxellales;Moraxellaceae;Acinetobacter;Acinetobacter lwoffii	3.0	3.0
Bacteria;Bacillati;Bacillota;Clostridia;Moorellales;Zhaonellaceae;Zhaonella;Zhaonella formicivorans	3.0	3.0
Bacteria;Bacillati;Bacillota;Bacilli;Lactobacillales;Aerococcaceae;Hutsoniella;Hutsoniella sourekii	3.0	3.0
Bacteria;Bacillati;Bacillota;Bacilli;Lactobacillales;Aerococcaceae;Facklamia;Facklamia lactis	3.0	3.0
Bacteria;Pseudomonadati;Thermodesulfobacteriota;Desulfuromonadia;Desulfuromonadales;Syntrophotaleaceae;Syntrophotalea;Syntrophotalea acetylenica	3.0	3.0
Bacteria;Pseudomonadati;Thermodesulfobacteriota;Desulfovibrionia;Desulfovibrionales;Desulfovibrionaceae;Desulfovibrio;Desulfovibrio desulfuricans	3.0	3.0
Bacteria;Thermotogati;Synergistota;Synergistia;Synergistales;Synergistaceae;Pacaella;Pacaella massiliensis	2.0	2.0
Bacteria;Pseudomonadati;Thermodesulfobacteriota;Desulfuromonadia;Geobacterales;Geobacteraceae;Geomonas;Geomonas limicola	2.0	2.0
Bacteria;Pseudomonadati;Thermodesulfobacteriota;Desulfuromonadia;Geobacterales;Geobacteraceae;Citrifermentans;Citrifermentans bemidjiense	2.0	2.0
Bacteria;Pseudomonadati;Thermodesulfobacteriota;Desulfuromonadia;Desulfuromonadales;Desulfuromonadaceae;Desulfuromonas;Desulfuromonas carbonis	2.0	2.0
Bacteria;Bacillati;Actinomycetota;Actinomycetes;Micrococcales;Dermatophilaceae;Mobilicoccus;Mobilicoccus pelagius	2.0	2.0
Bacteria;Bacillati;Actinomycetota;Actinomycetes;Micrococcales;Microbacteriaceae;Cryobacterium;Cryobacterium tepidiphilum	2.0	2.0
Bacteria;Bacillati;Actinomycetota;Actinomycetes;Micrococcales;Dermatophilaceae;Kineosphaera;Kineosphaera limosa	2.0	2.0
Bacteria;Bacillati;Actinomycetota;Actinomycetes;Micrococcales;Bogoriellaceae;Georgenia;Georgenia sediminis	2.0	2.0
Bacteria;Bacillati;Actinomycetota;Actinomycetes;Kitasatosporales;Streptomycetaceae;Yinghuangia;Yinghuangia seranimata	2.0	2.0
Bacteria;Pseudomonadati;Pseudomonadota;Alphaproteobacteria;Hyphomicrobiales;Phyllobacteriaceae;Nitratireductor;Nitratireductor aestuarii	2.0	2.0
Bacteria;Pseudomonadati;Pseudomonadota;Alphaproteobacteria;Hyphomicrobiales;Methylobacteriaceae;Microvirga;Microvirga subterranea	2.0	2.0
Bacteria;Bacillati;Bacillota;Bacilli;Lactobacillales;Aerococcaceae;Facklamia;Facklamia hominis	2.0	2.0
Bacteria;Pseudomonadati;Pseudomonadota;Gammaproteobacteria;Moraxellales;Moraxellaceae;Acinetobacter;Acinetobacter schindleri	2.0	2.0
Bacteria;Pseudomonadati;Pseudomonadota;Gammaproteobacteria;Moraxellales;Moraxellaceae;Acinetobacter;Acinetobacter sichuanensis	2.0	2.0
Bacteria;Pseudomonadati;Pseudomonadota;Gammaproteobacteria;Moraxellales;Moraxellaceae;Acinetobacter;Acinetobacter kookii	2.0	2.0
Bacteria;Pseudomonadati;Pseudomonadota;Gammaproteobacteria;Moraxellales;Moraxellaceae;Acinetobacter;Acinetobacter guillouiae	2.0	2.0
Bacteria;Bacillati;Bacillota;Clostridia;Lachnospirales;Vallitaleaceae;Vallitalea;Vallitalea okinawensis	2.0	2.0
Bacteria;Bacillati;Bacillota;Clostridia;Peptostreptococcales;Thermotaleaceae;Thermotalea;Thermotalea metallivorans	2.0	2.0
Bacteria;Bacillati;Bacillota;Clostridia;Peptostreptococcales;Peptostreptococcaceae;Peptacetobacter;Peptacetobacter hiranonis	2.0	2.0
Bacteria;Pseudomonadati;Thermodesulfobacteriota;Desulfovibrionia;Desulfovibrionales;Desulfomicrobiaceae;Desulfomicrobium;Desulfomicrobium hypogeium	2.0	2.0
Bacteria;Bacillati;Actinomycetota;Actinomycetes;Kitasatosporales;Streptomycetaceae;Streptomyces;Streptomyces ginkgonis	2.0	2.0
Bacteria;Bacillati;Bacillota;Bacilli;Bacillales;Paenibacillaceae;Brevibacillus;Brevibacillus composti	2.0	2.0
Bacteria;Bacillati;Bacillota;Bacilli;Bacillales;Paenibacillaceae;Brevibacillus;Brevibacillus thermoruber	2.0	2.0
Bacteria;Bacillati;Bacillota;Bacilli;Bacillales;Paenibacillaceae;Fontibacillus;Fontibacillus pullulanilyticus	2.0	2.0
Bacteria;Bacillati;Bacillota;Clostridia;Eubacteriales;Clostridiaceae;Haloimpatiens;Haloimpatiens massiliensis	2.0	2.0
Bacteria;Bacillati;Bacillota;Clostridia;Eubacteriales;Clostridiaceae;Clostridium;Clostridium uliginosum	2.0	2.0
Bacteria;Bacillati;Bacillota;Clostridia;Eubacteriales;Desulfitobacteriaceae;Desulfosporosinus;Desulfosporosinus nitroreducens	2.0	2.0
Bacteria;Bacillati;Bacillota;Clostridia;Eubacteriales;Desulfitobacteriaceae;Desulfosporosinus;Desulfosporosinus orientis	2.0	2.0
Bacteria;Bacillati;Bacillota;Clostridia;Peptostreptococcales;Filifactoraceae;Acetoanaerobium;Acetoanaerobium sticklandii	2.0	2.0
Bacteria;Bacillati;Bacillota;Clostridia;Peptostreptococcales;Filifactoraceae;Proteocatella;Proteocatella sphenisci	2.0	2.0
Bacteria;Bacillati;Bacillota;Clostridia;Peptostreptococcales;Natronincolaceae;Alkaliphilus;Alkaliphilus metalliredigens	2.0	2.0
Bacteria;Bacillati;Actinomycetota;Actinomycetes;Micrococcales;Microbacteriaceae;Gulosibacter;Gulosibacter molinativorax	2.0	2.0
Bacteria;Bacillati;Actinomycetota;Actinomycetes;Micrococcales;Microbacteriaceae;Leifsonia;Leifsonia kafniensis	2.0	2.0
Bacteria;Bacillati;Actinomycetota;Actinomycetes;Micrococcales;Ornithinimicrobiaceae;Ornithinimicrobium;Ornithinimicrobium pratense	2.0	2.0
Bacteria;Bacillati;Actinomycetota;Actinomycetes;Micrococcales;Micrococcaceae;Kocuria;Kocuria tytonicola	2.0	2.0
Bacteria;Bacillati;Actinomycetota;Actinomycetes;Micrococcales;Micrococcaceae;Arthrobacter;Arthrobacter terrae	2.0	2.0
Bacteria;Bacillati;Actinomycetota;Actinomycetes;Micrococcales;Micrococcaceae;Citricoccus;Citricoccus nitrophenolicus	2.0	2.0
Bacteria;Pseudomonadati;Pseudomonadota;Gammaproteobacteria;Pseudomonadales;Pseudomonadaceae;Pseudomonas;Pseudomonas nicosulfuronedens	2.0	2.0
Bacteria;Pseudomonadati;Pseudomonadota;Gammaproteobacteria;Pseudomonadales;Pseudomonadaceae;Pseudomonas;Pseudomonas palmensis	2.0	2.0
Bacteria;Pseudomonadati;Pseudomonadota;Gammaproteobacteria;Pseudomonadales;Pseudomonadaceae;Halopseudomonas;Halopseudomonas formosensis	2.0	2.0
Bacteria;Thermotogati;Deinococcota;Deinococci;Trueperales;Trueperaceae;Truepera;Truepera radiovictrix	2.0	2.0
Bacteria;Pseudomonadati;Thermodesulfobacteriota;Syntrophobacteria;Syntrophobacterales;Syntrophobacteraceae;Syntrophobacterium;Syntrophobacterium sulfatireducens	2.0	2.0
Bacteria;Pseudomonadati;Verrucomicrobiota;Spartobacteria;Chthoniobacterales;Chthoniobacteraceae;Chthoniobacter;Chthoniobacter flavus	2.0	2.0
Bacteria;Pseudomonadati;Pseudomonadota;Alphaproteobacteria;Hyphomicrobiales;Hyphomicrobiaceae;Hyphomicrobium;Hyphomicrobium denitrificans	2.0	2.0
Bacteria;Pseudomonadati;Pseudomonadota;Alphaproteobacteria;Sphingomonadales;Erythrobacteraceae;Caenibius;Caenibius tardaugens	2.0	2.0
Bacteria;Pseudomonadati;Pseudomonadota;Alphaproteobacteria;Rhodospirillales;Zavarziniaceae;Zavarzinia;Zavarzinia compransoris	2.0	2.0
Bacteria;Pseudomonadati;Campylobacterota;Epsilonproteobacteria;Campylobacterales;Arcobacteraceae;Aliarcobacter;Aliarcobacter lanthieri	2.0	2.0
Bacteria;Pseudomonadati;Bacteroidota;Bacteroidia;Marinilabiliales;Prolixibacteraceae;Mariniphaga;Mariniphaga sediminis	2.0	2.0
Bacteria;Pseudomonadati;Bacteroidota;Bacteroidia;Marinilabiliales;Prolixibacteraceae;Prolixibacter;Prolixibacter denitrificans	2.0	2.0
Bacteria;Pseudomonadati;Bacteroidota;Bacteroidia;Marinilabiliales;Prolixibacteraceae;Aquipluma;Aquipluma nitroreducens	2.0	2.0
Bacteria;Bacillati;Bacillota;Clostridia;Eubacteriales;Clostridiaceae;Clostridium;Clostridium thiosulfatireducens	2.0	2.0
Bacteria;Bacillati;Bacillota;Clostridia;Eubacteriales;Clostridiaceae;Clostridium;Clostridium tepidum	2.0	2.0
Bacteria;Bacillati;Bacillota;Clostridia;Eubacteriales;Clostridiaceae;Clostridium;Clostridium peptidivorans	2.0	2.0
Bacteria;Bacillati;Bacillota;Clostridia;Eubacteriales;Clostridiaceae;Clostridium;Clostridium perfringens	2.0	2.0
Bacteria;Pseudomonadati;Bacteroidota;Bacteroidia;Bacteroidales;Tannerellaceae;Parabacteroides;Parabacteroides distasonis	2.0	2.0
Bacteria;Pseudomonadati;Bacteroidota;Bacteroidia;Bacteroidales;Tannerellaceae;Parabacteroides;Parabacteroides gordonii	2.0	2.0
Bacteria;Pseudomonadati;Bacteroidota;Bacteroidia;Bacteroidales;Rikenellaceae;Alistipes;Alistipes senegalensis	2.0	2.0
Bacteria;Pseudomonadati;Pseudomonadota;Betaproteobacteria;Burkholderiales;Comamonadaceae;Delftia;Delftia lacustris	2.0	2.0
Bacteria;Pseudomonadati;Pseudomonadota;Betaproteobacteria;Burkholderiales;Comamonadaceae;Diaphorobacter;Diaphorobacter oryzae	2.0	2.0
Bacteria;Bacillati;Bacillota;Clostridia;Eubacteriales;Peptococcaceae;Desulfofundulus;Desulfofundulus solfataricus	2.0	2.0
Bacteria;Bacillati;Bacillota;Clostridia;Eubacteriales;Peptococcaceae;Desulfofundulus;Desulfofundulus thermocisternus	2.0	2.0
Bacteria;Bacillati;Bacillota;Clostridia;Eubacteriales;Peptococcaceae;Desulfohalotomaculum;Desulfohalotomaculum halophilum	2.0	2.0
Bacteria;Bacillati;Bacillota;Clostridia;Eubacteriales;Peptococcaceae;Desulforadius;Desulforadius tongensis	2.0	2.0
Bacteria;Bacillati;Bacillota;Clostridia;Eubacteriales;Oscillospiraceae;Subdoligranulum;Subdoligranulum variabile	2.0	2.0
Bacteria;Bacillati;Actinomycetota;Coriobacteriia;Coriobacteriales;Atopobiaceae;Lancefieldella;Lancefieldella parvula	2.0	2.0
Bacteria;Bacillati;Actinomycetota;Actinomycetes;Propionibacteriales;Propionibacteriaceae;Propioniciclava;Propioniciclava soli	2.0	2.0
Bacteria;Bacillati;Actinomycetota;Actinomycetes;Propionibacteriales;Propionibacteriaceae;Raineyella;Raineyella antarctica	2.0	2.0
Bacteria;Bacillati;Actinomycetota;Actinomycetes;Propionibacteriales;Propionibacteriaceae;Tessaracoccus;Tessaracoccus antarcticus	2.0	2.0
Bacteria;Bacillati;Actinomycetota;Actinomycetes;Propionibacteriales;Propionibacteriaceae;Microlunatus;Microlunatus phosphovorus	2.0	2.0
Bacteria;Bacillati;Bacillota;Clostridia;Lachnospirales;Lachnospiraceae;Agathobacter;Agathobacter ruminis	2.0	2.0
Bacteria;Bacillati;Bacillota;Clostridia;Eubacteriales;Peptococcaceae;Phosphitispora;Phosphitispora fastidiosa	2.0	2.0
Bacteria;Pseudomonadati;Pseudomonadota;Betaproteobacteria;Rhodocyclales;Rhodocyclaceae;Aromatoleum;Aromatoleum diolicum	2.0	2.0
Bacteria;Pseudomonadati;Pseudomonadota;Betaproteobacteria;Nitrosomonadales;Sterolibacteriaceae;Sulfuritalea;Sulfuritalea hydrogenivorans	2.0	2.0
Bacteria;Pseudomonadati;Pseudomonadota;Betaproteobacteria;Rhodocyclales;Azonexaceae;Azonexus;Azonexus fungiphilus	2.0	2.0
Bacteria;Pseudomonadati;Pseudomonadota;Betaproteobacteria;Nitrosomonadales;Methylophilaceae;Methylobacillus;Methylobacillus glycogenes	2.0	2.0
Bacteria;Pseudomonadati;Pseudomonadota;Betaproteobacteria;Burkholderiales;Sphaerotilaceae;Roseateles;Roseateles chitinivorans	2.0	2.0
Bacteria;Bacillati;Actinomycetota;Actinomycetes;Propionibacteriales;Propionibacteriaceae;Cutibacterium;Cutibacterium modestum	2.0	2.0
Bacteria;Bacillati;Bacillota;Clostridia;Eubacteriales;Clostridiaceae;Clostridium;Clostridium aestuarii	2.0	2.0
Bacteria;Bacillati;Bacillota;Clostridia;Eubacteriales;Butyricicoccaceae;Butyricicoccus;Butyricicoccus faecihominis	2.0	2.0
Bacteria;Bacillati;Bacillota;Clostridia;Eubacteriales;Clostridiaceae;Clostridium;Clostridium moniliforme	2.0	2.0
Bacteria;Bacillati;Bacillota;Clostridia;Eubacteriales;Clostridiaceae;Clostridium;Clostridium malenominatum	2.0	2.0
Bacteria;Bacillati;Bacillota;Bacilli;Bacillales;Paenibacillaceae;Brevibacillus;Brevibacillus borstelensis	2.0	2.0
Bacteria;Bacillati;Bacillota;Bacilli;Bacillales;Caryophanaceae;Rummeliibacillus;Rummeliibacillus pycnus	2.0	2.0
Bacteria;Bacillati;Bacillota;Bacilli;Bacillales;Bacillales_Incertae_sedis;Exiguobacterium;Exiguobacterium acetylicum	2.0	2.0
Bacteria;Bacillati;Bacillota;Clostridia;Eubacteriales;Clostridiaceae;Youngiibacter;Youngiibacter multivorans	2.0	2.0
Bacteria;Bacillati;Bacillota;Clostridia;Eubacteriales;Clostridiales Family XVII. Incertae Sedis;Thermaerobacter;Thermaerobacter marianensis	2.0	2.0
Bacteria;Pseudomonadati;Pseudomonadota;Betaproteobacteria;Burkholderiales;Burkholderiales_Incertae_sedis;Tepidimonas;Tepidimonas arfidensis	2.0	2.0
Bacteria;Pseudomonadati;Pseudomonadota;Betaproteobacteria;Burkholderiales;Alcaligenaceae;Castellaniella;Castellaniella defragrans	2.0	2.0
Bacteria;Pseudomonadati;Pseudomonadota;Betaproteobacteria;Burkholderiales;Alcaligenaceae;Achromobacter;Achromobacter pulmonis	2.0	2.0
Bacteria;Bacillati;Actinomycetota;Coriobacteriia;Coriobacteriales;Coriobacteriaceae;Olegusella;Olegusella massiliensis	2.0	2.0
Bacteria;Bacillati;Bacillota;Bacilli;Bacillales;Bacillaceae;Bacillus;Bacillus cereus	2.0	2.0
Bacteria;Bacillati;Bacillota;Bacilli;Bacillales;Bacillaceae;Bacillus;Bacillus halotolerans	2.0	2.0
Bacteria;Bacillati;Bacillota;Bacilli;Bacillales;Bacillaceae;Alkalicoccobacillus;Alkalicoccobacillus murimartini	2.0	2.0
Bacteria;Bacillati;Bacillota;Bacilli;Bacillales;Bacillaceae;Bacillus;Bacillus australimaris	2.0	2.0
Bacteria;Bacillati;Bacillota;Bacilli;Bacillales;Alicyclobacillaceae;Tumebacillus;Tumebacillus ginsengisoli	2.0	2.0
Bacteria;Bacillati;Bacillota;Clostridia;Eubacteriales;Oscillospiraceae;Pusillibacter;Pusillibacter faecalis	2.0	2.0
Bacteria;Pseudomonadati;Pseudomonadota;Betaproteobacteria;Burkholderiales;Comamonadaceae;Hydrogenophaga;Hydrogenophaga soli	2.0	2.0
Bacteria;Bacillati;Bacillota;Bacilli;Bacillales;Paenibacillaceae;Paenibacillus;Paenibacillus helianthi	2.0	2.0
Bacteria;Bacillati;Bacillota;Bacilli;Bacillales;Paenibacillaceae;Paenibacillus;Paenibacillus chungangensis	2.0	2.0
Bacteria;Bacillati;Bacillota;Bacilli;Bacillales;Paenibacillaceae;Paenibacillus;Paenibacillus apiarius	2.0	2.0
Bacteria;Pseudomonadati;Pseudomonadota;Alphaproteobacteria;Sphingomonadales;Sphingomonadaceae;Sphingobium;Sphingobium limneticum	2.0	2.0
Bacteria;Bacillati;Bacillota;Bacilli;Bacillales;Caryophanaceae;Bhargavaea;Bhargavaea ginsengi	2.0	2.0
Bacteria;Bacillati;Bacillota;Bacilli;Bacillales;Caryophanaceae;Bhargavaea;Bhargavaea massiliensis	2.0	2.0
Bacteria;Bacillati;Bacillota;Bacilli;Bacillales;Paenibacillaceae;Paenibacillus;Paenibacillus hispanicus	2.0	2.0
Bacteria;Bacillati;Bacillota;Bacilli;Bacillales;Paenibacillaceae;Paenibacillus;Paenibacillus macerans	2.0	2.0
Bacteria;Bacillati;Bacillota;Bacilli;Bacillales;Paenibacillaceae;Paenibacillus;Paenibacillus faecalis	2.0	2.0
Bacteria;Bacillati;Actinomycetota;Actinomycetes;Propionibacteriales;Nocardioidaceae;Propionicicella;Propionicicella superfundia	2.0	2.0
Bacteria;Bacillati;Actinomycetota;Actinomycetes;Propionibacteriales;Propionibacteriaceae;Aestuariimicrobium;Aestuariimicrobium ganziense	2.0	2.0
Bacteria;Bacillati;Actinomycetota;Actinomycetes;Propionibacteriales;Nocardioidaceae;Aeromicrobium;Aeromicrobium phoceense	2.0	2.0
Bacteria;Bacillati;Mycoplasmatota;Mollicutes;Acholeplasmatales;Acholeplasmataceae;Paracholeplasma;Paracholeplasma vituli	2.0	2.0
Bacteria;Bacillati;Bacillota;Tissierellia;Tissierellales;Tissierellaceae;Tissierella;Tissierella praeacuta	2.0	2.0
Bacteria;Bacillati;Bacillota;Clostridia;Lachnospirales;Lachnospiraceae;Coprococcus;Coprococcus comes	2.0	2.0
Bacteria;Bacillati;Bacillota;Clostridia;Lachnospirales;Lachnospiraceae;Blautia;Blautia glucerasea	2.0	2.0
Bacteria;Bacillati;Bacillota;Clostridia;Lachnospirales;Lachnospiraceae;Blautia;Blautia producta	2.0	2.0
Bacteria;Bacillati;Bacillota;Clostridia;Lachnospirales;Lachnospiraceae;Anaerosacchariphilus;Anaerosacchariphilus polymeriproducens	2.0	2.0
Bacteria;Bacillati;Bacillota;Clostridia;Lachnospirales;Lachnospiraceae;Blautia;Blautia brookingsii	2.0	2.0
Bacteria;Bacillati;Bacillota;Clostridia;Lachnospirales;Lachnospiraceae;Anaerocolumna;Anaerocolumna aminovalerica	2.0	2.0
Bacteria;Bacillati;Bacillota;Bacilli;Bacillales;Paenibacillaceae;Paenibacillus;Paenibacillus silvae	2.0	2.0
Bacteria;Bacillati;Bacillota;Bacilli;Bacillales;Paenibacillaceae;Paenibacillus;Paenibacillus pueri	2.0	2.0
Bacteria;Bacillati;Bacillota;Bacilli;Bacillales;Paenibacillaceae;Paenibacillus;Paenibacillus massiliensis	2.0	2.0
Bacteria;Bacillati;Bacillota;Bacilli;Bacillales;Paenibacillaceae;Paenibacillus;Paenibacillus nicotianae	2.0	2.0
Bacteria;Pseudomonadati;Pseudomonadota;Alphaproteobacteria;Hyphomicrobiales;Rhizobiaceae;Liberibacter;Liberibacter crescens	2.0	2.0
Bacteria;Pseudomonadati;Pseudomonadota;Alphaproteobacteria;Hyphomicrobiales;Rhizobiaceae;Peteryoungia;Peteryoungia ipomoeae	2.0	2.0
Bacteria;Pseudomonadati;Pseudomonadota;Alphaproteobacteria;Hyphomicrobiales;Rhizobiaceae;Rhizobium;Rhizobium aquaticum	2.0	2.0
Bacteria;Pseudomonadati;Pseudomonadota;Alphaproteobacteria;Hyphomicrobiales;Rhizobiaceae;Agrobacterium;Agrobacterium cavarae	2.0	2.0
Bacteria;Pseudomonadati;Campylobacterota;Epsilonproteobacteria;Campylobacterales;Sulfurospirillaceae;Sulfurospirillum;Sulfurospirillum halorespirans	2.0	2.0
Bacteria;Bacillati;Bacillota;Clostridia;Eubacteriales;Clostridiaceae;Clostridium;Clostridium chromiireducens	2.0	2.0
Bacteria;Bacillati;Bacillota;Clostridia;Eubacteriales;Clostridiaceae;Clostridium;Clostridium amazonense	2.0	2.0
Bacteria;Bacillati;Bacillota;Clostridia;Eubacteriales;Clostridiaceae;Clostridium;Clostridium baratii	2.0	2.0
Bacteria;Bacillati;Bacillota;Clostridia;Eubacteriales;Butyricicoccaceae;Intestinibacillus;Intestinibacillus massiliensis	2.0	2.0
Bacteria;Bacillati;Bacillota;Clostridia;Eubacteriales;Clostridiaceae;Anaerophilus;Anaerophilus nitritogenes	2.0	2.0
Bacteria;Bacillati;Bacillota;Clostridia;Lachnospirales;Lachnospiraceae;Lachnoclostridium;[Clostridium] scindens	2.0	2.0
Bacteria;Bacillati;Bacillota;Clostridia;Lachnospirales;Lachnospiraceae;Lacrimispora;Lacrimispora aerotolerans	2.0	2.0
Bacteria;Bacillati;Bacillota;Clostridia;Lachnospirales;Lachnospiraceae;Jutongia;Jutongia huaianensis	2.0	2.0
Bacteria;Pseudomonadati;Pseudomonadota;Gammaproteobacteria;Lysobacterales;Lysobacteraceae;Denitratimonas;Denitratimonas tolerans	2.0	2.0
Bacteria;Pseudomonadati;Pseudomonadota;Betaproteobacteria;Rhodocyclales;Zoogloeaceae;Zoogloea;Zoogloea ramigera	2.0	2.0
Bacteria;Pseudomonadati;Pseudomonadota;Betaproteobacteria;Rhodocyclales;Zoogloeaceae;Thauera;Thauera butanivorans	2.0	2.0
Bacteria;Pseudomonadati;Pseudomonadota;Betaproteobacteria;Rhodocyclales;Zoogloeaceae;Thauera;Thauera propionica	2.0	2.0
Bacteria;Bacillati;Actinomycetota;Actinomycetes;Mycobacteriales;Dietziaceae;Dietzia;Dietzia lutea	2.0	2.0
Bacteria;Bacillati;Actinomycetota;Actinomycetes;Mycobacteriales;Corynebacteriaceae;Corynebacterium;Corynebacterium variabile	2.0	2.0
Bacteria;Bacillati;Bacillota;Bacilli;Bacillales;Sporolactobacillaceae;Pullulanibacillus;Pullulanibacillus pueri	2.0	2.0
Bacteria;Bacillati;Bacillota;Bacilli;Bacillales;Staphylococcaceae;Macrococcoides;Macrococcoides caseolyticum	2.0	2.0
Bacteria;Pseudomonadati;Pseudomonadota;Alphaproteobacteria;Hyphomicrobiales;Hyphomicrobiales_Incertae_sedis;Pseudorhodoplanes;Pseudorhodoplanes sinuspersici	2.0	2.0
Bacteria;Bacillati;Bacillota;Bacilli;Bacillales;Bacillaceae;Niallia;Niallia circulans	2.0	2.0
Bacteria;Bacillati;Bacillota;Bacilli;Bacillales;Bacillaceae;Lysinibacillus;Lysinibacillus louembei	2.0	2.0
Bacteria;Bacillati;Bacillota;Bacilli;Bacillales;Bacillaceae;Evansella;Evansella tamaricis	2.0	2.0
Bacteria;Bacillati;Bacillota;Bacilli;Bacillales;Bacillaceae;Bacillus;Bacillus salipaludis	2.0	2.0
Bacteria;Bacillati;Bacillota;Bacilli;Bacillales;Bacillaceae;Bacillus;Bacillus sanguinis	2.0	2.0
Bacteria;Bacillati;Bacillota;Bacilli;Bacillales;Bacillaceae;Bacillus;Bacillus mojavensis	2.0	2.0
Bacteria;Bacillati;Bacillota;Bacilli;Bacillales;Bacillaceae;Bacillus;Bacillus ndiopicus	2.0	2.0
Bacteria;Bacillati;Bacillota;Bacilli;Bacillales;Bacillaceae;Bacillus;Bacillus pumilus	2.0	2.0
Bacteria;Pseudomonadati;Pseudomonadota;Betaproteobacteria;Burkholderiales;Comamonadaceae;Curvibacter;Curvibacter fontanus	2.0	2.0
Bacteria;Bacillati;Bacillota;Clostridia;Eubacteriales;Eubacteriales Family XIII. Incertae Sedis;Eubacteriales Family XIII. Incertae Sedis_Incertae_sedis;[Eubacterium] brachy	2.0	2.0
Bacteria;Bacillati;Bacillota;Clostridia;Eubacteriales;Eubacteriales Family XIII. Incertae Sedis;Eubacteriales Family XIII. Incertae Sedis_Incertae_sedis;[Eubacterium] infirmum	2.0	2.0
Bacteria;Bacillati;Bacillota;Clostridia;Eubacteriales;Eubacteriaceae;Eubacterium;[Eubacterium] cellulosolvens	2.0	2.0
Bacteria;Bacillati;Bacillota;Clostridia;Eubacteriales;Oscillospiraceae;Dysosmobacter;Dysosmobacter welbionis	2.0	2.0
Bacteria;Bacillati;Bacillota;Clostridia;Eubacteriales;Oscillospiraceae;Faecalibacterium;Faecalibacterium duncaniae	2.0	2.0
Bacteria;Bacillati;Actinomycetota;Thermoleophilia;Solirubrobacterales;Conexibacteraceae;Conexibacter;Conexibacter arvalis	2.0	2.0
Bacteria;Bacillati;Actinomycetota;Coriobacteriia;Eggerthellales;Eggerthellaceae;Ellagibacter;Ellagibacter isourolithinifaciens	2.0	2.0
Bacteria;Pseudomonadati;Bacteroidota;Bacteroidia;Bacteroidales;Rikenellaceae;Mucinivorans;Mucinivorans hirudinis	2.0	2.0
Bacteria;Pseudomonadati;Bacteroidota;Bacteroidia;Bacteroidales;Rikenellaceae;Tidjanibacter;Tidjanibacter massiliensis	2.0	2.0
Bacteria;Pseudomonadati;Bacteroidota;Bacteroidia;Bacteroidales;Rikenellaceae;Alistipes;Alistipes dispar	2.0	2.0
Bacteria;Pseudomonadati;Bacteroidota;Bacteroidia;Bacteroidales;Rikenellaceae;Alistipes;Alistipes onderdonkii	2.0	2.0
Bacteria;Pseudomonadati;Bacteroidota;Bacteroidia;Bacteroidales;Odoribacteraceae;Odoribacter;Odoribacter splanchnicus	2.0	2.0
Bacteria;Pseudomonadati;Pseudomonadota;Alphaproteobacteria;Hyphomicrobiales;Methylobacteriaceae;Methylobacterium;Methylobacterium aquaticum	2.0	2.0
Bacteria;Pseudomonadati;Pseudomonadota;Alphaproteobacteria;Hyphomicrobiales;Devosiaceae;Devosia;Devosia lucknowensis	2.0	2.0
Bacteria;Pseudomonadati;Pseudomonadota;Alphaproteobacteria;Hyphomicrobiales;Devosiaceae;Devosia;Devosia sediminis	2.0	2.0
Bacteria;Pseudomonadati;Pseudomonadota;Alphaproteobacteria;Hyphomicrobiales;Hyphomicrobiaceae;Hyphomicrobium;Hyphomicrobium album	2.0	2.0
Bacteria;Pseudomonadati;Myxococcota;Myxococcota_Incertae_sedis;Polyangiales;Polyangiaceae;Chondromyces;Chondromyces pediculatus	2.0	2.0
Bacteria;Pseudomonadati;Myxococcota;Myxococcota_Incertae_sedis;Polyangiales;Polyangiaceae;Racemicystis;Racemicystis crocea	2.0	2.0
Bacteria;Pseudomonadati;Myxococcota;Myxococcota_Incertae_sedis;Polyangiales;Polyangiaceae;Sorangium;Sorangium cellulosum	2.0	2.0
Bacteria;Pseudomonadati;Pseudomonadota;Alphaproteobacteria;Rhodospirillales;Azospirillaceae;Oleisolibacter;Oleisolibacter albus	2.0	2.0
Bacteria;Pseudomonadati;Pseudomonadota;Alphaproteobacteria;Rhodobacterales;Paracoccaceae;Paracoccus;Paracoccus contaminans	2.0	2.0
Bacteria;Pseudomonadati;Pseudomonadota;Alphaproteobacteria;Rhodobacterales;Paracoccaceae;Paracoccus;Paracoccus jeotgali	2.0	2.0
Bacteria;Pseudomonadati;Pseudomonadota;Alphaproteobacteria;Rhodobacterales;Paracoccaceae;Falsigemmobacter;Falsigemmobacter faecalis	2.0	2.0
Bacteria;Bacillati;Bacillota;Bacilli;Bacillales;Paenibacillaceae;Paenibacillus;Paenibacillus tengchongensis	2.0	2.0
Bacteria;Bacillati;Bacillota;Bacilli;Bacillales;Paenibacillaceae;Paenibacillus;Paenibacillus seodonensis	2.0	2.0
Bacteria;Bacillati;Bacillota;Clostridia;Lachnospirales;Lachnospiraceae;Frisingicoccus;Frisingicoccus caecimuris	2.0	2.0
Bacteria;Bacillati;Bacillota;Clostridia;Lachnospirales;Lachnospiraceae;Roseburia;Roseburia inulinivorans	2.0	2.0
Bacteria;Bacillati;Bacillota;Clostridia;Lachnospirales;Lachnospiraceae;Mediterraneibacter;Mediterraneibacter gnavus	2.0	2.0
Bacteria;Bacillati;Bacillota;Clostridia;Lachnospirales;Lachnospiraceae;Mobilisporobacter;Mobilisporobacter senegalensis	2.0	2.0
Bacteria;Pseudomonadati;Pseudomonadota;Gammaproteobacteria;Moraxellales;Moraxellaceae;Acinetobacter;Acinetobacter baumannii	2.0	2.0
Bacteria;Pseudomonadati;Pseudomonadota;Gammaproteobacteria;Moraxellales;Moraxellaceae;Acinetobacter;Acinetobacter bohemicus	2.0	2.0
Bacteria;Pseudomonadati;Pseudomonadota;Gammaproteobacteria;Methylococcales;Methylococcaceae;Methylomonas;Methylomonas koyamae	2.0	2.0
Bacteria;Pseudomonadati;Pseudomonadota;Gammaproteobacteria;Lysobacterales;Lysobacteraceae;Luteimonas;Luteimonas dalianensis	2.0	2.0
Bacteria;Bacillati;Actinomycetota;Actinomycetes;Mycobacteriales;Corynebacteriaceae;Corynebacterium;Corynebacterium silvaticum	2.0	2.0
Bacteria;Bacillati;Actinomycetota;Actinomycetes;Mycobacteriales;Corynebacteriaceae;Corynebacterium;Corynebacterium kalinowskii	2.0	2.0
Bacteria;Pseudomonadati;Spirochaetota;Spirochaetia;Spirochaetales;Spirochaetaceae;Sediminispirochaeta;Sediminispirochaeta bajacaliforniensis	2.0	2.0
Bacteria;Bacillati;Actinomycetota;Actinomycetes;Kitasatosporales;Streptomycetaceae;Streptomyces;Streptomyces thermospinosisporus	2.0	2.0
Bacteria;Bacillati;Actinomycetota;Actinomycetes;Kitasatosporales;Streptomycetaceae;Streptomyces;Streptomyces toxytricini	2.0	2.0
Bacteria;Bacillati;Actinomycetota;Actinomycetes;Actinomycetales;Actinomycetaceae;Actinomyces;Actinomyces minihominis	2.0	2.0
Bacteria;Bacillati;Actinomycetota;Actinomycetes;Actinomycetales;Actinomycetaceae;Bowdeniella;Bowdeniella nasicola	2.0	2.0
Bacteria;Bacillati;Actinomycetota;Actinomycetes;Actinomycetales;Actinomycetaceae;Flaviflexus;Flaviflexus equikiangi	2.0	2.0
Bacteria;Bacillati;Bacillota;Desulfitisporia;Desulfitisporales;Desulfitisporaceae;Desulfitispora;Desulfitispora elongata	2.0	2.0
Bacteria;Bacillati;Bacillota;Clostridia;Eubacteriales;Desulfitobacteriaceae;Desulfosporosinus;Desulfosporosinus acididurans	2.0	2.0
Bacteria;Bacillati;Bacillota;Clostridia;Eubacteriales;Desulfitobacteriaceae;Desulfosporosinus;Desulfosporosinus auripigmenti	2.0	2.0
Bacteria;Pseudomonadati;Bacteroidota;Bacteroidia;Bacteroidales;Bacteroidaceae;Bacteroides;Bacteroides graminisolvens	2.0	2.0
Bacteria;Pseudomonadati;Bacteroidota;Bacteroidia;Bacteroidales;Bacteroidaceae;Phocaeicola;Phocaeicola coprocola	2.0	2.0
Bacteria;Pseudomonadati;Bacteroidota;Bacteroidia;Bacteroidales;Bacteroidaceae;Phocaeicola;Phocaeicola massiliensis	2.0	2.0
Bacteria;Pseudomonadati;Acidobacteriota;Vicinamibacteria;Vicinamibacterales;Vicinamibacteraceae;Vicinamibacter;Vicinamibacter silvestris	2.0	2.0
Bacteria;Pseudomonadati;Bacteroidota;Bacteroidia;Bacteroidales;Bacteroidaceae;Bacteroides;Bacteroides caecimuris	2.0	2.0
Bacteria;Bacillati;Bacillota;Clostridia;Eubacteriales;Eubacteriales_Incertae_sedis;Eubacteriales_Incertae_sedis;[Bacteroides] pectinophilus	2.0	2.0
Bacteria;Pseudomonadati;Pseudomonadota;Betaproteobacteria;Burkholderiales;Comamonadaceae;Acidovorax;Acidovorax carolinensis	2.0	2.0
Bacteria;Pseudomonadati;Pseudomonadota;Betaproteobacteria;Burkholderiales;Comamonadaceae;Acidovorax;Acidovorax defluvii	2.0	2.0
Bacteria;Pseudomonadati;Pseudomonadota;Betaproteobacteria;Burkholderiales;Comamonadaceae;Acidovorax;Acidovorax radicis	2.0	2.0
Bacteria;Bacillati;Bacillota;Bacilli;Bacillales;Bacillaceae;Shouchella;Shouchella shacheensis	2.0	2.0
Bacteria;Bacillati;Bacillota;Bacilli;Bacillales;Bacillaceae;Peribacillus;Peribacillus tepidiphilus	2.0	2.0
Bacteria;Bacillati;Bacillota;Bacilli;Bacillales;Bacillaceae;Priestia;Priestia flexa	2.0	2.0
Bacteria;Bacillati;Bacillota;Bacilli;Bacillales;Bacillaceae;Shouchella;Shouchella clausii	2.0	2.0
Bacteria;Bacillati;Actinomycetota;Actinomycetes;Mycobacteriales;Corynebacteriaceae;Corynebacterium;Corynebacterium amycolatum	2.0	2.0
Bacteria;Bacillati;Bacillota;Tissierellia;Tissierellales;Peptoniphilaceae;Helcococcus;Helcococcus seattlensis	2.0	2.0
Bacteria;Bacillati;Bacillota;Tissierellia;Tissierellales;Peptoniphilaceae;Murdochiella;Murdochiella asaccharolytica	2.0	2.0
Bacteria;Bacillati;Bacillota;Negativicutes;Veillonellales;Veillonellaceae;Massilibacillus;Massilibacillus massiliensis	2.0	2.0
Bacteria;Bacillati;Bacillota;Negativicutes;Veillonellales;Veillonellaceae;Megasphaera;Megasphaera elsdenii	2.0	2.0
Bacteria;Pseudomonadati;Spirochaetota;Spirochaetia;Spirochaetales;Breznakiellaceae;Gracilinema;Gracilinema caldarium	2.0	2.0
Bacteria;Bacillati;Bacillota;Desulfitisporia;Desulfitisporales;Desulfitisporaceae;Desulfitispora;Desulfitispora alkaliphila	2.0	2.0
Bacteria;Bacillati;Bacillota;Negativicutes;Selenomonadales;Sporomusaceae;Pelorhabdus;Pelorhabdus rhamnosifermentans	2.0	2.0
Bacteria;Bacillati;Bacillota;Negativicutes;Selenomonadales;Sporomusaceae;Pelosinus;Pelosinus defluvii	2.0	2.0
Bacteria;Bacillati;Bacillota;Negativicutes;Selenomonadales;Sporomusaceae;Acetonema;Acetonema longum	2.0	2.0
Bacteria;Bacillati;Bacillota;Negativicutes;Selenomonadales;Selenomonadaceae;Megamonas;Megamonas funiformis	2.0	2.0
Bacteria;Bacillati;Bacillota;Negativicutes;Selenomonadales;Selenomonadaceae;Mitsuokella;Mitsuokella jalaludinii	2.0	2.0
Bacteria;Bacillati;Bacillota;Negativicutes;Selenomonadales;Selenomonadaceae;Pectinatus;Pectinatus frisingensis	2.0	2.0
Bacteria;Bacillati;Bacillota;Erysipelotrichia;Erysipelotrichales;Erysipelotrichaceae;Lactimicrobium;Lactimicrobium massiliense	2.0	2.0
Bacteria;Bacillati;Actinomycetota;Actinomycetes;Actinomycetales;Actinomycetaceae;Neoactinobaculum;Neoactinobaculum massilliense	2.0	2.0
Bacteria;Pseudomonadati;Pseudomonadota;Alphaproteobacteria;Caulobacterales;Caulobacteraceae;Pseudaquidulcibacter;Pseudaquidulcibacter saccharophilus	2.0	2.0
Bacteria;Bacillati;Actinomycetota;Actinomycetes;Micrococcales;Microbacteriaceae;Leucobacter;Leucobacter musarum	2.0	2.0
Bacteria;Pseudomonadati;Planctomycetota;Planctomycetia;Pirellulales;Thermoguttaceae;Thermogutta;Thermogutta terrifontis	2.0	2.0
Bacteria;Pseudomonadati;Planctomycetota;Planctomycetia;Pirellulales;Lacipirellulaceae;Botrimarina;Botrimarina hoheduenensis	2.0	2.0
Bacteria;Pseudomonadati;Planctomycetota;Planctomycetia;Pirellulales;Lacipirellulaceae;Botrimarina;Botrimarina mediterranea	2.0	2.0
Bacteria;Bacillati;Bacillota;Bacilli;Lactobacillales;Lactobacillaceae;Ligilactobacillus;Ligilactobacillus animalis	2.0	2.0
Bacteria;Bacillati;Bacillota;Bacilli;Lactobacillales;Lactobacillaceae;Lactiplantibacillus;Lactiplantibacillus pentosus	2.0	2.0
Bacteria;Bacillati;Bacillota;Bacilli;Lactobacillales;Enterococcaceae;Enterococcus;Enterococcus pseudoavium	2.0	2.0
Bacteria;Pseudomonadati;Pseudomonadota;Alphaproteobacteria;Hyphomicrobiales;Rhizobiaceae;Ciceribacter;Ciceribacter naphthalenivorans	2.0	2.0
Bacteria;Pseudomonadati;Pseudomonadota;Alphaproteobacteria;Hyphomicrobiales;Phyllobacteriaceae;Mesorhizobium;Mesorhizobium atlanticum	2.0	2.0
Archaea;Methanobacteriati;Methanobacteriota;Methanomicrobia;Methanomicrobiales;Methanocorpusculaceae;Methanocorpusculum;Methanocorpusculum parvum	1.0	1.0
Bacteria;Bacillati;Actinomycetota;Actinomycetes;Actinomycetales;Actinomycetaceae;Arcanobacterium;Arcanobacterium wilhelmae	1.0	1.0
Bacteria;Bacillati;Actinomycetota;Actinomycetes;Actinomycetales;Actinomycetaceae;Buchananella;Buchananella hordeovulneris	1.0	1.0
Bacteria;Bacillati;Actinomycetota;Actinomycetes;Actinomycetales;Actinomycetaceae;Changpingibacter;Changpingibacter yushuensis	1.0	1.0
Bacteria;Bacillati;Actinomycetota;Actinomycetes;Actinomycetales;Actinomycetaceae;Flaviflexus;Flaviflexus ciconiae	1.0	1.0
Bacteria;Bacillati;Actinomycetota;Actinomycetes;Actinomycetales;Actinomycetaceae;Flaviflexus;Flaviflexus massiliensis	1.0	1.0
Bacteria;Bacillati;Actinomycetota;Actinomycetes;Bifidobacteriales;Bifidobacteriaceae;Bifidobacterium;Bifidobacterium adolescentis	1.0	1.0
Bacteria;Bacillati;Actinomycetota;Actinomycetes;Bifidobacteriales;Bifidobacteriaceae;Bifidobacterium;Bifidobacterium callimiconis	1.0	1.0
Bacteria;Bacillati;Actinomycetota;Actinomycetes;Bifidobacteriales;Bifidobacteriaceae;Bifidobacterium;Bifidobacterium longum	1.0	1.0
Bacteria;Bacillati;Actinomycetota;Actinomycetes;Bifidobacteriales;Bifidobacteriaceae;Bifidobacterium;Bifidobacterium miconis	1.0	1.0
Bacteria;Bacillati;Actinomycetota;Actinomycetes;Geodermatophilales;Geodermatophilaceae;Cumulibacter;Cumulibacter manganitolerans	1.0	1.0
Bacteria;Bacillati;Actinomycetota;Actinomycetes;Kineosporiales;Kineosporiaceae;Angustibacter;Angustibacter aerolatus	1.0	1.0
Bacteria;Bacillati;Actinomycetota;Actinomycetes;Kineosporiales;Kineosporiaceae;Angustibacter;Angustibacter speluncae	1.0	1.0
Bacteria;Bacillati;Actinomycetota;Actinomycetes;Kineosporiales;Kineosporiaceae;Kineococcus;Kineococcus gypseus	1.0	1.0
Bacteria;Bacillati;Actinomycetota;Actinomycetes;Kineosporiales;Kineosporiaceae;Kineococcus;Kineococcus rubinsiae	1.0	1.0
Bacteria;Bacillati;Actinomycetota;Actinomycetes;Kineosporiales;Kineosporiaceae;Kineococcus;Kineococcus xinjiangensis	1.0	1.0
Bacteria;Bacillati;Actinomycetota;Actinomycetes;Kineosporiales;Kineosporiaceae;Pseudokineococcus;Pseudokineococcus galaxeicola	1.0	1.0
Bacteria;Bacillati;Actinomycetota;Actinomycetes;Kineosporiales;Kineosporiaceae;Thalassiella;Thalassiella azotivora	1.0	1.0
Bacteria;Bacillati;Actinomycetota;Actinomycetes;Kitasatosporales;Streptomycetaceae;Kitasatospora;Kitasatospora aureofaciens	1.0	1.0
Bacteria;Bacillati;Actinomycetota;Actinomycetes;Kitasatosporales;Streptomycetaceae;Streptomyces;Streptomyces alkaliterrae	1.0	1.0
Bacteria;Bacillati;Actinomycetota;Actinomycetes;Kitasatosporales;Streptomycetaceae;Streptomyces;Streptomyces manipurensis	1.0	1.0
Bacteria;Bacillati;Actinomycetota;Actinomycetes;Kitasatosporales;Streptomycetaceae;Streptomyces;Streptomyces subrutilus	1.0	1.0
Bacteria;Bacillati;Actinomycetota;Actinomycetes;Kitasatosporales;Streptomycetaceae;Streptomyces;Streptomyces urticae	1.0	1.0
Bacteria;Bacillati;Actinomycetota;Actinomycetes;Kitasatosporales;Streptomycetaceae;Yinghuangia;Yinghuangia aomiensis	1.0	1.0
Bacteria;Pseudomonadati;Thermodesulfobacteriota;Syntrophobacteria;Syntrophobacterales;Syntrophobacteraceae;Desulforhabdus;Desulforhabdus amnigena	1.0	1.0
Bacteria;Pseudomonadati;Thermodesulfobacteriota;Syntrophobacteria;Syntrophobacterales;Syntrophobacteraceae;Syntrophobacter;Syntrophobacter wolinii	1.0	1.0
Bacteria;Pseudomonadati;Verrucomicrobiota;Opitutia;Opitutales;Opitutaceae;Oleiharenicola;Oleiharenicola lentus	1.0	1.0
Bacteria;Pseudomonadati;Verrucomicrobiota;Opitutia;Opitutales;Opitutaceae;Opitutus;Opitutus terrae	1.0	1.0
Bacteria;Pseudomonadati;Verrucomicrobiota;Opitutia;Puniceicoccales;Cerasicoccaceae;Ruficoccus;Ruficoccus amylovorans	1.0	1.0
Bacteria;Pseudomonadati;Verrucomicrobiota;Terrimicrobiia;Terrimicrobiales;Terrimicrobiaceae;Terrimicrobium;Terrimicrobium sacchariphilum	1.0	1.0
Bacteria;Pseudomonadati;Verrucomicrobiota;Verrucomicrobiia;Verrucomicrobiales;Verrucomicrobiaceae;Prosthecobacter;Prosthecobacter dejongeii	1.0	1.0
Bacteria;Bacillati;Actinomycetota;Actinomycetes;Micrococcales;Bogoriellaceae;Georgenia;Georgenia muralis	1.0	1.0
Bacteria;Bacillati;Actinomycetota;Actinomycetes;Micrococcales;Bogoriellaceae;Georgenia;Georgenia wutianyii	1.0	1.0
Bacteria;Bacillati;Actinomycetota;Actinomycetes;Micrococcales;Brevibacteriaceae;Brevibacterium;Brevibacterium metallicus	1.0	1.0
Bacteria;Bacillati;Actinomycetota;Actinomycetes;Micrococcales;Brevibacteriaceae;Brevibacterium;Brevibacterium senegalense	1.0	1.0
Bacteria;Bacillati;Actinomycetota;Actinomycetes;Micrococcales;Cellulomonadaceae;Actinotalea;Actinotalea subterranea	1.0	1.0
Bacteria;Bacillati;Actinomycetota;Actinomycetes;Micrococcales;Cellulomonadaceae;Paraoerskovia;Paraoerskovia sediminicola	1.0	1.0
Bacteria;Bacillati;Actinomycetota;Actinomycetes;Micrococcales;Dermabacteraceae;Brachybacterium;Brachybacterium huguangmaarense	1.0	1.0
Bacteria;Bacillati;Actinomycetota;Actinomycetes;Micrococcales;Dermabacteraceae;Brachybacterium;Brachybacterium nesterenkovii	1.0	1.0
Bacteria;Pseudomonadati;Thermodesulfobacteriota;Desulfobacteria;Desulfobacterales;Desulfosalsimonadaceae;Desulfonatronobacter;Desulfonatronobacter acidivorans	1.0	1.0
Bacteria;Pseudomonadati;Thermodesulfobacteriota;Desulfobulbia;Desulfobulbales;Desulfobulbaceae;Desulfurivibrio;Desulfurivibrio alkaliphilus	1.0	1.0
Bacteria;Pseudomonadati;Thermodesulfobacteriota;Desulfovibrionia;Desulfovibrionales;Desulfomicrobiaceae;Desulfomicrobium;Desulfomicrobium aestuarii	1.0	1.0
Bacteria;Pseudomonadati;Thermodesulfobacteriota;Desulfovibrionia;Desulfovibrionales;Desulfomicrobiaceae;Desulfomicrobium;Desulfomicrobium escambiense	1.0	1.0
Bacteria;Bacillati;Actinomycetota;Actinomycetes;Micrococcales;Beutenbergiaceae;Serinibacter;Serinibacter arcticus	1.0	1.0
Bacteria;Bacillati;Actinomycetota;Actinomycetes;Micrococcales;Bogoriellaceae;Georgenia;Georgenia daeguensis	1.0	1.0
Bacteria;Bacillati;Actinomycetota;Actinomycetes;Micrococcales;Bogoriellaceae;Georgenia;Georgenia faecalis	1.0	1.0
Bacteria;Bacillati;Actinomycetota;Actinomycetes;Micrococcales;Bogoriellaceae;Georgenia;Georgenia halophila	1.0	1.0
Bacteria;Pseudomonadati;Spirochaetota;Spirochaetia;Leptospirales;Leptospiraceae;Leptospira;Leptospira interrogans	1.0	1.0
Bacteria;Pseudomonadati;Spirochaetota;Spirochaetia;Leptospirales;Leptospiraceae;Leptospira;Leptospira stimsonii	1.0	1.0
Bacteria;Pseudomonadati;Spirochaetota;Spirochaetia;Spirochaetales;Sphaerochaetaceae;Parasphaerochaeta;Parasphaerochaeta coccoides	1.0	1.0
Bacteria;Pseudomonadati;Spirochaetota;Spirochaetia;Spirochaetales;Spirochaetaceae;Bullifex;Bullifex porci	1.0	1.0
Bacteria;Pseudomonadati;Spirochaetota;Spirochaetia;Spirochaetales;Spirochaetaceae;Sediminispirochaeta;Sediminispirochaeta smaragdinae	1.0	1.0
Bacteria;Pseudomonadati;Thermodesulfobacteriota;Desulfobaccia;Desulfobaccales;Desulfobaccaceae;Desulfobacca;Desulfobacca acetoxidans	1.0	1.0
Bacteria;Pseudomonadati;Thermodesulfobacteriota;Desulfobacteria;Desulfobacterales;Desulfobacteraceae;Desulfatiferula;Desulfatiferula olefinivorans	1.0	1.0
Bacteria;Pseudomonadati;Thermodesulfobacteriota;Desulfobacteria;Desulfobacterales;Desulforegulaceae;Desulforegula;Desulforegula conservatrix	1.0	1.0
Bacteria;Bacillati;Actinomycetota;Actinomycetes;Micrococcales;Microbacteriaceae;Leucobacter;Leucobacter populi	1.0	1.0
Bacteria;Bacillati;Actinomycetota;Actinomycetes;Micrococcales;Microbacteriaceae;Leucobacter;Leucobacter weissii	1.0	1.0
Bacteria;Bacillati;Actinomycetota;Actinomycetes;Micrococcales;Microbacteriaceae;Microbacterium;Microbacterium arborescens	1.0	1.0
Bacteria;Bacillati;Actinomycetota;Actinomycetes;Micrococcales;Microbacteriaceae;Microbacterium;Microbacterium ginsengisoli	1.0	1.0
Bacteria;Pseudomonadati;Pseudomonadota;Gammaproteobacteria;Pseudomonadales;Pseudomonadaceae;Pseudomonas;Pseudomonas taiwanensis	1.0	1.0
Bacteria;Pseudomonadati;Pseudomonadota;Gammaproteobacteria;Pseudomonadales;Pseudomonadaceae;Pseudomonas;Pseudomonas tianjinensis	1.0	1.0
Bacteria;Pseudomonadati;Pseudomonadota;Gammaproteobacteria;Pseudomonadales;Pseudomonadaceae;Pseudomonas;Pseudomonas xionganensis	1.0	1.0
Bacteria;Pseudomonadati;Spirochaetota;Spirochaetia;Leptospirales;Leptospiraceae;Leptospira;Leptospira chreensis	1.0	1.0
Bacteria;Bacillati;Bacillota;Tissierellia;Tissierellales;Tissierellaceae;Tissierella;Tissierella carlieri	1.0	1.0
Bacteria;Bacillati;Bacillota;Tissierellia;Tissierellales;Tissierellaceae;Tissierella;Tissierella creatinophila	1.0	1.0
Bacteria;Bacillati;Bacillota;Clostridia;Lachnospirales;Lachnospiraceae;Mediterraneibacter;Mediterraneibacter massiliensis	1.0	1.0
Bacteria;Bacillati;Bacillota;Clostridia;Lachnospirales;Lachnospiraceae;Mediterraneibacter;[Ruminococcus] torques	1.0	1.0
Bacteria;Bacillati;Bacillota;Clostridia;Lachnospirales;Lachnospiraceae;Parasporobacterium;Parasporobacterium paucivorans	1.0	1.0
Bacteria;Bacillati;Bacillota;Clostridia;Lachnospirales;Lachnospiraceae;Pseudobutyrivibrio;Pseudobutyrivibrio ruminis	1.0	1.0
Bacteria;Bacillati;Bacillota;Clostridia;Lachnospirales;Lachnospiraceae;Roseburia;Roseburia faecis	1.0	1.0
Bacteria;Bacillati;Bacillota;Clostridia;Lachnospirales;Lachnospiraceae;Roseburia;Roseburia intestinalis	1.0	1.0
Bacteria;Bacillati;Bacillota;Tissierellia;Tissierellales;Peptoniphilaceae;Helcococcus;Helcococcus sueciensis	1.0	1.0
Bacteria;Bacillati;Bacillota;Tissierellia;Tissierellales;Peptoniphilaceae;Urinicoccus;Urinicoccus massiliensis	1.0	1.0
Bacteria;Bacillati;Bacillota;Tissierellia;Tissierellales;Sporanaerobacteraceae;Anaerosalibacter;Anaerosalibacter bizertensis	1.0	1.0
Bacteria;Bacillati;Bacillota;Tissierellia;Tissierellales;Thermohalobacteraceae;Brassicibacter;Brassicibacter thermophilus	1.0	1.0
Bacteria;Bacillati;Bacillota;Tissierellia;Tissierellales;Thermohalobacteraceae;Caldisalinibacter;Caldisalinibacter kiritimatiensis	1.0	1.0
Bacteria;Bacillati;Bacillota;Tissierellia;Tissierellales;Thermohalobacteraceae;Caloranaerobacter;Caloranaerobacter ferrireducens	1.0	1.0
Bacteria;Bacillati;Bacillota;Tissierellia;Tissierellales;Thermohalobacteraceae;Sporosalibacterium;Sporosalibacterium tautonense	1.0	1.0
Bacteria;Bacillati;Bacillota;Tissierellia;Tissierellales;Tissierellaceae;Soehngenia;Soehngenia longivitae	1.0	1.0
Bacteria;Bacillati;Bacillota;Clostridia;Peptostreptococcales;Anaerovoracaceae;Mogibacterium;Mogibacterium kristiansenii	1.0	1.0
Bacteria;Bacillati;Bacillota;Clostridia;Peptostreptococcales;Filifactoraceae;Acetoanaerobium;Acetoanaerobium noterae	1.0	1.0
Bacteria;Bacillati;Bacillota;Clostridia;Peptostreptococcales;Natronincolaceae;Alkaliphilus;Alkaliphilus pronyensis	1.0	1.0
Bacteria;Bacillati;Bacillota;Clostridia;Peptostreptococcales;Natronincolaceae;Natronincola;Natronincola histidinovorans	1.0	1.0
Bacteria;Bacillati;Bacillota;Negativicutes;Veillonellales;Veillonellaceae;Veillonella;Veillonella criceti	1.0	1.0
Bacteria;Bacillati;Bacillota;Tissierellia;Tissierellales;Peptoniphilaceae;Aedoeadaptatus;Aedoeadaptatus ivorii	1.0	1.0
Bacteria;Bacillati;Bacillota;Tissierellia;Tissierellales;Peptoniphilaceae;Aedoeadaptatus;Aedoeadaptatus urinae	1.0	1.0
Bacteria;Bacillati;Bacillota;Tissierellia;Tissierellales;Peptoniphilaceae;Anaerosphaera;Anaerosphaera massiliensis	1.0	1.0
Bacteria;Bacillati;Bacillota;Clostridia;Lachnospirales;Natranaerovirgaceae;Natranaerovirga;Natranaerovirga pectinivora	1.0	1.0
Bacteria;Bacillati;Bacillota;Clostridia;Lachnospirales;Vallitaleaceae;Vallitalea;Vallitalea pronyensis	1.0	1.0
Bacteria;Bacillati;Bacillota;Clostridia;Lutisporales;Lutisporaceae;Lutispora;Lutispora thermophila	1.0	1.0
Bacteria;Bacillati;Bacillota;Clostridia;Moorellales;Moorellaceae;Moorella;Moorella perchloratireducens	1.0	1.0
Bacteria;Bacillati;Bacillota;Clostridia;Moorellales;Moorellaceae;Thermanaeromonas;Thermanaeromonas toyohensis	1.0	1.0
Bacteria;Bacillati;Bacillota;Clostridia;Natranaerobiales;Natranaerobiaceae;Natranaerobaculum;Natranaerobaculum magadiense	1.0	1.0
Bacteria;Bacillati;Bacillota;Clostridia;Natranaerobiales;Natranaerobiaceae;Natranaerobius;Natranaerobius thermophilus	1.0	1.0
Bacteria;Bacillati;Bacillota;Clostridia;Peptostreptococcales;Anaerovoracaceae;Aminicella;Aminicella lysinilytica	1.0	1.0
Bacteria;Bacillati;Bacillota;Clostridia;Eubacteriales;Syntrophomonadaceae;Syntrophomonas;Syntrophomonas sapovorans	1.0	1.0
Bacteria;Bacillati;Bacillota;Clostridia;Eubacteriales;Syntrophomonadaceae;Syntrophomonas;Syntrophomonas wolfei	1.0	1.0
Bacteria;Bacillati;Bacillota;Clostridia;Eubacteriales;Thermincolaceae;Thermincola;Thermincola ferriacetica	1.0	1.0
Bacteria;Bacillati;Bacillota;Clostridia;Halanaerobiales;Halanaerobiaceae;Halanaerobium;Halanaerobium alcaliphilum	1.0	1.0
Bacteria;Bacillati;Bacillota;Clostridia;Halanaerobiales;Halanaerobiaceae;Halanaerobium;Halanaerobium praevalens	1.0	1.0
Bacteria;Bacillati;Bacillota;Clostridia;Lachnospirales;Anaerotignaceae;Anaerotignum;Anaerotignum lactatifermentans	1.0	1.0
Bacteria;Bacillati;Bacillota;Clostridia;Lachnospirales;Defluviitaleaceae;Defluviitalea;Defluviitalea phaphyphila	1.0	1.0
Bacteria;Bacillati;Bacillota;Clostridia;Eubacteriales;Peptococcaceae;Desulfofundulus;Desulfofundulus kuznetsovii	1.0	1.0
Bacteria;Bacillati;Chloroflexota;Anaerolineae;Anaerolineales;Anaerolineaceae;Thermomarinilinea;Thermomarinilinea lacunifontana	1.0	1.0
Bacteria;Bacillati;Chloroflexota;Dehalococcoidia;Dehalococcoidales;Dehalococcoidaceae;Dehalogenimonas;Dehalogenimonas alkenigignens	1.0	1.0
Bacteria;Bacillati;Cyanobacteriota;Cyanophyceae;Chroococcales;Chroococcaceae;Gloeocapsopsis;Gloeocapsopsis crepidinum	1.0	1.0
Bacteria;Bacillati;Cyanobacteriota;Cyanophyceae;Coleofasciculales;Wilmottiaceae;Ramsaria;Ramsaria avicennae	1.0	1.0
Bacteria;Bacillati;Cyanobacteriota;Cyanophyceae;Oscillatoriales;Microcoleaceae;Sodalinema;Sodalinema stali	1.0	1.0
Bacteria;Bacillati;Bacillota;Clostridia;Eubacteriales;Peptococcaceae;Desulforamulus;Desulforamulus hydrothermalis	1.0	1.0
Bacteria;Bacillati;Bacillota;Clostridia;Eubacteriales;Peptococcaceae;Desulforamulus;Desulforamulus reducens	1.0	1.0
Bacteria;Bacillati;Bacillota;Clostridia;Eubacteriales;Symbiobacteriaceae;Caldinitratiruptor;Caldinitratiruptor microaerophilus	1.0	1.0
Bacteria;Bacillati;Bacillota;Clostridia;Lachnospirales;Lachnospiraceae;Lachnoclostridium;[Clostridium] herbivorans	1.0	1.0
Bacteria;Bacillati;Bacillota;Clostridia;Lachnospirales;Lachnospiraceae;Anaerocolumna;Anaerocolumna xylanovorans	1.0	1.0
Bacteria;Bacillati;Bacillota;Clostridia;Lachnospirales;Lachnospiraceae;Blautia;Blautia coccoides	1.0	1.0
Bacteria;Bacillati;Bacillota;Clostridia;Lachnospirales;Lachnospiraceae;Blautia;Blautia hominis	1.0	1.0
Bacteria;Bacillati;Bacillota;Clostridia;Lachnospirales;Lachnospiraceae;Catonella;Catonella massiliensis	1.0	1.0
Bacteria;Bacillati;Bacillota;Tissierellia;Tissierellia_Incertae_sedis;Tissierellia_Incertae_sedis;Dethiosulfatibacter;Dethiosulfatibacter aminovorans	1.0	1.0
Bacteria;Bacillati;Chloroflexota;Anaerolineae;Aggregatilineales;Aggregatilineaceae;Aggregatilinea;Aggregatilinea lenta	1.0	1.0
Bacteria;Bacillati;Chloroflexota;Anaerolineae;Anaerolineales;Anaerolineaceae;Thermanaerothrix;Thermanaerothrix daxensis	1.0	1.0
Bacteria;Bacillati;Bacillota;Clostridia;Lachnospirales;Lachnospiraceae;Stomatobaculum;Stomatobaculum longum	1.0	1.0
Bacteria;Bacillati;Bacillota;Clostridia;Lachnospirales;Lachnospiraceae;Diplocloster;Diplocloster modestus	1.0	1.0
Bacteria;Bacillati;Bacillota;Clostridia;Lachnospirales;Lachnospiraceae;Eisenbergiella;Eisenbergiella massiliensis	1.0	1.0
Bacteria;Bacillati;Bacillota;Clostridia;Lachnospirales;Lachnospiraceae;Eisenbergiella;Eisenbergiella tayi	1.0	1.0
Bacteria;Bacillati;Bacillota;Clostridia;Lachnospirales;Lachnospiraceae;Faecalicatena;Faecalicatena absiana	1.0	1.0
Bacteria;Bacillati;Bacillota;Clostridia;Lachnospirales;Lachnospiraceae;Fusimonas;Fusimonas intestini	1.0	1.0
Bacteria;Bacillati;Bacillota;Clostridia;Lachnospirales;Lachnospiraceae;Hungatella;Hungatella hathewayi	1.0	1.0
Bacteria;Bacillati;Bacillota;Clostridia;Lachnospirales;Lachnospiraceae;Jutongia;Jutongia hominis	1.0	1.0
Bacteria;Bacillati;Bacillota;Clostridia;Eubacteriales;Desulfitobacteriaceae;Desulfosporosinus;Desulfosporosinus hippei	1.0	1.0
Bacteria;Bacillati;Bacillota;Clostridia;Eubacteriales;Desulfitobacteriaceae;Desulfosporosinus;Desulfosporosinus meridiei	1.0	1.0
Bacteria;Bacillati;Bacillota;Clostridia;Eubacteriales;Desulfitobacteriaceae;Desulfosporosinus;Desulfosporosinus metallidurans	1.0	1.0
Bacteria;Bacillati;Bacillota;Clostridia;Eubacteriales;Desulfotomaculaceae;Desulfotomaculum;Desulfotomaculum nigrificans	1.0	1.0
Bacteria;Bacillati;Bacillota;Clostridia;Eubacteriales;Desulfotomaculaceae;Desulfotomaculum;Desulfotomaculum varum	1.0	1.0
Bacteria;Bacillati;Bacillota;Clostridia;Eubacteriales;Desulfotomaculaceae;Pelotomaculum;Pelotomaculum terephthalicicum	1.0	1.0
Bacteria;Bacillati;Bacillota;Clostridia;Eubacteriales;Eubacteriaceae;Acetobacterium;Acetobacterium carbinolicum	1.0	1.0
Bacteria;Bacillati;Bacillota;Clostridia;Eubacteriales;Eubacteriaceae;Alkalibacter;Alkalibacter mobilis	1.0	1.0
Bacteria;Pseudomonadati;Acidobacteriota;Terriglobia;Terriglobales;Acidobacteriaceae;Paracidobacterium;Paracidobacterium acidisoli	1.0	1.0
Bacteria;Pseudomonadati;Bacteroidota;Bacteroidia;Bacteroidales;Bacteroidaceae;Bacteroides;Bacteroides caecigallinarum	1.0	1.0
Bacteria;Pseudomonadati;Bacteroidota;Bacteroidia;Bacteroidales;Bacteroidaceae;Bacteroides;Bacteroides ihuae	1.0	1.0
Bacteria;Pseudomonadati;Bacteroidota;Bacteroidia;Bacteroidales;Barnesiellaceae;Coprobacter;Coprobacter secundus	1.0	1.0
Bacteria;Pseudomonadati;Bacteroidota;Bacteroidia;Bacteroidales;Dysgonomonadaceae;Dysgonomonas;Dysgonomonas mossii	1.0	1.0
Bacteria;Pseudomonadati;Bacteroidota;Bacteroidia;Bacteroidales;Muribaculaceae;Muribaculum;Muribaculum gordoncarteri	1.0	1.0
Bacteria;Bacillati;Bacillota;Clostridia;Eubacteriales;Desulfitobacteriaceae;Desulfitobacterium;Desulfitobacterium metallireducens	1.0	1.0
Bacteria;Bacillati;Bacillota;Clostridia;Eubacteriales;Desulfitobacteriaceae;Desulfosporosinus;Desulfosporosinus acidiphilus	1.0	1.0
Bacteria;Bacillati;Mycoplasmatota;Mollicutes;Entomoplasmatales;Spiroplasmataceae;Spiroplasma;Spiroplasma insolitum	1.0	1.0
Bacteria;Bacillati;Mycoplasmatota;Mollicutes;Entomoplasmatales;Spiroplasmataceae;Spiroplasma;Spiroplasma lampyridicola	1.0	1.0
Bacteria;Bacillati;Mycoplasmatota;Mollicutes;Entomoplasmatales;Spiroplasmataceae;Spiroplasma;Spiroplasma leptinotarsae	1.0	1.0
Bacteria;Bacillati;Mycoplasmatota;Mollicutes;Entomoplasmatales;Spiroplasmataceae;Spiroplasma;Spiroplasma melliferum	1.0	1.0
Bacteria;Bacillati;Mycoplasmatota;Mycoplasmatota_Incertae_sedis;Mycoplasmoidales;Mycoplasmoidaceae;Mycoplasmoides;Mycoplasmoides pirum	1.0	1.0
Bacteria;Fusobacteriati;Fusobacteriota;Fusobacteriia;Fusobacteriales;Fusobacteriaceae;Fusobacterium;Fusobacterium varium	1.0	1.0
Bacteria;Pseudomonadati;Acidobacteriota;Holophagae;Holophagales;Holophagaceae;Geothrix;Geothrix fermentans	1.0	1.0
Bacteria;Pseudomonadati;Acidobacteriota;Terriglobia;Terriglobales;Acidobacteriaceae;Alloacidobacterium;Alloacidobacterium dinghuense	1.0	1.0
Bacteria;Bacillati;Bacillota;Clostridia;Eubacteriales;Oscillospiraceae;Anaerofilum;Anaerofilum agile	1.0	1.0
Bacteria;Bacillati;Bacillota;Clostridia;Eubacteriales;Oscillospiraceae;Caproicibacterium;Caproicibacterium amylolyticum	1.0	1.0
Bacteria;Bacillati;Bacillota;Clostridia;Eubacteriales;Oscillospiraceae;Faecalibacterium;Faecalibacterium hattorii	1.0	1.0
Bacteria;Bacillati;Bacillota;Clostridia;Eubacteriales;Eubacteriales Family XII. Incertae Sedis;Fusibacter;Fusibacter bizertensis	1.0	1.0
Bacteria;Bacillati;Bacillota;Clostridia;Eubacteriales;Eubacteriales Family XIII. Incertae Sedis;Congobacterium;Congobacterium massiliense	1.0	1.0
Bacteria;Bacillati;Bacillota;Clostridia;Eubacteriales;Eubacteriales_Incertae_sedis;Evtepia;Evtepia gabavorous	1.0	1.0
Bacteria;Bacillati;Mycoplasmatota;Mollicutes;Entomoplasmatales;Spiroplasmataceae;Spiroplasma;Spiroplasma chinense	1.0	1.0
Bacteria;Bacillati;Mycoplasmatota;Mollicutes;Entomoplasmatales;Spiroplasmataceae;Spiroplasma;Spiroplasma chrysopicola	1.0	1.0
Bacteria;Bacillati;Bacillota;Clostridia;Eubacteriales;Clostridiaceae;Clostridium;Clostridium sardiniense	1.0	1.0
Bacteria;Bacillati;Bacillota;Clostridia;Eubacteriales;Clostridiaceae;Clostridium;Clostridium sartagoforme	1.0	1.0
Bacteria;Bacillati;Bacillota;Clostridia;Eubacteriales;Clostridiaceae;Clostridium;Clostridium swellfunianum	1.0	1.0
Bacteria;Bacillati;Bacillota;Clostridia;Eubacteriales;Clostridiaceae;Clostridium;Clostridium tepidiprofundi	1.0	1.0
Bacteria;Bacillati;Bacillota;Clostridia;Eubacteriales;Clostridiaceae;Clostridium;Clostridium thailandense	1.0	1.0
Bacteria;Bacillati;Bacillota;Clostridia;Eubacteriales;Clostridiaceae;Clostridium;Clostridium thermarum	1.0	1.0
Bacteria;Bacillati;Bacillota;Clostridia;Eubacteriales;Clostridiaceae;Clostridium;Clostridium thermopalmarium	1.0	1.0
Bacteria;Bacillati;Bacillota;Clostridia;Eubacteriales;Clostridiaceae;Clostridium;Clostridium tunisiense	1.0	1.0
Bacteria;Pseudomonadati;Bacteroidota;Bacteroidia;Bacteroidales;Rikenellaceae;Rikenella;Rikenella microfusus	1.0	1.0
Bacteria;Pseudomonadati;Bacteroidota;Bacteroidia;Bacteroidales;Tannerellaceae;Parabacteroides;Parabacteroides timonensis	1.0	1.0
Bacteria;Pseudomonadati;Bacteroidota;Bacteroidia;Bacteroidales;Tannerellaceae;Tannerella;Tannerella forsythia	1.0	1.0
Bacteria;Pseudomonadati;Bacteroidota;Bacteroidia;Bacteroidales;Tenuifilaceae;Perlabentimonas;Perlabentimonas gracilis	1.0	1.0
Bacteria;Pseudomonadati;Bacteroidota;Bacteroidia;Marinilabiliales;Marinifilaceae;Marinifilum;Marinifilum breve	1.0	1.0
Bacteria;Pseudomonadati;Bacteroidota;Bacteroidia;Marinilabiliales;Marinilabiliaceae;Breznakibacter;Breznakibacter xylanolyticus	1.0	1.0
Bacteria;Bacillati;Bacillota;Clostridia;Eubacteriales;Clostridiaceae;Clostridium;Clostridium punense	1.0	1.0
Bacteria;Bacillati;Bacillota;Clostridia;Eubacteriales;Clostridiaceae;Clostridium;Clostridium rectalis	1.0	1.0
Bacteria;Bacillati;Bacillota;Clostridia;Eubacteriales;Clostridiaceae;Youngiibacter;Youngiibacter fragilis	1.0	1.0
Bacteria;Bacillati;Bacillota;Clostridia;Eubacteriales;Desulfallaceae;Desulfotruncus;Desulfotruncus alcoholivorax	1.0	1.0
Bacteria;Bacillati;Bacillota;Clostridia;Eubacteriales;Desulfallaceae;Desulfotruncus;Desulfotruncus arcticus	1.0	1.0
Bacteria;Bacillati;Bacillota;Clostridia;Eubacteriales;Desulfallaceae;Sporotomaculum;Sporotomaculum hydroxybenzoicum	1.0	1.0
Bacteria;Pseudomonadati;Bacteroidota;Bacteroidia;Bacteroidales;Prevotellaceae;Alloprevotella;Alloprevotella rava	1.0	1.0
Bacteria;Pseudomonadati;Bacteroidota;Bacteroidia;Bacteroidales;Prevotellaceae;Hoylesella;Hoylesella shahii	1.0	1.0
Bacteria;Pseudomonadati;Bacteroidota;Bacteroidia;Bacteroidales;Prevotellaceae;Prevotella;Prevotella melaninogenica	1.0	1.0
Bacteria;Pseudomonadati;Bacteroidota;Bacteroidia;Bacteroidales;Rikenellaceae;Alistipes;Alistipes indistinctus	1.0	1.0
Bacteria;Bacillati;Bacillota;Clostridia;Eubacteriales;Eubacteriaceae;Eubacterium;Eubacterium aggregans	1.0	1.0
Bacteria;Bacillati;Bacillota;Clostridia;Eubacteriales;Eubacteriaceae;Eubacterium;Eubacterium barkeri	1.0	1.0
Bacteria;Bacillati;Bacillota;Clostridia;Eubacteriales;Eubacteriaceae;Eubacterium;Eubacterium pyruvativorans	1.0	1.0
Bacteria;Bacillati;Bacillota;Clostridia;Eubacteriales;Clostridiaceae;Clostridium;Clostridium tyrobutyricum	1.0	1.0
Bacteria;Bacillati;Bacillota;Clostridia;Eubacteriales;Clostridiaceae;Clostridium;Clostridium vitabionis	1.0	1.0
Bacteria;Bacillati;Bacillota;Clostridia;Eubacteriales;Clostridiaceae;Clostridium;Clostridium vulturis	1.0	1.0
Bacteria;Bacillati;Bacillota;Clostridia;Eubacteriales;Clostridiaceae;Crassaminicella;Crassaminicella profunda	1.0	1.0
Bacteria;Bacillati;Bacillota;Clostridia;Eubacteriales;Clostridiaceae;Salimesophilobacter;Salimesophilobacter vulgaris	1.0	1.0
Bacteria;Bacillati;Bacillota;Clostridia;Eubacteriales;Clostridiaceae;Clostridium;Clostridium grantii	1.0	1.0
Bacteria;Bacillati;Bacillota;Clostridia;Eubacteriales;Clostridiaceae;Clostridium;Clostridium homopropionicum	1.0	1.0
Bacteria;Bacillati;Bacillota;Clostridia;Eubacteriales;Clostridiaceae;Clostridium;Clostridium huakuii	1.0	1.0
Bacteria;Bacillati;Bacillota;Clostridia;Eubacteriales;Clostridiaceae;Clostridium;Clostridium hydrogeniformans	1.0	1.0
Bacteria;Bacillati;Bacillota;Clostridia;Eubacteriales;Clostridiaceae;Clostridium;Clostridium isatidis	1.0	1.0
Bacteria;Bacillati;Bacillota;Clostridia;Eubacteriales;Clostridiaceae;Clostridium;Clostridium kogasense	1.0	1.0
Bacteria;Bacillati;Bacillota;Clostridia;Eubacteriales;Clostridiaceae;Clostridium;Clostridium ljungdahlii	1.0	1.0
Bacteria;Bacillati;Bacillota;Clostridia;Eubacteriales;Clostridiaceae;Clostridium;Clostridium massiliamazoniense	1.0	1.0
Bacteria;Pseudomonadati;Calditrichota;Calditrichota_Incertae_sedis;Calditrichota_Incertae_sedis;Calditrichota_Incertae_sedis;Calorithrix;Calorithrix insularis	1.0	1.0
Bacteria;Pseudomonadati;Campylobacterota;Epsilonproteobacteria;Campylobacterales;Arcobacteraceae;Aliarcobacter;Aliarcobacter faecis	1.0	1.0
Bacteria;Pseudomonadati;Campylobacterota;Epsilonproteobacteria;Campylobacterales;Arcobacteraceae;Aliarcobacter;Aliarcobacter trophiarum	1.0	1.0
Bacteria;Pseudomonadati;Campylobacterota;Epsilonproteobacteria;Campylobacterales;Arcobacteraceae;Arcobacter;Arcobacter aquimarinus	1.0	1.0
Bacteria;Pseudomonadati;Campylobacterota;Epsilonproteobacteria;Campylobacterales;Arcobacteraceae;Arcobacter;Arcobacter cloacae	1.0	1.0
Bacteria;Bacillati;Bacillota;Clostridia;Eubacteriales;Clostridiaceae;Clostridium;Clostridium cochlearium	1.0	1.0
Bacteria;Bacillati;Bacillota;Clostridia;Eubacteriales;Clostridiaceae;Clostridium;Clostridium combesii	1.0	1.0
Bacteria;Bacillati;Bacillota;Clostridia;Eubacteriales;Clostridiaceae;Clostridium;Clostridium fermenticellae	1.0	1.0
Bacteria;Pseudomonadati;Bacteroidota;Bacteroidia;Marinilabiliales;Prolixibacteraceae;Sunxiuqinia;Sunxiuqinia faeciviva	1.0	1.0
Bacteria;Pseudomonadati;Bacteroidota;Bacteroidia;Marinilabiliales;Prolixibacteraceae;Sunxiuqinia;Sunxiuqinia indica	1.0	1.0
Bacteria;Pseudomonadati;Bacteroidota;Bacteroidia;Marinilabiliales;Prolixibacteraceae;Sunxiuqinia;Sunxiuqinia rutila	1.0	1.0
Bacteria;Pseudomonadati;Bacteroidota;Saprospiria;Saprospirales;Haliscomenobacteraceae;Haliscomenobacter;Haliscomenobacter hydrossis	1.0	1.0
Bacteria;Pseudomonadati;Bdellovibrionota;Bacteriovoracia;Bacteriovoracales;Halobacteriovoraceae;Halobacteriovorax;Halobacteriovorax marinus	1.0	1.0
Bacteria;Pseudomonadati;Bdellovibrionota;Bdellovibrionia;Bdellovibrionales;Pseudobdellovibrionaceae;Bdellovibrio;Bdellovibrio bacteriovorus	1.0	1.0
Bacteria;Pseudomonadati;Bdellovibrionota;Oligoflexia;Oligoflexales;Oligoflexaceae;Oligoflexus;Oligoflexus tunisiensis	1.0	1.0
Bacteria;Pseudomonadati;Bdellovibrionota;Oligoflexia;Silvanigrellales;Silvanigrellaceae;Fluviispira;Fluviispira sanaruensis	1.0	1.0
Bacteria;Pseudomonadati;Bacteroidota;Bacteroidia;Marinilabiliales;Marinilabiliaceae;Saccharicrinis;Saccharicrinis aurantiacus	1.0	1.0
Bacteria;Pseudomonadati;Bacteroidota;Bacteroidia;Marinilabiliales;Prolixibacteraceae;Mangrovibacterium;Mangrovibacterium diazotrophicum	1.0	1.0
Bacteria;Pseudomonadati;Bacteroidota;Bacteroidia;Marinilabiliales;Prolixibacteraceae;Mangrovibacterium;Mangrovibacterium lignilyticum	1.0	1.0
Bacteria;Pseudomonadati;Bacteroidota;Bacteroidia;Marinilabiliales;Prolixibacteraceae;Mangrovibacterium;Mangrovibacterium marinum	1.0	1.0
Bacteria;Pseudomonadati;Bacteroidota;Bacteroidia;Marinilabiliales;Prolixibacteraceae;Maribellus;Maribellus comscasis	1.0	1.0
Bacteria;Pseudomonadati;Bacteroidota;Bacteroidia;Marinilabiliales;Prolixibacteraceae;Maribellus;Maribellus maritimus	1.0	1.0
Bacteria;Pseudomonadati;Bacteroidota;Bacteroidia;Marinilabiliales;Prolixibacteraceae;Mariniphaga;Mariniphaga anaerophila	1.0	1.0
Bacteria;Pseudomonadati;Bacteroidota;Bacteroidia;Marinilabiliales;Prolixibacteraceae;Sunxiuqinia;Sunxiuqinia elliptica	1.0	1.0
Bacteria;Bacillati;Bacillota;Bacilli;Lactobacillales;Streptococcaceae;Streptococcus;Streptococcus tangierensis	1.0	1.0
Bacteria;Bacillati;Bacillota;Bacilli;Lactobacillales;Streptococcaceae;Streptococcus;Streptococcus vaginalis	1.0	1.0
Bacteria;Bacillati;Bacillota;Bacilli;Lactobacillales;Streptococcaceae;Streptococcus;Streptococcus vicugnae	1.0	1.0
Bacteria;Bacillati;Bacillota;Bacillota_Incertae_sedis;Bacillota_Incertae_sedis;Bacillota_Incertae_sedis;Capillibacterium;Capillibacterium thermochitinicola	1.0	1.0
Bacteria;Bacillati;Bacillota;Bacillota_Incertae_sedis;Bacillota_Incertae_sedis;Bacillota_Incertae_sedis;Ndongobacter;Ndongobacter massiliensis	1.0	1.0
Bacteria;Bacillati;Bacillota;Clostridia;Caldicoprobacterales;Caldicoprobacteraceae;Caldicoprobacter;Caldicoprobacter guelmensis	1.0	1.0
Bacteria;Bacillati;Bacillota;Bacilli;Lactobacillales;Enterococcaceae;Enterococcus;Enterococcus alcedinis	1.0	1.0
Bacteria;Bacillati;Bacillota;Bacilli;Lactobacillales;Enterococcaceae;Enterococcus;Enterococcus casseliflavus	1.0	1.0
Bacteria;Pseudomonadati;Myxococcota;Myxococcota_Incertae_sedis;Polyangiales;Polyangiaceae;Byssovorax;Byssovorax cruenta	1.0	1.0
Bacteria;Pseudomonadati;Myxococcota;Myxococcota_Incertae_sedis;Polyangiales;Polyangiaceae;Sorangium;Sorangium orientale	1.0	1.0
Bacteria;Pseudomonadati;Planctomycetota;Planctomycetia;Gemmatales;Gemmataceae;Gemmata;Gemmata palustris	1.0	1.0
Bacteria;Bacillati;Bacillota;Bacilli;Lactobacillales;Streptococcaceae;Streptococcus;Streptococcus cameli	1.0	1.0
Bacteria;Bacillati;Bacillota;Bacilli;Lactobacillales;Streptococcaceae;Streptococcus;Streptococcus castoreus	1.0	1.0
Bacteria;Bacillati;Bacillota;Bacilli;Lactobacillales;Streptococcaceae;Streptococcus;Streptococcus ferus	1.0	1.0
Bacteria;Bacillati;Bacillota;Bacilli;Lactobacillales;Streptococcaceae;Streptococcus;Streptococcus hillyeri	1.0	1.0
Bacteria;Bacillati;Bacillota;Bacilli;Lactobacillales;Streptococcaceae;Streptococcus;Streptococcus suis	1.0	1.0
Bacteria;Bacillati;Bacillota;Clostridia;Eubacteriales;Clostridiaceae;Clostridium;Clostridium bowmanii	1.0	1.0
Bacteria;Bacillati;Bacillota;Clostridia;Eubacteriales;Clostridiaceae;Clostridium;Clostridium carboxidivorans	1.0	1.0
Bacteria;Bacillati;Bacillota;Clostridia;Eubacteriales;Clostridiaceae;Clostridium;Clostridium cavendishii	1.0	1.0
Bacteria;Pseudomonadati;Campylobacterota;Epsilonproteobacteria;Campylobacterales;Sulfurospirillaceae;Sulfurospirillum;Sulfurospirillum barnesii	1.0	1.0
Bacteria;Pseudomonadati;Campylobacterota;Epsilonproteobacteria;Campylobacterales;Sulfurovaceae;Sulfurovum;Sulfurovum indicum	1.0	1.0
Bacteria;Pseudomonadati;Chlorobiota;Chlorobiia;Chlorobiales;Chlorobiaceae;Prosthecochloris;Prosthecochloris vibrioformis	1.0	1.0
Bacteria;Pseudomonadati;Lentisphaerota;Oligosphaeria;Oligosphaerales;Oligosphaeraceae;Oligosphaera;Oligosphaera ethanolica	1.0	1.0
Bacteria;Pseudomonadati;Myxococcota;Myxococcota_Incertae_sedis;Polyangiales;Phaselicystidaceae;Phaselicystis;Phaselicystis flava	1.0	1.0
Bacteria;Bacillati;Bacillota;Clostridia;Eubacteriales;Clostridiaceae;Clostridium;Clostridium niameyense	1.0	1.0
Bacteria;Bacillati;Bacillota;Clostridia;Eubacteriales;Clostridiaceae;Clostridium;Clostridium oceanicum	1.0	1.0
Bacteria;Bacillati;Bacillota;Clostridia;Eubacteriales;Clostridiaceae;Clostridium;Clostridium oryzae	1.0	1.0
Bacteria;Bacillati;Bacillota;Clostridia;Eubacteriales;Clostridiaceae;Clostridium;Clostridium pabulibutyricum	1.0	1.0
Bacteria;Bacillati;Bacillota;Clostridia;Eubacteriales;Butyricicoccaceae;Butyricicoccus;Butyricicoccus intestinisimiae	1.0	1.0
Bacteria;Bacillati;Bacillota;Clostridia;Eubacteriales;Clostridiaceae;Caloramator;Caloramator boliviensis	1.0	1.0
Bacteria;Bacillati;Bacillota;Clostridia;Eubacteriales;Clostridiaceae;Caloramator;Caloramator indicus	1.0	1.0
Bacteria;Bacillati;Bacillota;Clostridia;Eubacteriales;Clostridiaceae;Caloramator;Caloramator viterbiensis	1.0	1.0
Bacteria;Pseudomonadati;Pseudomonadota;Alphaproteobacteria;Holosporales;Caedimonadaceae;Caedimonas;Caedimonas varicaedens	1.0	1.0
Bacteria;Pseudomonadati;Pseudomonadota;Alphaproteobacteria;Hyphomicrobiales;Aurantimonadaceae;Aureimonas;Aureimonas frigidaquae	1.0	1.0
Bacteria;Pseudomonadati;Pseudomonadota;Alphaproteobacteria;Hyphomicrobiales;Aurantimonadaceae;Aureimonas;Aureimonas phyllosphaerae	1.0	1.0
Bacteria;Pseudomonadati;Pseudomonadota;Alphaproteobacteria;Hyphomicrobiales;Bartonellaceae;Bartonella;Bartonella japonica	1.0	1.0
Bacteria;Pseudomonadati;Pseudomonadota;Alphaproteobacteria;Hyphomicrobiales;Beijerinckiaceae;Beijerinckia;Beijerinckia mobilis	1.0	1.0
Bacteria;Pseudomonadati;Pseudomonadota;Alphaproteobacteria;Hyphomicrobiales;Brucellaceae;Brucella;Brucella melitensis	1.0	1.0
Bacteria;Pseudomonadati;Pseudomonadota;Alphaproteobacteria;Hyphomicrobiales;Brucellaceae;Brucella;Brucella pseudogrignonensis	1.0	1.0
Bacteria;Pseudomonadati;Pseudomonadota;Alphaproteobacteria;Hyphomicrobiales;Brucellaceae;Ochrobactrum;Ochrobactrum quorumnocens	1.0	1.0
Bacteria;Pseudomonadati;Planctomycetota;Planctomycetia;Pirellulales;Pirellulaceae;Neorhodopirellula;Neorhodopirellula pilleata	1.0	1.0
Bacteria;Pseudomonadati;Planctomycetota;Planctomycetia;Pirellulales;Pirellulaceae;Stieleria;Stieleria maiorica	1.0	1.0
Bacteria;Pseudomonadati;Planctomycetota;Planctomycetia;Pirellulales;Pirellulaceae;Stieleria;Stieleria neptunia	1.0	1.0
Bacteria;Pseudomonadati;Pseudomonadota;Alphaproteobacteria;Acetobacterales;Acetobacteraceae;Neoroseomonas;Neoroseomonas lacus	1.0	1.0
Bacteria;Pseudomonadati;Pseudomonadota;Alphaproteobacteria;Acetobacterales;Roseomonadaceae;Roseococcus;Roseococcus suduntuyensis	1.0	1.0
Bacteria;Pseudomonadati;Pseudomonadota;Alphaproteobacteria;Caulobacterales;Caulobacteraceae;Brevundimonas;Brevundimonas aveniformis	1.0	1.0
Bacteria;Pseudomonadati;Pseudomonadota;Alphaproteobacteria;Caulobacterales;Caulobacteraceae;Brevundimonas;Brevundimonas faecalis	1.0	1.0
Bacteria;Pseudomonadati;Pseudomonadota;Alphaproteobacteria;Caulobacterales;Caulobacteraceae;Brevundimonas;Brevundimonas staleyi	1.0	1.0
Bacteria;Bacillati;Bacillota;Bacilli;Lactobacillales;Lactobacillaceae;Leuconostoc;Leuconostoc gelidum	1.0	1.0
Bacteria;Bacillati;Bacillota;Bacilli;Lactobacillales;Lactobacillaceae;Ligilactobacillus;Ligilactobacillus agilis	1.0	1.0
Bacteria;Bacillati;Bacillota;Bacilli;Lactobacillales;Lactobacillaceae;Pediococcus;Pediococcus pentosaceus	1.0	1.0
Bacteria;Bacillati;Bacillota;Bacilli;Lactobacillales;Lactobacillaceae;Weissella;Weissella paramesenteroides	1.0	1.0
Bacteria;Pseudomonadati;Planctomycetota;Planctomycetia;Pirellulales;Lacipirellulaceae;Bythopirellula;Bythopirellula goksoeyrii	1.0	1.0
Bacteria;Pseudomonadati;Planctomycetota;Planctomycetia;Pirellulales;Pirellulaceae;Aureliella;Aureliella helgolandensis	1.0	1.0
Bacteria;Pseudomonadati;Planctomycetota;Planctomycetia;Pirellulales;Pirellulaceae;Blastopirellula;Blastopirellula marina	1.0	1.0
Bacteria;Pseudomonadati;Planctomycetota;Planctomycetia;Pirellulales;Pirellulaceae;Bremerella;Bremerella alba	1.0	1.0
Bacteria;Bacillati;Bacillota;Bacilli;Lactobacillales;Enterococcaceae;Enterococcus;Enterococcus gallinarum	1.0	1.0
Bacteria;Bacillati;Bacillota;Bacilli;Lactobacillales;Enterococcaceae;Enterococcus;Enterococcus hirae	1.0	1.0
Bacteria;Bacillati;Bacillota;Bacilli;Lactobacillales;Enterococcaceae;Enterococcus;Enterococcus mediterraneensis	1.0	1.0
Bacteria;Bacillati;Bacillota;Bacilli;Lactobacillales;Enterococcaceae;Enterococcus;Enterococcus saccharolyticus	1.0	1.0
Bacteria;Bacillati;Bacillota;Bacilli;Lactobacillales;Enterococcaceae;Enterococcus;Enterococcus viikkiensis	1.0	1.0
Bacteria;Bacillati;Bacillota;Bacilli;Lactobacillales;Lactobacillaceae;Lacticaseibacillus;Lacticaseibacillus camelliae	1.0	1.0
Bacteria;Bacillati;Bacillota;Bacilli;Lactobacillales;Lactobacillaceae;Lactobacillus;Lactobacillus amylovorus	1.0	1.0
Bacteria;Bacillati;Bacillota;Bacilli;Lactobacillales;Lactobacillaceae;Lentilactobacillus;Lentilactobacillus farraginis	1.0	1.0
Bacteria;Bacillati;Bacillota;Bacilli;Lactobacillales;Aerococcaceae;Ignavigranum;Ignavigranum ruoffiae	1.0	1.0
Bacteria;Bacillati;Bacillota;Bacilli;Lactobacillales;Aerococcaceae;Vaginisenegalia;Vaginisenegalia massiliensis	1.0	1.0
Bacteria;Bacillati;Bacillota;Bacilli;Lactobacillales;Carnobacteriaceae;Atopostipes;Atopostipes suicloacalis	1.0	1.0
Bacteria;Bacillati;Bacillota;Bacilli;Lactobacillales;Carnobacteriaceae;Carnobacterium;Carnobacterium pleistocenium	1.0	1.0
Bacteria;Pseudomonadati;Pseudomonadota;Alphaproteobacteria;Hyphomicrobiales;Methylobacteriaceae;Methylorubrum;Methylorubrum populi	1.0	1.0
Bacteria;Pseudomonadati;Pseudomonadota;Alphaproteobacteria;Hyphomicrobiales;Methylobacteriaceae;Microvirga;Microvirga lotononidis	1.0	1.0
Bacteria;Pseudomonadati;Pseudomonadota;Alphaproteobacteria;Hyphomicrobiales;Methylocystaceae;Methylocystis;Methylocystis bryophila	1.0	1.0
Bacteria;Pseudomonadati;Pseudomonadota;Alphaproteobacteria;Hyphomicrobiales;Parvibaculaceae;Parvibaculum;Parvibaculum lavamentivorans	1.0	1.0
Bacteria;Pseudomonadati;Pseudomonadota;Alphaproteobacteria;Hyphomicrobiales;Kaistiaceae;Kaistia;Kaistia geumhonensis	1.0	1.0
Bacteria;Bacillati;Bacillota;Bacilli;Bacillales;Salinicoccaceae;Phocicoccus;Phocicoccus pinnipedialis	1.0	1.0
Bacteria;Bacillati;Bacillota;Bacilli;Bacillales;Staphylococcaceae;Nosocomiicoccus;Nosocomiicoccus ampullae	1.0	1.0
Bacteria;Bacillati;Bacillota;Bacilli;Bacillales;Thermoactinomycetaceae;Kroppenstedtia;Kroppenstedtia guangzhouensis	1.0	1.0
Bacteria;Bacillati;Bacillota;Bacilli;Bacillales;Thermoactinomycetaceae;Marininema;Marininema mesophilum	1.0	1.0
Bacteria;Bacillati;Bacillota;Bacilli;Lactobacillales;Aerococcaceae;Aerococcus;Aerococcus viridans	1.0	1.0
Bacteria;Bacillati;Bacillota;Bacilli;Lactobacillales;Aerococcaceae;Eremococcus;Eremococcus coleocola	1.0	1.0
Bacteria;Bacillati;Bacillota;Bacilli;Lactobacillales;Aerococcaceae;Globicatella;Globicatella sulfidifaciens	1.0	1.0
Bacteria;Pseudomonadati;Pseudomonadota;Alphaproteobacteria;Hyphomicrobiales;Devosiaceae;Maritalea;Maritalea mobilis	1.0	1.0
Bacteria;Pseudomonadati;Pseudomonadota;Alphaproteobacteria;Hyphomicrobiales;Devosiaceae;Pelagibacterium;Pelagibacterium halotolerans	1.0	1.0
Bacteria;Pseudomonadati;Pseudomonadota;Alphaproteobacteria;Hyphomicrobiales;Hyphomicrobiaceae;Hyphomicrobium;Hyphomicrobium sulfonivorans	1.0	1.0
Bacteria;Pseudomonadati;Pseudomonadota;Alphaproteobacteria;Hyphomicrobiales;Hyphomicrobiaceae;Hyphomicrobium;Hyphomicrobium vulgare	1.0	1.0
Bacteria;Pseudomonadati;Pseudomonadota;Alphaproteobacteria;Hyphomicrobiales;Hyphomicrobiaceae;Hyphomicrobium;Hyphomicrobium zavarzinii	1.0	1.0
Bacteria;Pseudomonadati;Pseudomonadota;Alphaproteobacteria;Hyphomicrobiales;Hyphomicrobiaceae;Pedomicrobium;Pedomicrobium manganicum	1.0	1.0
Bacteria;Pseudomonadati;Pseudomonadota;Alphaproteobacteria;Hyphomicrobiales;Hyphomicrobiales_Incertae_sedis;Vineibacter;Vineibacter terrae	1.0	1.0
Bacteria;Pseudomonadati;Pseudomonadota;Alphaproteobacteria;Hyphomicrobiales;Kaistiaceae;Bauldia;Bauldia litoralis	1.0	1.0
Bacteria;Pseudomonadati;Pseudomonadota;Alphaproteobacteria;Hyphomicrobiales;Brucellaceae;Pseudochrobactrum;Pseudochrobactrum kiredjianiae	1.0	1.0
Bacteria;Pseudomonadati;Pseudomonadota;Alphaproteobacteria;Hyphomicrobiales;Chelatococcaceae;Pseudochelatococcus;Pseudochelatococcus contaminans	1.0	1.0
Bacteria;Pseudomonadati;Pseudomonadota;Alphaproteobacteria;Hyphomicrobiales;Devosiaceae;Devosia;Devosia albogilva	1.0	1.0
Bacteria;Pseudomonadati;Pseudomonadota;Alphaproteobacteria;Hyphomicrobiales;Devosiaceae;Devosia;Devosia chinhatensis	1.0	1.0
Bacteria;Pseudomonadati;Pseudomonadota;Alphaproteobacteria;Hyphomicrobiales;Devosiaceae;Devosia;Devosia equisanguinis	1.0	1.0
Bacteria;Pseudomonadati;Pseudomonadota;Alphaproteobacteria;Hyphomicrobiales;Devosiaceae;Devosia;Devosia geojensis	1.0	1.0
Bacteria;Pseudomonadati;Pseudomonadota;Alphaproteobacteria;Hyphomicrobiales;Devosiaceae;Devosia;Devosia honganensis	1.0	1.0
Bacteria;Pseudomonadati;Pseudomonadota;Alphaproteobacteria;Hyphomicrobiales;Devosiaceae;Devosia;Devosia naphthalenivorans	1.0	1.0
Bacteria;Bacillati;Bacillota;Bacilli;Bacillales;Paenibacillaceae;Paenibacillus;Paenibacillus psychroresistens	1.0	1.0
Bacteria;Bacillati;Bacillota;Bacilli;Bacillales;Paenibacillaceae;Paenibacillus;Paenibacillus puldeungensis	1.0	1.0
Bacteria;Bacillati;Bacillota;Bacilli;Bacillales;Paenibacillaceae;Paenibacillus;Paenibacillus rhizoplanae	1.0	1.0
Bacteria;Bacillati;Bacillota;Bacilli;Bacillales;Paenibacillaceae;Paenibacillus;Paenibacillus rhizosphaerae	1.0	1.0
Bacteria;Bacillati;Bacillota;Bacilli;Bacillales;Paenibacillaceae;Paenibacillus;Paenibacillus silagei	1.0	1.0
Bacteria;Bacillati;Bacillota;Bacilli;Bacillales;Paenibacillaceae;Paenibacillus;Paenibacillus sputi	1.0	1.0
Bacteria;Bacillati;Bacillota;Bacilli;Bacillales;Paenibacillaceae;Paenibacillus;Paenibacillus terreus	1.0	1.0
Bacteria;Bacillati;Bacillota;Bacilli;Bacillales;Paenibacillaceae;Paenibacillus;Paenibacillus turpanensis	1.0	1.0
Bacteria;Bacillati;Bacillota;Bacilli;Bacillales;Paenibacillaceae;Paenibacillus;Paenibacillus montaniterrae	1.0	1.0
Bacteria;Bacillati;Bacillota;Bacilli;Bacillales;Paenibacillaceae;Paenibacillus;Paenibacillus nuruki	1.0	1.0
Bacteria;Bacillati;Bacillota;Bacilli;Bacillales;Paenibacillaceae;Paenibacillus;Paenibacillus oenotherae	1.0	1.0
Bacteria;Bacillati;Bacillota;Bacilli;Bacillales;Paenibacillaceae;Paenibacillus;Paenibacillus physcomitrellae	1.0	1.0
Bacteria;Bacillati;Bacillota;Bacilli;Bacillales;Paenibacillaceae;Paenibacillus;Paenibacillus pinihumi	1.0	1.0
Bacteria;Bacillati;Bacillota;Bacilli;Bacillales;Paenibacillaceae;Paenibacillus;Paenibacillus piscarius	1.0	1.0
Bacteria;Bacillati;Bacillota;Bacilli;Bacillales;Paenibacillaceae;Paenibacillus;Paenibacillus populi	1.0	1.0
Bacteria;Bacillati;Bacillota;Bacilli;Bacillales;Paenibacillaceae;Paenibacillus;Paenibacillus profundus	1.0	1.0
Bacteria;Pseudomonadati;Pseudomonadota;Alphaproteobacteria;Hyphomicrobiales;Reyranellaceae;Reyranella;Reyranella aquatilis	1.0	1.0
Bacteria;Pseudomonadati;Pseudomonadota;Alphaproteobacteria;Hyphomicrobiales;Rhizobiaceae;Ensifer;Ensifer adhaerens	1.0	1.0
Bacteria;Pseudomonadati;Pseudomonadota;Alphaproteobacteria;Hyphomicrobiales;Rhizobiaceae;Gellertiella;Gellertiella hungarica	1.0	1.0
Bacteria;Pseudomonadati;Pseudomonadota;Alphaproteobacteria;Hyphomicrobiales;Rhizobiaceae;Hoeflea;Hoeflea alexandrii	1.0	1.0
Bacteria;Pseudomonadati;Pseudomonadota;Alphaproteobacteria;Hyphomicrobiales;Rhizobiaceae;Mycoplana;Mycoplana dimorpha	1.0	1.0
Bacteria;Pseudomonadati;Pseudomonadota;Alphaproteobacteria;Hyphomicrobiales;Rhizobiaceae;Pseudorhizobium;Pseudorhizobium halotolerans	1.0	1.0
Bacteria;Pseudomonadati;Pseudomonadota;Alphaproteobacteria;Hyphomicrobiales;Rhizobiaceae;Rhizobium;Rhizobium alvei	1.0	1.0
Bacteria;Pseudomonadati;Pseudomonadota;Alphaproteobacteria;Hyphomicrobiales;Rhizobiaceae;Rhizobium;Rhizobium daejeonense	1.0	1.0
Bacteria;Pseudomonadati;Pseudomonadota;Alphaproteobacteria;Hyphomicrobiales;Parvibaculaceae;Parvibaculum;Parvibaculum sedimenti	1.0	1.0
Bacteria;Pseudomonadati;Pseudomonadota;Alphaproteobacteria;Hyphomicrobiales;Phyllobacteriaceae;Aliihoeflea;Aliihoeflea aestuarii	1.0	1.0
Bacteria;Pseudomonadati;Pseudomonadota;Alphaproteobacteria;Hyphomicrobiales;Phyllobacteriaceae;Aminobacter;Aminobacter aganoensis	1.0	1.0
Bacteria;Pseudomonadati;Pseudomonadota;Alphaproteobacteria;Hyphomicrobiales;Phyllobacteriaceae;Aminobacter;Aminobacter aminovorans	1.0	1.0
Bacteria;Pseudomonadati;Pseudomonadota;Alphaproteobacteria;Hyphomicrobiales;Phyllobacteriaceae;Aquamicrobium;Aquamicrobium aerolatum	1.0	1.0
Bacteria;Pseudomonadati;Pseudomonadota;Alphaproteobacteria;Hyphomicrobiales;Phyllobacteriaceae;Aquamicrobium;Aquamicrobium aestuarii	1.0	1.0
Bacteria;Pseudomonadati;Pseudomonadota;Alphaproteobacteria;Hyphomicrobiales;Phyllobacteriaceae;Mesorhizobium;Mesorhizobium comanense	1.0	1.0
Bacteria;Pseudomonadati;Pseudomonadota;Alphaproteobacteria;Hyphomicrobiales;Phyllobacteriaceae;Mesorhizobium;Mesorhizobium helmanticense	1.0	1.0
Bacteria;Pseudomonadati;Pseudomonadota;Alphaproteobacteria;Rhodospirillales;Azospirillaceae;Indioceanicola;Indioceanicola profundi	1.0	1.0
Bacteria;Pseudomonadati;Pseudomonadota;Alphaproteobacteria;Rhodospirillales;Azospirillaceae;Niveispirillum;Niveispirillum lacus	1.0	1.0
Bacteria;Pseudomonadati;Pseudomonadota;Alphaproteobacteria;Rhodospirillales;Dongiaceae;Aliidongia;Aliidongia dinghuensis	1.0	1.0
Bacteria;Pseudomonadati;Pseudomonadota;Alphaproteobacteria;Rhodospirillales;Dongiaceae;Dongia;Dongia rigui	1.0	1.0
Bacteria;Pseudomonadati;Pseudomonadota;Alphaproteobacteria;Rhodospirillales;Dongiaceae;Hypericibacter;Hypericibacter terrae	1.0	1.0
Bacteria;Pseudomonadati;Pseudomonadota;Alphaproteobacteria;Rhodospirillales;Rhodospirillaceae;Lacibacterium;Lacibacterium aquatile	1.0	1.0
Bacteria;Pseudomonadati;Pseudomonadota;Alphaproteobacteria;Rhodospirillales;Rhodospirillaceae;Marivibrio;Marivibrio halodurans	1.0	1.0
Bacteria;Pseudomonadati;Pseudomonadota;Alphaproteobacteria;Rhodospirillales;Rhodospirillaceae;Phaeovibrio;Phaeovibrio sulfidiphilus	1.0	1.0
Bacteria;Pseudomonadati;Pseudomonadota;Alphaproteobacteria;Rhodobacterales;Paracoccaceae;Paracoccus;Paracoccus huijuniae	1.0	1.0
Bacteria;Pseudomonadati;Pseudomonadota;Alphaproteobacteria;Rhodobacterales;Paracoccaceae;Paracoccus;Paracoccus kocurii	1.0	1.0
Bacteria;Pseudomonadati;Pseudomonadota;Alphaproteobacteria;Rhodobacterales;Paracoccaceae;Paracoccus;Paracoccus sphaerophysae	1.0	1.0
Bacteria;Pseudomonadati;Pseudomonadota;Alphaproteobacteria;Rhodobacterales;Paracoccaceae;Paracoccus;Paracoccus xiamenensis	1.0	1.0
Bacteria;Pseudomonadati;Pseudomonadota;Alphaproteobacteria;Rhodobacterales;Paracoccaceae;Pseudogemmobacter;Pseudogemmobacter bohemicus	1.0	1.0
Bacteria;Pseudomonadati;Pseudomonadota;Alphaproteobacteria;Rhodobacterales;Paracoccaceae;Tabrizicola;Tabrizicola soli	1.0	1.0
Bacteria;Pseudomonadati;Pseudomonadota;Alphaproteobacteria;Rhodobacterales;Rhodobacterales_Incertae_sedis;Rhodobacter;Rhodobacter sediminis	1.0	1.0
Bacteria;Pseudomonadati;Pseudomonadota;Alphaproteobacteria;Rhodobacterales;Roseobacteraceae;Ketogulonicigenium;Ketogulonicigenium vulgare	1.0	1.0
Bacteria;Pseudomonadati;Pseudomonadota;Alphaproteobacteria;Rhodobacterales;Paracoccaceae;Gemmobacter;Gemmobacter aquatilis	1.0	1.0
Bacteria;Pseudomonadati;Pseudomonadota;Alphaproteobacteria;Rhodobacterales;Paracoccaceae;Gemmobacter;Gemmobacter caeni	1.0	1.0
Bacteria;Pseudomonadati;Pseudomonadota;Alphaproteobacteria;Rhodobacterales;Paracoccaceae;Gemmobacter;Gemmobacter megaterium	1.0	1.0
Bacteria;Pseudomonadati;Pseudomonadota;Alphaproteobacteria;Rhodobacterales;Paracoccaceae;Haematobacter;Haematobacter massiliensis	1.0	1.0
Bacteria;Pseudomonadati;Pseudomonadota;Alphaproteobacteria;Rhodobacterales;Paracoccaceae;Neotabrizicola;Neotabrizicola shimadae	1.0	1.0
Bacteria;Pseudomonadati;Pseudomonadota;Alphaproteobacteria;Rhodobacterales;Paracoccaceae;Paracoccus;Paracoccus aurantiacus	1.0	1.0
Bacteria;Pseudomonadati;Pseudomonadota;Alphaproteobacteria;Rhodobacterales;Paracoccaceae;Paracoccus;Paracoccus endophyticus	1.0	1.0
Bacteria;Pseudomonadati;Pseudomonadota;Alphaproteobacteria;Rhodobacterales;Paracoccaceae;Paracoccus;Paracoccus gahaiensis	1.0	1.0
Bacteria;Pseudomonadati;Pseudomonadota;Alphaproteobacteria;Hyphomicrobiales;Rhizobiaceae;Rhizobium;Rhizobium giardinii	1.0	1.0
Bacteria;Pseudomonadati;Pseudomonadota;Alphaproteobacteria;Hyphomicrobiales;Rhizobiaceae;Rhizobium;Rhizobium rhizophilum	1.0	1.0
Bacteria;Pseudomonadati;Pseudomonadota;Alphaproteobacteria;Hyphomicrobiales;Rhizobiaceae;Rhizobium;Rhizobium rosettiformans	1.0	1.0
Bacteria;Pseudomonadati;Pseudomonadota;Alphaproteobacteria;Hyphomicrobiales;Rhizobiaceae;Rhizobium;Rhizobium sphaerophysae	1.0	1.0
Bacteria;Pseudomonadati;Pseudomonadota;Alphaproteobacteria;Hyphomicrobiales;Rhizobiaceae;Rhizobium;Rhizobium zeae	1.0	1.0
Bacteria;Pseudomonadati;Pseudomonadota;Alphaproteobacteria;Hyphomicrobiales;Xanthobacteraceae;Ancylobacter;Ancylobacter oerskovii	1.0	1.0
Bacteria;Pseudomonadati;Pseudomonadota;Alphaproteobacteria;Hyphomicrobiales;Xanthobacteraceae;Xanthobacter;Xanthobacter autotrophicus	1.0	1.0
Bacteria;Pseudomonadati;Pseudomonadota;Alphaproteobacteria;Rhodobacterales;Paracoccaceae;Frigidibacter;Frigidibacter albus	1.0	1.0
Bacteria;Bacillati;Bacillota;Bacilli;Bacillales;Paenibacillaceae;Paenibacillus;Paenibacillus curdlanolyticus	1.0	1.0
Bacteria;Bacillati;Bacillota;Bacilli;Bacillales;Paenibacillaceae;Paenibacillus;Paenibacillus daejeonensis	1.0	1.0
Bacteria;Bacillati;Bacillota;Bacilli;Bacillales;Paenibacillaceae;Paenibacillus;Paenibacillus filicis	1.0	1.0
Bacteria;Bacillati;Bacillota;Bacilli;Bacillales;Paenibacillaceae;Paenibacillus;Paenibacillus ginsengarvi	1.0	1.0
Bacteria;Bacillati;Bacillota;Bacilli;Bacillales;Paenibacillaceae;Paenibacillus;Paenibacillus granivorans	1.0	1.0
Bacteria;Bacillati;Bacillota;Bacilli;Bacillales;Paenibacillaceae;Paenibacillus;Paenibacillus intestini	1.0	1.0
Bacteria;Bacillati;Bacillota;Bacilli;Bacillales;Paenibacillaceae;Paenibacillus;Paenibacillus lentimorbus	1.0	1.0
Bacteria;Bacillati;Bacillota;Bacilli;Bacillales;Paenibacillaceae;Paenibacillus;Paenibacillus macquariensis	1.0	1.0
Bacteria;Bacillati;Bacillota;Bacilli;Bacillales;Paenibacillaceae;Paenibacillus;Paenibacillus aceris	1.0	1.0
Bacteria;Bacillati;Bacillota;Bacilli;Bacillales;Paenibacillaceae;Paenibacillus;Paenibacillus antri	1.0	1.0
Bacteria;Bacillati;Bacillota;Bacilli;Bacillales;Paenibacillaceae;Paenibacillus;Paenibacillus borealis	1.0	1.0
Bacteria;Bacillati;Bacillota;Bacilli;Bacillales;Paenibacillaceae;Paenibacillus;Paenibacillus camelliae	1.0	1.0
Bacteria;Bacillati;Bacillota;Bacilli;Bacillales;Paenibacillaceae;Paenibacillus;Paenibacillus cavernae	1.0	1.0
Bacteria;Bacillati;Bacillota;Bacilli;Bacillales;Paenibacillaceae;Paenibacillus;Paenibacillus chinjuensis	1.0	1.0
Bacteria;Bacillati;Bacillota;Bacilli;Bacillales;Paenibacillaceae;Paenibacillus;Paenibacillus cisolokensis	1.0	1.0
Bacteria;Bacillati;Bacillota;Bacilli;Bacillales;Paenibacillaceae;Paenibacillus;Paenibacillus contaminans	1.0	1.0
Bacteria;Pseudomonadati;Pseudomonadota;Alphaproteobacteria;Sphingomonadales;Sphingomonadaceae;Sphingobium;Sphingobium baderi	1.0	1.0
Bacteria;Pseudomonadati;Pseudomonadota;Alphaproteobacteria;Sphingomonadales;Sphingomonadaceae;Sphingobium;Sphingobium jiangsuense	1.0	1.0
Bacteria;Pseudomonadati;Pseudomonadota;Alphaproteobacteria;Sphingomonadales;Sphingomonadaceae;Sphingobium;Sphingobium qiguonii	1.0	1.0
Bacteria;Pseudomonadati;Pseudomonadota;Alphaproteobacteria;Sphingomonadales;Sphingomonadaceae;Sphingobium;Sphingobium xanthum	1.0	1.0
Bacteria;Pseudomonadati;Pseudomonadota;Alphaproteobacteria;Sphingomonadales;Sphingomonadaceae;Sphingobium;Sphingobium yanoikuyae	1.0	1.0
Bacteria;Pseudomonadati;Pseudomonadota;Alphaproteobacteria;Sphingomonadales;Sphingomonadaceae;Sphingomonas;Sphingomonas chloroacetimidivorans	1.0	1.0
Bacteria;Pseudomonadati;Pseudomonadota;Alphaproteobacteria;Sphingomonadales;Sphingomonadaceae;Sphingomonas;Sphingomonas daechungensis	1.0	1.0
Bacteria;Pseudomonadati;Pseudomonadota;Betaproteobacteria;Burkholderiales;Alcaligenaceae;Achromobacter;Achromobacter mucicolens	1.0	1.0
Bacteria;Pseudomonadati;Pseudomonadota;Alphaproteobacteria;Rhodospirillales;Stellaceae;Stella;Stella vacuolata	1.0	1.0
Bacteria;Pseudomonadati;Pseudomonadota;Alphaproteobacteria;Sphingomonadales;Erythrobacteraceae;Alteraurantiacibacter;Alteraurantiacibacter aquimixticola	1.0	1.0
Bacteria;Pseudomonadati;Pseudomonadota;Alphaproteobacteria;Sphingomonadales;Erythrobacteraceae;Altererythrobacter;Altererythrobacter segetis	1.0	1.0
Bacteria;Pseudomonadati;Pseudomonadota;Alphaproteobacteria;Sphingomonadales;Erythrobacteraceae;Erythrobacter;Erythrobacter donghaensis	1.0	1.0
Bacteria;Pseudomonadati;Pseudomonadota;Alphaproteobacteria;Sphingomonadales;Erythrobacteraceae;Tsuneonella;Tsuneonella suprasediminis	1.0	1.0
Bacteria;Pseudomonadati;Pseudomonadota;Alphaproteobacteria;Sphingomonadales;Sphingomonadaceae;Novosphingobium;Novosphingobium arabidopsis	1.0	1.0
Bacteria;Pseudomonadati;Pseudomonadota;Alphaproteobacteria;Sphingomonadales;Sphingomonadaceae;Novosphingobium;Novosphingobium bradum	1.0	1.0
Bacteria;Pseudomonadati;Pseudomonadota;Alphaproteobacteria;Sphingomonadales;Sphingomonadaceae;Novosphingobium;Novosphingobium humi	1.0	1.0
Bacteria;Bacillati;Bacillota;Bacilli;Bacillales;Bacillaceae;Lysinibacillus;Lysinibacillus pakistanensis	1.0	1.0
Bacteria;Bacillati;Bacillota;Bacilli;Bacillales;Bacillaceae;Lysinibacillus;Lysinibacillus timonensis	1.0	1.0
Bacteria;Bacillati;Bacillota;Bacilli;Bacillales;Bacillaceae;Metabacillus;Metabacillus litoralis	1.0	1.0
Bacteria;Bacillati;Bacillota;Bacilli;Bacillales;Bacillaceae;Neobacillus;Neobacillus drentensis	1.0	1.0
Bacteria;Bacillati;Bacillota;Bacilli;Bacillales;Bacillaceae;Neobacillus;Neobacillus sedimentimangrovi	1.0	1.0
Bacteria;Bacillati;Bacillota;Bacilli;Bacillales;Bacillaceae;Numidum;Numidum massiliense	1.0	1.0
Bacteria;Bacillati;Bacillota;Bacilli;Bacillales;Bacillaceae;Oceanobacillus;Oceanobacillus rekensis	1.0	1.0
Bacteria;Bacillati;Bacillota;Bacilli;Bacillales;Bacillaceae;Peribacillus;Peribacillus faecalis	1.0	1.0
Bacteria;Pseudomonadati;Pseudomonadota;Betaproteobacteria;Burkholderiales;Alcaligenaceae;Castellaniella;Castellaniella daejeonensis	1.0	1.0
Bacteria;Pseudomonadati;Pseudomonadota;Betaproteobacteria;Burkholderiales;Alcaligenaceae;Paracandidimonas;Paracandidimonas soli	1.0	1.0
Bacteria;Pseudomonadati;Pseudomonadota;Betaproteobacteria;Burkholderiales;Alcaligenaceae;Paralcaligenes;Paralcaligenes ginsengisoli	1.0	1.0
Bacteria;Pseudomonadati;Pseudomonadota;Betaproteobacteria;Burkholderiales;Alcaligenaceae;Pusillimonas;Pusillimonas caeni	1.0	1.0
Bacteria;Pseudomonadati;Pseudomonadota;Betaproteobacteria;Burkholderiales;Burkholderiaceae;Quisquiliibacterium;Quisquiliibacterium transsilvanicum	1.0	1.0
Bacteria;Pseudomonadati;Pseudomonadota;Betaproteobacteria;Burkholderiales;Burkholderiales_Incertae_sedis;Thiomonas;Thiomonas arsenitoxydans	1.0	1.0
Bacteria;Pseudomonadati;Pseudomonadota;Betaproteobacteria;Burkholderiales;Burkholderiales_Incertae_sedis;Thiomonas;Thiomonas intermedia	1.0	1.0
Bacteria;Bacillati;Bacillota;Bacilli;Bacillales;Bacillaceae;Lysinibacillus;Lysinibacillus fusiformis	1.0	1.0
Bacteria;Bacillati;Bacillota;Bacilli;Bacillales;Caryophanaceae;Ureibacillus;Ureibacillus sinduriensis	1.0	1.0
Bacteria;Bacillati;Bacillota;Bacilli;Bacillales;Paenibacillaceae;Ammoniibacillus;Ammoniibacillus agariperforans	1.0	1.0
Bacteria;Bacillati;Bacillota;Bacilli;Bacillales;Paenibacillaceae;Ammoniphilus;Ammoniphilus oxalaticus	1.0	1.0
Bacteria;Bacillati;Bacillota;Bacilli;Bacillales;Paenibacillaceae;Ammoniphilus;Ammoniphilus resinae	1.0	1.0
Bacteria;Bacillati;Bacillota;Bacilli;Bacillales;Paenibacillaceae;Brevibacillus;Brevibacillus nitrificans	1.0	1.0
Bacteria;Pseudomonadati;Pseudomonadota;Betaproteobacteria;Burkholderiales;Alcaligenaceae;Bordetella;Bordetella petrii	1.0	1.0
Bacteria;Pseudomonadati;Pseudomonadota;Betaproteobacteria;Burkholderiales;Alcaligenaceae;Caenimicrobium;Caenimicrobium hargitense	1.0	1.0
Bacteria;Pseudomonadati;Pseudomonadota;Betaproteobacteria;Burkholderiales;Alcaligenaceae;Candidimonas;Candidimonas nitroreducens	1.0	1.0
Bacteria;Bacillati;Bacillota;Bacilli;Bacillales;Paenibacillaceae;Paenibacillus;Paenibacillus marinum	1.0	1.0
Bacteria;Bacillati;Bacillota;Bacilli;Bacillales;Bacillales_Incertae_sedis;Exiguobacterium;Exiguobacterium aurantiacum	1.0	1.0
Bacteria;Bacillati;Bacillota;Bacilli;Bacillales;Caryophanaceae;Bhargavaea;Bhargavaea cecembensis	1.0	1.0
Bacteria;Bacillati;Bacillota;Bacilli;Bacillales;Caryophanaceae;Bhargavaea;Bhargavaea indica	1.0	1.0
Bacteria;Bacillati;Bacillota;Bacilli;Bacillales;Caryophanaceae;Jeotgalibacillus;Jeotgalibacillus malaysiensis	1.0	1.0
Bacteria;Bacillati;Bacillota;Bacilli;Bacillales;Caryophanaceae;Savagea;Savagea faecisuis	1.0	1.0
Bacteria;Bacillati;Bacillota;Bacilli;Bacillales;Caryophanaceae;Sporosarcina;Sporosarcina pasteurii	1.0	1.0
Bacteria;Bacillati;Bacillota;Bacilli;Bacillales;Caryophanaceae;Sporosarcina;Sporosarcina psychrophila	1.0	1.0
Bacteria;Bacillati;Bacillota;Bacilli;Bacillales;Bacillaceae;Heyndrickxia;Heyndrickxia shackletonii	1.0	1.0
Bacteria;Bacillati;Bacillota;Bacilli;Bacillales;Bacillaceae;Lysinibacillus;Lysinibacillus cavernae	1.0	1.0
Bacteria;Bacillati;Bacillota;Bacilli;Bacillales;Bacillaceae;Lysinibacillus;Lysinibacillus endophyticus	1.0	1.0
Bacteria;Bacillati;Actinomycetota;Thermoleophilia;Solirubrobacterales;Patulibacteraceae;Patulibacter;Patulibacter ginsengiterrae	1.0	1.0
Bacteria;Bacillati;Actinomycetota;Thermoleophilia;Solirubrobacterales;Solirubrobacteraceae;Solirubrobacter;Solirubrobacter ginsenosidimutans	1.0	1.0
Bacteria;Bacillati;Actinomycetota;Thermoleophilia;Solirubrobacterales;Solirubrobacteraceae;Solirubrobacter;Solirubrobacter phytolaccae	1.0	1.0
Bacteria;Bacillati;Armatimonadota;Chthonomonadia;Chthonomonadales;Chthonomonadaceae;Chthonomonas;Chthonomonas calidirosea	1.0	1.0
Bacteria;Bacillati;Bacillota;Bacilli;Bacillales;Alicyclobacillaceae;Tumebacillus;Tumebacillus avium	1.0	1.0
Bacteria;Bacillati;Bacillota;Bacilli;Bacillales;Bacillaceae;Bacillus;Bacillus suaedae	1.0	1.0
Bacteria;Bacillati;Bacillota;Bacilli;Bacillales;Bacillaceae;Bacillus;Bacillus swezeyi	1.0	1.0
Bacteria;Bacillati;Bacillota;Bacilli;Bacillales;Bacillaceae;Bacillus;Bacillus testis	1.0	1.0
Bacteria;Bacillati;Bacillota;Bacilli;Bacillales;Bacillaceae;Bacillus;Bacillus toyonensis	1.0	1.0
Bacteria;Bacillati;Bacillota;Bacilli;Bacillales;Bacillaceae;Calculibacillus;Calculibacillus koreensis	1.0	1.0
Bacteria;Bacillati;Bacillota;Bacilli;Bacillales;Bacillaceae;Caldalkalibacillus;Caldalkalibacillus mannanilyticus	1.0	1.0
Bacteria;Bacillati;Bacillota;Bacilli;Bacillales;Bacillaceae;Halobacillus;Halobacillus fulvus	1.0	1.0
Bacteria;Bacillati;Bacillota;Bacilli;Bacillales;Bacillaceae;Heyndrickxia;Heyndrickxia ginsengihumi	1.0	1.0
Bacteria;Pseudomonadati;Pseudomonadota;Betaproteobacteria;Burkholderiales;Burkholderiales_Incertae_sedis;Xylophilus;Xylophilus rhododendri	1.0	1.0
Bacteria;Pseudomonadati;Pseudomonadota;Betaproteobacteria;Burkholderiales;Comamonadaceae;Comamonas;Comamonas antarctica	1.0	1.0
Bacteria;Pseudomonadati;Pseudomonadota;Betaproteobacteria;Burkholderiales;Comamonadaceae;Comamonas;Comamonas badia	1.0	1.0
Bacteria;Pseudomonadati;Pseudomonadota;Betaproteobacteria;Burkholderiales;Comamonadaceae;Comamonas;Comamonas faecalis	1.0	1.0
Bacteria;Pseudomonadati;Pseudomonadota;Betaproteobacteria;Burkholderiales;Comamonadaceae;Comamonas;Comamonas piscis	1.0	1.0
Bacteria;Bacillati;Bacillota;Bacilli;Bacillales;Bacillaceae;Bacillus;Bacillus mycoides	1.0	1.0
Bacteria;Bacillati;Bacillota;Bacilli;Bacillales;Bacillaceae;Bacillus;Bacillus rugosus	1.0	1.0
Bacteria;Bacillati;Bacillota;Bacilli;Bacillales;Bacillaceae;Bacillus;Bacillus songklensis	1.0	1.0
Bacteria;Bacillati;Bacillota;Bacilli;Bacillales;Bacillaceae;Peribacillus;Peribacillus frigoritolerans	1.0	1.0
Bacteria;Bacillati;Bacillota;Bacilli;Bacillales;Bacillaceae;Pseudalkalibacillus;Pseudalkalibacillus berkeleyi	1.0	1.0
Bacteria;Bacillati;Bacillota;Bacilli;Bacillales;Bacillaceae;Pueribacillus;Pueribacillus theae	1.0	1.0
Bacteria;Bacillati;Bacillota;Bacilli;Bacillales;Bacillaceae;Shouchella;Shouchella xiaoxiensis	1.0	1.0
Bacteria;Bacillati;Bacillota;Bacilli;Bacillales;Bacillaceae;Tepidibacillus;Tepidibacillus decaturensis	1.0	1.0
Bacteria;Bacillati;Bacillota;Bacilli;Bacillales;Bacillaceae;Virgibacillus;Virgibacillus ndiopensis	1.0	1.0
Bacteria;Pseudomonadati;Pseudomonadota;Betaproteobacteria;Burkholderiales;Burkholderiales_Incertae_sedis;Thiomonas;Thiomonas perometabolis	1.0	1.0
Bacteria;Pseudomonadati;Pseudomonadota;Betaproteobacteria;Burkholderiales;Burkholderiales_Incertae_sedis;Xylophilus;Xylophilus ampelinus	1.0	1.0
Bacteria;Bacillati;Actinomycetota;Actinomycetes;Propionibacteriales;Propionibacteriaceae;Naumannella;Naumannella huperziae	1.0	1.0
Bacteria;Bacillati;Actinomycetota;Actinomycetes;Propionibacteriales;Propionibacteriaceae;Parenemella;Parenemella sanctibonifatiensis	1.0	1.0
Bacteria;Bacillati;Actinomycetota;Actinomycetes;Propionibacteriales;Propionibacteriaceae;Propionibacterium;Propionibacterium australiense	1.0	1.0
Bacteria;Bacillati;Actinomycetota;Actinomycetes;Propionibacteriales;Propionibacteriaceae;Propionibacterium;Propionibacterium cyclohexanicum	1.0	1.0
Bacteria;Bacillati;Actinomycetota;Actinomycetes;Propionibacteriales;Propionibacteriaceae;Propionibacterium;Propionibacterium westphaliense	1.0	1.0
Bacteria;Bacillati;Actinomycetota;Actinomycetes;Propionibacteriales;Propionibacteriaceae;Raineyella;Raineyella fluvialis	1.0	1.0
Bacteria;Bacillati;Actinomycetota;Actinomycetes;Propionibacteriales;Propionibacteriaceae;Tessaracoccus;Tessaracoccus flavus	1.0	1.0
Bacteria;Bacillati;Actinomycetota;Actinomycetes;Propionibacteriales;Propionibacteriaceae;Tessaracoccus;Tessaracoccus oleiagri	1.0	1.0
Bacteria;Pseudomonadati;Pseudomonadota;Betaproteobacteria;Burkholderiales;Comamonadaceae;Diaphorobacter;Diaphorobacter aerolatus	1.0	1.0
Bacteria;Pseudomonadati;Pseudomonadota;Betaproteobacteria;Burkholderiales;Comamonadaceae;Hydrogenophaga;Hydrogenophaga intermedia	1.0	1.0
Bacteria;Pseudomonadati;Pseudomonadota;Betaproteobacteria;Burkholderiales;Comamonadaceae;Hydrogenophaga;Hydrogenophaga taeniospiralis	1.0	1.0
Bacteria;Pseudomonadati;Pseudomonadota;Betaproteobacteria;Burkholderiales;Comamonadaceae;Limnohabitans;Limnohabitans curvus	1.0	1.0
Bacteria;Pseudomonadati;Pseudomonadota;Betaproteobacteria;Burkholderiales;Comamonadaceae;Limnohabitans;Limnohabitans parvus	1.0	1.0
Bacteria;Pseudomonadati;Pseudomonadota;Betaproteobacteria;Burkholderiales;Comamonadaceae;Limnohabitans;Limnohabitans radicicola	1.0	1.0
Bacteria;Bacillati;Actinomycetota;Actinomycetes;Propionibacteriales;Propionibacteriaceae;Microlunatus;Microlunatus panaciterrae	1.0	1.0
Bacteria;Bacillati;Actinomycetota;Actinomycetes;Propionibacteriales;Propionibacteriaceae;Naumannella;Naumannella halotolerans	1.0	1.0
Bacteria;Bacillati;Bacillota;Bacilli;Bacillales;Bacillaceae;Bacillus;Bacillus hominis	1.0	1.0
Bacteria;Bacillati;Bacillota;Bacilli;Bacillales;Bacillaceae;Bacillus;Bacillus inaquosorum	1.0	1.0
Bacteria;Bacillati;Actinomycetota;Coriobacteriia;Coriobacteriales;Atopobiaceae;Parolsenella;Parolsenella catena	1.0	1.0
Bacteria;Bacillati;Actinomycetota;Coriobacteriia;Coriobacteriales;Coriobacteriaceae;Collinsella;Collinsella intestinalis	1.0	1.0
Bacteria;Bacillati;Actinomycetota;Coriobacteriia;Eggerthellales;Eggerthellaceae;Arabiibacter;Arabiibacter massiliensis	1.0	1.0
Bacteria;Bacillati;Actinomycetota;Coriobacteriia;Eggerthellales;Eggerthellaceae;Denitrobacterium;Denitrobacterium detoxificans	1.0	1.0
Bacteria;Bacillati;Actinomycetota;Coriobacteriia;Eggerthellales;Eggerthellaceae;Eggerthella;Eggerthella timonensis	1.0	1.0
Bacteria;Pseudomonadati;Pseudomonadota;Betaproteobacteria;Burkholderiales;Comamonadaceae;Curvibacter;Curvibacter gracilis	1.0	1.0
Bacteria;Bacillati;Bacillota;Bacilli;Bacillales;Anoxybacillaceae;Anoxybacteroides;Anoxybacteroides rupiense	1.0	1.0
Bacteria;Bacillati;Bacillota;Bacilli;Bacillales;Anoxybacillaceae;Geobacillus;Geobacillus thermocatenulatus	1.0	1.0
Bacteria;Bacillati;Bacillota;Bacilli;Bacillales;Bacillaceae;Aeribacillus;Aeribacillus pallidus	1.0	1.0
Bacteria;Bacillati;Bacillota;Bacilli;Bacillales;Bacillaceae;Alkalicoccobacillus;Alkalicoccobacillus plakortidis	1.0	1.0
Bacteria;Bacillati;Bacillota;Bacilli;Bacillales;Bacillaceae;Alkalihalobacillus;Alkalihalobacillus trypoxylicola	1.0	1.0
Bacteria;Bacillati;Bacillota;Bacilli;Bacillales;Bacillaceae;Bacillus;Bacillus daqingensis	1.0	1.0
Bacteria;Bacillati;Bacillota;Bacilli;Bacillales;Bacillaceae;Bacillus;Bacillus fungorum	1.0	1.0
Bacteria;Bacillati;Bacillota;Bacilli;Bacillales;Bacillaceae;Bacillus;Bacillus haynesii	1.0	1.0
Bacteria;Bacillati;Actinomycetota;Actinomycetes;Mycobacteriales;Nocardiaceae;Rhodococcus;Rhodococcus wratislaviensis	1.0	1.0
Bacteria;Bacillati;Actinomycetota;Actinomycetes;Mycobacteriales;Tsukamurellaceae;Tsukamurella;Tsukamurella ocularis	1.0	1.0
Bacteria;Bacillati;Actinomycetota;Actinomycetes;Propionibacteriales;Nocardioidaceae;Aeromicrobium;Aeromicrobium alkaliterrae	1.0	1.0
Bacteria;Bacillati;Actinomycetota;Actinomycetes;Propionibacteriales;Nocardioidaceae;Aeromicrobium;Aeromicrobium fastidiosum	1.0	1.0
Bacteria;Bacillati;Actinomycetota;Actinomycetes;Propionibacteriales;Nocardioidaceae;Aeromicrobium;Aeromicrobium ginsengisoli	1.0	1.0
Bacteria;Bacillati;Actinomycetota;Actinomycetes;Propionibacteriales;Nocardioidaceae;Nocardioides;Nocardioides acrostichi	1.0	1.0
Bacteria;Bacillati;Actinomycetota;Actinomycetes;Propionibacteriales;Nocardioidaceae;Nocardioides;Nocardioides alpinus	1.0	1.0
Bacteria;Bacillati;Actinomycetota;Actinomycetes;Propionibacteriales;Nocardioidaceae;Nocardioides;Nocardioides ginkgobilobae	1.0	1.0
Bacteria;Pseudomonadati;Pseudomonadota;Betaproteobacteria;Burkholderiales;Sphaerotilaceae;Azohydromonas;Azohydromonas sediminis	1.0	1.0
Bacteria;Pseudomonadati;Pseudomonadota;Betaproteobacteria;Burkholderiales;Sphaerotilaceae;Caldimonas;Caldimonas hydrothermale	1.0	1.0
Bacteria;Pseudomonadati;Pseudomonadota;Betaproteobacteria;Burkholderiales;Sphaerotilaceae;Ideonella;Ideonella livida	1.0	1.0
Bacteria;Pseudomonadati;Pseudomonadota;Betaproteobacteria;Burkholderiales;Sphaerotilaceae;Piscinibacter;Piscinibacter gummiphilus	1.0	1.0
Bacteria;Bacillati;Actinomycetota;Actinomycetes;Mycobacteriales;Mycobacteriaceae;Mycolicibacterium;Mycolicibacterium palauense	1.0	1.0
Bacteria;Bacillati;Actinomycetota;Actinomycetes;Mycobacteriales;Mycobacteriaceae;Mycolicibacterium;Mycolicibacterium parafortuitum	1.0	1.0
Bacteria;Bacillati;Actinomycetota;Actinomycetes;Mycobacteriales;Nocardiaceae;Prescottella;Prescottella agglutinans	1.0	1.0
Bacteria;Bacillati;Actinomycetota;Actinomycetes;Mycobacteriales;Nocardiaceae;Prescottella;Prescottella equi	1.0	1.0
Bacteria;Pseudomonadati;Pseudomonadota;Betaproteobacteria;Burkholderiales;Comamonadaceae;Ottowia;Ottowia pentelensis	1.0	1.0
Bacteria;Pseudomonadati;Pseudomonadota;Betaproteobacteria;Burkholderiales;Comamonadaceae;Ottowia;Ottowia testudinis	1.0	1.0
Bacteria;Pseudomonadati;Pseudomonadota;Betaproteobacteria;Burkholderiales;Comamonadaceae;Pseudorhodoferax;Pseudorhodoferax soli	1.0	1.0
Bacteria;Pseudomonadati;Pseudomonadota;Betaproteobacteria;Burkholderiales;Comamonadaceae;Rhodoferax;Rhodoferax ferrireducens	1.0	1.0
Bacteria;Pseudomonadati;Pseudomonadota;Betaproteobacteria;Burkholderiales;Comamonadaceae;Serpentinimonas;Serpentinimonas raichei	1.0	1.0
Bacteria;Pseudomonadati;Pseudomonadota;Betaproteobacteria;Burkholderiales;Comamonadaceae;Simplicispira;Simplicispira suum	1.0	1.0
Bacteria;Pseudomonadati;Pseudomonadota;Betaproteobacteria;Burkholderiales;Comamonadaceae;Variovorax;Variovorax paradoxus	1.0	1.0
Bacteria;Pseudomonadati;Pseudomonadota;Betaproteobacteria;Burkholderiales;Oxalobacteraceae;Noviherbaspirillum;Noviherbaspirillum soli	1.0	1.0
Bacteria;Bacillati;Actinomycetota;Actinomycetes;Propionibacteriales;Propionibacteriaceae;Tessaracoccus;Tessaracoccus profundi	1.0	1.0
Bacteria;Bacillati;Actinomycetota;Actinomycetes;Sporichthyales;Sporichthyaceae;Epidermidibacterium;Epidermidibacterium keratini	1.0	1.0
Bacteria;Bacillati;Actinomycetota;Actinomycetes;Streptosporangiales;Nocardiopsidaceae;Nocardiopsis;Nocardiopsis flavescens	1.0	1.0
Bacteria;Bacillati;Actinomycetota;Actinomycetes;Streptosporangiales;Nocardiopsidaceae;Thermobifida;Thermobifida fusca	1.0	1.0
Bacteria;Bacillati;Actinomycetota;Coriobacteriia;Coriobacteriales;Atopobiaceae;Atopobium;Atopobium massiliense	1.0	1.0
Bacteria;Bacillati;Actinomycetota;Coriobacteriia;Coriobacteriales;Atopobiaceae;Atopobium;Atopobium minutum	1.0	1.0
Bacteria;Bacillati;Actinomycetota;Coriobacteriia;Coriobacteriales;Atopobiaceae;Lancefieldella;Lancefieldella rimae	1.0	1.0
Bacteria;Bacillati;Actinomycetota;Coriobacteriia;Coriobacteriales;Atopobiaceae;Olsenella;Olsenella congonensis	1.0	1.0
Bacteria;Bacillati;Actinomycetota;Actinomycetes;Mycobacteriales;Gordoniaceae;Gordonia;Gordonia hirsuta	1.0	1.0
Bacteria;Bacillati;Actinomycetota;Actinomycetes;Mycobacteriales;Gordoniaceae;Gordonia;Gordonia rubripertincta	1.0	1.0
Bacteria;Bacillati;Actinomycetota;Actinomycetes;Mycobacteriales;Gordoniaceae;Gordonia;Gordonia soli	1.0	1.0
Bacteria;Bacillati;Actinomycetota;Actinomycetes;Mycobacteriales;Gordoniaceae;Gordonia;Gordonia terrae	1.0	1.0
Bacteria;Bacillati;Actinomycetota;Actinomycetes;Mycobacteriales;Mycobacteriaceae;Mycolicibacillus;Mycolicibacillus parakoreensis	1.0	1.0
Bacteria;Bacillati;Actinomycetota;Actinomycetes;Mycobacteriales;Mycobacteriaceae;Mycolicibacter;Mycolicibacter arupensis	1.0	1.0
Bacteria;Bacillati;Actinomycetota;Actinomycetes;Mycobacteriales;Mycobacteriaceae;Mycolicibacter;Mycolicibacter heraklionensis	1.0	1.0
Bacteria;Bacillati;Actinomycetota;Actinomycetes;Mycobacteriales;Mycobacteriaceae;Mycolicibacter;Mycolicibacter terrae	1.0	1.0
Bacteria;Pseudomonadati;Pseudomonadota;Betaproteobacteria;Nitrosomonadales;Methylophilaceae;Pseudomethylobacillus;Pseudomethylobacillus aquaticus	1.0	1.0
Bacteria;Pseudomonadati;Pseudomonadota;Betaproteobacteria;Nitrosomonadales;Sterolibacteriaceae;Methyloversatilis;Methyloversatilis thermotolerans	1.0	1.0
Bacteria;Pseudomonadati;Pseudomonadota;Betaproteobacteria;Nitrosomonadales;Thiobacillaceae;Thiobacillus;Thiobacillus sajanensis	1.0	1.0
Bacteria;Pseudomonadati;Pseudomonadota;Betaproteobacteria;Rhodocyclales;Rhodocyclaceae;Aromatoleum;Aromatoleum anaerobium	1.0	1.0
Bacteria;Pseudomonadati;Pseudomonadota;Betaproteobacteria;Rhodocyclales;Rhodocyclaceae;Aromatoleum;Aromatoleum petrolei	1.0	1.0
Bacteria;Bacillati;Actinomycetota;Actinomycetes;Mycobacteriales;Corynebacteriaceae;Corynebacterium;Corynebacterium urealyticum	1.0	1.0
Bacteria;Bacillati;Actinomycetota;Actinomycetes;Mycobacteriales;Dietziaceae;Dietzia;Dietzia psychralcaliphila	1.0	1.0
Bacteria;Bacillati;Actinomycetota;Actinomycetes;Mycobacteriales;Gordoniaceae;Gordonia;Gordonia bronchialis	1.0	1.0
Bacteria;Pseudomonadati;Pseudomonadota;Betaproteobacteria;Burkholderiales;Sphaerotilaceae;Pseudaquabacterium;Pseudaquabacterium pictum	1.0	1.0
Bacteria;Pseudomonadati;Pseudomonadota;Betaproteobacteria;Burkholderiales;Sphaerotilaceae;Pseudaquabacterium;Pseudaquabacterium terrae	1.0	1.0
Bacteria;Pseudomonadati;Pseudomonadota;Betaproteobacteria;Burkholderiales;Sphaerotilaceae;Roseateles;Roseateles saccharophilus	1.0	1.0
Bacteria;Pseudomonadati;Pseudomonadota;Betaproteobacteria;Burkholderiales;Sutterellaceae;Sutterella;Sutterella massiliensis	1.0	1.0
Bacteria;Pseudomonadati;Pseudomonadota;Betaproteobacteria;Neisseriales;Neisseriaceae;Neisseria;Neisseria animaloris	1.0	1.0
Bacteria;Pseudomonadati;Pseudomonadota;Betaproteobacteria;Neisseriales;Neisseriaceae;Prolinoborus;Prolinoborus fasciculus	1.0	1.0
Bacteria;Pseudomonadati;Pseudomonadota;Betaproteobacteria;Nitrosomonadales;Methylophilaceae;Methylotenera;Methylotenera oryzisoli	1.0	1.0
Bacteria;Pseudomonadati;Pseudomonadota;Betaproteobacteria;Nitrosomonadales;Methylophilaceae;Methylovorus;Methylovorus menthalis	1.0	1.0
Bacteria;Bacillati;Actinomycetota;Actinomycetes;Propionibacteriales;Nocardioidaceae;Nocardioides;Nocardioides halotolerans	1.0	1.0
Bacteria;Bacillati;Actinomycetota;Actinomycetes;Propionibacteriales;Nocardioidaceae;Nocardioides;Nocardioides jishulii	1.0	1.0
Bacteria;Bacillati;Actinomycetota;Actinomycetes;Propionibacteriales;Nocardioidaceae;Nocardioides;Nocardioides malaquae	1.0	1.0
Bacteria;Bacillati;Actinomycetota;Actinomycetes;Propionibacteriales;Nocardioidaceae;Nocardioides;Nocardioides oleivorans	1.0	1.0
Bacteria;Bacillati;Actinomycetota;Actinomycetes;Propionibacteriales;Nocardioidaceae;Nocardioides;Nocardioides rotundus	1.0	1.0
Bacteria;Bacillati;Actinomycetota;Actinomycetes;Propionibacteriales;Nocardioidaceae;Nocardioides;Nocardioides suum	1.0	1.0
Bacteria;Bacillati;Actinomycetota;Actinomycetes;Propionibacteriales;Propionibacteriaceae;Arachnia;[Pseudopropionibacterium] massiliense	1.0	1.0
Bacteria;Bacillati;Actinomycetota;Actinomycetes;Propionibacteriales;Propionibacteriaceae;Luteococcus;Luteococcus peritonei	1.0	1.0
Bacteria;Bacillati;Actinomycetota;Actinomycetes;Mycobacteriales;Corynebacteriaceae;Corynebacterium;Corynebacterium alimapuense	1.0	1.0
Bacteria;Bacillati;Actinomycetota;Actinomycetes;Mycobacteriales;Corynebacteriaceae;Corynebacterium;Corynebacterium argentoratense	1.0	1.0
Bacteria;Bacillati;Actinomycetota;Actinomycetes;Mycobacteriales;Corynebacteriaceae;Corynebacterium;Corynebacterium bovis	1.0	1.0
Bacteria;Bacillati;Actinomycetota;Actinomycetes;Mycobacteriales;Corynebacteriaceae;Corynebacterium;Corynebacterium comes	1.0	1.0
Bacteria;Bacillati;Actinomycetota;Actinomycetes;Mycobacteriales;Corynebacteriaceae;Corynebacterium;Corynebacterium endometrii	1.0	1.0
Bacteria;Bacillati;Actinomycetota;Actinomycetes;Mycobacteriales;Corynebacteriaceae;Corynebacterium;Corynebacterium glutamicum	1.0	1.0
Bacteria;Bacillati;Actinomycetota;Actinomycetes;Mycobacteriales;Corynebacteriaceae;Corynebacterium;Corynebacterium halotolerans	1.0	1.0
Bacteria;Bacillati;Actinomycetota;Actinomycetes;Mycobacteriales;Corynebacteriaceae;Corynebacterium;Corynebacterium liangguodongii	1.0	1.0
Bacteria;Pseudomonadati;Pseudomonadota;Gammaproteobacteria;Enterobacterales;Enterobacteriaceae;Shigella;Shigella boydii	1.0	1.0
Bacteria;Pseudomonadati;Pseudomonadota;Gammaproteobacteria;Legionellales;Legionellaceae;Legionella;Legionella brunensis	1.0	1.0
Bacteria;Pseudomonadati;Pseudomonadota;Gammaproteobacteria;Legionellales;Legionellaceae;Legionella;Legionella norrlandica	1.0	1.0
Bacteria;Pseudomonadati;Pseudomonadota;Gammaproteobacteria;Legionellales;Legionellaceae;Legionella;Legionella qingyii	1.0	1.0
Bacteria;Pseudomonadati;Pseudomonadota;Gammaproteobacteria;Legionellales;Legionellaceae;Legionella;Legionella taurinensis	1.0	1.0
Bacteria;Pseudomonadati;Pseudomonadota;Gammaproteobacteria;Legionellales;Legionellaceae;Legionella;Legionella tucsonensis	1.0	1.0
Bacteria;Pseudomonadati;Pseudomonadota;Gammaproteobacteria;Legionellales;Legionellaceae;Legionella;Legionella tunisiensis	1.0	1.0
Bacteria;Bacillati;Actinomycetota;Actinomycetes;Motilibacterales;Motilibacteraceae;Motilibacter;Motilibacter deserti	1.0	1.0
Bacteria;Pseudomonadati;Pseudomonadota;Betaproteobacteria;Rhodocyclales;Rhodocyclaceae;Propionivibrio;Propionivibrio pelophilus	1.0	1.0
Bacteria;Pseudomonadati;Pseudomonadota;Betaproteobacteria;Rhodocyclales;Rhodocyclaceae;Rhodocyclus;Rhodocyclus gracilis	1.0	1.0
Bacteria;Pseudomonadati;Pseudomonadota;Betaproteobacteria;Rhodocyclales;Zoogloeaceae;Thauera;Thauera aminoaromatica	1.0	1.0
Bacteria;Pseudomonadati;Pseudomonadota;Betaproteobacteria;Rhodocyclales;Zoogloeaceae;Zoogloea;Zoogloea oleivorans	1.0	1.0
Bacteria;Pseudomonadati;Pseudomonadota;Betaproteobacteria;Rhodocyclales;Zoogloeaceae;Zoogloea;Zoogloea resiniphila	1.0	1.0
Bacteria;Pseudomonadati;Pseudomonadota;Gammaproteobacteria;Chromatiales;Chromatiaceae;Thioflavicoccus;Thioflavicoccus mobilis	1.0	1.0
Bacteria;Pseudomonadati;Pseudomonadota;Gammaproteobacteria;Chromatiales;Ectothiorhodospiraceae;Ectothiorhodospira;Ectothiorhodospira variabilis	1.0	1.0
Bacteria;Pseudomonadati;Pseudomonadota;Gammaproteobacteria;Enterobacterales;Enterobacteriaceae;Klebsiella;Klebsiella pneumoniae	1.0	1.0
Bacteria;Bacillati;Actinomycetota;Actinomycetes;Mycobacteriales;Mycobacteriaceae;Mycolicibacter;Mycolicibacter virginiensis	1.0	1.0
Bacteria;Bacillati;Actinomycetota;Actinomycetes;Mycobacteriales;Mycobacteriaceae;Mycolicibacterium;Mycolicibacterium anyangense	1.0	1.0
Bacteria;Bacillati;Actinomycetota;Actinomycetes;Mycobacteriales;Mycobacteriaceae;Mycolicibacterium;Mycolicibacterium aubagnense	1.0	1.0
Bacteria;Bacillati;Actinomycetota;Actinomycetes;Mycobacteriales;Mycobacteriaceae;Mycolicibacterium;Mycolicibacterium fluoranthenivorans	1.0	1.0
Bacteria;Bacillati;Actinomycetota;Actinomycetes;Mycobacteriales;Mycobacteriaceae;Mycolicibacterium;Mycolicibacterium monacense	1.0	1.0
Bacteria;Pseudomonadati;Pseudomonadota;Betaproteobacteria;Rhodocyclales;Rhodocyclaceae;Aromatoleum;Aromatoleum toluclasticum	1.0	1.0
Bacteria;Pseudomonadati;Pseudomonadota;Betaproteobacteria;Rhodocyclales;Rhodocyclaceae;Azospira;Azospira restricta	1.0	1.0
Bacteria;Pseudomonadati;Pseudomonadota;Betaproteobacteria;Rhodocyclales;Rhodocyclaceae;Propionivibrio;Propionivibrio dicarboxylicus	1.0	1.0
Bacteria;Pseudomonadati;Pseudomonadota;Gammaproteobacteria;Moraxellales;Moraxellaceae;Acinetobacter;Acinetobacter refrigeratoris	1.0	1.0
Bacteria;Pseudomonadati;Pseudomonadota;Gammaproteobacteria;Moraxellales;Moraxellaceae;Acinetobacter;Acinetobacter shaoyimingii	1.0	1.0
Bacteria;Pseudomonadati;Pseudomonadota;Gammaproteobacteria;Moraxellales;Moraxellaceae;Acinetobacter;Acinetobacter tandoii	1.0	1.0
Bacteria;Pseudomonadati;Pseudomonadota;Gammaproteobacteria;Moraxellales;Moraxellaceae;Acinetobacter;Acinetobacter wuhouensis	1.0	1.0
Bacteria;Pseudomonadati;Pseudomonadota;Gammaproteobacteria;Pseudomonadales;Pseudomonadaceae;Halopseudomonas;Halopseudomonas pertucinogena	1.0	1.0
Bacteria;Pseudomonadati;Pseudomonadota;Gammaproteobacteria;Pseudomonadales;Pseudomonadaceae;Pseudomonas;Pseudomonas aeruginosa	1.0	1.0
Bacteria;Pseudomonadati;Pseudomonadota;Gammaproteobacteria;Pseudomonadales;Pseudomonadaceae;Pseudomonas;Pseudomonas leptonychotis	1.0	1.0
Bacteria;Pseudomonadati;Pseudomonadota;Gammaproteobacteria;Pseudomonadales;Pseudomonadaceae;Pseudomonas;Pseudomonas peli	1.0	1.0
Bacteria;Pseudomonadati;Pseudomonadota;Gammaproteobacteria;Methylococcales;Methylococcaceae;Methylosarcina;Methylosarcina fibrata	1.0	1.0
Bacteria;Pseudomonadati;Pseudomonadota;Gammaproteobacteria;Moraxellales;Moraxellaceae;Acinetobacter;Acinetobacter beijerinckii	1.0	1.0
Bacteria;Pseudomonadati;Pseudomonadota;Gammaproteobacteria;Moraxellales;Moraxellaceae;Acinetobacter;Acinetobacter calcoaceticus	1.0	1.0
Bacteria;Pseudomonadati;Pseudomonadota;Gammaproteobacteria;Moraxellales;Moraxellaceae;Acinetobacter;Acinetobacter equi	1.0	1.0
Bacteria;Pseudomonadati;Pseudomonadota;Gammaproteobacteria;Moraxellales;Moraxellaceae;Acinetobacter;Acinetobacter oryzae	1.0	1.0
Bacteria;Pseudomonadati;Pseudomonadota;Gammaproteobacteria;Moraxellales;Moraxellaceae;Acinetobacter;Acinetobacter pittii	1.0	1.0
Bacteria;Pseudomonadati;Pseudomonadota;Gammaproteobacteria;Moraxellales;Moraxellaceae;Acinetobacter;Acinetobacter populi	1.0	1.0
Bacteria;Pseudomonadati;Pseudomonadota;Gammaproteobacteria;Moraxellales;Moraxellaceae;Acinetobacter;Acinetobacter radioresistens	1.0	1.0
Bacteria;Pseudomonadati;Pseudomonadota;Gammaproteobacteria;Lysobacterales;Lysobacteraceae;Stenotrophomonas;Stenotrophomonas terrae	1.0	1.0
Bacteria;Pseudomonadati;Pseudomonadota;Gammaproteobacteria;Lysobacterales;Lysobacteraceae;Thermomonas;Thermomonas beijingensis	1.0	1.0
Bacteria;Pseudomonadati;Pseudomonadota;Gammaproteobacteria;Lysobacterales;Lysobacteraceae;Thermomonas;Thermomonas brevis	1.0	1.0
Bacteria;Pseudomonadati;Pseudomonadota;Gammaproteobacteria;Lysobacterales;Lysobacteraceae;Thermomonas;Thermomonas haemolytica	1.0	1.0
Bacteria;Pseudomonadati;Pseudomonadota;Gammaproteobacteria;Lysobacterales;Lysobacteraceae;Thermomonas;Thermomonas koreensis	1.0	1.0
Bacteria;Pseudomonadati;Pseudomonadota;Gammaproteobacteria;Lysobacterales;Rhodanobacteraceae;Dokdonella;Dokdonella immobilis	1.0	1.0
Bacteria;Pseudomonadati;Pseudomonadota;Gammaproteobacteria;Lysobacterales;Rhodanobacteraceae;Dyella;Dyella telluris	1.0	1.0
Bacteria;Pseudomonadati;Pseudomonadota;Gammaproteobacteria;Lysobacterales;Rhodanobacteraceae;Rudaea;Rudaea cellulosilytica	1.0	1.0
Bacteria;Bacillati;Actinomycetota;Actinomycetes;Mycobacteriales;Corynebacteriaceae;Corynebacterium;Corynebacterium mycetoides	1.0	1.0
Bacteria;Bacillati;Actinomycetota;Actinomycetes;Mycobacteriales;Corynebacteriaceae;Corynebacterium;Corynebacterium neomassiliense	1.0	1.0
Bacteria;Bacillati;Actinomycetota;Actinomycetes;Mycobacteriales;Corynebacteriaceae;Corynebacterium;Corynebacterium terpenotabidum	1.0	1.0
Bacteria;Bacillati;Actinomycetota;Actinomycetes;Mycobacteriales;Corynebacteriaceae;Corynebacterium;Corynebacterium testudinoris	1.0	1.0
Bacteria;Pseudomonadati;Pseudomonadota;Gammaproteobacteria;Lysobacterales;Lysobacteraceae;Luteimonas;Luteimonas aestuarii	1.0	1.0
Bacteria;Pseudomonadati;Pseudomonadota;Gammaproteobacteria;Lysobacterales;Lysobacteraceae;Luteimonas;Luteimonas granuli	1.0	1.0
Bacteria;Pseudomonadati;Pseudomonadota;Gammaproteobacteria;Lysobacterales;Lysobacteraceae;Solilutibacter;Solilutibacter oculi	1.0	1.0
Bacteria;Pseudomonadati;Pseudomonadota;Gammaproteobacteria;Lysobacterales;Lysobacteraceae;Solilutibacter;Solilutibacter pythonis	1.0	1.0
Bacteria;Bacillati;Actinomycetota;Actinomycetes;Micromonosporales;Micromonosporaceae;Krasilnikovia;Krasilnikovia cinnamomea	1.0	1.0
Bacteria;Bacillati;Actinomycetota;Actinomycetes;Micromonosporales;Micromonosporaceae;Micromonospora;Micromonospora fluminis	1.0	1.0
Bacteria;Bacillati;Actinomycetota;Actinomycetes;Micromonosporales;Micromonosporaceae;Plantactinospora;Plantactinospora endophytica	1.0	1.0
Bacteria;Bacillati;Actinomycetota;Actinomycetes;Micromonosporales;Micromonosporaceae;Plantactinospora;Plantactinospora sonchi	1.0	1.0
Bacteria;Bacillati;Actinomycetota;Actinomycetes;Micrococcales;Microbacteriaceae;Humibacter;Humibacter antri	1.0	1.0
Bacteria;Bacillati;Actinomycetota;Actinomycetes;Micrococcales;Microbacteriaceae;Leucobacter;Leucobacter chromiiresistens	1.0	1.0
Bacteria;Bacillati;Actinomycetota;Actinomycetes;Micrococcales;Microbacteriaceae;Leucobacter;Leucobacter coleopterorum	1.0	1.0
Bacteria;Bacillati;Actinomycetota;Actinomycetes;Micrococcales;Microbacteriaceae;Leucobacter;Leucobacter margaritiformis	1.0	1.0
Bacteria;Bacillati;Actinomycetota;Actinomycetes;Micrococcales;Micrococcaceae;Micrococcus;Micrococcus luteus	1.0	1.0
Bacteria;Bacillati;Actinomycetota;Actinomycetes;Micrococcales;Micrococcaceae;Micrococcus;Micrococcus terreus	1.0	1.0
Bacteria;Bacillati;Actinomycetota;Actinomycetes;Micrococcales;Micrococcaceae;Rothia;Rothia uropygialis	1.0	1.0
Bacteria;Bacillati;Actinomycetota;Actinomycetes;Micrococcales;Micrococcales_Incertae_sedis;Luteimicrobium;Luteimicrobium album	1.0	1.0
Bacteria;Bacillati;Actinomycetota;Actinomycetes;Micrococcales;Ornithinimicrobiaceae;Ornithinimicrobium;Ornithinimicrobium kibberense	1.0	1.0
Bacteria;Bacillati;Actinomycetota;Actinomycetes;Micrococcales;Ruaniaceae;Ruania;Ruania suaedae	1.0	1.0
Bacteria;Bacillati;Actinomycetota;Actinomycetes;Micromonosporales;Micromonosporaceae;Asanoa;Asanoa ferruginea	1.0	1.0
Bacteria;Bacillati;Actinomycetota;Actinomycetes;Micromonosporales;Micromonosporaceae;Dactylosporangium;Dactylosporangium siamense	1.0	1.0
Bacteria;Bacillati;Actinomycetota;Actinomycetes;Micrococcales;Microbacteriaceae;Microcella;Microcella pacifica	1.0	1.0
Bacteria;Bacillati;Actinomycetota;Actinomycetes;Micrococcales;Microbacteriaceae;Mycetocola;Mycetocola saprophilus	1.0	1.0
Bacteria;Bacillati;Actinomycetota;Actinomycetes;Micrococcales;Microbacteriaceae;Mycetocola;Mycetocola spongiae	1.0	1.0
Bacteria;Bacillati;Actinomycetota;Actinomycetes;Micrococcales;Microbacteriaceae;Protaetiibacter;Protaetiibacter larvae	1.0	1.0
Bacteria;Bacillati;Actinomycetota;Actinomycetes;Micrococcales;Microbacteriaceae;Terrimesophilobacter;Terrimesophilobacter mesophilus	1.0	1.0
Bacteria;Bacillati;Actinomycetota;Actinomycetes;Micrococcales;Micrococcaceae;Arthrobacter;Arthrobacter roseus	1.0	1.0
Bacteria;Bacillati;Actinomycetota;Actinomycetes;Micrococcales;Micrococcaceae;Kocuria;Kocuria atrinae	1.0	1.0
Bacteria;Bacillati;Actinomycetota;Actinomycetes;Micrococcales;Micrococcaceae;Kocuria;Kocuria salsicia	1.0	1.0
Bacteria;Pseudomonadati;Pseudomonadota;Gammaproteobacteria;Pseudomonadales;Pseudomonadaceae;Pseudomonas;Pseudomonas plecoglossicida	1.0	1.0
Bacteria;Pseudomonadati;Pseudomonadota;Gammaproteobacteria;Pseudomonadales;Pseudomonadaceae;Pseudomonas;Pseudomonas savastanoi	1.0	1.0
Bacteria;Pseudomonadati;Pseudomonadota;Gammaproteobacteria;Pseudomonadales;Pseudomonadaceae;Pseudomonas;Pseudomonas syringae	1.0	1.0
Bacteria;Bacillati;Actinomycetota;Actinomycetes;Micrococcales;Microbacteriaceae;Microbacterium;Microbacterium hominis	1.0	1.0
Bacteria;Bacillati;Actinomycetota;Actinomycetes;Micrococcales;Microbacteriaceae;Microbacterium;Microbacterium hydrocarbonoxydans	1.0	1.0
Bacteria;Bacillati;Actinomycetota;Actinomycetes;Micrococcales;Microbacteriaceae;Microbacterium;Microbacterium invictum	1.0	1.0
Bacteria;Bacillati;Actinomycetota;Actinomycetes;Micrococcales;Microbacteriaceae;Microbacterium;Microbacterium thalassium	1.0	1.0
Bacteria;Bacillati;Actinomycetota;Actinomycetes;Micrococcales;Microbacteriaceae;Microcella;Microcella alkalica	1.0	1.0
Bacteria;Pseudomonadati;Thermodesulfobacteriota;Desulfuromonadia;Geobacterales;Geobacteraceae;Pelotalea;Pelotalea chapellei	1.0	1.0
Bacteria;Pseudomonadati;Thermodesulfobacteriota;Desulfuromonadia;Geobacterales;Geobacteraceae;Trichlorobacter;Trichlorobacter thiogenes	1.0	1.0
Bacteria;Bacillati;Actinomycetota;Actinomycetes;Actinomycetales;Actinomycetaceae;Ancrocorticia;Ancrocorticia populi	1.0	1.0
Bacteria;Thermotogati;Synergistota;Synergistia;Synergistales;Synergistaceae;Synergistes;Synergistes jonesii	1.0	1.0
Bacteria;Bacillati;Actinomycetota;Actinomycetes;Actinomycetales;Actinomycetaceae;Actinomyces;Actinomyces urogenitalis	1.0	1.0
Bacteria;Bacillati;Actinomycetota;Acidimicrobiia;Acidimicrobiales;Ilumatobacteraceae;Ilumatobacter;Ilumatobacter fluminis	1.0	1.0
Bacteria;Bacillati;Actinomycetota;Acidimicrobiia;Acidimicrobiales;Iamiaceae;Aquihabitans;Aquihabitans daechungensis	1.0	1.0
Bacteria;Thermotogati;Synergistota;Synergistia;Synergistales;Aminobacteriaceae;Aminobacterium;Aminobacterium thunnarium	1.0	1.0
Bacteria;Pseudomonadati;Thermodesulfobacteriota;Desulfuromonadia;Desulfuromonadales;Geoalkalibacteraceae;Geoalkalibacter;Geoalkalibacter subterraneus	1.0	1.0
Bacteria;Pseudomonadati;Thermodesulfobacteriota;Desulfuromonadia;Desulfuromonadales;Syntrophotaleaceae;Syntrophotalea;Syntrophotalea acetylenivorans	1.0	1.0
Bacteria;Pseudomonadati;Thermodesulfobacteriota;Desulfuromonadia;Desulfuromonadales;Syntrophotaleaceae;Syntrophotalea;Syntrophotalea venetiana	1.0	1.0
Bacteria;Pseudomonadati;Thermodesulfobacteriota;Desulfuromonadia;Geobacterales;Geobacteraceae;Geobacter;Geobacter pickeringii	1.0	1.0
Bacteria;Pseudomonadati;Thermodesulfobacteriota;Desulfuromonadia;Geobacterales;Geobacteraceae;Geobacter;Geobacter sulfurreducens	1.0	1.0
Bacteria;Pseudomonadati;Thermodesulfobacteriota;Desulfuromonadia;Geobacterales;Geobacteraceae;Geomonas;Geomonas anaerohicana	1.0	1.0
Bacteria;Pseudomonadati;Thermodesulfobacteriota;Desulfuromonadia;Geobacterales;Geobacteraceae;Geotalea;Geotalea uraniireducens	1.0	1.0
Bacteria;Pseudomonadati;Thermodesulfobacteriota;Desulfuromonadia;Geobacterales;Geobacteraceae;Oryzomonas;Oryzomonas sagensis	1.0	1.0
Bacteria;Pseudomonadati;Thermodesulfobacteriota;Desulfovibrionia;Desulfovibrionales;Desulfonatronaceae;Desulfonatronum;Desulfonatronum zhilinae	1.0	1.0
Bacteria;Pseudomonadati;Thermodesulfobacteriota;Desulfovibrionia;Desulfovibrionales;Desulfovibrionaceae;Bilophila;Bilophila wadsworthia	1.0	1.0
Bacteria;Pseudomonadati;Thermodesulfobacteriota;Desulfovibrionia;Desulfovibrionales;Desulfovibrionaceae;Desulfocurvus;Desulfocurvus vexinensis	1.0	1.0
Bacteria;Pseudomonadati;Thermodesulfobacteriota;Desulfovibrionia;Desulfovibrionales;Desulfovibrionaceae;Desulfohalovibrio;Desulfohalovibrio reitneri	1.0	1.0
Bacteria;Pseudomonadati;Thermodesulfobacteriota;Desulfovibrionia;Desulfovibrionales;Desulfovibrionaceae;Desulfovibrio;Desulfovibrio cuneatus	1.0	1.0
Bacteria;Pseudomonadati;Thermodesulfobacteriota;Desulfovibrionia;Desulfovibrionales;Desulfovibrionaceae;Desulfovibrio;Desulfovibrio porci	1.0	1.0
Bacteria;Pseudomonadati;Thermodesulfobacteriota;Desulfovibrionia;Desulfovibrionales;Desulfovibrionaceae;Desulfovibrio;Desulfovibrio simplex	1.0	1.0
Bacteria;Pseudomonadati;Thermodesulfobacteriota;Desulfovibrionia;Desulfovibrionales;Desulfovibrionaceae;Nitratidesulfovibrio;Nitratidesulfovibrio oxamicus	1.0	1.0
Bacteria;Bacillati;Actinomycetota;Actinomycetes;Micrococcales;Dermacoccaceae;Dermacoccus;Dermacoccus profundi	1.0	1.0
Bacteria;Bacillati;Actinomycetota;Actinomycetes;Micrococcales;Dermatophilaceae;Agilicoccus;Agilicoccus flavus	1.0	1.0
Bacteria;Bacillati;Actinomycetota;Actinomycetes;Micrococcales;Dermatophilaceae;Kineosphaera;Kineosphaera nakaumiensis	1.0	1.0
Bacteria;Bacillati;Actinomycetota;Actinomycetes;Micrococcales;Intrasporangiaceae;Janibacter;Janibacter endophyticus	1.0	1.0
Bacteria;Bacillati;Actinomycetota;Actinomycetes;Micrococcales;Intrasporangiaceae;Knoellia;Knoellia remsis	1.0	1.0
Bacteria;Bacillati;Actinomycetota;Actinomycetes;Micrococcales;Microbacteriaceae;Agrococcus;Agrococcus terreus	1.0	1.0
Bacteria;Bacillati;Actinomycetota;Actinomycetes;Micrococcales;Microbacteriaceae;Agromyces;Agromyces italicus	1.0	1.0
Bacteria;Pseudomonadati;Thermodesulfobacteriota;Desulfovibrionia;Desulfovibrionales;Desulfomicrobiaceae;Desulfomicrobium;Desulfomicrobium macestii	1.0	1.0
Bacteria;Bacillati;Bacillota;Clostridia;Peptostreptococcales;Peptostreptococcaceae;Peptostreptococcus;Peptostreptococcus russellii	1.0	1.0
Bacteria;Bacillati;Bacillota;Clostridia;Peptostreptococcales;Thermotaleaceae;Geosporobacter;Geosporobacter subterraneus	1.0	1.0
Bacteria;Bacillati;Bacillota;Clostridia;Peptostreptococcales;Tindalliaceae;Tindallia;Tindallia magadiensis	1.0	1.0
Bacteria;Bacillati;Bacillota;Clostridia;Thermoanaerobacterales;Thermoanaerobacteraceae;Caldanaerobacter;Caldanaerobacter subterraneus	1.0	1.0
Bacteria;Bacillati;Bacillota;Clostridia;Thermoanaerobacterales;Thermoanaerobacteraceae;Caloribacterium;Caloribacterium cisternae	1.0	1.0
Bacteria;Bacillati;Bacillota;Clostridia;Thermoanaerobacterales;Thermoanaerobacteraceae;Desulfothermobacter;Desulfothermobacter acidiphilus	1.0	1.0
Bacteria;Bacillati;Bacillota;Clostridia;Lachnospirales;Lachnospiraceae;Zhenhengia;Zhenhengia yiwuensis	1.0	1.0
Bacteria;Bacillati;Bacillota;Clostridia;Lachnospirales;Natranaerovirgaceae;Natranaerovirga;Natranaerovirga hydrolytica	1.0	1.0
Bacteria;Bacillati;Bacillota;Negativicutes;Selenomonadales;Sporomusaceae;Anaerosporomusa;Anaerosporomusa subterranea	1.0	1.0
Bacteria;Bacillati;Bacillota;Negativicutes;Selenomonadales;Sporomusaceae;Methylomusa;Methylomusa anaerophila	1.0	1.0
Bacteria;Bacillati;Bacillota;Negativicutes;Selenomonadales;Sporomusaceae;Pelosinus;Pelosinus fermentans	1.0	1.0
Bacteria;Bacillati;Bacillota;Negativicutes;Selenomonadales;Sporomusaceae;Psychrosinus;Psychrosinus fermentans	1.0	1.0
Bacteria;Bacillati;Bacillota;Negativicutes;Selenomonadales;Sporomusaceae;Sporomusa;Sporomusa ovata	1.0	1.0
Bacteria;Bacillati;Bacillota;Negativicutes;Selenomonadales;Sporomusaceae;Sporomusa;Sporomusa silvacetica	1.0	1.0
Bacteria;Bacillati;Bacillota;Clostridia;Peptostreptococcales;Peptostreptococcaceae;Metaclostridioides;Metaclostridioides mangenotii	1.0	1.0
Bacteria;Bacillati;Bacillota;Clostridia;Peptostreptococcales;Peptostreptococcaceae;Peptostreptococcus;Candidatus Peptostreptococcus massiliensis	1.0	1.0
Bacteria;Bacillati;Bacillota;Erysipelotrichia;Erysipelotrichales;Erysipelotrichaceae;Erysipelothrix;Erysipelothrix larvae	1.0	1.0
Bacteria;Bacillati;Bacillota;Erysipelotrichia;Erysipelotrichales;Erysipelotrichaceae;Erysipelothrix;Erysipelothrix piscisicarius	1.0	1.0
Bacteria;Bacillati;Bacillota;Erysipelotrichia;Erysipelotrichales;Erysipelotrichaceae;Traorella;Traorella massiliensis	1.0	1.0
Bacteria;Bacillati;Bacillota;Negativicutes;Acidaminococcales;Acidaminococcaceae;Acidaminococcus;Acidaminococcus massiliensis	1.0	1.0
Bacteria;Bacillati;Bacillota;Negativicutes;Acidaminococcales;Acidaminococcaceae;Succinispira;Succinispira mobilis	1.0	1.0
Bacteria;Bacillati;Bacillota;Negativicutes;Selenomonadales;Selenomonadaceae;Propionispira;Propionispira arcuata	1.0	1.0
Bacteria;Bacillati;Bacillota;Negativicutes;Selenomonadales;Selenomonadaceae;Schwartzia;Schwartzia succinivorans	1.0	1.0
Bacteria;Bacillati;Bacillota;Negativicutes;Selenomonadales;Selenomonadaceae;Selenomonas;Selenomonas bovis	1.0	1.0
Bacteria;Thermotogati;Synergistota;Synergistia;Synergistales;Dethiosulfovibrionaceae;Pyramidobacter;Pyramidobacter porci	1.0	1.0
Bacteria;Bacillati;Bacillota;Clostridia;Thermoanaerobacterales;Thermoanaerobacteraceae;Thermoanaerobacterium;Thermoanaerobacterium calidifontis	1.0	1.0
Bacteria;Bacillati;Bacillota;Clostridia;Thermoanaerobacterales;Thermoanaerobacterales Family III. Incertae Sedis;Syntrophaceticus;Syntrophaceticus schinkii	1.0	1.0
Bacteria;Bacillati;Bacillota;Clostridia;Thermosediminibacterales;Thermosediminibacteraceae;Fervidicola;Fervidicola ferrireducens	1.0	1.0
Bacteria;Bacillati;Bacillota;Clostridia;Thermosediminibacterales;Thermosediminibacteraceae;Thermosediminibacter;Thermosediminibacter oceani	1.0	1.0
Bacteria;Bacillati;Bacillota;Clostridia;Thermosediminibacterales;Thermosediminibacteraceae;Thermovenabulum;Thermovenabulum ferriorganovorum	1.0	1.0
Bacteria;Bacillati;Bacillota;Desulfuribacillia;Desulfuribacillales;Desulfuribacillaceae;Desulfuribacillus;Desulfuribacillus alkaliarsenatis	1.0	1.0
Bacteria;Bacillati;Bacillota;Erysipelotrichia;Erysipelotrichales;Coprobacillaceae;Thomasclavelia;Thomasclavelia ramosa	1.0	1.0
