SampleID	Depth	RankCode	NodeName	TaxonPath	TaxID	Status	ResolutionSource
Helga-16SrRNA-NCBI	1	D	Bacteria	Bacteria	2	Resolved	source_cache
Helga-16SrRNA-NCBI	2	K	Pseudomonadati	Bacteria;Pseudomonadati	3379134	Resolved	source_cache
Helga-16SrRNA-NCBI	3	P	Pseudomonadota	Bacteria;Pseudomonadati;Pseudomonadota	1224	Resolved	source_cache
Helga-16SrRNA-NCBI	4	C	Betaproteobacteria	Bacteria;Pseudomonadati;Pseudomonadota;Betaproteobacteria	28216	Resolved	source_cache
Helga-16SrRNA-NCBI	5	O	Nitrosomonadales	Bacteria;Pseudomonadati;Pseudomonadota;Betaproteobacteria;Nitrosomonadales	32003	Resolved	source_cache
Helga-16SrRNA-NCBI	6	F	Methylophilaceae	Bacteria;Pseudomonadati;Pseudomonadota;Betaproteobacteria;Nitrosomonadales;Methylophilaceae	32011	Resolved	source_cache
Helga-16SrRNA-NCBI	7	G	Methylobacillus	Bacteria;Pseudomonadati;Pseudomonadota;Betaproteobacteria;Nitrosomonadales;Methylophilaceae;Methylobacillus	404	Resolved	source_cache
Helga-16SrRNA-NCBI	8	S	Methylobacillus flagellatus	Bacteria;Pseudomonadati;Pseudomonadota;Betaproteobacteria;Nitrosomonadales;Methylophilaceae;Methylobacillus;Methylobacillus flagellatus	405	Resolved	assignment
Helga-16SrRNA-NCBI	8	S	Methylobacillus glycogenes	Bacteria;Pseudomonadati;Pseudomonadota;Betaproteobacteria;Nitrosomonadales;Methylophilaceae;Methylobacillus;Methylobacillus glycogenes	406	Resolved	source_cache
Helga-16SrRNA-NCBI	8	S	Methylobacillus arboreus	Bacteria;Pseudomonadati;Pseudomonadota;Betaproteobacteria;Nitrosomonadales;Methylophilaceae;Methylobacillus;Methylobacillus arboreus	755170	Resolved	assignment
Helga-16SrRNA-NCBI	8	S	Methylobacillus rhizosphaerae	Bacteria;Pseudomonadati;Pseudomonadota;Betaproteobacteria;Nitrosomonadales;Methylophilaceae;Methylobacillus;Methylobacillus rhizosphaerae	551994	Resolved	assignment
Helga-16SrRNA-NCBI	8	S	Methylobacillus methanolivorans	Bacteria;Pseudomonadati;Pseudomonadota;Betaproteobacteria;Nitrosomonadales;Methylophilaceae;Methylobacillus;Methylobacillus methanolivorans	1848927	Resolved	assignment
Helga-16SrRNA-NCBI	7	G	Pseudomethylobacillus	Bacteria;Pseudomonadati;Pseudomonadota;Betaproteobacteria;Nitrosomonadales;Methylophilaceae;Pseudomethylobacillus	2676063	Resolved	source_cache
Helga-16SrRNA-NCBI	8	S	Pseudomethylobacillus aquaticus	Bacteria;Pseudomonadati;Pseudomonadota;Betaproteobacteria;Nitrosomonadales;Methylophilaceae;Pseudomethylobacillus;Pseudomethylobacillus aquaticus	2676064	Resolved	source_cache
Helga-16SrRNA-NCBI	7	G	Methylovorus	Bacteria;Pseudomonadati;Pseudomonadota;Betaproteobacteria;Nitrosomonadales;Methylophilaceae;Methylovorus	81682	Resolved	source_cache
Helga-16SrRNA-NCBI	8	S	Methylovorus glucosotrophus	Bacteria;Pseudomonadati;Pseudomonadota;Betaproteobacteria;Nitrosomonadales;Methylophilaceae;Methylovorus;Methylovorus glucosotrophus	266009	Resolved	source_cache
Helga-16SrRNA-NCBI	8	S	Methylovorus menthalis	Bacteria;Pseudomonadati;Pseudomonadota;Betaproteobacteria;Nitrosomonadales;Methylophilaceae;Methylovorus;Methylovorus menthalis	1002227	Resolved	source_cache
Helga-16SrRNA-NCBI	8	S	Methylovorus mays	Bacteria;Pseudomonadati;Pseudomonadota;Betaproteobacteria;Nitrosomonadales;Methylophilaceae;Methylovorus;Methylovorus mays	184077	Resolved	assignment
Helga-16SrRNA-NCBI	7	G	Methylotenera	Bacteria;Pseudomonadati;Pseudomonadota;Betaproteobacteria;Nitrosomonadales;Methylophilaceae;Methylotenera	359407	Resolved	source_cache
Helga-16SrRNA-NCBI	8	S	Methylotenera mobilis	Bacteria;Pseudomonadati;Pseudomonadota;Betaproteobacteria;Nitrosomonadales;Methylophilaceae;Methylotenera;Methylotenera mobilis	583345	Resolved	assignment
Helga-16SrRNA-NCBI	8	S	Methylotenera versatilis	Bacteria;Pseudomonadati;Pseudomonadota;Betaproteobacteria;Nitrosomonadales;Methylophilaceae;Methylotenera;Methylotenera versatilis	1055487	Resolved	assignment
Helga-16SrRNA-NCBI	8	S	Methylotenera oryzisoli	Bacteria;Pseudomonadati;Pseudomonadota;Betaproteobacteria;Nitrosomonadales;Methylophilaceae;Methylotenera;Methylotenera oryzisoli	2080758	Resolved	source_cache
Helga-16SrRNA-NCBI	7	G	Methyloradius	Bacteria;Pseudomonadati;Pseudomonadota;Betaproteobacteria;Nitrosomonadales;Methylophilaceae;Methyloradius	2872156	Resolved	source_cache
Helga-16SrRNA-NCBI	8	S	Methyloradius palustris	Bacteria;Pseudomonadati;Pseudomonadota;Betaproteobacteria;Nitrosomonadales;Methylophilaceae;Methyloradius;Methyloradius palustris	2778876	Resolved	source_cache
Helga-16SrRNA-NCBI	7	G	Methylophilus	Bacteria;Pseudomonadati;Pseudomonadota;Betaproteobacteria;Nitrosomonadales;Methylophilaceae;Methylophilus	0	Unresolved	unresolved
Helga-16SrRNA-NCBI	8	S	Methylophilus luteus	Bacteria;Pseudomonadati;Pseudomonadota;Betaproteobacteria;Nitrosomonadales;Methylophilaceae;Methylophilus;Methylophilus luteus	640108	Resolved	assignment
Helga-16SrRNA-NCBI	8	S	Methylophilus methylotrophus	Bacteria;Pseudomonadati;Pseudomonadota;Betaproteobacteria;Nitrosomonadales;Methylophilaceae;Methylophilus;Methylophilus methylotrophus	17	Resolved	assignment
Helga-16SrRNA-NCBI	8	S	Methylophilus glucosoxydans	Bacteria;Pseudomonadati;Pseudomonadota;Betaproteobacteria;Nitrosomonadales;Methylophilaceae;Methylophilus;Methylophilus glucosoxydans	752553	Resolved	assignment
Helga-16SrRNA-NCBI	8	S	Methylophilus aquaticus	Bacteria;Pseudomonadati;Pseudomonadota;Betaproteobacteria;Nitrosomonadales;Methylophilaceae;Methylophilus;Methylophilus aquaticus	1971610	Resolved	assignment
Helga-16SrRNA-NCBI	8	S	Methylophilus flavus	Bacteria;Pseudomonadati;Pseudomonadota;Betaproteobacteria;Nitrosomonadales;Methylophilaceae;Methylophilus;Methylophilus flavus	640084	Resolved	assignment
Helga-16SrRNA-NCBI	8	S	Methylophilus rhizosphaerae	Bacteria;Pseudomonadati;Pseudomonadota;Betaproteobacteria;Nitrosomonadales;Methylophilaceae;Methylophilus;Methylophilus rhizosphaerae	492660	Resolved	assignment
Helga-16SrRNA-NCBI	8	S	Methylophilus leisingeri	Bacteria;Pseudomonadati;Pseudomonadota;Betaproteobacteria;Nitrosomonadales;Methylophilaceae;Methylophilus;Methylophilus leisingeri	45393	Resolved	assignment
Helga-16SrRNA-NCBI	6	F	Sterolibacteriaceae	Bacteria;Pseudomonadati;Pseudomonadota;Betaproteobacteria;Nitrosomonadales;Sterolibacteriaceae	2008793	Resolved	source_cache
Helga-16SrRNA-NCBI	7	G	Denitratisoma	Bacteria;Pseudomonadati;Pseudomonadota;Betaproteobacteria;Nitrosomonadales;Sterolibacteriaceae;Denitratisoma	311181	Resolved	source_cache
Helga-16SrRNA-NCBI	8	S	Denitratisoma oestradiolicum	Bacteria;Pseudomonadati;Pseudomonadota;Betaproteobacteria;Nitrosomonadales;Sterolibacteriaceae;Denitratisoma;Denitratisoma oestradiolicum	311182	Resolved	source_cache
Helga-16SrRNA-NCBI	7	G	Methyloversatilis	Bacteria;Pseudomonadati;Pseudomonadota;Betaproteobacteria;Nitrosomonadales;Sterolibacteriaceae;Methyloversatilis	378210	Resolved	source_cache
Helga-16SrRNA-NCBI	8	S	Methyloversatilis discipulorum	Bacteria;Pseudomonadati;Pseudomonadota;Betaproteobacteria;Nitrosomonadales;Sterolibacteriaceae;Methyloversatilis;Methyloversatilis discipulorum	1119528	Resolved	assignment
Helga-16SrRNA-NCBI	7	G	Georgfuchsia	Bacteria;Pseudomonadati;Pseudomonadota;Betaproteobacteria;Nitrosomonadales;Sterolibacteriaceae;Georgfuchsia	690621	Resolved	source_cache
Helga-16SrRNA-NCBI	8	S	Georgfuchsia toluolica	Bacteria;Pseudomonadati;Pseudomonadota;Betaproteobacteria;Nitrosomonadales;Sterolibacteriaceae;Georgfuchsia;Georgfuchsia toluolica	424218	Resolved	source_cache
Helga-16SrRNA-NCBI	7	G	Sterolibacterium	Bacteria;Pseudomonadati;Pseudomonadota;Betaproteobacteria;Nitrosomonadales;Sterolibacteriaceae;Sterolibacterium	157591	Resolved	source_cache
Helga-16SrRNA-NCBI	8	S	Sterolibacterium denitrificans	Bacteria;Pseudomonadati;Pseudomonadota;Betaproteobacteria;Nitrosomonadales;Sterolibacteriaceae;Sterolibacterium;Sterolibacterium denitrificans	157592	Resolved	source_cache
Helga-16SrRNA-NCBI	7	G	Sulfurisoma	Bacteria;Pseudomonadati;Pseudomonadota;Betaproteobacteria;Nitrosomonadales;Sterolibacteriaceae;Sulfurisoma	1499082	Resolved	source_cache
Helga-16SrRNA-NCBI	8	S	Sulfurisoma sediminicola	Bacteria;Pseudomonadati;Pseudomonadota;Betaproteobacteria;Nitrosomonadales;Sterolibacteriaceae;Sulfurisoma;Sulfurisoma sediminicola	1381557	Resolved	source_cache
Helga-16SrRNA-NCBI	6	F	Sulfuricellaceae	Bacteria;Pseudomonadati;Pseudomonadota;Betaproteobacteria;Nitrosomonadales;Sulfuricellaceae	0	Unresolved	unresolved
Helga-16SrRNA-NCBI	7	G	Sulfurimicrobium	Bacteria;Pseudomonadati;Pseudomonadota;Betaproteobacteria;Nitrosomonadales;Sulfuricellaceae;Sulfurimicrobium	0	Unresolved	unresolved
Helga-16SrRNA-NCBI	8	S	Sulfurimicrobium lacus	Bacteria;Pseudomonadati;Pseudomonadota;Betaproteobacteria;Nitrosomonadales;Sulfuricellaceae;Sulfurimicrobium;Sulfurimicrobium lacus	2715678	Resolved	assignment
Helga-16SrRNA-NCBI	7	G	Sulfuricella	Bacteria;Pseudomonadati;Pseudomonadota;Betaproteobacteria;Nitrosomonadales;Sulfuricellaceae;Sulfuricella	0	Unresolved	unresolved
Helga-16SrRNA-NCBI	8	S	Sulfuricella denitrificans	Bacteria;Pseudomonadati;Pseudomonadota;Betaproteobacteria;Nitrosomonadales;Sulfuricellaceae;Sulfuricella;Sulfuricella denitrificans	1163617	Resolved	assignment
Helga-16SrRNA-NCBI	6	F	Nitrosomonadaceae	Bacteria;Pseudomonadati;Pseudomonadota;Betaproteobacteria;Nitrosomonadales;Nitrosomonadaceae	0	Unresolved	unresolved
Helga-16SrRNA-NCBI	7	G	Nitrosospira	Bacteria;Pseudomonadati;Pseudomonadota;Betaproteobacteria;Nitrosomonadales;Nitrosomonadaceae;Nitrosospira	0	Unresolved	unresolved
Helga-16SrRNA-NCBI	8	S	Nitrosospira multiformis	Bacteria;Pseudomonadati;Pseudomonadota;Betaproteobacteria;Nitrosomonadales;Nitrosomonadaceae;Nitrosospira;Nitrosospira multiformis	1231	Resolved	assignment
Helga-16SrRNA-NCBI	6	F	Usitatibacteraceae	Bacteria;Pseudomonadati;Pseudomonadota;Betaproteobacteria;Nitrosomonadales;Usitatibacteraceae	0	Unresolved	unresolved
Helga-16SrRNA-NCBI	7	G	Usitatibacter	Bacteria;Pseudomonadati;Pseudomonadota;Betaproteobacteria;Nitrosomonadales;Usitatibacteraceae;Usitatibacter	0	Unresolved	unresolved
Helga-16SrRNA-NCBI	8	S	Usitatibacter palustris	Bacteria;Pseudomonadati;Pseudomonadota;Betaproteobacteria;Nitrosomonadales;Usitatibacteraceae;Usitatibacter;Usitatibacter palustris	2732487	Resolved	assignment
Helga-16SrRNA-NCBI	6	F	Gallionellaceae	Bacteria;Pseudomonadati;Pseudomonadota;Betaproteobacteria;Nitrosomonadales;Gallionellaceae	0	Unresolved	unresolved
Helga-16SrRNA-NCBI	7	G	Sideroxyarcus	Bacteria;Pseudomonadati;Pseudomonadota;Betaproteobacteria;Nitrosomonadales;Gallionellaceae;Sideroxyarcus	0	Unresolved	unresolved
Helga-16SrRNA-NCBI	8	S	Sideroxyarcus emersonii	Bacteria;Pseudomonadati;Pseudomonadota;Betaproteobacteria;Nitrosomonadales;Gallionellaceae;Sideroxyarcus;Sideroxyarcus emersonii	2764705	Resolved	assignment
Helga-16SrRNA-NCBI	5	O	Burkholderiales	Bacteria;Pseudomonadati;Pseudomonadota;Betaproteobacteria;Burkholderiales	80840	Resolved	source_cache
Helga-16SrRNA-NCBI	6	F	Alcaligenaceae	Bacteria;Pseudomonadati;Pseudomonadota;Betaproteobacteria;Burkholderiales;Alcaligenaceae	506	Resolved	source_cache
Helga-16SrRNA-NCBI	7	G	Orrella	Bacteria;Pseudomonadati;Pseudomonadota;Betaproteobacteria;Burkholderiales;Alcaligenaceae;Orrella	1921582	Resolved	source_cache
Helga-16SrRNA-NCBI	8	S	Orrella dioscoreae	Bacteria;Pseudomonadati;Pseudomonadota;Betaproteobacteria;Burkholderiales;Alcaligenaceae;Orrella;Orrella dioscoreae	1851544	Resolved	source_cache
Helga-16SrRNA-NCBI	7	G	Sheuella	Bacteria;Pseudomonadati;Pseudomonadota;Betaproteobacteria;Burkholderiales;Alcaligenaceae;Sheuella	0	Unresolved	unresolved
Helga-16SrRNA-NCBI	8	S	Sheuella amnicola	Bacteria;Pseudomonadati;Pseudomonadota;Betaproteobacteria;Burkholderiales;Alcaligenaceae;Sheuella;Sheuella amnicola	2707330	Resolved	assignment
Helga-16SrRNA-NCBI	7	G	Bordetella	Bacteria;Pseudomonadati;Pseudomonadota;Betaproteobacteria;Burkholderiales;Alcaligenaceae;Bordetella	517	Resolved	source_cache
Helga-16SrRNA-NCBI	8	S	Bordetella bronchiseptica	Bacteria;Pseudomonadati;Pseudomonadota;Betaproteobacteria;Burkholderiales;Alcaligenaceae;Bordetella;Bordetella bronchiseptica	518	Resolved	assignment
Helga-16SrRNA-NCBI	8	S	Bordetella hinzii	Bacteria;Pseudomonadati;Pseudomonadota;Betaproteobacteria;Burkholderiales;Alcaligenaceae;Bordetella;Bordetella hinzii	398518	Resolved	assignment
Helga-16SrRNA-NCBI	8	S	Bordetella avium	Bacteria;Pseudomonadati;Pseudomonadota;Betaproteobacteria;Burkholderiales;Alcaligenaceae;Bordetella;Bordetella avium	521	Resolved	assignment
Helga-16SrRNA-NCBI	8	S	Bordetella trematum	Bacteria;Pseudomonadati;Pseudomonadota;Betaproteobacteria;Burkholderiales;Alcaligenaceae;Bordetella;Bordetella trematum	123899	Resolved	assignment
Helga-16SrRNA-NCBI	8	S	Bordetella holmesii	Bacteria;Pseudomonadati;Pseudomonadota;Betaproteobacteria;Burkholderiales;Alcaligenaceae;Bordetella;Bordetella holmesii	1247649	Resolved	assignment
Helga-16SrRNA-NCBI	7	G	Zwartia	Bacteria;Pseudomonadati;Pseudomonadota;Betaproteobacteria;Burkholderiales;Alcaligenaceae;Zwartia	0	Unresolved	unresolved
Helga-16SrRNA-NCBI	8	S	Zwartia panacis	Bacteria;Pseudomonadati;Pseudomonadota;Betaproteobacteria;Burkholderiales;Alcaligenaceae;Zwartia;Zwartia panacis	2683345	Resolved	assignment
Helga-16SrRNA-NCBI	7	G	Achromobacter	Bacteria;Pseudomonadati;Pseudomonadota;Betaproteobacteria;Burkholderiales;Alcaligenaceae;Achromobacter	222	Resolved	source_cache
Helga-16SrRNA-NCBI	8	S	Achromobacter insuavis	Bacteria;Pseudomonadati;Pseudomonadota;Betaproteobacteria;Burkholderiales;Alcaligenaceae;Achromobacter;Achromobacter insuavis	1287735	Resolved	assignment
Helga-16SrRNA-NCBI	8	S	Achromobacter animicus	Bacteria;Pseudomonadati;Pseudomonadota;Betaproteobacteria;Burkholderiales;Alcaligenaceae;Achromobacter;Achromobacter animicus	1389935	Resolved	assignment
Helga-16SrRNA-NCBI	8	S	Achromobacter denitrificans	Bacteria;Pseudomonadati;Pseudomonadota;Betaproteobacteria;Burkholderiales;Alcaligenaceae;Achromobacter;Achromobacter denitrificans	32002	Resolved	assignment
Helga-16SrRNA-NCBI	7	G	Kerstersia	Bacteria;Pseudomonadati;Pseudomonadota;Betaproteobacteria;Burkholderiales;Alcaligenaceae;Kerstersia	0	Unresolved	unresolved
Helga-16SrRNA-NCBI	8	S	Kerstersia gyiorum	Bacteria;Pseudomonadati;Pseudomonadota;Betaproteobacteria;Burkholderiales;Alcaligenaceae;Kerstersia;Kerstersia gyiorum	206506	Resolved	assignment
Helga-16SrRNA-NCBI	7	G	Verticiella	Bacteria;Pseudomonadati;Pseudomonadota;Betaproteobacteria;Burkholderiales;Alcaligenaceae;Verticiella	0	Unresolved	unresolved
Helga-16SrRNA-NCBI	8	S	Verticiella sediminum	Bacteria;Pseudomonadati;Pseudomonadota;Betaproteobacteria;Burkholderiales;Alcaligenaceae;Verticiella;Verticiella sediminum	1247510	Resolved	assignment
Helga-16SrRNA-NCBI	7	G	Parapusillimonas	Bacteria;Pseudomonadati;Pseudomonadota;Betaproteobacteria;Burkholderiales;Alcaligenaceae;Parapusillimonas	1403714	Resolved	source_cache
Helga-16SrRNA-NCBI	8	S	Parapusillimonas granuli	Bacteria;Pseudomonadati;Pseudomonadota;Betaproteobacteria;Burkholderiales;Alcaligenaceae;Parapusillimonas;Parapusillimonas granuli	380911	Resolved	source_cache
Helga-16SrRNA-NCBI	7	G	Pigmentiphaga	Bacteria;Pseudomonadati;Pseudomonadota;Betaproteobacteria;Burkholderiales;Alcaligenaceae;Pigmentiphaga	0	Unresolved	unresolved
Helga-16SrRNA-NCBI	8	S	Pigmentiphaga soli	Bacteria;Pseudomonadati;Pseudomonadota;Betaproteobacteria;Burkholderiales;Alcaligenaceae;Pigmentiphaga;Pigmentiphaga soli	1007095	Resolved	assignment
Helga-16SrRNA-NCBI	7	G	Pollutimonas	Bacteria;Pseudomonadati;Pseudomonadota;Betaproteobacteria;Burkholderiales;Alcaligenaceae;Pollutimonas	2987599	Resolved	source_cache
Helga-16SrRNA-NCBI	8	S	Pollutimonas bauzanensis	Bacteria;Pseudomonadati;Pseudomonadota;Betaproteobacteria;Burkholderiales;Alcaligenaceae;Pollutimonas;Pollutimonas bauzanensis	658167	Resolved	assignment
Helga-16SrRNA-NCBI	7	G	Saccharedens	Bacteria;Pseudomonadati;Pseudomonadota;Betaproteobacteria;Burkholderiales;Alcaligenaceae;Saccharedens	0	Unresolved	unresolved
Helga-16SrRNA-NCBI	8	S	Saccharedens versatilis	Bacteria;Pseudomonadati;Pseudomonadota;Betaproteobacteria;Burkholderiales;Alcaligenaceae;Saccharedens;Saccharedens versatilis	1680761	Resolved	assignment
Helga-16SrRNA-NCBI	6	F	Comamonadaceae	Bacteria;Pseudomonadati;Pseudomonadota;Betaproteobacteria;Burkholderiales;Comamonadaceae	80864	Resolved	source_cache
Helga-16SrRNA-NCBI	7	G	Hydrogenophaga	Bacteria;Pseudomonadati;Pseudomonadota;Betaproteobacteria;Burkholderiales;Comamonadaceae;Hydrogenophaga	47420	Resolved	source_cache
Helga-16SrRNA-NCBI	8	S	Hydrogenophaga bisanensis	Bacteria;Pseudomonadati;Pseudomonadota;Betaproteobacteria;Burkholderiales;Comamonadaceae;Hydrogenophaga;Hydrogenophaga bisanensis	439611	Resolved	source_cache
Helga-16SrRNA-NCBI	8	S	Hydrogenophaga flava	Bacteria;Pseudomonadati;Pseudomonadota;Betaproteobacteria;Burkholderiales;Comamonadaceae;Hydrogenophaga;Hydrogenophaga flava	65657	Resolved	source_cache
Helga-16SrRNA-NCBI	8	S	Hydrogenophaga atypica	Bacteria;Pseudomonadati;Pseudomonadota;Betaproteobacteria;Burkholderiales;Comamonadaceae;Hydrogenophaga;Hydrogenophaga atypica	249409	Resolved	source_cache
Helga-16SrRNA-NCBI	8	S	Hydrogenophaga luteola	Bacteria;Pseudomonadati;Pseudomonadota;Betaproteobacteria;Burkholderiales;Comamonadaceae;Hydrogenophaga;Hydrogenophaga luteola	1591122	Resolved	assignment
Helga-16SrRNA-NCBI	8	S	Hydrogenophaga laconesensis	Bacteria;Pseudomonadati;Pseudomonadota;Betaproteobacteria;Burkholderiales;Comamonadaceae;Hydrogenophaga;Hydrogenophaga laconesensis	1805971	Resolved	source_cache
Helga-16SrRNA-NCBI	8	S	Hydrogenophaga pseudoflava	Bacteria;Pseudomonadati;Pseudomonadota;Betaproteobacteria;Burkholderiales;Comamonadaceae;Hydrogenophaga;Hydrogenophaga pseudoflava	47421	Resolved	source_cache
Helga-16SrRNA-NCBI	8	S	Hydrogenophaga taeniospiralis	Bacteria;Pseudomonadati;Pseudomonadota;Betaproteobacteria;Burkholderiales;Comamonadaceae;Hydrogenophaga;Hydrogenophaga taeniospiralis	65656	Resolved	source_cache
Helga-16SrRNA-NCBI	7	G	Delftia	Bacteria;Pseudomonadati;Pseudomonadota;Betaproteobacteria;Burkholderiales;Comamonadaceae;Delftia	80865	Resolved	source_cache
Helga-16SrRNA-NCBI	8	S	Delftia lacustris	Bacteria;Pseudomonadati;Pseudomonadota;Betaproteobacteria;Burkholderiales;Comamonadaceae;Delftia;Delftia lacustris	558537	Resolved	source_cache
Helga-16SrRNA-NCBI	8	S	Delftia tsuruhatensis	Bacteria;Pseudomonadati;Pseudomonadota;Betaproteobacteria;Burkholderiales;Comamonadaceae;Delftia;Delftia tsuruhatensis	180282	Resolved	assignment
Helga-16SrRNA-NCBI	7	G	Acidovorax	Bacteria;Pseudomonadati;Pseudomonadota;Betaproteobacteria;Burkholderiales;Comamonadaceae;Acidovorax	12916	Resolved	source_cache
Helga-16SrRNA-NCBI	8	S	Acidovorax soli	Bacteria;Pseudomonadati;Pseudomonadota;Betaproteobacteria;Burkholderiales;Comamonadaceae;Acidovorax;Acidovorax soli	592050	Resolved	assignment
Helga-16SrRNA-NCBI	8	S	Acidovorax delafieldii	Bacteria;Pseudomonadati;Pseudomonadota;Betaproteobacteria;Burkholderiales;Comamonadaceae;Acidovorax;Acidovorax delafieldii	47920	Resolved	assignment
Helga-16SrRNA-NCBI	8	S	Acidovorax radicis	Bacteria;Pseudomonadati;Pseudomonadota;Betaproteobacteria;Burkholderiales;Comamonadaceae;Acidovorax;Acidovorax radicis	758826	Resolved	source_cache
Helga-16SrRNA-NCBI	7	G	Simplicispira	Bacteria;Pseudomonadati;Pseudomonadota;Betaproteobacteria;Burkholderiales;Comamonadaceae;Simplicispira	352450	Resolved	source_cache
Helga-16SrRNA-NCBI	8	S	Simplicispira lacusdiani	Bacteria;Pseudomonadati;Pseudomonadota;Betaproteobacteria;Burkholderiales;Comamonadaceae;Simplicispira;Simplicispira lacusdiani	2213010	Resolved	source_cache
Helga-16SrRNA-NCBI	7	G	Paracidovorax	Bacteria;Pseudomonadati;Pseudomonadota;Betaproteobacteria;Burkholderiales;Comamonadaceae;Paracidovorax	3051137	Resolved	source_cache
Helga-16SrRNA-NCBI	8	S	Paracidovorax cattleyae	Bacteria;Pseudomonadati;Pseudomonadota;Betaproteobacteria;Burkholderiales;Comamonadaceae;Paracidovorax;Paracidovorax cattleyae	80868	Resolved	assignment
Helga-16SrRNA-NCBI	8	S	Paracidovorax wautersii	Bacteria;Pseudomonadati;Pseudomonadota;Betaproteobacteria;Burkholderiales;Comamonadaceae;Paracidovorax;Paracidovorax wautersii	1177982	Resolved	source_cache
Helga-16SrRNA-NCBI	7	G	Ramlibacter	Bacteria;Pseudomonadati;Pseudomonadota;Betaproteobacteria;Burkholderiales;Comamonadaceae;Ramlibacter	0	Unresolved	unresolved
Helga-16SrRNA-NCBI	8	S	Ramlibacter ginsenosidimutans	Bacteria;Pseudomonadati;Pseudomonadota;Betaproteobacteria;Burkholderiales;Comamonadaceae;Ramlibacter;Ramlibacter ginsenosidimutans	502333	Resolved	assignment
Helga-16SrRNA-NCBI	8	S	Ramlibacter tataouinensis	Bacteria;Pseudomonadati;Pseudomonadota;Betaproteobacteria;Burkholderiales;Comamonadaceae;Ramlibacter;Ramlibacter tataouinensis	365046	Resolved	assignment
Helga-16SrRNA-NCBI	7	G	Rhodoferax	Bacteria;Pseudomonadati;Pseudomonadota;Betaproteobacteria;Burkholderiales;Comamonadaceae;Rhodoferax	28065	Resolved	source_cache
Helga-16SrRNA-NCBI	8	S	Rhodoferax aquaticus	Bacteria;Pseudomonadati;Pseudomonadota;Betaproteobacteria;Burkholderiales;Comamonadaceae;Rhodoferax;Rhodoferax aquaticus	2527691	Resolved	source_cache
Helga-16SrRNA-NCBI	8	S	Rhodoferax ferrireducens	Bacteria;Pseudomonadati;Pseudomonadota;Betaproteobacteria;Burkholderiales;Comamonadaceae;Rhodoferax;Rhodoferax ferrireducens	192843	Resolved	source_cache
Helga-16SrRNA-NCBI	7	G	Caenimonas	Bacteria;Pseudomonadati;Pseudomonadota;Betaproteobacteria;Burkholderiales;Comamonadaceae;Caenimonas	0	Unresolved	unresolved
Helga-16SrRNA-NCBI	8	S	Caenimonas soli	Bacteria;Pseudomonadati;Pseudomonadota;Betaproteobacteria;Burkholderiales;Comamonadaceae;Caenimonas;Caenimonas soli	2735555	Resolved	assignment
Helga-16SrRNA-NCBI	7	G	Curvibacter	Bacteria;Pseudomonadati;Pseudomonadota;Betaproteobacteria;Burkholderiales;Comamonadaceae;Curvibacter	281915	Resolved	source_cache
Helga-16SrRNA-NCBI	8	S	Curvibacter lanceolatus	Bacteria;Pseudomonadati;Pseudomonadota;Betaproteobacteria;Burkholderiales;Comamonadaceae;Curvibacter;Curvibacter lanceolatus	86182	Resolved	assignment
Helga-16SrRNA-NCBI	7	G	Ottowia	Bacteria;Pseudomonadati;Pseudomonadota;Betaproteobacteria;Burkholderiales;Comamonadaceae;Ottowia	219181	Resolved	source_cache
Helga-16SrRNA-NCBI	8	S	Ottowia pentelensis	Bacteria;Pseudomonadati;Pseudomonadota;Betaproteobacteria;Burkholderiales;Comamonadaceae;Ottowia;Ottowia pentelensis	511108	Resolved	source_cache
Helga-16SrRNA-NCBI	7	G	Pseudacidovorax	Bacteria;Pseudomonadati;Pseudomonadota;Betaproteobacteria;Burkholderiales;Comamonadaceae;Pseudacidovorax	433923	Resolved	source_cache
Helga-16SrRNA-NCBI	8	S	Pseudacidovorax intermedius	Bacteria;Pseudomonadati;Pseudomonadota;Betaproteobacteria;Burkholderiales;Comamonadaceae;Pseudacidovorax;Pseudacidovorax intermedius	433924	Resolved	source_cache
Helga-16SrRNA-NCBI	7	G	Serpentinimonas	Bacteria;Pseudomonadati;Pseudomonadota;Betaproteobacteria;Burkholderiales;Comamonadaceae;Serpentinimonas	2490452	Resolved	source_cache
Helga-16SrRNA-NCBI	8	S	Serpentinimonas raichei	Bacteria;Pseudomonadati;Pseudomonadota;Betaproteobacteria;Burkholderiales;Comamonadaceae;Serpentinimonas;Serpentinimonas raichei	1458425	Resolved	source_cache
Helga-16SrRNA-NCBI	7	G	Tibeticola	Bacteria;Pseudomonadati;Pseudomonadota;Betaproteobacteria;Burkholderiales;Comamonadaceae;Tibeticola	1940136	Resolved	source_cache
Helga-16SrRNA-NCBI	8	S	Tibeticola sediminis	Bacteria;Pseudomonadati;Pseudomonadota;Betaproteobacteria;Burkholderiales;Comamonadaceae;Tibeticola;Tibeticola sediminis	1917811	Resolved	source_cache
Helga-16SrRNA-NCBI	6	F	Oxalobacteraceae	Bacteria;Pseudomonadati;Pseudomonadota;Betaproteobacteria;Burkholderiales;Oxalobacteraceae	75682	Resolved	source_cache
Helga-16SrRNA-NCBI	7	G	Lacisediminimonas	Bacteria;Pseudomonadati;Pseudomonadota;Betaproteobacteria;Burkholderiales;Oxalobacteraceae;Lacisediminimonas	0	Unresolved	unresolved
Helga-16SrRNA-NCBI	8	S	Lacisediminimonas profundi	Bacteria;Pseudomonadati;Pseudomonadota;Betaproteobacteria;Burkholderiales;Oxalobacteraceae;Lacisediminimonas;Lacisediminimonas profundi	2603856	Resolved	assignment
Helga-16SrRNA-NCBI	7	G	Massilia	Bacteria;Pseudomonadati;Pseudomonadota;Betaproteobacteria;Burkholderiales;Oxalobacteraceae;Massilia	0	Unresolved	unresolved
Helga-16SrRNA-NCBI	8	S	Massilia arenosa	Bacteria;Pseudomonadati;Pseudomonadota;Betaproteobacteria;Burkholderiales;Oxalobacteraceae;Massilia;Massilia arenosa	2561931	Resolved	assignment
Helga-16SrRNA-NCBI	8	S	Massilia horti	Bacteria;Pseudomonadati;Pseudomonadota;Betaproteobacteria;Burkholderiales;Oxalobacteraceae;Massilia;Massilia horti	2562153	Resolved	assignment
Helga-16SrRNA-NCBI	8	S	Massilia soli	Bacteria;Pseudomonadati;Pseudomonadota;Betaproteobacteria;Burkholderiales;Oxalobacteraceae;Massilia;Massilia soli	2792854	Resolved	assignment
Helga-16SrRNA-NCBI	7	G	Herminiimonas	Bacteria;Pseudomonadati;Pseudomonadota;Betaproteobacteria;Burkholderiales;Oxalobacteraceae;Herminiimonas	0	Unresolved	unresolved
Helga-16SrRNA-NCBI	8	S	Herminiimonas saxobsidens	Bacteria;Pseudomonadati;Pseudomonadota;Betaproteobacteria;Burkholderiales;Oxalobacteraceae;Herminiimonas;Herminiimonas saxobsidens	427333	Resolved	assignment
Helga-16SrRNA-NCBI	7	G	Undibacterium	Bacteria;Pseudomonadati;Pseudomonadota;Betaproteobacteria;Burkholderiales;Oxalobacteraceae;Undibacterium	0	Unresolved	unresolved
Helga-16SrRNA-NCBI	8	S	Undibacterium crateris	Bacteria;Pseudomonadati;Pseudomonadota;Betaproteobacteria;Burkholderiales;Oxalobacteraceae;Undibacterium;Undibacterium crateris	2528175	Resolved	assignment
Helga-16SrRNA-NCBI	8	S	Undibacterium luofuense	Bacteria;Pseudomonadati;Pseudomonadota;Betaproteobacteria;Burkholderiales;Oxalobacteraceae;Undibacterium;Undibacterium luofuense	2828733	Resolved	assignment
Helga-16SrRNA-NCBI	8	S	Undibacterium squillarum	Bacteria;Pseudomonadati;Pseudomonadota;Betaproteobacteria;Burkholderiales;Oxalobacteraceae;Undibacterium;Undibacterium squillarum	1131567	Resolved	assignment
Helga-16SrRNA-NCBI	7	G	Herbaspirillum	Bacteria;Pseudomonadati;Pseudomonadota;Betaproteobacteria;Burkholderiales;Oxalobacteraceae;Herbaspirillum	0	Unresolved	unresolved
Helga-16SrRNA-NCBI	8	S	Herbaspirillum hiltneri	Bacteria;Pseudomonadati;Pseudomonadota;Betaproteobacteria;Burkholderiales;Oxalobacteraceae;Herbaspirillum;Herbaspirillum hiltneri	1262470	Resolved	assignment
Helga-16SrRNA-NCBI	8	S	Herbaspirillum lusitanum	Bacteria;Pseudomonadati;Pseudomonadota;Betaproteobacteria;Burkholderiales;Oxalobacteraceae;Herbaspirillum;Herbaspirillum lusitanum	213312	Resolved	assignment
Helga-16SrRNA-NCBI	7	G	Noviherbaspirillum	Bacteria;Pseudomonadati;Pseudomonadota;Betaproteobacteria;Burkholderiales;Oxalobacteraceae;Noviherbaspirillum	1344552	Resolved	source_cache
Helga-16SrRNA-NCBI	8	S	Noviherbaspirillum arenae	Bacteria;Pseudomonadati;Pseudomonadota;Betaproteobacteria;Burkholderiales;Oxalobacteraceae;Noviherbaspirillum;Noviherbaspirillum arenae	2678755	Resolved	assignment
Helga-16SrRNA-NCBI	7	G	Oxalicibacterium	Bacteria;Pseudomonadati;Pseudomonadota;Betaproteobacteria;Burkholderiales;Oxalobacteraceae;Oxalicibacterium	0	Unresolved	unresolved
Helga-16SrRNA-NCBI	8	S	Oxalicibacterium solurbis	Bacteria;Pseudomonadati;Pseudomonadota;Betaproteobacteria;Burkholderiales;Oxalobacteraceae;Oxalicibacterium;Oxalicibacterium solurbis	69280	Resolved	assignment
Helga-16SrRNA-NCBI	6	F	Sphaerotilaceae	Bacteria;Pseudomonadati;Pseudomonadota;Betaproteobacteria;Burkholderiales;Sphaerotilaceae	2975441	Resolved	source_cache
Helga-16SrRNA-NCBI	7	G	Roseateles	Bacteria;Pseudomonadati;Pseudomonadota;Betaproteobacteria;Burkholderiales;Sphaerotilaceae;Roseateles	93681	Resolved	source_cache
Helga-16SrRNA-NCBI	8	S	Roseateles chitinivorans	Bacteria;Pseudomonadati;Pseudomonadota;Betaproteobacteria;Burkholderiales;Sphaerotilaceae;Roseateles;Roseateles chitinivorans	2917965	Resolved	source_cache
Helga-16SrRNA-NCBI	8	S	Roseateles chitosanitabidus	Bacteria;Pseudomonadati;Pseudomonadota;Betaproteobacteria;Burkholderiales;Sphaerotilaceae;Roseateles;Roseateles chitosanitabidus	65048	Resolved	assignment
Helga-16SrRNA-NCBI	8	S	Roseateles puraquae	Bacteria;Pseudomonadati;Pseudomonadota;Betaproteobacteria;Burkholderiales;Sphaerotilaceae;Roseateles;Roseateles puraquae	431059	Resolved	assignment
Helga-16SrRNA-NCBI	8	S	Roseateles saccharophilus	Bacteria;Pseudomonadati;Pseudomonadota;Betaproteobacteria;Burkholderiales;Sphaerotilaceae;Roseateles;Roseateles saccharophilus	304	Resolved	source_cache
Helga-16SrRNA-NCBI	7	G	Caldimonas	Bacteria;Pseudomonadati;Pseudomonadota;Betaproteobacteria;Burkholderiales;Sphaerotilaceae;Caldimonas	196013	Resolved	source_cache
Helga-16SrRNA-NCBI	8	S	Caldimonas meghalayensis	Bacteria;Pseudomonadati;Pseudomonadota;Betaproteobacteria;Burkholderiales;Sphaerotilaceae;Caldimonas;Caldimonas meghalayensis	1263962	Resolved	assignment
Helga-16SrRNA-NCBI	8	S	Caldimonas brevitalea	Bacteria;Pseudomonadati;Pseudomonadota;Betaproteobacteria;Burkholderiales;Sphaerotilaceae;Caldimonas;Caldimonas brevitalea	413882	Resolved	source_cache
Helga-16SrRNA-NCBI	8	S	Caldimonas caldifontis	Bacteria;Pseudomonadati;Pseudomonadota;Betaproteobacteria;Burkholderiales;Sphaerotilaceae;Caldimonas;Caldimonas caldifontis	1452508	Resolved	assignment
Helga-16SrRNA-NCBI	8	S	Caldimonas hydrothermale	Bacteria;Pseudomonadati;Pseudomonadota;Betaproteobacteria;Burkholderiales;Sphaerotilaceae;Caldimonas;Caldimonas hydrothermale	391358	Resolved	assignment
Helga-16SrRNA-NCBI	7	G	Inhella	Bacteria;Pseudomonadati;Pseudomonadota;Betaproteobacteria;Burkholderiales;Sphaerotilaceae;Inhella	0	Unresolved	unresolved
Helga-16SrRNA-NCBI	8	S	Inhella proteolytica	Bacteria;Pseudomonadati;Pseudomonadota;Betaproteobacteria;Burkholderiales;Sphaerotilaceae;Inhella;Inhella proteolytica	2795029	Resolved	assignment
Helga-16SrRNA-NCBI	7	G	Rubrivivax	Bacteria;Pseudomonadati;Pseudomonadota;Betaproteobacteria;Burkholderiales;Sphaerotilaceae;Rubrivivax	0	Unresolved	unresolved
Helga-16SrRNA-NCBI	8	S	Rubrivivax albus	Bacteria;Pseudomonadati;Pseudomonadota;Betaproteobacteria;Burkholderiales;Sphaerotilaceae;Rubrivivax;Rubrivivax albus	2499835	Resolved	assignment
Helga-16SrRNA-NCBI	8	S	Rubrivivax gelatinosus	Bacteria;Pseudomonadati;Pseudomonadota;Betaproteobacteria;Burkholderiales;Sphaerotilaceae;Rubrivivax;Rubrivivax gelatinosus	28068	Resolved	assignment
Helga-16SrRNA-NCBI	7	G	Ideonella	Bacteria;Pseudomonadati;Pseudomonadota;Betaproteobacteria;Burkholderiales;Sphaerotilaceae;Ideonella	36862	Resolved	source_cache
Helga-16SrRNA-NCBI	8	S	Ideonella dechloratans	Bacteria;Pseudomonadati;Pseudomonadota;Betaproteobacteria;Burkholderiales;Sphaerotilaceae;Ideonella;Ideonella dechloratans	36863	Resolved	source_cache
Helga-16SrRNA-NCBI	6	F	Burkholderiaceae	Bacteria;Pseudomonadati;Pseudomonadota;Betaproteobacteria;Burkholderiales;Burkholderiaceae	119060	Resolved	source_cache
Helga-16SrRNA-NCBI	7	G	Burkholderia	Bacteria;Pseudomonadati;Pseudomonadota;Betaproteobacteria;Burkholderiales;Burkholderiaceae;Burkholderia	0	Unresolved	unresolved
Helga-16SrRNA-NCBI	8	S	Burkholderia rinojensis	Bacteria;Pseudomonadati;Pseudomonadota;Betaproteobacteria;Burkholderiales;Burkholderiaceae;Burkholderia;Burkholderia rinojensis	1410040	Resolved	assignment
Helga-16SrRNA-NCBI	7	G	Limnobacter	Bacteria;Pseudomonadati;Pseudomonadota;Betaproteobacteria;Burkholderiales;Burkholderiaceae;Limnobacter	0	Unresolved	unresolved
Helga-16SrRNA-NCBI	8	S	Limnobacter alexandrii	Bacteria;Pseudomonadati;Pseudomonadota;Betaproteobacteria;Burkholderiales;Burkholderiaceae;Limnobacter;Limnobacter alexandrii	2570352	Resolved	assignment
Helga-16SrRNA-NCBI	6	F	Thiobacteraceae	Bacteria;Pseudomonadati;Pseudomonadota;Betaproteobacteria;Burkholderiales;Thiobacteraceae	0	Unresolved	unresolved
Helga-16SrRNA-NCBI	7	G	Thiobacter	Bacteria;Pseudomonadati;Pseudomonadota;Betaproteobacteria;Burkholderiales;Thiobacteraceae;Thiobacter	0	Unresolved	unresolved
Helga-16SrRNA-NCBI	8	S	Thiobacter subterraneus	Bacteria;Pseudomonadati;Pseudomonadota;Betaproteobacteria;Burkholderiales;Thiobacteraceae;Thiobacter;Thiobacter subterraneus	279810	Resolved	assignment
Helga-16SrRNA-NCBI	5	O	Rhodocyclales	Bacteria;Pseudomonadati;Pseudomonadota;Betaproteobacteria;Rhodocyclales	206389	Resolved	source_cache
Helga-16SrRNA-NCBI	6	F	Rhodocyclaceae	Bacteria;Pseudomonadati;Pseudomonadota;Betaproteobacteria;Rhodocyclales;Rhodocyclaceae	75787	Resolved	source_cache
Helga-16SrRNA-NCBI	7	G	Azospira	Bacteria;Pseudomonadati;Pseudomonadota;Betaproteobacteria;Rhodocyclales;Rhodocyclaceae;Azospira	146937	Resolved	source_cache
Helga-16SrRNA-NCBI	8	S	Azospira oryzae	Bacteria;Pseudomonadati;Pseudomonadota;Betaproteobacteria;Rhodocyclales;Rhodocyclaceae;Azospira;Azospira oryzae	146939	Resolved	source_cache
Helga-16SrRNA-NCBI	8	S	Azospira restricta	Bacteria;Pseudomonadati;Pseudomonadota;Betaproteobacteria;Rhodocyclales;Rhodocyclaceae;Azospira;Azospira restricta	404405	Resolved	source_cache
Helga-16SrRNA-NCBI	6	F	Azonexaceae	Bacteria;Pseudomonadati;Pseudomonadota;Betaproteobacteria;Rhodocyclales;Azonexaceae	2008795	Resolved	source_cache
Helga-16SrRNA-NCBI	7	G	Dechloromonas	Bacteria;Pseudomonadati;Pseudomonadota;Betaproteobacteria;Rhodocyclales;Azonexaceae;Dechloromonas	73029	Resolved	source_cache
Helga-16SrRNA-NCBI	8	S	Dechloromonas agitata	Bacteria;Pseudomonadati;Pseudomonadota;Betaproteobacteria;Rhodocyclales;Azonexaceae;Dechloromonas;Dechloromonas agitata	73030	Resolved	source_cache
Helga-16SrRNA-NCBI	6	F	Zoogloeaceae	Bacteria;Pseudomonadati;Pseudomonadota;Betaproteobacteria;Rhodocyclales;Zoogloeaceae	2008794	Resolved	source_cache
Helga-16SrRNA-NCBI	7	G	Pseudothauera	Bacteria;Pseudomonadati;Pseudomonadota;Betaproteobacteria;Rhodocyclales;Zoogloeaceae;Pseudothauera	0	Unresolved	unresolved
Helga-16SrRNA-NCBI	8	S	Pseudothauera rhizosphaerae	Bacteria;Pseudomonadati;Pseudomonadota;Betaproteobacteria;Rhodocyclales;Zoogloeaceae;Pseudothauera;Pseudothauera rhizosphaerae	2565932	Resolved	assignment
Helga-16SrRNA-NCBI	5	O	Neisseriales	Bacteria;Pseudomonadati;Pseudomonadota;Betaproteobacteria;Neisseriales	206351	Resolved	source_cache
Helga-16SrRNA-NCBI	6	F	Chromobacteriaceae	Bacteria;Pseudomonadati;Pseudomonadota;Betaproteobacteria;Neisseriales;Chromobacteriaceae	0	Unresolved	unresolved
Helga-16SrRNA-NCBI	7	G	Chromobacterium	Bacteria;Pseudomonadati;Pseudomonadota;Betaproteobacteria;Neisseriales;Chromobacteriaceae;Chromobacterium	0	Unresolved	unresolved
Helga-16SrRNA-NCBI	8	S	Chromobacterium vaccinii	Bacteria;Pseudomonadati;Pseudomonadota;Betaproteobacteria;Neisseriales;Chromobacteriaceae;Chromobacterium;Chromobacterium vaccinii	1108595	Resolved	assignment
Helga-16SrRNA-NCBI	7	G	Paludibacterium	Bacteria;Pseudomonadati;Pseudomonadota;Betaproteobacteria;Neisseriales;Chromobacteriaceae;Paludibacterium	0	Unresolved	unresolved
Helga-16SrRNA-NCBI	8	S	Paludibacterium paludis	Bacteria;Pseudomonadati;Pseudomonadota;Betaproteobacteria;Neisseriales;Chromobacteriaceae;Paludibacterium;Paludibacterium paludis	1225769	Resolved	assignment
Helga-16SrRNA-NCBI	4	C	Alphaproteobacteria	Bacteria;Pseudomonadati;Pseudomonadota;Alphaproteobacteria	28211	Resolved	source_cache
Helga-16SrRNA-NCBI	5	O	Hyphomicrobiales	Bacteria;Pseudomonadati;Pseudomonadota;Alphaproteobacteria;Hyphomicrobiales	356	Resolved	source_cache
Helga-16SrRNA-NCBI	6	F	Devosiaceae	Bacteria;Pseudomonadati;Pseudomonadota;Alphaproteobacteria;Hyphomicrobiales;Devosiaceae	2831106	Resolved	source_cache
Helga-16SrRNA-NCBI	7	G	Devosia	Bacteria;Pseudomonadati;Pseudomonadota;Alphaproteobacteria;Hyphomicrobiales;Devosiaceae;Devosia	46913	Resolved	source_cache
Helga-16SrRNA-NCBI	8	S	Devosia confluentis	Bacteria;Pseudomonadati;Pseudomonadota;Alphaproteobacteria;Hyphomicrobiales;Devosiaceae;Devosia;Devosia confluentis	1849014	Resolved	assignment
Helga-16SrRNA-NCBI	8	S	Devosia marina	Bacteria;Pseudomonadati;Pseudomonadota;Alphaproteobacteria;Hyphomicrobiales;Devosiaceae;Devosia;Devosia marina	2683198	Resolved	assignment
Helga-16SrRNA-NCBI	8	S	Devosia insulae	Bacteria;Pseudomonadati;Pseudomonadota;Alphaproteobacteria;Hyphomicrobiales;Devosiaceae;Devosia;Devosia insulae	1116389	Resolved	assignment
Helga-16SrRNA-NCBI	8	S	Devosia enhydra	Bacteria;Pseudomonadati;Pseudomonadota;Alphaproteobacteria;Hyphomicrobiales;Devosiaceae;Devosia;Devosia enhydra	665118	Resolved	assignment
Helga-16SrRNA-NCBI	8	S	Devosia mishustinii	Bacteria;Pseudomonadati;Pseudomonadota;Alphaproteobacteria;Hyphomicrobiales;Devosiaceae;Devosia;Devosia mishustinii	616951	Resolved	assignment
Helga-16SrRNA-NCBI	8	S	Devosia subaequoris	Bacteria;Pseudomonadati;Pseudomonadota;Alphaproteobacteria;Hyphomicrobiales;Devosiaceae;Devosia;Devosia subaequoris	395930	Resolved	assignment
Helga-16SrRNA-NCBI	8	S	Devosia humi	Bacteria;Pseudomonadati;Pseudomonadota;Alphaproteobacteria;Hyphomicrobiales;Devosiaceae;Devosia;Devosia humi	1591105	Resolved	assignment
Helga-16SrRNA-NCBI	8	S	Devosia indica	Bacteria;Pseudomonadati;Pseudomonadota;Alphaproteobacteria;Hyphomicrobiales;Devosiaceae;Devosia;Devosia indica	2079253	Resolved	assignment
Helga-16SrRNA-NCBI	8	S	Devosia lucknowensis	Bacteria;Pseudomonadati;Pseudomonadota;Alphaproteobacteria;Hyphomicrobiales;Devosiaceae;Devosia;Devosia lucknowensis	1096929	Resolved	source_cache
Helga-16SrRNA-NCBI	8	S	Devosia riboflavina	Bacteria;Pseudomonadati;Pseudomonadota;Alphaproteobacteria;Hyphomicrobiales;Devosiaceae;Devosia;Devosia riboflavina	46914	Resolved	assignment
Helga-16SrRNA-NCBI	8	S	Devosia sediminis	Bacteria;Pseudomonadati;Pseudomonadota;Alphaproteobacteria;Hyphomicrobiales;Devosiaceae;Devosia;Devosia sediminis	2798801	Resolved	source_cache
Helga-16SrRNA-NCBI	8	S	Devosia yakushimensis	Bacteria;Pseudomonadati;Pseudomonadota;Alphaproteobacteria;Hyphomicrobiales;Devosiaceae;Devosia;Devosia yakushimensis	470028	Resolved	assignment
Helga-16SrRNA-NCBI	8	S	Devosia crocina	Bacteria;Pseudomonadati;Pseudomonadota;Alphaproteobacteria;Hyphomicrobiales;Devosiaceae;Devosia;Devosia crocina	429728	Resolved	assignment
Helga-16SrRNA-NCBI	8	S	Devosia salina	Bacteria;Pseudomonadati;Pseudomonadota;Alphaproteobacteria;Hyphomicrobiales;Devosiaceae;Devosia;Devosia salina	2860336	Resolved	assignment
Helga-16SrRNA-NCBI	6	F	Phyllobacteriaceae	Bacteria;Pseudomonadati;Pseudomonadota;Alphaproteobacteria;Hyphomicrobiales;Phyllobacteriaceae	69277	Resolved	source_cache
Helga-16SrRNA-NCBI	7	G	Mesorhizobium	Bacteria;Pseudomonadati;Pseudomonadota;Alphaproteobacteria;Hyphomicrobiales;Phyllobacteriaceae;Mesorhizobium	68287	Resolved	source_cache
Helga-16SrRNA-NCBI	8	S	Mesorhizobium amorphae	Bacteria;Pseudomonadati;Pseudomonadota;Alphaproteobacteria;Hyphomicrobiales;Phyllobacteriaceae;Mesorhizobium;Mesorhizobium amorphae	71433	Resolved	assignment
Helga-16SrRNA-NCBI	8	S	Mesorhizobium jarvisii	Bacteria;Pseudomonadati;Pseudomonadota;Alphaproteobacteria;Hyphomicrobiales;Phyllobacteriaceae;Mesorhizobium;Mesorhizobium jarvisii	1777867	Resolved	assignment
Helga-16SrRNA-NCBI	8	S	Mesorhizobium terrae	Bacteria;Pseudomonadati;Pseudomonadota;Alphaproteobacteria;Hyphomicrobiales;Phyllobacteriaceae;Mesorhizobium;Mesorhizobium terrae	2725666	Resolved	assignment
Helga-16SrRNA-NCBI	8	S	Mesorhizobium tianshanense	Bacteria;Pseudomonadati;Pseudomonadota;Alphaproteobacteria;Hyphomicrobiales;Phyllobacteriaceae;Mesorhizobium;Mesorhizobium tianshanense	39844	Resolved	assignment
Helga-16SrRNA-NCBI	8	S	Mesorhizobium atlanticum	Bacteria;Pseudomonadati;Pseudomonadota;Alphaproteobacteria;Hyphomicrobiales;Phyllobacteriaceae;Mesorhizobium;Mesorhizobium atlanticum	2233532	Resolved	source_cache
Helga-16SrRNA-NCBI	8	S	Mesorhizobium australicum	Bacteria;Pseudomonadati;Pseudomonadota;Alphaproteobacteria;Hyphomicrobiales;Phyllobacteriaceae;Mesorhizobium;Mesorhizobium australicum	754035	Resolved	assignment
Helga-16SrRNA-NCBI	8	S	Mesorhizobium comanense	Bacteria;Pseudomonadati;Pseudomonadota;Alphaproteobacteria;Hyphomicrobiales;Phyllobacteriaceae;Mesorhizobium;Mesorhizobium comanense	2502215	Resolved	source_cache
Helga-16SrRNA-NCBI	8	S	Mesorhizobium delmotii	Bacteria;Pseudomonadati;Pseudomonadota;Alphaproteobacteria;Hyphomicrobiales;Phyllobacteriaceae;Mesorhizobium;Mesorhizobium delmotii	1631247	Resolved	assignment
Helga-16SrRNA-NCBI	8	S	Mesorhizobium helmanticense	Bacteria;Pseudomonadati;Pseudomonadota;Alphaproteobacteria;Hyphomicrobiales;Phyllobacteriaceae;Mesorhizobium;Mesorhizobium helmanticense	1776423	Resolved	source_cache
Helga-16SrRNA-NCBI	8	S	Mesorhizobium sediminum	Bacteria;Pseudomonadati;Pseudomonadota;Alphaproteobacteria;Hyphomicrobiales;Phyllobacteriaceae;Mesorhizobium;Mesorhizobium sediminum	1849104	Resolved	assignment
Helga-16SrRNA-NCBI	8	S	Mesorhizobium tamadayense	Bacteria;Pseudomonadati;Pseudomonadota;Alphaproteobacteria;Hyphomicrobiales;Phyllobacteriaceae;Mesorhizobium;Mesorhizobium tamadayense	425306	Resolved	assignment
Helga-16SrRNA-NCBI	8	S	Mesorhizobium carmichaelinearum	Bacteria;Pseudomonadati;Pseudomonadota;Alphaproteobacteria;Hyphomicrobiales;Phyllobacteriaceae;Mesorhizobium;Mesorhizobium carmichaelinearum	1208188	Resolved	assignment
Helga-16SrRNA-NCBI	8	S	Mesorhizobium erdmanii	Bacteria;Pseudomonadati;Pseudomonadota;Alphaproteobacteria;Hyphomicrobiales;Phyllobacteriaceae;Mesorhizobium;Mesorhizobium erdmanii	1777866	Resolved	assignment
Helga-16SrRNA-NCBI	8	S	Mesorhizobium gobiense	Bacteria;Pseudomonadati;Pseudomonadota;Alphaproteobacteria;Hyphomicrobiales;Phyllobacteriaceae;Mesorhizobium;Mesorhizobium gobiense	410756	Resolved	assignment
Helga-16SrRNA-NCBI	8	S	Mesorhizobium hankyongi	Bacteria;Pseudomonadati;Pseudomonadota;Alphaproteobacteria;Hyphomicrobiales;Phyllobacteriaceae;Mesorhizobium;Mesorhizobium hankyongi	2707057	Resolved	assignment
Helga-16SrRNA-NCBI	8	S	Mesorhizobium mediterraneum	Bacteria;Pseudomonadati;Pseudomonadota;Alphaproteobacteria;Hyphomicrobiales;Phyllobacteriaceae;Mesorhizobium;Mesorhizobium mediterraneum	43617	Resolved	assignment
Helga-16SrRNA-NCBI	8	S	Mesorhizobium muleiense	Bacteria;Pseudomonadati;Pseudomonadota;Alphaproteobacteria;Hyphomicrobiales;Phyllobacteriaceae;Mesorhizobium;Mesorhizobium muleiense	1004279	Resolved	assignment
Helga-16SrRNA-NCBI	7	G	Aquibium	Bacteria;Pseudomonadati;Pseudomonadota;Alphaproteobacteria;Hyphomicrobiales;Phyllobacteriaceae;Aquibium	0	Unresolved	unresolved
Helga-16SrRNA-NCBI	8	S	Aquibium microcysteis	Bacteria;Pseudomonadati;Pseudomonadota;Alphaproteobacteria;Hyphomicrobiales;Phyllobacteriaceae;Aquibium;Aquibium microcysteis	675281	Resolved	assignment
Helga-16SrRNA-NCBI	8	S	Aquibium carbonis	Bacteria;Pseudomonadati;Pseudomonadota;Alphaproteobacteria;Hyphomicrobiales;Phyllobacteriaceae;Aquibium;Aquibium carbonis	2495581	Resolved	assignment
Helga-16SrRNA-NCBI	8	S	Aquibium oceanicum	Bacteria;Pseudomonadati;Pseudomonadota;Alphaproteobacteria;Hyphomicrobiales;Phyllobacteriaceae;Aquibium;Aquibium oceanicum	1670800	Resolved	assignment
Helga-16SrRNA-NCBI	7	G	Aminobacter	Bacteria;Pseudomonadati;Pseudomonadota;Alphaproteobacteria;Hyphomicrobiales;Phyllobacteriaceae;Aminobacter	31988	Resolved	source_cache
Helga-16SrRNA-NCBI	8	S	Aminobacter aganoensis	Bacteria;Pseudomonadati;Pseudomonadota;Alphaproteobacteria;Hyphomicrobiales;Phyllobacteriaceae;Aminobacter;Aminobacter aganoensis	83264	Resolved	source_cache
Helga-16SrRNA-NCBI	8	S	Aminobacter anthyllidis	Bacteria;Pseudomonadati;Pseudomonadota;Alphaproteobacteria;Hyphomicrobiales;Phyllobacteriaceae;Aminobacter;Aminobacter anthyllidis	1035067	Resolved	assignment
Helga-16SrRNA-NCBI	7	G	Chelativorans	Bacteria;Pseudomonadati;Pseudomonadota;Alphaproteobacteria;Hyphomicrobiales;Phyllobacteriaceae;Chelativorans	0	Unresolved	unresolved
Helga-16SrRNA-NCBI	8	S	Chelativorans alearense	Bacteria;Pseudomonadati;Pseudomonadota;Alphaproteobacteria;Hyphomicrobiales;Phyllobacteriaceae;Chelativorans;Chelativorans alearense	2681495	Resolved	assignment
Helga-16SrRNA-NCBI	7	G	Nitratireductor	Bacteria;Pseudomonadati;Pseudomonadota;Alphaproteobacteria;Hyphomicrobiales;Phyllobacteriaceae;Nitratireductor	245876	Resolved	source_cache
Helga-16SrRNA-NCBI	8	S	Nitratireductor aquibiodomus	Bacteria;Pseudomonadati;Pseudomonadota;Alphaproteobacteria;Hyphomicrobiales;Phyllobacteriaceae;Nitratireductor;Nitratireductor aquibiodomus	1231185	Resolved	assignment
Helga-16SrRNA-NCBI	7	G	Aquamicrobium	Bacteria;Pseudomonadati;Pseudomonadota;Alphaproteobacteria;Hyphomicrobiales;Phyllobacteriaceae;Aquamicrobium	69278	Resolved	source_cache
Helga-16SrRNA-NCBI	8	S	Aquamicrobium terrae	Bacteria;Pseudomonadati;Pseudomonadota;Alphaproteobacteria;Hyphomicrobiales;Phyllobacteriaceae;Aquamicrobium;Aquamicrobium terrae	1324945	Resolved	assignment
Helga-16SrRNA-NCBI	7	G	Oryzicola	Bacteria;Pseudomonadati;Pseudomonadota;Alphaproteobacteria;Hyphomicrobiales;Phyllobacteriaceae;Oryzicola	0	Unresolved	unresolved
Helga-16SrRNA-NCBI	8	S	Oryzicola mucosus	Bacteria;Pseudomonadati;Pseudomonadota;Alphaproteobacteria;Hyphomicrobiales;Phyllobacteriaceae;Oryzicola;Oryzicola mucosus	2767425	Resolved	assignment
Helga-16SrRNA-NCBI	6	F	Hyphomicrobiaceae	Bacteria;Pseudomonadati;Pseudomonadota;Alphaproteobacteria;Hyphomicrobiales;Hyphomicrobiaceae	45401	Resolved	source_cache
Helga-16SrRNA-NCBI	7	G	Hyphomicrobium	Bacteria;Pseudomonadati;Pseudomonadota;Alphaproteobacteria;Hyphomicrobiales;Hyphomicrobiaceae;Hyphomicrobium	81	Resolved	source_cache
Helga-16SrRNA-NCBI	8	S	Hyphomicrobium zavarzinii	Bacteria;Pseudomonadati;Pseudomonadota;Alphaproteobacteria;Hyphomicrobiales;Hyphomicrobiaceae;Hyphomicrobium;Hyphomicrobium zavarzinii	48292	Resolved	source_cache
Helga-16SrRNA-NCBI	8	S	Hyphomicrobium aestuarii	Bacteria;Pseudomonadati;Pseudomonadota;Alphaproteobacteria;Hyphomicrobiales;Hyphomicrobiaceae;Hyphomicrobium;Hyphomicrobium aestuarii	53398	Resolved	assignment
Helga-16SrRNA-NCBI	8	S	Hyphomicrobium nitrativorans	Bacteria;Pseudomonadati;Pseudomonadota;Alphaproteobacteria;Hyphomicrobiales;Hyphomicrobiaceae;Hyphomicrobium;Hyphomicrobium nitrativorans	1029756	Resolved	assignment
Helga-16SrRNA-NCBI	8	S	Hyphomicrobium vulgare	Bacteria;Pseudomonadati;Pseudomonadota;Alphaproteobacteria;Hyphomicrobiales;Hyphomicrobiaceae;Hyphomicrobium;Hyphomicrobium vulgare	83	Resolved	source_cache
Helga-16SrRNA-NCBI	8	S	Hyphomicrobium denitrificans	Bacteria;Pseudomonadati;Pseudomonadota;Alphaproteobacteria;Hyphomicrobiales;Hyphomicrobiaceae;Hyphomicrobium;Hyphomicrobium denitrificans	53399	Resolved	source_cache
Helga-16SrRNA-NCBI	8	S	Hyphomicrobium sulfonivorans	Bacteria;Pseudomonadati;Pseudomonadota;Alphaproteobacteria;Hyphomicrobiales;Hyphomicrobiaceae;Hyphomicrobium;Hyphomicrobium sulfonivorans	121290	Resolved	source_cache
Helga-16SrRNA-NCBI	8	S	Hyphomicrobium album	Bacteria;Pseudomonadati;Pseudomonadota;Alphaproteobacteria;Hyphomicrobiales;Hyphomicrobiaceae;Hyphomicrobium;Hyphomicrobium album	2665159	Resolved	source_cache
Helga-16SrRNA-NCBI	8	S	Hyphomicrobium facile	Bacteria;Pseudomonadati;Pseudomonadota;Alphaproteobacteria;Hyphomicrobiales;Hyphomicrobiaceae;Hyphomicrobium;Hyphomicrobium facile	51670	Resolved	assignment
Helga-16SrRNA-NCBI	8	S	Hyphomicrobium hollandicum	Bacteria;Pseudomonadati;Pseudomonadota;Alphaproteobacteria;Hyphomicrobiales;Hyphomicrobiaceae;Hyphomicrobium;Hyphomicrobium hollandicum	53400	Resolved	assignment
Helga-16SrRNA-NCBI	8	S	Hyphomicrobium methylovorum	Bacteria;Pseudomonadati;Pseudomonadota;Alphaproteobacteria;Hyphomicrobiales;Hyphomicrobiaceae;Hyphomicrobium;Hyphomicrobium methylovorum	84	Resolved	assignment
Helga-16SrRNA-NCBI	7	G	Methyloceanibacter	Bacteria;Pseudomonadati;Pseudomonadota;Alphaproteobacteria;Hyphomicrobiales;Hyphomicrobiaceae;Methyloceanibacter	0	Unresolved	unresolved
Helga-16SrRNA-NCBI	8	S	Methyloceanibacter caenitepidi	Bacteria;Pseudomonadati;Pseudomonadota;Alphaproteobacteria;Hyphomicrobiales;Hyphomicrobiaceae;Methyloceanibacter;Methyloceanibacter caenitepidi	1384459	Resolved	assignment
Helga-16SrRNA-NCBI	7	G	Filomicrobium	Bacteria;Pseudomonadati;Pseudomonadota;Alphaproteobacteria;Hyphomicrobiales;Hyphomicrobiaceae;Filomicrobium	0	Unresolved	unresolved
Helga-16SrRNA-NCBI	8	S	Filomicrobium fusiforme	Bacteria;Pseudomonadati;Pseudomonadota;Alphaproteobacteria;Hyphomicrobiales;Hyphomicrobiaceae;Filomicrobium;Filomicrobium fusiforme	66850	Resolved	assignment
Helga-16SrRNA-NCBI	8	S	Filomicrobium insigne	Bacteria;Pseudomonadati;Pseudomonadota;Alphaproteobacteria;Hyphomicrobiales;Hyphomicrobiaceae;Filomicrobium;Filomicrobium insigne	418854	Resolved	assignment
Helga-16SrRNA-NCBI	7	G	Pedomicrobium	Bacteria;Pseudomonadati;Pseudomonadota;Alphaproteobacteria;Hyphomicrobiales;Hyphomicrobiaceae;Pedomicrobium	47494	Resolved	source_cache
Helga-16SrRNA-NCBI	8	S	Pedomicrobium manganicum	Bacteria;Pseudomonadati;Pseudomonadota;Alphaproteobacteria;Hyphomicrobiales;Hyphomicrobiaceae;Pedomicrobium;Pedomicrobium manganicum	47498	Resolved	source_cache
Helga-16SrRNA-NCBI	7	G	Methylothermalis	Bacteria;Pseudomonadati;Pseudomonadota;Alphaproteobacteria;Hyphomicrobiales;Hyphomicrobiaceae;Methylothermalis	0	Unresolved	unresolved
Helga-16SrRNA-NCBI	8	S	Methylothermalis aethiopiae	Bacteria;Pseudomonadati;Pseudomonadota;Alphaproteobacteria;Hyphomicrobiales;Hyphomicrobiaceae;Methylothermalis;Methylothermalis aethiopiae	1751901	Resolved	assignment
Helga-16SrRNA-NCBI	6	F	Ahrensiaceae	Bacteria;Pseudomonadati;Pseudomonadota;Alphaproteobacteria;Hyphomicrobiales;Ahrensiaceae	0	Unresolved	unresolved
Helga-16SrRNA-NCBI	7	G	Oceaniradius	Bacteria;Pseudomonadati;Pseudomonadota;Alphaproteobacteria;Hyphomicrobiales;Ahrensiaceae;Oceaniradius	0	Unresolved	unresolved
Helga-16SrRNA-NCBI	8	S	Oceaniradius stylonematis	Bacteria;Pseudomonadati;Pseudomonadota;Alphaproteobacteria;Hyphomicrobiales;Ahrensiaceae;Oceaniradius;Oceaniradius stylonematis	2184161	Resolved	assignment
Helga-16SrRNA-NCBI	7	G	Ahrensia	Bacteria;Pseudomonadati;Pseudomonadota;Alphaproteobacteria;Hyphomicrobiales;Ahrensiaceae;Ahrensia	0	Unresolved	unresolved
Helga-16SrRNA-NCBI	8	S	Ahrensia marina	Bacteria;Pseudomonadati;Pseudomonadota;Alphaproteobacteria;Hyphomicrobiales;Ahrensiaceae;Ahrensia;Ahrensia marina	1514904	Resolved	assignment
Helga-16SrRNA-NCBI	7	G	Oricola	Bacteria;Pseudomonadati;Pseudomonadota;Alphaproteobacteria;Hyphomicrobiales;Ahrensiaceae;Oricola	0	Unresolved	unresolved
Helga-16SrRNA-NCBI	8	S	Oricola thermophila	Bacteria;Pseudomonadati;Pseudomonadota;Alphaproteobacteria;Hyphomicrobiales;Ahrensiaceae;Oricola;Oricola thermophila	2742145	Resolved	assignment
Helga-16SrRNA-NCBI	6	F	Rhizobiaceae	Bacteria;Pseudomonadati;Pseudomonadota;Alphaproteobacteria;Hyphomicrobiales;Rhizobiaceae	82115	Resolved	source_cache
Helga-16SrRNA-NCBI	7	G	Rhizobium	Bacteria;Pseudomonadati;Pseudomonadota;Alphaproteobacteria;Hyphomicrobiales;Rhizobiaceae;Rhizobium	379	Resolved	source_cache
Helga-16SrRNA-NCBI	8	S	Rhizobium rosettiformans	Bacteria;Pseudomonadati;Pseudomonadota;Alphaproteobacteria;Hyphomicrobiales;Rhizobiaceae;Rhizobium;Rhizobium rosettiformans	1368430	Resolved	source_cache
Helga-16SrRNA-NCBI	8	S	Rhizobium cauense	Bacteria;Pseudomonadati;Pseudomonadota;Alphaproteobacteria;Hyphomicrobiales;Rhizobiaceae;Rhizobium;Rhizobium cauense	1166683	Resolved	assignment
Helga-16SrRNA-NCBI	8	S	Rhizobium lemnae	Bacteria;Pseudomonadati;Pseudomonadota;Alphaproteobacteria;Hyphomicrobiales;Rhizobiaceae;Rhizobium;Rhizobium lemnae	1214924	Resolved	assignment
Helga-16SrRNA-NCBI	8	S	Rhizobium nepotum	Bacteria;Pseudomonadati;Pseudomonadota;Alphaproteobacteria;Hyphomicrobiales;Rhizobiaceae;Rhizobium;Rhizobium nepotum	1368418	Resolved	assignment
Helga-16SrRNA-NCBI	8	S	Rhizobium rhizolycopersici	Bacteria;Pseudomonadati;Pseudomonadota;Alphaproteobacteria;Hyphomicrobiales;Rhizobiaceae;Rhizobium;Rhizobium rhizolycopersici	2746702	Resolved	assignment
Helga-16SrRNA-NCBI	7	G	Hoeflea	Bacteria;Pseudomonadati;Pseudomonadota;Alphaproteobacteria;Hyphomicrobiales;Rhizobiaceae;Hoeflea	0	Unresolved	unresolved
Helga-16SrRNA-NCBI	8	S	Hoeflea alexandrii	Bacteria;Pseudomonadati;Pseudomonadota;Alphaproteobacteria;Hyphomicrobiales;Rhizobiaceae;Hoeflea;Hoeflea alexandrii	288436	Resolved	assignment
Helga-16SrRNA-NCBI	8	S	Hoeflea anabaenae	Bacteria;Pseudomonadati;Pseudomonadota;Alphaproteobacteria;Hyphomicrobiales;Rhizobiaceae;Hoeflea;Hoeflea anabaenae	369795	Resolved	assignment
Helga-16SrRNA-NCBI	8	S	Hoeflea phototrophica	Bacteria;Pseudomonadati;Pseudomonadota;Alphaproteobacteria;Hyphomicrobiales;Rhizobiaceae;Hoeflea;Hoeflea phototrophica	244596	Resolved	assignment
Helga-16SrRNA-NCBI	7	G	Mycoplana	Bacteria;Pseudomonadati;Pseudomonadota;Alphaproteobacteria;Hyphomicrobiales;Rhizobiaceae;Mycoplana	13159	Resolved	source_cache
Helga-16SrRNA-NCBI	8	S	Mycoplana ramosa	Bacteria;Pseudomonadati;Pseudomonadota;Alphaproteobacteria;Hyphomicrobiales;Rhizobiaceae;Mycoplana;Mycoplana ramosa	40837	Resolved	assignment
Helga-16SrRNA-NCBI	8	S	Mycoplana azooxidifex	Bacteria;Pseudomonadati;Pseudomonadota;Alphaproteobacteria;Hyphomicrobiales;Rhizobiaceae;Mycoplana;Mycoplana azooxidifex	1636188	Resolved	assignment
Helga-16SrRNA-NCBI	7	G	Shinella	Bacteria;Pseudomonadati;Pseudomonadota;Alphaproteobacteria;Hyphomicrobiales;Rhizobiaceae;Shinella	0	Unresolved	unresolved
Helga-16SrRNA-NCBI	8	S	Shinella zoogloeoides	Bacteria;Pseudomonadati;Pseudomonadota;Alphaproteobacteria;Hyphomicrobiales;Rhizobiaceae;Shinella;Shinella zoogloeoides	352475	Resolved	assignment
Helga-16SrRNA-NCBI	8	S	Shinella curvata	Bacteria;Pseudomonadati;Pseudomonadota;Alphaproteobacteria;Hyphomicrobiales;Rhizobiaceae;Shinella;Shinella curvata	1817964	Resolved	assignment
Helga-16SrRNA-NCBI	8	S	Shinella granuli	Bacteria;Pseudomonadati;Pseudomonadota;Alphaproteobacteria;Hyphomicrobiales;Rhizobiaceae;Shinella;Shinella granuli	323621	Resolved	assignment
Helga-16SrRNA-NCBI	7	G	Sinorhizobium	Bacteria;Pseudomonadati;Pseudomonadota;Alphaproteobacteria;Hyphomicrobiales;Rhizobiaceae;Sinorhizobium	0	Unresolved	unresolved
Helga-16SrRNA-NCBI	8	S	Sinorhizobium garamanticum	Bacteria;Pseudomonadati;Pseudomonadota;Alphaproteobacteria;Hyphomicrobiales;Rhizobiaceae;Sinorhizobium;Sinorhizobium garamanticum	680247	Resolved	assignment
Helga-16SrRNA-NCBI	8	S	Sinorhizobium arboris	Bacteria;Pseudomonadati;Pseudomonadota;Alphaproteobacteria;Hyphomicrobiales;Rhizobiaceae;Sinorhizobium;Sinorhizobium arboris	935557	Resolved	assignment
Helga-16SrRNA-NCBI	8	S	Sinorhizobium kostiense	Bacteria;Pseudomonadati;Pseudomonadota;Alphaproteobacteria;Hyphomicrobiales;Rhizobiaceae;Sinorhizobium;Sinorhizobium kostiense	76747	Resolved	assignment
Helga-16SrRNA-NCBI	7	G	Agrobacterium	Bacteria;Pseudomonadati;Pseudomonadota;Alphaproteobacteria;Hyphomicrobiales;Rhizobiaceae;Agrobacterium	357	Resolved	source_cache
Helga-16SrRNA-NCBI	8	S	Agrobacterium tumefaciens	Bacteria;Pseudomonadati;Pseudomonadota;Alphaproteobacteria;Hyphomicrobiales;Rhizobiaceae;Agrobacterium;Agrobacterium tumefaciens	358	Resolved	source_cache
Helga-16SrRNA-NCBI	7	G	Pseudohoeflea	Bacteria;Pseudomonadati;Pseudomonadota;Alphaproteobacteria;Hyphomicrobiales;Rhizobiaceae;Pseudohoeflea	0	Unresolved	unresolved
Helga-16SrRNA-NCBI	8	S	Pseudohoeflea suaedae	Bacteria;Pseudomonadati;Pseudomonadota;Alphaproteobacteria;Hyphomicrobiales;Rhizobiaceae;Pseudohoeflea;Pseudohoeflea suaedae	877384	Resolved	assignment
Helga-16SrRNA-NCBI	6	F	Reyranellaceae	Bacteria;Pseudomonadati;Pseudomonadota;Alphaproteobacteria;Hyphomicrobiales;Reyranellaceae	2844375	Resolved	source_cache
Helga-16SrRNA-NCBI	7	G	Reyranella	Bacteria;Pseudomonadati;Pseudomonadota;Alphaproteobacteria;Hyphomicrobiales;Reyranellaceae;Reyranella	445219	Resolved	source_cache
Helga-16SrRNA-NCBI	8	S	Reyranella aquatilis	Bacteria;Pseudomonadati;Pseudomonadota;Alphaproteobacteria;Hyphomicrobiales;Reyranellaceae;Reyranella;Reyranella aquatilis	2035356	Resolved	source_cache
Helga-16SrRNA-NCBI	8	S	Reyranella massiliensis	Bacteria;Pseudomonadati;Pseudomonadota;Alphaproteobacteria;Hyphomicrobiales;Reyranellaceae;Reyranella;Reyranella massiliensis	1205680	Resolved	assignment
Helga-16SrRNA-NCBI	8	S	Reyranella soli	Bacteria;Pseudomonadati;Pseudomonadota;Alphaproteobacteria;Hyphomicrobiales;Reyranellaceae;Reyranella;Reyranella soli	1230389	Resolved	assignment
Helga-16SrRNA-NCBI	6	F	Aestuariivirgaceae	Bacteria;Pseudomonadati;Pseudomonadota;Alphaproteobacteria;Hyphomicrobiales;Aestuariivirgaceae	0	Unresolved	unresolved
Helga-16SrRNA-NCBI	7	G	Aestuariivirga	Bacteria;Pseudomonadati;Pseudomonadota;Alphaproteobacteria;Hyphomicrobiales;Aestuariivirgaceae;Aestuariivirga	0	Unresolved	unresolved
Helga-16SrRNA-NCBI	8	S	Aestuariivirga litoralis	Bacteria;Pseudomonadati;Pseudomonadota;Alphaproteobacteria;Hyphomicrobiales;Aestuariivirgaceae;Aestuariivirga;Aestuariivirga litoralis	2650924	Resolved	assignment
Helga-16SrRNA-NCBI	6	F	Xanthobacteraceae	Bacteria;Pseudomonadati;Pseudomonadota;Alphaproteobacteria;Hyphomicrobiales;Xanthobacteraceae	335928	Resolved	source_cache
Helga-16SrRNA-NCBI	7	G	Ancylobacter	Bacteria;Pseudomonadati;Pseudomonadota;Alphaproteobacteria;Hyphomicrobiales;Xanthobacteraceae;Ancylobacter	99	Resolved	source_cache
Helga-16SrRNA-NCBI	8	S	Ancylobacter polymorphus	Bacteria;Pseudomonadati;Pseudomonadota;Alphaproteobacteria;Hyphomicrobiales;Xanthobacteraceae;Ancylobacter;Ancylobacter polymorphus	223390	Resolved	assignment
Helga-16SrRNA-NCBI	8	S	Ancylobacter dichloromethanicus	Bacteria;Pseudomonadati;Pseudomonadota;Alphaproteobacteria;Hyphomicrobiales;Xanthobacteraceae;Ancylobacter;Ancylobacter dichloromethanicus	518825	Resolved	assignment
Helga-16SrRNA-NCBI	8	S	Ancylobacter novellus	Bacteria;Pseudomonadati;Pseudomonadota;Alphaproteobacteria;Hyphomicrobiales;Xanthobacteraceae;Ancylobacter;Ancylobacter novellus	639283	Resolved	assignment
Helga-16SrRNA-NCBI	8	S	Ancylobacter rudongensis	Bacteria;Pseudomonadati;Pseudomonadota;Alphaproteobacteria;Hyphomicrobiales;Xanthobacteraceae;Ancylobacter;Ancylobacter rudongensis	177413	Resolved	assignment
Helga-16SrRNA-NCBI	7	G	Pseudolabrys	Bacteria;Pseudomonadati;Pseudomonadota;Alphaproteobacteria;Hyphomicrobiales;Xanthobacteraceae;Pseudolabrys	0	Unresolved	unresolved
Helga-16SrRNA-NCBI	8	S	Pseudolabrys taiwanensis	Bacteria;Pseudomonadati;Pseudomonadota;Alphaproteobacteria;Hyphomicrobiales;Xanthobacteraceae;Pseudolabrys;Pseudolabrys taiwanensis	331696	Resolved	assignment
Helga-16SrRNA-NCBI	7	G	Xanthobacter	Bacteria;Pseudomonadati;Pseudomonadota;Alphaproteobacteria;Hyphomicrobiales;Xanthobacteraceae;Xanthobacter	279	Resolved	source_cache
Helga-16SrRNA-NCBI	8	S	Xanthobacter agilis	Bacteria;Pseudomonadati;Pseudomonadota;Alphaproteobacteria;Hyphomicrobiales;Xanthobacteraceae;Xanthobacter;Xanthobacter agilis	47492	Resolved	assignment
Helga-16SrRNA-NCBI	6	F	Notoacmeibacteraceae	Bacteria;Pseudomonadati;Pseudomonadota;Alphaproteobacteria;Hyphomicrobiales;Notoacmeibacteraceae	0	Unresolved	unresolved
Helga-16SrRNA-NCBI	7	G	Zhengella	Bacteria;Pseudomonadati;Pseudomonadota;Alphaproteobacteria;Hyphomicrobiales;Notoacmeibacteraceae;Zhengella	0	Unresolved	unresolved
Helga-16SrRNA-NCBI	8	S	Zhengella mangrovi	Bacteria;Pseudomonadati;Pseudomonadota;Alphaproteobacteria;Hyphomicrobiales;Notoacmeibacteraceae;Zhengella;Zhengella mangrovi	1982044	Resolved	assignment
Helga-16SrRNA-NCBI	6	F	Kaistiaceae	Bacteria;Pseudomonadati;Pseudomonadota;Alphaproteobacteria;Hyphomicrobiales;Kaistiaceae	2831111	Resolved	source_cache
Helga-16SrRNA-NCBI	7	G	Bauldia	Bacteria;Pseudomonadati;Pseudomonadota;Alphaproteobacteria;Hyphomicrobiales;Kaistiaceae;Bauldia	1145345	Resolved	source_cache
Helga-16SrRNA-NCBI	8	S	Bauldia consociata	Bacteria;Pseudomonadati;Pseudomonadota;Alphaproteobacteria;Hyphomicrobiales;Kaistiaceae;Bauldia;Bauldia consociata	616952	Resolved	assignment
Helga-16SrRNA-NCBI	6	F	Boseaceae	Bacteria;Pseudomonadati;Pseudomonadota;Alphaproteobacteria;Hyphomicrobiales;Boseaceae	0	Unresolved	unresolved
Helga-16SrRNA-NCBI	7	G	Bosea	Bacteria;Pseudomonadati;Pseudomonadota;Alphaproteobacteria;Hyphomicrobiales;Boseaceae;Bosea	0	Unresolved	unresolved
Helga-16SrRNA-NCBI	8	S	Bosea vestrisii	Bacteria;Pseudomonadati;Pseudomonadota;Alphaproteobacteria;Hyphomicrobiales;Boseaceae;Bosea;Bosea vestrisii	1212487	Resolved	assignment
Helga-16SrRNA-NCBI	8	S	Bosea lupini	Bacteria;Pseudomonadati;Pseudomonadota;Alphaproteobacteria;Hyphomicrobiales;Boseaceae;Bosea;Bosea lupini	1036779	Resolved	assignment
Helga-16SrRNA-NCBI	8	S	Bosea psychrotolerans	Bacteria;Pseudomonadati;Pseudomonadota;Alphaproteobacteria;Hyphomicrobiales;Boseaceae;Bosea;Bosea psychrotolerans	1871628	Resolved	assignment
Helga-16SrRNA-NCBI	8	S	Bosea thiooxidans	Bacteria;Pseudomonadati;Pseudomonadota;Alphaproteobacteria;Hyphomicrobiales;Boseaceae;Bosea;Bosea thiooxidans	53254	Resolved	assignment
Helga-16SrRNA-NCBI	8	S	Bosea vaviloviae	Bacteria;Pseudomonadati;Pseudomonadota;Alphaproteobacteria;Hyphomicrobiales;Boseaceae;Bosea;Bosea vaviloviae	1526658	Resolved	assignment
Helga-16SrRNA-NCBI	6	F	Nitrobacteraceae	Bacteria;Pseudomonadati;Pseudomonadota;Alphaproteobacteria;Hyphomicrobiales;Nitrobacteraceae	0	Unresolved	unresolved
Helga-16SrRNA-NCBI	7	G	Afipia	Bacteria;Pseudomonadati;Pseudomonadota;Alphaproteobacteria;Hyphomicrobiales;Nitrobacteraceae;Afipia	0	Unresolved	unresolved
Helga-16SrRNA-NCBI	8	S	Afipia carboxidovorans	Bacteria;Pseudomonadati;Pseudomonadota;Alphaproteobacteria;Hyphomicrobiales;Nitrobacteraceae;Afipia;Afipia carboxidovorans	40137	Resolved	assignment
Helga-16SrRNA-NCBI	8	S	Afipia broomeae	Bacteria;Pseudomonadati;Pseudomonadota;Alphaproteobacteria;Hyphomicrobiales;Nitrobacteraceae;Afipia;Afipia broomeae	56946	Resolved	assignment
Helga-16SrRNA-NCBI	7	G	Bradyrhizobium	Bacteria;Pseudomonadati;Pseudomonadota;Alphaproteobacteria;Hyphomicrobiales;Nitrobacteraceae;Bradyrhizobium	0	Unresolved	unresolved
Helga-16SrRNA-NCBI	8	S	Bradyrhizobium oligotrophicum	Bacteria;Pseudomonadati;Pseudomonadota;Alphaproteobacteria;Hyphomicrobiales;Nitrobacteraceae;Bradyrhizobium;Bradyrhizobium oligotrophicum	1245469	Resolved	assignment
Helga-16SrRNA-NCBI	7	G	Nitrobacter	Bacteria;Pseudomonadati;Pseudomonadota;Alphaproteobacteria;Hyphomicrobiales;Nitrobacteraceae;Nitrobacter	0	Unresolved	unresolved
Helga-16SrRNA-NCBI	8	S	Nitrobacter hamburgensis	Bacteria;Pseudomonadati;Pseudomonadota;Alphaproteobacteria;Hyphomicrobiales;Nitrobacteraceae;Nitrobacter;Nitrobacter hamburgensis	323097	Resolved	assignment
Helga-16SrRNA-NCBI	7	G	Variibacter	Bacteria;Pseudomonadati;Pseudomonadota;Alphaproteobacteria;Hyphomicrobiales;Nitrobacteraceae;Variibacter	0	Unresolved	unresolved
Helga-16SrRNA-NCBI	8	S	Variibacter gotjawalensis	Bacteria;Pseudomonadati;Pseudomonadota;Alphaproteobacteria;Hyphomicrobiales;Nitrobacteraceae;Variibacter;Variibacter gotjawalensis	1333996	Resolved	assignment
Helga-16SrRNA-NCBI	6	F	Methylobacteriaceae	Bacteria;Pseudomonadati;Pseudomonadota;Alphaproteobacteria;Hyphomicrobiales;Methylobacteriaceae	119045	Resolved	source_cache
Helga-16SrRNA-NCBI	7	G	Methylobacterium	Bacteria;Pseudomonadati;Pseudomonadota;Alphaproteobacteria;Hyphomicrobiales;Methylobacteriaceae;Methylobacterium	407	Resolved	source_cache
Helga-16SrRNA-NCBI	8	S	Methylobacterium dankookense	Bacteria;Pseudomonadati;Pseudomonadota;Alphaproteobacteria;Hyphomicrobiales;Methylobacteriaceae;Methylobacterium;Methylobacterium dankookense	560405	Resolved	assignment
Helga-16SrRNA-NCBI	7	G	Microvirga	Bacteria;Pseudomonadati;Pseudomonadota;Alphaproteobacteria;Hyphomicrobiales;Methylobacteriaceae;Microvirga	186650	Resolved	source_cache
Helga-16SrRNA-NCBI	8	S	Microvirga subterranea	Bacteria;Pseudomonadati;Pseudomonadota;Alphaproteobacteria;Hyphomicrobiales;Methylobacteriaceae;Microvirga;Microvirga subterranea	186651	Resolved	source_cache
Helga-16SrRNA-NCBI	6	F	Beijerinckiaceae	Bacteria;Pseudomonadati;Pseudomonadota;Alphaproteobacteria;Hyphomicrobiales;Beijerinckiaceae	45404	Resolved	source_cache
Helga-16SrRNA-NCBI	7	G	Beijerinckia	Bacteria;Pseudomonadati;Pseudomonadota;Alphaproteobacteria;Hyphomicrobiales;Beijerinckiaceae;Beijerinckia	532	Resolved	source_cache
Helga-16SrRNA-NCBI	8	S	Beijerinckia indica	Bacteria;Pseudomonadati;Pseudomonadota;Alphaproteobacteria;Hyphomicrobiales;Beijerinckiaceae;Beijerinckia;Beijerinckia indica	395963	Resolved	assignment
Helga-16SrRNA-NCBI	6	F	Hyphomicrobiales_Incertae_sedis	Bacteria;Pseudomonadati;Pseudomonadota;Alphaproteobacteria;Hyphomicrobiales;Hyphomicrobiales_Incertae_sedis	0	Unresolved	unresolved
Helga-16SrRNA-NCBI	7	G	Pseudorhodoplanes	Bacteria;Pseudomonadati;Pseudomonadota;Alphaproteobacteria;Hyphomicrobiales;Hyphomicrobiales_Incertae_sedis;Pseudorhodoplanes	1734920	Resolved	source_cache
Helga-16SrRNA-NCBI	8	S	Pseudorhodoplanes sinuspersici	Bacteria;Pseudomonadati;Pseudomonadota;Alphaproteobacteria;Hyphomicrobiales;Hyphomicrobiales_Incertae_sedis;Pseudorhodoplanes;Pseudorhodoplanes sinuspersici	1235591	Resolved	source_cache
Helga-16SrRNA-NCBI	6	F	Salinarimonadaceae	Bacteria;Pseudomonadati;Pseudomonadota;Alphaproteobacteria;Hyphomicrobiales;Salinarimonadaceae	0	Unresolved	unresolved
Helga-16SrRNA-NCBI	7	G	Salinarimonas	Bacteria;Pseudomonadati;Pseudomonadota;Alphaproteobacteria;Hyphomicrobiales;Salinarimonadaceae;Salinarimonas	0	Unresolved	unresolved
Helga-16SrRNA-NCBI	8	S	Salinarimonas ramus	Bacteria;Pseudomonadati;Pseudomonadota;Alphaproteobacteria;Hyphomicrobiales;Salinarimonadaceae;Salinarimonas;Salinarimonas ramus	690164	Resolved	assignment
Helga-16SrRNA-NCBI	8	S	Salinarimonas rosea	Bacteria;Pseudomonadati;Pseudomonadota;Alphaproteobacteria;Hyphomicrobiales;Salinarimonadaceae;Salinarimonas;Salinarimonas rosea	552063	Resolved	assignment
Helga-16SrRNA-NCBI	6	F	Chelatococcaceae	Bacteria;Pseudomonadati;Pseudomonadota;Alphaproteobacteria;Hyphomicrobiales;Chelatococcaceae	2036754	Resolved	source_cache
Helga-16SrRNA-NCBI	7	G	Chelatococcus	Bacteria;Pseudomonadati;Pseudomonadota;Alphaproteobacteria;Hyphomicrobiales;Chelatococcaceae;Chelatococcus	0	Unresolved	unresolved
Helga-16SrRNA-NCBI	8	S	Chelatococcus asaccharovorans	Bacteria;Pseudomonadati;Pseudomonadota;Alphaproteobacteria;Hyphomicrobiales;Chelatococcaceae;Chelatococcus;Chelatococcus asaccharovorans	28210	Resolved	assignment
Helga-16SrRNA-NCBI	6	F	Phreatobacteraceae	Bacteria;Pseudomonadati;Pseudomonadota;Alphaproteobacteria;Hyphomicrobiales;Phreatobacteraceae	0	Unresolved	unresolved
Helga-16SrRNA-NCBI	7	G	Phreatobacter	Bacteria;Pseudomonadati;Pseudomonadota;Alphaproteobacteria;Hyphomicrobiales;Phreatobacteraceae;Phreatobacter	0	Unresolved	unresolved
Helga-16SrRNA-NCBI	8	S	Phreatobacter oligotrophus	Bacteria;Pseudomonadati;Pseudomonadota;Alphaproteobacteria;Hyphomicrobiales;Phreatobacteraceae;Phreatobacter;Phreatobacter oligotrophus	1122261	Resolved	assignment
Helga-16SrRNA-NCBI	6	F	Methylocystaceae	Bacteria;Pseudomonadati;Pseudomonadota;Alphaproteobacteria;Hyphomicrobiales;Methylocystaceae	31993	Resolved	source_cache
Helga-16SrRNA-NCBI	7	G	Methylocystis	Bacteria;Pseudomonadati;Pseudomonadota;Alphaproteobacteria;Hyphomicrobiales;Methylocystaceae;Methylocystis	133	Resolved	source_cache
Helga-16SrRNA-NCBI	8	S	Methylocystis silviterrae	Bacteria;Pseudomonadati;Pseudomonadota;Alphaproteobacteria;Hyphomicrobiales;Methylocystaceae;Methylocystis;Methylocystis silviterrae	2743612	Resolved	assignment
Helga-16SrRNA-NCBI	6	F	Parvibaculaceae	Bacteria;Pseudomonadati;Pseudomonadota;Alphaproteobacteria;Hyphomicrobiales;Parvibaculaceae	2813035	Resolved	source_cache
Helga-16SrRNA-NCBI	7	G	Parvibaculum	Bacteria;Pseudomonadati;Pseudomonadota;Alphaproteobacteria;Hyphomicrobiales;Parvibaculaceae;Parvibaculum	256616	Resolved	source_cache
Helga-16SrRNA-NCBI	8	S	Parvibaculum lavamentivorans	Bacteria;Pseudomonadati;Pseudomonadota;Alphaproteobacteria;Hyphomicrobiales;Parvibaculaceae;Parvibaculum;Parvibaculum lavamentivorans	256618	Resolved	source_cache
Helga-16SrRNA-NCBI	6	F	Pleomorphomonadaceae	Bacteria;Pseudomonadati;Pseudomonadota;Alphaproteobacteria;Hyphomicrobiales;Pleomorphomonadaceae	0	Unresolved	unresolved
Helga-16SrRNA-NCBI	7	G	Chthonobacter	Bacteria;Pseudomonadati;Pseudomonadota;Alphaproteobacteria;Hyphomicrobiales;Pleomorphomonadaceae;Chthonobacter	0	Unresolved	unresolved
Helga-16SrRNA-NCBI	8	S	Chthonobacter rhizosphaerae	Bacteria;Pseudomonadati;Pseudomonadota;Alphaproteobacteria;Hyphomicrobiales;Pleomorphomonadaceae;Chthonobacter;Chthonobacter rhizosphaerae	2735553	Resolved	assignment
Helga-16SrRNA-NCBI	6	F	Rhabdaerophilaceae	Bacteria;Pseudomonadati;Pseudomonadota;Alphaproteobacteria;Hyphomicrobiales;Rhabdaerophilaceae	0	Unresolved	unresolved
Helga-16SrRNA-NCBI	7	G	Rhabdaerophilum	Bacteria;Pseudomonadati;Pseudomonadota;Alphaproteobacteria;Hyphomicrobiales;Rhabdaerophilaceae;Rhabdaerophilum	0	Unresolved	unresolved
Helga-16SrRNA-NCBI	8	S	Rhabdaerophilum calidifontis	Bacteria;Pseudomonadati;Pseudomonadota;Alphaproteobacteria;Hyphomicrobiales;Rhabdaerophilaceae;Rhabdaerophilum;Rhabdaerophilum calidifontis	2604328	Resolved	assignment
Helga-16SrRNA-NCBI	6	F	Salaquimonadaceae	Bacteria;Pseudomonadati;Pseudomonadota;Alphaproteobacteria;Hyphomicrobiales;Salaquimonadaceae	0	Unresolved	unresolved
Helga-16SrRNA-NCBI	7	G	Salaquimonas	Bacteria;Pseudomonadati;Pseudomonadota;Alphaproteobacteria;Hyphomicrobiales;Salaquimonadaceae;Salaquimonas	0	Unresolved	unresolved
Helga-16SrRNA-NCBI	8	S	Salaquimonas pukyongi	Bacteria;Pseudomonadati;Pseudomonadota;Alphaproteobacteria;Hyphomicrobiales;Salaquimonadaceae;Salaquimonas;Salaquimonas pukyongi	2712698	Resolved	assignment
Helga-16SrRNA-NCBI	6	F	Segnochrobactraceae	Bacteria;Pseudomonadati;Pseudomonadota;Alphaproteobacteria;Hyphomicrobiales;Segnochrobactraceae	0	Unresolved	unresolved
Helga-16SrRNA-NCBI	7	G	Pseudoxanthobacter	Bacteria;Pseudomonadati;Pseudomonadota;Alphaproteobacteria;Hyphomicrobiales;Segnochrobactraceae;Pseudoxanthobacter	0	Unresolved	unresolved
Helga-16SrRNA-NCBI	8	S	Pseudoxanthobacter soli	Bacteria;Pseudomonadati;Pseudomonadota;Alphaproteobacteria;Hyphomicrobiales;Segnochrobactraceae;Pseudoxanthobacter;Pseudoxanthobacter soli	433840	Resolved	assignment
Helga-16SrRNA-NCBI	5	O	Rhodobacterales	Bacteria;Pseudomonadati;Pseudomonadota;Alphaproteobacteria;Rhodobacterales	204455	Resolved	source_cache
Helga-16SrRNA-NCBI	6	F	Paracoccaceae	Bacteria;Pseudomonadati;Pseudomonadota;Alphaproteobacteria;Rhodobacterales;Paracoccaceae	31989	Resolved	source_cache
Helga-16SrRNA-NCBI	7	G	Gemmobacter	Bacteria;Pseudomonadati;Pseudomonadota;Alphaproteobacteria;Rhodobacterales;Paracoccaceae;Gemmobacter	204456	Resolved	source_cache
Helga-16SrRNA-NCBI	8	S	Gemmobacter lutimaris	Bacteria;Pseudomonadati;Pseudomonadota;Alphaproteobacteria;Rhodobacterales;Paracoccaceae;Gemmobacter;Gemmobacter lutimaris	2306023	Resolved	assignment
Helga-16SrRNA-NCBI	8	S	Gemmobacter caeni	Bacteria;Pseudomonadati;Pseudomonadota;Alphaproteobacteria;Rhodobacterales;Paracoccaceae;Gemmobacter;Gemmobacter caeni	589035	Resolved	source_cache
Helga-16SrRNA-NCBI	8	S	Gemmobacter megaterium	Bacteria;Pseudomonadati;Pseudomonadota;Alphaproteobacteria;Rhodobacterales;Paracoccaceae;Gemmobacter;Gemmobacter megaterium	1086013	Resolved	source_cache
Helga-16SrRNA-NCBI	8	S	Gemmobacter nectariphilus	Bacteria;Pseudomonadati;Pseudomonadota;Alphaproteobacteria;Rhodobacterales;Paracoccaceae;Gemmobacter;Gemmobacter nectariphilus	1121271	Resolved	assignment
Helga-16SrRNA-NCBI	8	S	Gemmobacter aquaticus	Bacteria;Pseudomonadati;Pseudomonadota;Alphaproteobacteria;Rhodobacterales;Paracoccaceae;Gemmobacter;Gemmobacter aquaticus	490185	Resolved	assignment
Helga-16SrRNA-NCBI	8	S	Gemmobacter nanjingensis	Bacteria;Pseudomonadati;Pseudomonadota;Alphaproteobacteria;Rhodobacterales;Paracoccaceae;Gemmobacter;Gemmobacter nanjingensis	488454	Resolved	assignment
Helga-16SrRNA-NCBI	8	S	Gemmobacter straminiformis	Bacteria;Pseudomonadati;Pseudomonadota;Alphaproteobacteria;Rhodobacterales;Paracoccaceae;Gemmobacter;Gemmobacter straminiformis	2045119	Resolved	assignment
Helga-16SrRNA-NCBI	7	G	Pararhodobacter	Bacteria;Pseudomonadati;Pseudomonadota;Alphaproteobacteria;Rhodobacterales;Paracoccaceae;Pararhodobacter	0	Unresolved	unresolved
Helga-16SrRNA-NCBI	8	S	Pararhodobacter aggregans	Bacteria;Pseudomonadati;Pseudomonadota;Alphaproteobacteria;Rhodobacterales;Paracoccaceae;Pararhodobacter;Pararhodobacter aggregans	404875	Resolved	assignment
Helga-16SrRNA-NCBI	8	S	Pararhodobacter marinus	Bacteria;Pseudomonadati;Pseudomonadota;Alphaproteobacteria;Rhodobacterales;Paracoccaceae;Pararhodobacter;Pararhodobacter marinus	2184063	Resolved	assignment
Helga-16SrRNA-NCBI	7	G	Defluviimonas	Bacteria;Pseudomonadati;Pseudomonadota;Alphaproteobacteria;Rhodobacterales;Paracoccaceae;Defluviimonas	0	Unresolved	unresolved
Helga-16SrRNA-NCBI	8	S	Defluviimonas aquaemixtae	Bacteria;Pseudomonadati;Pseudomonadota;Alphaproteobacteria;Rhodobacterales;Paracoccaceae;Defluviimonas;Defluviimonas aquaemixtae	1542388	Resolved	assignment
Helga-16SrRNA-NCBI	8	S	Defluviimonas aestuarii	Bacteria;Pseudomonadati;Pseudomonadota;Alphaproteobacteria;Rhodobacterales;Paracoccaceae;Defluviimonas;Defluviimonas aestuarii	1130726	Resolved	assignment
Helga-16SrRNA-NCBI	7	G	Paracoccus	Bacteria;Pseudomonadati;Pseudomonadota;Alphaproteobacteria;Rhodobacterales;Paracoccaceae;Paracoccus	265	Resolved	source_cache
Helga-16SrRNA-NCBI	8	S	Paracoccus homiensis	Bacteria;Pseudomonadati;Pseudomonadota;Alphaproteobacteria;Rhodobacterales;Paracoccaceae;Paracoccus;Paracoccus homiensis	364199	Resolved	assignment
Helga-16SrRNA-NCBI	8	S	Paracoccus fontiphilus	Bacteria;Pseudomonadati;Pseudomonadota;Alphaproteobacteria;Rhodobacterales;Paracoccaceae;Paracoccus;Paracoccus fontiphilus	1815556	Resolved	assignment
Helga-16SrRNA-NCBI	8	S	Paracoccus haematequi	Bacteria;Pseudomonadati;Pseudomonadota;Alphaproteobacteria;Rhodobacterales;Paracoccaceae;Paracoccus;Paracoccus haematequi	2491866	Resolved	assignment
Helga-16SrRNA-NCBI	8	S	Paracoccus speluncae	Bacteria;Pseudomonadati;Pseudomonadota;Alphaproteobacteria;Rhodobacterales;Paracoccaceae;Paracoccus;Paracoccus speluncae	1571208	Resolved	assignment
Helga-16SrRNA-NCBI	8	S	Paracoccus binzhouensis	Bacteria;Pseudomonadati;Pseudomonadota;Alphaproteobacteria;Rhodobacterales;Paracoccaceae;Paracoccus;Paracoccus binzhouensis	2796149	Resolved	assignment
Helga-16SrRNA-NCBI	8	S	Paracoccus communis	Bacteria;Pseudomonadati;Pseudomonadota;Alphaproteobacteria;Rhodobacterales;Paracoccaceae;Paracoccus;Paracoccus communis	1282439	Resolved	assignment
Helga-16SrRNA-NCBI	8	S	Paracoccus denitrificans	Bacteria;Pseudomonadati;Pseudomonadota;Alphaproteobacteria;Rhodobacterales;Paracoccaceae;Paracoccus;Paracoccus denitrificans	266	Resolved	assignment
Helga-16SrRNA-NCBI	8	S	Paracoccus pueri	Bacteria;Pseudomonadati;Pseudomonadota;Alphaproteobacteria;Rhodobacterales;Paracoccaceae;Paracoccus;Paracoccus pueri	2665493	Resolved	assignment
Helga-16SrRNA-NCBI	8	S	Paracoccus sulfuroxidans	Bacteria;Pseudomonadati;Pseudomonadota;Alphaproteobacteria;Rhodobacterales;Paracoccaceae;Paracoccus;Paracoccus sulfuroxidans	384678	Resolved	assignment
Helga-16SrRNA-NCBI	8	S	Paracoccus versutus	Bacteria;Pseudomonadati;Pseudomonadota;Alphaproteobacteria;Rhodobacterales;Paracoccaceae;Paracoccus;Paracoccus versutus	34007	Resolved	assignment
Helga-16SrRNA-NCBI	7	G	Frigidibacter	Bacteria;Pseudomonadati;Pseudomonadota;Alphaproteobacteria;Rhodobacterales;Paracoccaceae;Frigidibacter	1775705	Resolved	source_cache
Helga-16SrRNA-NCBI	8	S	Frigidibacter oleivorans	Bacteria;Pseudomonadati;Pseudomonadota;Alphaproteobacteria;Rhodobacterales;Paracoccaceae;Frigidibacter;Frigidibacter oleivorans	2487129	Resolved	assignment
Helga-16SrRNA-NCBI	8	S	Frigidibacter mobilis	Bacteria;Pseudomonadati;Pseudomonadota;Alphaproteobacteria;Rhodobacterales;Paracoccaceae;Frigidibacter;Frigidibacter mobilis	1335048	Resolved	assignment
Helga-16SrRNA-NCBI	7	G	Aliigemmobacter	Bacteria;Pseudomonadati;Pseudomonadota;Alphaproteobacteria;Rhodobacterales;Paracoccaceae;Aliigemmobacter	0	Unresolved	unresolved
Helga-16SrRNA-NCBI	8	S	Aliigemmobacter aestuarii	Bacteria;Pseudomonadati;Pseudomonadota;Alphaproteobacteria;Rhodobacterales;Paracoccaceae;Aliigemmobacter;Aliigemmobacter aestuarii	1445661	Resolved	assignment
Helga-16SrRNA-NCBI	7	G	Tabrizicola	Bacteria;Pseudomonadati;Pseudomonadota;Alphaproteobacteria;Rhodobacterales;Paracoccaceae;Tabrizicola	1443919	Resolved	source_cache
Helga-16SrRNA-NCBI	8	S	Tabrizicola oligotrophica	Bacteria;Pseudomonadati;Pseudomonadota;Alphaproteobacteria;Rhodobacterales;Paracoccaceae;Tabrizicola;Tabrizicola oligotrophica	2710650	Resolved	assignment
Helga-16SrRNA-NCBI	8	S	Tabrizicola piscis	Bacteria;Pseudomonadati;Pseudomonadota;Alphaproteobacteria;Rhodobacterales;Paracoccaceae;Tabrizicola;Tabrizicola piscis	2494374	Resolved	assignment
Helga-16SrRNA-NCBI	8	S	Tabrizicola soli	Bacteria;Pseudomonadati;Pseudomonadota;Alphaproteobacteria;Rhodobacterales;Paracoccaceae;Tabrizicola;Tabrizicola soli	2185115	Resolved	source_cache
Helga-16SrRNA-NCBI	7	G	Arenibacterium	Bacteria;Pseudomonadati;Pseudomonadota;Alphaproteobacteria;Rhodobacterales;Paracoccaceae;Arenibacterium	0	Unresolved	unresolved
Helga-16SrRNA-NCBI	8	S	Arenibacterium halophilum	Bacteria;Pseudomonadati;Pseudomonadota;Alphaproteobacteria;Rhodobacterales;Paracoccaceae;Arenibacterium;Arenibacterium halophilum	2583821	Resolved	assignment
Helga-16SrRNA-NCBI	7	G	Fuscovulum	Bacteria;Pseudomonadati;Pseudomonadota;Alphaproteobacteria;Rhodobacterales;Paracoccaceae;Fuscovulum	0	Unresolved	unresolved
Helga-16SrRNA-NCBI	8	S	Fuscovulum blasticum	Bacteria;Pseudomonadati;Pseudomonadota;Alphaproteobacteria;Rhodobacterales;Paracoccaceae;Fuscovulum;Fuscovulum blasticum	1075	Resolved	assignment
Helga-16SrRNA-NCBI	7	G	Pseudotabrizicola	Bacteria;Pseudomonadati;Pseudomonadota;Alphaproteobacteria;Rhodobacterales;Paracoccaceae;Pseudotabrizicola	0	Unresolved	unresolved
Helga-16SrRNA-NCBI	8	S	Pseudotabrizicola algicola	Bacteria;Pseudomonadati;Pseudomonadota;Alphaproteobacteria;Rhodobacterales;Paracoccaceae;Pseudotabrizicola;Pseudotabrizicola algicola	2709381	Resolved	assignment
Helga-16SrRNA-NCBI	7	G	Cereibacter	Bacteria;Pseudomonadati;Pseudomonadota;Alphaproteobacteria;Rhodobacterales;Paracoccaceae;Cereibacter	0	Unresolved	unresolved
Helga-16SrRNA-NCBI	8	S	Cereibacter sphaeroides	Bacteria;Pseudomonadati;Pseudomonadota;Alphaproteobacteria;Rhodobacterales;Paracoccaceae;Cereibacter;Cereibacter sphaeroides	1063	Resolved	assignment
Helga-16SrRNA-NCBI	7	G	Pseudothioclava	Bacteria;Pseudomonadati;Pseudomonadota;Alphaproteobacteria;Rhodobacterales;Paracoccaceae;Pseudothioclava	0	Unresolved	unresolved
Helga-16SrRNA-NCBI	8	S	Pseudothioclava arenosa	Bacteria;Pseudomonadati;Pseudomonadota;Alphaproteobacteria;Rhodobacterales;Paracoccaceae;Pseudothioclava;Pseudothioclava arenosa	1795308	Resolved	assignment
Helga-16SrRNA-NCBI	7	G	Szabonella	Bacteria;Pseudomonadati;Pseudomonadota;Alphaproteobacteria;Rhodobacterales;Paracoccaceae;Szabonella	0	Unresolved	unresolved
Helga-16SrRNA-NCBI	8	S	Szabonella alba	Bacteria;Pseudomonadati;Pseudomonadota;Alphaproteobacteria;Rhodobacterales;Paracoccaceae;Szabonella;Szabonella alba	2804194	Resolved	assignment
Helga-16SrRNA-NCBI	7	G	Xinfangfangia	Bacteria;Pseudomonadati;Pseudomonadota;Alphaproteobacteria;Rhodobacterales;Paracoccaceae;Xinfangfangia	0	Unresolved	unresolved
Helga-16SrRNA-NCBI	8	S	Xinfangfangia pollutisoli	Bacteria;Pseudomonadati;Pseudomonadota;Alphaproteobacteria;Rhodobacterales;Paracoccaceae;Xinfangfangia;Xinfangfangia pollutisoli	2865960	Resolved	assignment
Helga-16SrRNA-NCBI	6	F	Roseobacteraceae	Bacteria;Pseudomonadati;Pseudomonadota;Alphaproteobacteria;Rhodobacterales;Roseobacteraceae	2854170	Resolved	source_cache
Helga-16SrRNA-NCBI	7	G	Marivita	Bacteria;Pseudomonadati;Pseudomonadota;Alphaproteobacteria;Rhodobacterales;Roseobacteraceae;Marivita	0	Unresolved	unresolved
Helga-16SrRNA-NCBI	8	S	Marivita roseacus	Bacteria;Pseudomonadati;Pseudomonadota;Alphaproteobacteria;Rhodobacterales;Roseobacteraceae;Marivita;Marivita roseacus	692487	Resolved	assignment
Helga-16SrRNA-NCBI	8	S	Marivita cryptomonadis	Bacteria;Pseudomonadati;Pseudomonadota;Alphaproteobacteria;Rhodobacterales;Roseobacteraceae;Marivita;Marivita cryptomonadis	505252	Resolved	assignment
Helga-16SrRNA-NCBI	8	S	Marivita lacus	Bacteria;Pseudomonadati;Pseudomonadota;Alphaproteobacteria;Rhodobacterales;Roseobacteraceae;Marivita;Marivita lacus	1323742	Resolved	assignment
Helga-16SrRNA-NCBI	8	S	Marivita geojedonensis	Bacteria;Pseudomonadati;Pseudomonadota;Alphaproteobacteria;Rhodobacterales;Roseobacteraceae;Marivita;Marivita geojedonensis	1123756	Resolved	assignment
Helga-16SrRNA-NCBI	7	G	Seohaeicola	Bacteria;Pseudomonadati;Pseudomonadota;Alphaproteobacteria;Rhodobacterales;Roseobacteraceae;Seohaeicola	0	Unresolved	unresolved
Helga-16SrRNA-NCBI	8	S	Seohaeicola saemankumensis	Bacteria;Pseudomonadati;Pseudomonadota;Alphaproteobacteria;Rhodobacterales;Roseobacteraceae;Seohaeicola;Seohaeicola saemankumensis	481181	Resolved	assignment
Helga-16SrRNA-NCBI	8	S	Seohaeicola nanhaiensis	Bacteria;Pseudomonadati;Pseudomonadota;Alphaproteobacteria;Rhodobacterales;Roseobacteraceae;Seohaeicola;Seohaeicola nanhaiensis	1387282	Resolved	assignment
Helga-16SrRNA-NCBI	8	S	Seohaeicola westpacificensis	Bacteria;Pseudomonadati;Pseudomonadota;Alphaproteobacteria;Rhodobacterales;Roseobacteraceae;Seohaeicola;Seohaeicola westpacificensis	1245752	Resolved	assignment
Helga-16SrRNA-NCBI	8	S	Seohaeicola zhoushanensis	Bacteria;Pseudomonadati;Pseudomonadota;Alphaproteobacteria;Rhodobacterales;Roseobacteraceae;Seohaeicola;Seohaeicola zhoushanensis	1569283	Resolved	assignment
Helga-16SrRNA-NCBI	7	G	Roseovarius	Bacteria;Pseudomonadati;Pseudomonadota;Alphaproteobacteria;Rhodobacterales;Roseobacteraceae;Roseovarius	0	Unresolved	unresolved
Helga-16SrRNA-NCBI	8	S	Roseovarius tolerans	Bacteria;Pseudomonadati;Pseudomonadota;Alphaproteobacteria;Rhodobacterales;Roseobacteraceae;Roseovarius;Roseovarius tolerans	74031	Resolved	assignment
Helga-16SrRNA-NCBI	8	S	Roseovarius atlanticus	Bacteria;Pseudomonadati;Pseudomonadota;Alphaproteobacteria;Rhodobacterales;Roseobacteraceae;Roseovarius;Roseovarius atlanticus	1641875	Resolved	assignment
Helga-16SrRNA-NCBI	7	G	Thalassovita	Bacteria;Pseudomonadati;Pseudomonadota;Alphaproteobacteria;Rhodobacterales;Roseobacteraceae;Thalassovita	0	Unresolved	unresolved
Helga-16SrRNA-NCBI	8	S	Thalassobius vesicularis	Bacteria;Pseudomonadati;Pseudomonadota;Alphaproteobacteria;Rhodobacterales;Roseobacteraceae;Thalassovita;Thalassobius vesicularis	1294297	Resolved	assignment
Helga-16SrRNA-NCBI	7	G	Ponticoccus	Bacteria;Pseudomonadati;Pseudomonadota;Alphaproteobacteria;Rhodobacterales;Roseobacteraceae;Ponticoccus	0	Unresolved	unresolved
Helga-16SrRNA-NCBI	8	S	Ponticoccus alexandrii	Bacteria;Pseudomonadati;Pseudomonadota;Alphaproteobacteria;Rhodobacterales;Roseobacteraceae;Ponticoccus;Ponticoccus alexandrii	1943633	Resolved	assignment
Helga-16SrRNA-NCBI	7	G	Primorskyibacter	Bacteria;Pseudomonadati;Pseudomonadota;Alphaproteobacteria;Rhodobacterales;Roseobacteraceae;Primorskyibacter	0	Unresolved	unresolved
Helga-16SrRNA-NCBI	8	S	Primorskyibacter aestuariivivens	Bacteria;Pseudomonadati;Pseudomonadota;Alphaproteobacteria;Rhodobacterales;Roseobacteraceae;Primorskyibacter;Primorskyibacter aestuariivivens	1888912	Resolved	assignment
Helga-16SrRNA-NCBI	6	F	Rhodobacterales_Incertae_sedis	Bacteria;Pseudomonadati;Pseudomonadota;Alphaproteobacteria;Rhodobacterales;Rhodobacterales_Incertae_sedis	0	Unresolved	unresolved
Helga-16SrRNA-NCBI	7	G	Rhodobacter	Bacteria;Pseudomonadati;Pseudomonadota;Alphaproteobacteria;Rhodobacterales;Rhodobacterales_Incertae_sedis;Rhodobacter	1060	Resolved	source_cache
Helga-16SrRNA-NCBI	8	S	Rhodobacter amnigenus	Bacteria;Pseudomonadati;Pseudomonadota;Alphaproteobacteria;Rhodobacterales;Rhodobacterales_Incertae_sedis;Rhodobacter;Rhodobacter amnigenus	0	Unresolved	unresolved
Helga-16SrRNA-NCBI	8	S	Rhodobacter ruber	Bacteria;Pseudomonadati;Pseudomonadota;Alphaproteobacteria;Rhodobacterales;Rhodobacterales_Incertae_sedis;Rhodobacter;Rhodobacter ruber	0	Unresolved	unresolved
Helga-16SrRNA-NCBI	8	S	Rhodobacter sediminis	Bacteria;Pseudomonadati;Pseudomonadota;Alphaproteobacteria;Rhodobacterales;Rhodobacterales_Incertae_sedis;Rhodobacter;Rhodobacter sediminis	1783356	Resolved	source_cache
Helga-16SrRNA-NCBI	5	O	Sphingomonadales	Bacteria;Pseudomonadati;Pseudomonadota;Alphaproteobacteria;Sphingomonadales	204457	Resolved	source_cache
Helga-16SrRNA-NCBI	6	F	Erythrobacteraceae	Bacteria;Pseudomonadati;Pseudomonadota;Alphaproteobacteria;Sphingomonadales;Erythrobacteraceae	335929	Resolved	source_cache
Helga-16SrRNA-NCBI	7	G	Altererythrobacter	Bacteria;Pseudomonadati;Pseudomonadota;Alphaproteobacteria;Sphingomonadales;Erythrobacteraceae;Altererythrobacter	0	Unresolved	unresolved
Helga-16SrRNA-NCBI	8	S	Altererythrobacter epoxidivorans	Bacteria;Pseudomonadati;Pseudomonadota;Alphaproteobacteria;Sphingomonadales;Erythrobacteraceae;Altererythrobacter;Altererythrobacter epoxidivorans	361183	Resolved	assignment
Helga-16SrRNA-NCBI	8	S	Altererythrobacter ishigakiensis	Bacteria;Pseudomonadati;Pseudomonadota;Alphaproteobacteria;Sphingomonadales;Erythrobacteraceae;Altererythrobacter;Altererythrobacter ishigakiensis	476157	Resolved	assignment
Helga-16SrRNA-NCBI	7	G	Erythrobacter	Bacteria;Pseudomonadati;Pseudomonadota;Alphaproteobacteria;Sphingomonadales;Erythrobacteraceae;Erythrobacter	1041	Resolved	source_cache
Helga-16SrRNA-NCBI	8	S	Erythrobacter colymbi	Bacteria;Pseudomonadati;Pseudomonadota;Alphaproteobacteria;Sphingomonadales;Erythrobacteraceae;Erythrobacter;Erythrobacter colymbi	1161202	Resolved	assignment
Helga-16SrRNA-NCBI	8	S	Erythrobacter dokdonensis	Bacteria;Pseudomonadati;Pseudomonadota;Alphaproteobacteria;Sphingomonadales;Erythrobacteraceae;Erythrobacter;Erythrobacter dokdonensis	328225	Resolved	assignment
Helga-16SrRNA-NCBI	8	S	Erythrobacter sanguineus	Bacteria;Pseudomonadati;Pseudomonadota;Alphaproteobacteria;Sphingomonadales;Erythrobacteraceae;Erythrobacter;Erythrobacter sanguineus	198312	Resolved	assignment
Helga-16SrRNA-NCBI	8	S	Erythrobacter donghaensis	Bacteria;Pseudomonadati;Pseudomonadota;Alphaproteobacteria;Sphingomonadales;Erythrobacteraceae;Erythrobacter;Erythrobacter donghaensis	267135	Resolved	source_cache
Helga-16SrRNA-NCBI	8	S	Erythrobacter ramosus	Bacteria;Pseudomonadati;Pseudomonadota;Alphaproteobacteria;Sphingomonadales;Erythrobacteraceae;Erythrobacter;Erythrobacter ramosus	35811	Resolved	assignment
Helga-16SrRNA-NCBI	7	G	Tsuneonella	Bacteria;Pseudomonadati;Pseudomonadota;Alphaproteobacteria;Sphingomonadales;Erythrobacteraceae;Tsuneonella	2800686	Resolved	source_cache
Helga-16SrRNA-NCBI	8	S	Tsuneonella dongtanensis	Bacteria;Pseudomonadati;Pseudomonadota;Alphaproteobacteria;Sphingomonadales;Erythrobacteraceae;Tsuneonella;Tsuneonella dongtanensis	692370	Resolved	assignment
Helga-16SrRNA-NCBI	8	S	Tsuneonella rigui	Bacteria;Pseudomonadati;Pseudomonadota;Alphaproteobacteria;Sphingomonadales;Erythrobacteraceae;Tsuneonella;Tsuneonella rigui	1708790	Resolved	assignment
Helga-16SrRNA-NCBI	8	S	Tsuneonella troitsensis	Bacteria;Pseudomonadati;Pseudomonadota;Alphaproteobacteria;Sphingomonadales;Erythrobacteraceae;Tsuneonella;Tsuneonella troitsensis	292222	Resolved	assignment
Helga-16SrRNA-NCBI	7	G	Qipengyuania	Bacteria;Pseudomonadati;Pseudomonadota;Alphaproteobacteria;Sphingomonadales;Erythrobacteraceae;Qipengyuania	0	Unresolved	unresolved
Helga-16SrRNA-NCBI	8	S	Qipengyuania proteolytica	Bacteria;Pseudomonadati;Pseudomonadota;Alphaproteobacteria;Sphingomonadales;Erythrobacteraceae;Qipengyuania;Qipengyuania proteolytica	2867239	Resolved	assignment
Helga-16SrRNA-NCBI	6	F	Sphingomonadaceae	Bacteria;Pseudomonadati;Pseudomonadota;Alphaproteobacteria;Sphingomonadales;Sphingomonadaceae	41297	Resolved	source_cache
Helga-16SrRNA-NCBI	7	G	Novosphingobium	Bacteria;Pseudomonadati;Pseudomonadota;Alphaproteobacteria;Sphingomonadales;Sphingomonadaceae;Novosphingobium	165696	Resolved	source_cache
Helga-16SrRNA-NCBI	8	S	Novosphingobium naphthae	Bacteria;Pseudomonadati;Pseudomonadota;Alphaproteobacteria;Sphingomonadales;Sphingomonadaceae;Novosphingobium;Novosphingobium naphthae	1776118	Resolved	assignment
Helga-16SrRNA-NCBI	8	S	Novosphingobium fontis	Bacteria;Pseudomonadati;Pseudomonadota;Alphaproteobacteria;Sphingomonadales;Sphingomonadaceae;Novosphingobium;Novosphingobium fontis	1737443	Resolved	assignment
Helga-16SrRNA-NCBI	8	S	Novosphingobium marinum	Bacteria;Pseudomonadati;Pseudomonadota;Alphaproteobacteria;Sphingomonadales;Sphingomonadaceae;Novosphingobium;Novosphingobium marinum	1514948	Resolved	assignment
Helga-16SrRNA-NCBI	8	S	Novosphingobium aquiterrae	Bacteria;Pseudomonadati;Pseudomonadota;Alphaproteobacteria;Sphingomonadales;Sphingomonadaceae;Novosphingobium;Novosphingobium aquiterrae	624388	Resolved	assignment
Helga-16SrRNA-NCBI	8	S	Novosphingobium ginsenosidimutans	Bacteria;Pseudomonadati;Pseudomonadota;Alphaproteobacteria;Sphingomonadales;Sphingomonadaceae;Novosphingobium;Novosphingobium ginsenosidimutans	1176536	Resolved	assignment
Helga-16SrRNA-NCBI	8	S	Novosphingobium panipatense	Bacteria;Pseudomonadati;Pseudomonadota;Alphaproteobacteria;Sphingomonadales;Sphingomonadaceae;Novosphingobium;Novosphingobium panipatense	428991	Resolved	assignment
Helga-16SrRNA-NCBI	8	S	Novosphingobium soli	Bacteria;Pseudomonadati;Pseudomonadota;Alphaproteobacteria;Sphingomonadales;Sphingomonadaceae;Novosphingobium;Novosphingobium soli	574956	Resolved	assignment
Helga-16SrRNA-NCBI	8	S	Novosphingobium acidiphilum	Bacteria;Pseudomonadati;Pseudomonadota;Alphaproteobacteria;Sphingomonadales;Sphingomonadaceae;Novosphingobium;Novosphingobium acidiphilum	505248	Resolved	assignment
Helga-16SrRNA-NCBI	8	S	Novosphingobium arvoryzae	Bacteria;Pseudomonadati;Pseudomonadota;Alphaproteobacteria;Sphingomonadales;Sphingomonadaceae;Novosphingobium;Novosphingobium arvoryzae	1256514	Resolved	assignment
Helga-16SrRNA-NCBI	8	S	Novosphingobium endophyticum	Bacteria;Pseudomonadati;Pseudomonadota;Alphaproteobacteria;Sphingomonadales;Sphingomonadaceae;Novosphingobium;Novosphingobium endophyticum	1955250	Resolved	assignment
Helga-16SrRNA-NCBI	8	S	Novosphingobium naphthalenivorans	Bacteria;Pseudomonadati;Pseudomonadota;Alphaproteobacteria;Sphingomonadales;Sphingomonadaceae;Novosphingobium;Novosphingobium naphthalenivorans	273168	Resolved	assignment
Helga-16SrRNA-NCBI	7	G	Sphingopyxis	Bacteria;Pseudomonadati;Pseudomonadota;Alphaproteobacteria;Sphingomonadales;Sphingomonadaceae;Sphingopyxis	0	Unresolved	unresolved
Helga-16SrRNA-NCBI	8	S	Sphingopyxis solisilvae	Bacteria;Pseudomonadati;Pseudomonadota;Alphaproteobacteria;Sphingomonadales;Sphingomonadaceae;Sphingopyxis;Sphingopyxis solisilvae	1886788	Resolved	assignment
Helga-16SrRNA-NCBI	8	S	Sphingopyxis terrae	Bacteria;Pseudomonadati;Pseudomonadota;Alphaproteobacteria;Sphingomonadales;Sphingomonadaceae;Sphingopyxis;Sphingopyxis terrae	429001	Resolved	assignment
Helga-16SrRNA-NCBI	8	S	Sphingopyxis alaskensis	Bacteria;Pseudomonadati;Pseudomonadota;Alphaproteobacteria;Sphingomonadales;Sphingomonadaceae;Sphingopyxis;Sphingopyxis alaskensis	317655	Resolved	assignment
Helga-16SrRNA-NCBI	8	S	Sphingopyxis microcysteis	Bacteria;Pseudomonadati;Pseudomonadota;Alphaproteobacteria;Sphingomonadales;Sphingomonadaceae;Sphingopyxis;Sphingopyxis microcysteis	2484145	Resolved	assignment
Helga-16SrRNA-NCBI	7	G	Sphingobium	Bacteria;Pseudomonadati;Pseudomonadota;Alphaproteobacteria;Sphingomonadales;Sphingomonadaceae;Sphingobium	165695	Resolved	source_cache
Helga-16SrRNA-NCBI	8	S	Sphingobium subterraneum	Bacteria;Pseudomonadati;Pseudomonadota;Alphaproteobacteria;Sphingomonadales;Sphingomonadaceae;Sphingobium;Sphingobium subterraneum	627688	Resolved	assignment
Helga-16SrRNA-NCBI	8	S	Sphingobium baderi	Bacteria;Pseudomonadati;Pseudomonadota;Alphaproteobacteria;Sphingomonadales;Sphingomonadaceae;Sphingobium;Sphingobium baderi	1114964	Resolved	assignment
Helga-16SrRNA-NCBI	8	S	Sphingobium herbicidovorans	Bacteria;Pseudomonadati;Pseudomonadota;Alphaproteobacteria;Sphingomonadales;Sphingomonadaceae;Sphingobium;Sphingobium herbicidovorans	76947	Resolved	assignment
Helga-16SrRNA-NCBI	7	G	Sphingomonas	Bacteria;Pseudomonadati;Pseudomonadota;Alphaproteobacteria;Sphingomonadales;Sphingomonadaceae;Sphingomonas	13687	Resolved	source_cache
Helga-16SrRNA-NCBI	8	S	Sphingomonas daechungensis	Bacteria;Pseudomonadati;Pseudomonadota;Alphaproteobacteria;Sphingomonadales;Sphingomonadaceae;Sphingomonas;Sphingomonas daechungensis	1176646	Resolved	source_cache
Helga-16SrRNA-NCBI	8	S	Sphingomonas koreensis	Bacteria;Pseudomonadati;Pseudomonadota;Alphaproteobacteria;Sphingomonadales;Sphingomonadaceae;Sphingomonas;Sphingomonas koreensis	93064	Resolved	assignment
Helga-16SrRNA-NCBI	7	G	Sphingorhabdus	Bacteria;Pseudomonadati;Pseudomonadota;Alphaproteobacteria;Sphingomonadales;Sphingomonadaceae;Sphingorhabdus	0	Unresolved	unresolved
Helga-16SrRNA-NCBI	8	S	Sphingorhabdus buctiana	Bacteria;Pseudomonadati;Pseudomonadota;Alphaproteobacteria;Sphingomonadales;Sphingomonadaceae;Sphingorhabdus;Sphingorhabdus buctiana	1508805	Resolved	assignment
Helga-16SrRNA-NCBI	5	O	Caulobacterales	Bacteria;Pseudomonadati;Pseudomonadota;Alphaproteobacteria;Caulobacterales	204458	Resolved	source_cache
Helga-16SrRNA-NCBI	6	F	Caulobacteraceae	Bacteria;Pseudomonadati;Pseudomonadota;Alphaproteobacteria;Caulobacterales;Caulobacteraceae	76892	Resolved	source_cache
Helga-16SrRNA-NCBI	7	G	Brevundimonas	Bacteria;Pseudomonadati;Pseudomonadota;Alphaproteobacteria;Caulobacterales;Caulobacteraceae;Brevundimonas	41275	Resolved	source_cache
Helga-16SrRNA-NCBI	8	S	Brevundimonas halotolerans	Bacteria;Pseudomonadati;Pseudomonadota;Alphaproteobacteria;Caulobacterales;Caulobacteraceae;Brevundimonas;Brevundimonas halotolerans	69670	Resolved	assignment
Helga-16SrRNA-NCBI	8	S	Brevundimonas kwangchunensis	Bacteria;Pseudomonadati;Pseudomonadota;Alphaproteobacteria;Caulobacterales;Caulobacteraceae;Brevundimonas;Brevundimonas kwangchunensis	322163	Resolved	assignment
Helga-16SrRNA-NCBI	8	S	Brevundimonas aveniformis	Bacteria;Pseudomonadati;Pseudomonadota;Alphaproteobacteria;Caulobacterales;Caulobacteraceae;Brevundimonas;Brevundimonas aveniformis	370977	Resolved	source_cache
Helga-16SrRNA-NCBI	8	S	Brevundimonas bullata	Bacteria;Pseudomonadati;Pseudomonadota;Alphaproteobacteria;Caulobacterales;Caulobacteraceae;Brevundimonas;Brevundimonas bullata	13160	Resolved	assignment
Helga-16SrRNA-NCBI	8	S	Brevundimonas aurantiaca	Bacteria;Pseudomonadati;Pseudomonadota;Alphaproteobacteria;Caulobacterales;Caulobacteraceae;Brevundimonas;Brevundimonas aurantiaca	74316	Resolved	assignment
Helga-16SrRNA-NCBI	8	S	Brevundimonas lutea	Bacteria;Pseudomonadati;Pseudomonadota;Alphaproteobacteria;Caulobacterales;Caulobacteraceae;Brevundimonas;Brevundimonas lutea	2293980	Resolved	assignment
Helga-16SrRNA-NCBI	8	S	Brevundimonas viscosa	Bacteria;Pseudomonadati;Pseudomonadota;Alphaproteobacteria;Caulobacterales;Caulobacteraceae;Brevundimonas;Brevundimonas viscosa	871741	Resolved	assignment
Helga-16SrRNA-NCBI	8	S	Brevundimonas humi	Bacteria;Pseudomonadati;Pseudomonadota;Alphaproteobacteria;Caulobacterales;Caulobacteraceae;Brevundimonas;Brevundimonas humi	2072566	Resolved	assignment
Helga-16SrRNA-NCBI	8	S	Brevundimonas alba	Bacteria;Pseudomonadati;Pseudomonadota;Alphaproteobacteria;Caulobacterales;Caulobacteraceae;Brevundimonas;Brevundimonas alba	74314	Resolved	assignment
Helga-16SrRNA-NCBI	8	S	Brevundimonas fluminis	Bacteria;Pseudomonadati;Pseudomonadota;Alphaproteobacteria;Caulobacterales;Caulobacteraceae;Brevundimonas;Brevundimonas fluminis	2487274	Resolved	assignment
Helga-16SrRNA-NCBI	8	S	Brevundimonas lenta	Bacteria;Pseudomonadati;Pseudomonadota;Alphaproteobacteria;Caulobacterales;Caulobacteraceae;Brevundimonas;Brevundimonas lenta	424796	Resolved	assignment
Helga-16SrRNA-NCBI	8	S	Brevundimonas olei	Bacteria;Pseudomonadati;Pseudomonadota;Alphaproteobacteria;Caulobacterales;Caulobacteraceae;Brevundimonas;Brevundimonas olei	657642	Resolved	assignment
Helga-16SrRNA-NCBI	8	S	Brevundimonas poindexterae	Bacteria;Pseudomonadati;Pseudomonadota;Alphaproteobacteria;Caulobacterales;Caulobacteraceae;Brevundimonas;Brevundimonas poindexterae	74325	Resolved	assignment
Helga-16SrRNA-NCBI	8	S	Brevundimonas albigilva	Bacteria;Pseudomonadati;Pseudomonadota;Alphaproteobacteria;Caulobacterales;Caulobacteraceae;Brevundimonas;Brevundimonas albigilva	1312364	Resolved	assignment
Helga-16SrRNA-NCBI	8	S	Brevundimonas canariensis	Bacteria;Pseudomonadati;Pseudomonadota;Alphaproteobacteria;Caulobacterales;Caulobacteraceae;Brevundimonas;Brevundimonas canariensis	1904756	Resolved	assignment
Helga-16SrRNA-NCBI	8	S	Brevundimonas intermedia	Bacteria;Pseudomonadati;Pseudomonadota;Alphaproteobacteria;Caulobacterales;Caulobacteraceae;Brevundimonas;Brevundimonas intermedia	74315	Resolved	assignment
Helga-16SrRNA-NCBI	8	S	Brevundimonas staleyi	Bacteria;Pseudomonadati;Pseudomonadota;Alphaproteobacteria;Caulobacterales;Caulobacteraceae;Brevundimonas;Brevundimonas staleyi	74326	Resolved	source_cache
Helga-16SrRNA-NCBI	7	G	Caulobacter	Bacteria;Pseudomonadati;Pseudomonadota;Alphaproteobacteria;Caulobacterales;Caulobacteraceae;Caulobacter	0	Unresolved	unresolved
Helga-16SrRNA-NCBI	8	S	Caulobacter daechungensis	Bacteria;Pseudomonadati;Pseudomonadota;Alphaproteobacteria;Caulobacterales;Caulobacteraceae;Caulobacter;Caulobacter daechungensis	1249558	Resolved	assignment
Helga-16SrRNA-NCBI	8	S	Caulobacter mirabilis	Bacteria;Pseudomonadati;Pseudomonadota;Alphaproteobacteria;Caulobacterales;Caulobacteraceae;Caulobacter;Caulobacter mirabilis	69666	Resolved	assignment
Helga-16SrRNA-NCBI	8	S	Caulobacter fusiformis	Bacteria;Pseudomonadati;Pseudomonadota;Alphaproteobacteria;Caulobacterales;Caulobacteraceae;Caulobacter;Caulobacter fusiformis	69396	Resolved	assignment
Helga-16SrRNA-NCBI	7	G	Phenylobacterium	Bacteria;Pseudomonadati;Pseudomonadota;Alphaproteobacteria;Caulobacterales;Caulobacteraceae;Phenylobacterium	0	Unresolved	unresolved
Helga-16SrRNA-NCBI	8	S	Phenylobacterium koreense	Bacteria;Pseudomonadati;Pseudomonadota;Alphaproteobacteria;Caulobacterales;Caulobacteraceae;Phenylobacterium;Phenylobacterium koreense	266125	Resolved	assignment
Helga-16SrRNA-NCBI	8	S	Phenylobacterium kunshanense	Bacteria;Pseudomonadati;Pseudomonadota;Alphaproteobacteria;Caulobacterales;Caulobacteraceae;Phenylobacterium;Phenylobacterium kunshanense	1445034	Resolved	assignment
Helga-16SrRNA-NCBI	8	S	Phenylobacterium mobile	Bacteria;Pseudomonadati;Pseudomonadota;Alphaproteobacteria;Caulobacterales;Caulobacteraceae;Phenylobacterium;Phenylobacterium mobile	162292	Resolved	assignment
Helga-16SrRNA-NCBI	5	O	Rhodospirillales	Bacteria;Pseudomonadati;Pseudomonadota;Alphaproteobacteria;Rhodospirillales	204441	Resolved	source_cache
Helga-16SrRNA-NCBI	6	F	Stellaceae	Bacteria;Pseudomonadati;Pseudomonadota;Alphaproteobacteria;Rhodospirillales;Stellaceae	0	Unresolved	unresolved
Helga-16SrRNA-NCBI	7	G	Stella	Bacteria;Pseudomonadati;Pseudomonadota;Alphaproteobacteria;Rhodospirillales;Stellaceae;Stella	0	Unresolved	unresolved
Helga-16SrRNA-NCBI	8	S	Stella vacuolata	Bacteria;Pseudomonadati;Pseudomonadota;Alphaproteobacteria;Rhodospirillales;Stellaceae;Stella;Stella vacuolata	217070	Resolved	assignment
Helga-16SrRNA-NCBI	8	S	Stella humosa	Bacteria;Pseudomonadati;Pseudomonadota;Alphaproteobacteria;Rhodospirillales;Stellaceae;Stella;Stella humosa	94	Resolved	assignment
Helga-16SrRNA-NCBI	6	F	Dongiaceae	Bacteria;Pseudomonadati;Pseudomonadota;Alphaproteobacteria;Rhodospirillales;Dongiaceae	3031144	Resolved	source_cache
Helga-16SrRNA-NCBI	7	G	Dongia	Bacteria;Pseudomonadati;Pseudomonadota;Alphaproteobacteria;Rhodospirillales;Dongiaceae;Dongia	1146845	Resolved	source_cache
Helga-16SrRNA-NCBI	8	S	Dongia mobilis	Bacteria;Pseudomonadati;Pseudomonadota;Alphaproteobacteria;Rhodospirillales;Dongiaceae;Dongia;Dongia mobilis	578943	Resolved	source_cache
Helga-16SrRNA-NCBI	7	G	Hypericibacter	Bacteria;Pseudomonadati;Pseudomonadota;Alphaproteobacteria;Rhodospirillales;Dongiaceae;Hypericibacter	2705399	Resolved	source_cache
Helga-16SrRNA-NCBI	8	S	Hypericibacter terrae	Bacteria;Pseudomonadati;Pseudomonadota;Alphaproteobacteria;Rhodospirillales;Dongiaceae;Hypericibacter;Hypericibacter terrae	2602015	Resolved	source_cache
Helga-16SrRNA-NCBI	6	F	Novispirillaceae	Bacteria;Pseudomonadati;Pseudomonadota;Alphaproteobacteria;Rhodospirillales;Novispirillaceae	0	Unresolved	unresolved
Helga-16SrRNA-NCBI	7	G	Haematospirillum	Bacteria;Pseudomonadati;Pseudomonadota;Alphaproteobacteria;Rhodospirillales;Novispirillaceae;Haematospirillum	0	Unresolved	unresolved
Helga-16SrRNA-NCBI	8	S	Haematospirillum jordaniae	Bacteria;Pseudomonadati;Pseudomonadota;Alphaproteobacteria;Rhodospirillales;Novispirillaceae;Haematospirillum;Haematospirillum jordaniae	1549855	Resolved	assignment
Helga-16SrRNA-NCBI	6	F	Oceanibaculaceae	Bacteria;Pseudomonadati;Pseudomonadota;Alphaproteobacteria;Rhodospirillales;Oceanibaculaceae	0	Unresolved	unresolved
Helga-16SrRNA-NCBI	7	G	Oceanibaculum	Bacteria;Pseudomonadati;Pseudomonadota;Alphaproteobacteria;Rhodospirillales;Oceanibaculaceae;Oceanibaculum	0	Unresolved	unresolved
Helga-16SrRNA-NCBI	8	S	Oceanibaculum nanhaiense	Bacteria;Pseudomonadati;Pseudomonadota;Alphaproteobacteria;Rhodospirillales;Oceanibaculaceae;Oceanibaculum;Oceanibaculum nanhaiense	1909734	Resolved	assignment
Helga-16SrRNA-NCBI	6	F	Azospirillaceae	Bacteria;Pseudomonadati;Pseudomonadota;Alphaproteobacteria;Rhodospirillales;Azospirillaceae	2829815	Resolved	source_cache
Helga-16SrRNA-NCBI	7	G	Azospirillum	Bacteria;Pseudomonadati;Pseudomonadota;Alphaproteobacteria;Rhodospirillales;Azospirillaceae;Azospirillum	0	Unresolved	unresolved
Helga-16SrRNA-NCBI	8	S	Azospirillum fermentarium	Bacteria;Pseudomonadati;Pseudomonadota;Alphaproteobacteria;Rhodospirillales;Azospirillaceae;Azospirillum;Azospirillum fermentarium	1233114	Resolved	assignment
Helga-16SrRNA-NCBI	5	O	Hyphomonadales	Bacteria;Pseudomonadati;Pseudomonadota;Alphaproteobacteria;Hyphomonadales	0	Unresolved	unresolved
Helga-16SrRNA-NCBI	6	F	Hyphomonadaceae	Bacteria;Pseudomonadati;Pseudomonadota;Alphaproteobacteria;Hyphomonadales;Hyphomonadaceae	0	Unresolved	unresolved
Helga-16SrRNA-NCBI	7	G	Hyphomonas	Bacteria;Pseudomonadati;Pseudomonadota;Alphaproteobacteria;Hyphomonadales;Hyphomonadaceae;Hyphomonas	0	Unresolved	unresolved
Helga-16SrRNA-NCBI	8	S	Hyphomonas polymorpha	Bacteria;Pseudomonadati;Pseudomonadota;Alphaproteobacteria;Hyphomonadales;Hyphomonadaceae;Hyphomonas;Hyphomonas polymorpha	74319	Resolved	assignment
Helga-16SrRNA-NCBI	8	S	Hyphomonas neptunium	Bacteria;Pseudomonadati;Pseudomonadota;Alphaproteobacteria;Hyphomonadales;Hyphomonadaceae;Hyphomonas;Hyphomonas neptunium	81032	Resolved	assignment
Helga-16SrRNA-NCBI	7	G	Asprobacter	Bacteria;Pseudomonadati;Pseudomonadota;Alphaproteobacteria;Hyphomonadales;Hyphomonadaceae;Asprobacter	0	Unresolved	unresolved
Helga-16SrRNA-NCBI	8	S	Asprobacter aquaticus	Bacteria;Pseudomonadati;Pseudomonadota;Alphaproteobacteria;Hyphomonadales;Hyphomonadaceae;Asprobacter;Asprobacter aquaticus	1348470	Resolved	assignment
Helga-16SrRNA-NCBI	5	O	Maricaulales	Bacteria;Pseudomonadati;Pseudomonadota;Alphaproteobacteria;Maricaulales	0	Unresolved	unresolved
Helga-16SrRNA-NCBI	6	F	Maricaulaceae	Bacteria;Pseudomonadati;Pseudomonadota;Alphaproteobacteria;Maricaulales;Maricaulaceae	0	Unresolved	unresolved
Helga-16SrRNA-NCBI	7	G	Glycocaulis	Bacteria;Pseudomonadati;Pseudomonadota;Alphaproteobacteria;Maricaulales;Maricaulaceae;Glycocaulis	0	Unresolved	unresolved
Helga-16SrRNA-NCBI	8	S	Glycocaulis abyssi	Bacteria;Pseudomonadati;Pseudomonadota;Alphaproteobacteria;Maricaulales;Maricaulaceae;Glycocaulis;Glycocaulis abyssi	1433403	Resolved	assignment
Helga-16SrRNA-NCBI	7	G	Hyphobacterium	Bacteria;Pseudomonadati;Pseudomonadota;Alphaproteobacteria;Maricaulales;Maricaulaceae;Hyphobacterium	0	Unresolved	unresolved
Helga-16SrRNA-NCBI	8	S	Hyphobacterium vulgare	Bacteria;Pseudomonadati;Pseudomonadota;Alphaproteobacteria;Maricaulales;Maricaulaceae;Hyphobacterium;Hyphobacterium vulgare	1736751	Resolved	assignment
Helga-16SrRNA-NCBI	5	O	Acetobacterales	Bacteria;Pseudomonadati;Pseudomonadota;Alphaproteobacteria;Acetobacterales	3120395	Resolved	source_cache
Helga-16SrRNA-NCBI	6	F	Acetobacteraceae	Bacteria;Pseudomonadati;Pseudomonadota;Alphaproteobacteria;Acetobacterales;Acetobacteraceae	433	Resolved	source_cache
Helga-16SrRNA-NCBI	7	G	Neoroseomonas	Bacteria;Pseudomonadati;Pseudomonadota;Alphaproteobacteria;Acetobacterales;Acetobacteraceae;Neoroseomonas	2870716	Resolved	source_cache
Helga-16SrRNA-NCBI	8	S	Neoroseomonas eburnea	Bacteria;Pseudomonadati;Pseudomonadota;Alphaproteobacteria;Acetobacterales;Acetobacteraceae;Neoroseomonas;Neoroseomonas eburnea	1346889	Resolved	assignment
Helga-16SrRNA-NCBI	8	S	Neoroseomonas oryzicola	Bacteria;Pseudomonadati;Pseudomonadota;Alphaproteobacteria;Acetobacterales;Acetobacteraceae;Neoroseomonas;Neoroseomonas oryzicola	535904	Resolved	assignment
Helga-16SrRNA-NCBI	5	O	Micropepsales	Bacteria;Pseudomonadati;Pseudomonadota;Alphaproteobacteria;Micropepsales	0	Unresolved	unresolved
Helga-16SrRNA-NCBI	6	F	Micropepsaceae	Bacteria;Pseudomonadati;Pseudomonadota;Alphaproteobacteria;Micropepsales;Micropepsaceae	0	Unresolved	unresolved
Helga-16SrRNA-NCBI	7	G	Rhizomicrobium	Bacteria;Pseudomonadati;Pseudomonadota;Alphaproteobacteria;Micropepsales;Micropepsaceae;Rhizomicrobium	0	Unresolved	unresolved
Helga-16SrRNA-NCBI	8	S	Rhizomicrobium electricum	Bacteria;Pseudomonadati;Pseudomonadota;Alphaproteobacteria;Micropepsales;Micropepsaceae;Rhizomicrobium;Rhizomicrobium electricum	480070	Resolved	assignment
Helga-16SrRNA-NCBI	5	O	Rickettsiales	Bacteria;Pseudomonadati;Pseudomonadota;Alphaproteobacteria;Rickettsiales	0	Unresolved	unresolved
Helga-16SrRNA-NCBI	6	F	Rickettsiaceae	Bacteria;Pseudomonadati;Pseudomonadota;Alphaproteobacteria;Rickettsiales;Rickettsiaceae	0	Unresolved	unresolved
Helga-16SrRNA-NCBI	7	G	Rickettsia	Bacteria;Pseudomonadati;Pseudomonadota;Alphaproteobacteria;Rickettsiales;Rickettsiaceae;Rickettsia	0	Unresolved	unresolved
Helga-16SrRNA-NCBI	8	S	Rickettsia bellii	Bacteria;Pseudomonadati;Pseudomonadota;Alphaproteobacteria;Rickettsiales;Rickettsiaceae;Rickettsia;Rickettsia bellii	33990	Resolved	assignment
Helga-16SrRNA-NCBI	8	S	Rickettsia conorii	Bacteria;Pseudomonadati;Pseudomonadota;Alphaproteobacteria;Rickettsiales;Rickettsiaceae;Rickettsia;Rickettsia conorii	369822	Resolved	assignment
Helga-16SrRNA-NCBI	5	O	Geminicoccales	Bacteria;Pseudomonadati;Pseudomonadota;Alphaproteobacteria;Geminicoccales	3108222	Resolved	source_cache
Helga-16SrRNA-NCBI	6	F	Geminicoccaceae	Bacteria;Pseudomonadati;Pseudomonadota;Alphaproteobacteria;Geminicoccales;Geminicoccaceae	2066434	Resolved	source_cache
Helga-16SrRNA-NCBI	7	G	Tistrella	Bacteria;Pseudomonadati;Pseudomonadota;Alphaproteobacteria;Geminicoccales;Geminicoccaceae;Tistrella	171436	Resolved	source_cache
Helga-16SrRNA-NCBI	8	S	Tistrella mobilis	Bacteria;Pseudomonadati;Pseudomonadota;Alphaproteobacteria;Geminicoccales;Geminicoccaceae;Tistrella;Tistrella mobilis	171437	Resolved	assignment
Helga-16SrRNA-NCBI	5	O	Sneathiellales	Bacteria;Pseudomonadati;Pseudomonadota;Alphaproteobacteria;Sneathiellales	0	Unresolved	unresolved
Helga-16SrRNA-NCBI	6	F	Sneathiellaceae	Bacteria;Pseudomonadati;Pseudomonadota;Alphaproteobacteria;Sneathiellales;Sneathiellaceae	0	Unresolved	unresolved
Helga-16SrRNA-NCBI	7	G	Sneathiella	Bacteria;Pseudomonadati;Pseudomonadota;Alphaproteobacteria;Sneathiellales;Sneathiellaceae;Sneathiella	0	Unresolved	unresolved
Helga-16SrRNA-NCBI	8	S	Sneathiella litorea	Bacteria;Pseudomonadati;Pseudomonadota;Alphaproteobacteria;Sneathiellales;Sneathiellaceae;Sneathiella;Sneathiella litorea	2606216	Resolved	assignment
Helga-16SrRNA-NCBI	4	C	Gammaproteobacteria	Bacteria;Pseudomonadati;Pseudomonadota;Gammaproteobacteria	1236	Resolved	source_cache
Helga-16SrRNA-NCBI	5	O	Chromatiales	Bacteria;Pseudomonadati;Pseudomonadota;Gammaproteobacteria;Chromatiales	135613	Resolved	source_cache
Helga-16SrRNA-NCBI	6	F	Chromatiaceae	Bacteria;Pseudomonadati;Pseudomonadota;Gammaproteobacteria;Chromatiales;Chromatiaceae	1046	Resolved	source_cache
Helga-16SrRNA-NCBI	7	G	Rheinheimera	Bacteria;Pseudomonadati;Pseudomonadota;Gammaproteobacteria;Chromatiales;Chromatiaceae;Rheinheimera	0	Unresolved	unresolved
Helga-16SrRNA-NCBI	8	S	Rheinheimera aquimaris	Bacteria;Pseudomonadati;Pseudomonadota;Gammaproteobacteria;Chromatiales;Chromatiaceae;Rheinheimera;Rheinheimera aquimaris	412437	Resolved	assignment
Helga-16SrRNA-NCBI	8	S	Rheinheimera japonica	Bacteria;Pseudomonadati;Pseudomonadota;Gammaproteobacteria;Chromatiales;Chromatiaceae;Rheinheimera;Rheinheimera japonica	1550609	Resolved	assignment
Helga-16SrRNA-NCBI	8	S	Rheinheimera pleomorphica	Bacteria;Pseudomonadati;Pseudomonadota;Gammaproteobacteria;Chromatiales;Chromatiaceae;Rheinheimera;Rheinheimera pleomorphica	2703963	Resolved	assignment
Helga-16SrRNA-NCBI	8	S	Rheinheimera aestuarii	Bacteria;Pseudomonadati;Pseudomonadota;Gammaproteobacteria;Chromatiales;Chromatiaceae;Rheinheimera;Rheinheimera aestuarii	1586751	Resolved	assignment
Helga-16SrRNA-NCBI	8	S	Rheinheimera nanhaiensis	Bacteria;Pseudomonadati;Pseudomonadota;Gammaproteobacteria;Chromatiales;Chromatiaceae;Rheinheimera;Rheinheimera nanhaiensis	562729	Resolved	assignment
Helga-16SrRNA-NCBI	8	S	Rheinheimera lutimaris	Bacteria;Pseudomonadati;Pseudomonadota;Gammaproteobacteria;Chromatiales;Chromatiaceae;Rheinheimera;Rheinheimera lutimaris	2740584	Resolved	assignment
Helga-16SrRNA-NCBI	8	S	Rheinheimera sediminis	Bacteria;Pseudomonadati;Pseudomonadota;Gammaproteobacteria;Chromatiales;Chromatiaceae;Rheinheimera;Rheinheimera sediminis	2761104	Resolved	assignment
Helga-16SrRNA-NCBI	7	G	Thioflavicoccus	Bacteria;Pseudomonadati;Pseudomonadota;Gammaproteobacteria;Chromatiales;Chromatiaceae;Thioflavicoccus	156885	Resolved	source_cache
Helga-16SrRNA-NCBI	8	S	Thioflavicoccus mobilis	Bacteria;Pseudomonadati;Pseudomonadota;Gammaproteobacteria;Chromatiales;Chromatiaceae;Thioflavicoccus;Thioflavicoccus mobilis	80679	Resolved	source_cache
Helga-16SrRNA-NCBI	7	G	Thiococcus	Bacteria;Pseudomonadati;Pseudomonadota;Gammaproteobacteria;Chromatiales;Chromatiaceae;Thiococcus	0	Unresolved	unresolved
Helga-16SrRNA-NCBI	8	S	Thiococcus pfennigii	Bacteria;Pseudomonadati;Pseudomonadota;Gammaproteobacteria;Chromatiales;Chromatiaceae;Thiococcus;Thiococcus pfennigii	1057	Resolved	assignment
Helga-16SrRNA-NCBI	7	G	Lamprocystis	Bacteria;Pseudomonadati;Pseudomonadota;Gammaproteobacteria;Chromatiales;Chromatiaceae;Lamprocystis	0	Unresolved	unresolved
Helga-16SrRNA-NCBI	8	S	Lamprocystis purpurea	Bacteria;Pseudomonadati;Pseudomonadota;Gammaproteobacteria;Chromatiales;Chromatiaceae;Lamprocystis;Lamprocystis purpurea	61598	Resolved	assignment
Helga-16SrRNA-NCBI	5	O	Lysobacterales	Bacteria;Pseudomonadati;Pseudomonadota;Gammaproteobacteria;Lysobacterales	135614	Resolved	source_cache
Helga-16SrRNA-NCBI	6	F	Lysobacteraceae	Bacteria;Pseudomonadati;Pseudomonadota;Gammaproteobacteria;Lysobacterales;Lysobacteraceae	32033	Resolved	source_cache
Helga-16SrRNA-NCBI	7	G	Arenimonas	Bacteria;Pseudomonadati;Pseudomonadota;Gammaproteobacteria;Lysobacterales;Lysobacteraceae;Arenimonas	0	Unresolved	unresolved
Helga-16SrRNA-NCBI	8	S	Arenimonas donghaensis	Bacteria;Pseudomonadati;Pseudomonadota;Gammaproteobacteria;Lysobacterales;Lysobacteraceae;Arenimonas;Arenimonas donghaensis	375061	Resolved	assignment
Helga-16SrRNA-NCBI	8	S	Arenimonas maotaiensis	Bacteria;Pseudomonadati;Pseudomonadota;Gammaproteobacteria;Lysobacterales;Lysobacteraceae;Arenimonas;Arenimonas maotaiensis	1446479	Resolved	assignment
Helga-16SrRNA-NCBI	8	S	Arenimonas halophila	Bacteria;Pseudomonadati;Pseudomonadota;Gammaproteobacteria;Lysobacterales;Lysobacteraceae;Arenimonas;Arenimonas halophila	2185278	Resolved	assignment
Helga-16SrRNA-NCBI	8	S	Arenimonas caeni	Bacteria;Pseudomonadati;Pseudomonadota;Gammaproteobacteria;Lysobacterales;Lysobacteraceae;Arenimonas;Arenimonas caeni	2058085	Resolved	assignment
Helga-16SrRNA-NCBI	8	S	Arenimonas aestuarii	Bacteria;Pseudomonadati;Pseudomonadota;Gammaproteobacteria;Lysobacterales;Lysobacteraceae;Arenimonas;Arenimonas aestuarii	1708347	Resolved	assignment
Helga-16SrRNA-NCBI	8	S	Arenimonas alkanexedens	Bacteria;Pseudomonadati;Pseudomonadota;Gammaproteobacteria;Lysobacterales;Lysobacteraceae;Arenimonas;Arenimonas alkanexedens	1429246	Resolved	assignment
Helga-16SrRNA-NCBI	8	S	Arenimonas aquatica	Bacteria;Pseudomonadati;Pseudomonadota;Gammaproteobacteria;Lysobacterales;Lysobacteraceae;Arenimonas;Arenimonas aquatica	706174	Resolved	assignment
Helga-16SrRNA-NCBI	8	S	Arenimonas metalli	Bacteria;Pseudomonadati;Pseudomonadota;Gammaproteobacteria;Lysobacterales;Lysobacteraceae;Arenimonas;Arenimonas metalli	1384056	Resolved	assignment
Helga-16SrRNA-NCBI	8	S	Arenimonas soli	Bacteria;Pseudomonadati;Pseudomonadota;Gammaproteobacteria;Lysobacterales;Lysobacteraceae;Arenimonas;Arenimonas soli	2269504	Resolved	assignment
Helga-16SrRNA-NCBI	8	S	Arenimonas taoyuanensis	Bacteria;Pseudomonadati;Pseudomonadota;Gammaproteobacteria;Lysobacterales;Lysobacteraceae;Arenimonas;Arenimonas taoyuanensis	1329367	Resolved	assignment
Helga-16SrRNA-NCBI	7	G	Pseudomarimonas	Bacteria;Pseudomonadati;Pseudomonadota;Gammaproteobacteria;Lysobacterales;Lysobacteraceae;Pseudomarimonas	0	Unresolved	unresolved
Helga-16SrRNA-NCBI	8	S	Pseudomarimonas arenosa	Bacteria;Pseudomonadati;Pseudomonadota;Gammaproteobacteria;Lysobacterales;Lysobacteraceae;Pseudomarimonas;Pseudomarimonas arenosa	2774145	Resolved	assignment
Helga-16SrRNA-NCBI	7	G	Pseudoxanthomonas	Bacteria;Pseudomonadati;Pseudomonadota;Gammaproteobacteria;Lysobacterales;Lysobacteraceae;Pseudoxanthomonas	0	Unresolved	unresolved
Helga-16SrRNA-NCBI	8	S	Pseudoxanthomonas mexicana	Bacteria;Pseudomonadati;Pseudomonadota;Gammaproteobacteria;Lysobacterales;Lysobacteraceae;Pseudoxanthomonas;Pseudoxanthomonas mexicana	128785	Resolved	assignment
Helga-16SrRNA-NCBI	8	S	Pseudoxanthomonas taiwanensis	Bacteria;Pseudomonadati;Pseudomonadota;Gammaproteobacteria;Lysobacterales;Lysobacteraceae;Pseudoxanthomonas;Pseudoxanthomonas taiwanensis	176598	Resolved	assignment
Helga-16SrRNA-NCBI	7	G	Silanimonas	Bacteria;Pseudomonadati;Pseudomonadota;Gammaproteobacteria;Lysobacterales;Lysobacteraceae;Silanimonas	0	Unresolved	unresolved
Helga-16SrRNA-NCBI	8	S	Silanimonas mangrovi	Bacteria;Pseudomonadati;Pseudomonadota;Gammaproteobacteria;Lysobacterales;Lysobacteraceae;Silanimonas;Silanimonas mangrovi	1184255	Resolved	assignment
Helga-16SrRNA-NCBI	7	G	Thermomonas	Bacteria;Pseudomonadati;Pseudomonadota;Gammaproteobacteria;Lysobacterales;Lysobacteraceae;Thermomonas	141948	Resolved	source_cache
Helga-16SrRNA-NCBI	8	S	Thermomonas aquatica	Bacteria;Pseudomonadati;Pseudomonadota;Gammaproteobacteria;Lysobacterales;Lysobacteraceae;Thermomonas;Thermomonas aquatica	2202149	Resolved	assignment
Helga-16SrRNA-NCBI	8	S	Thermomonas koreensis	Bacteria;Pseudomonadati;Pseudomonadota;Gammaproteobacteria;Lysobacterales;Lysobacteraceae;Thermomonas;Thermomonas koreensis	341470	Resolved	source_cache
Helga-16SrRNA-NCBI	7	G	Coralloluteibacterium	Bacteria;Pseudomonadati;Pseudomonadota;Gammaproteobacteria;Lysobacterales;Lysobacteraceae;Coralloluteibacterium	0	Unresolved	unresolved
Helga-16SrRNA-NCBI	8	S	Coralloluteibacterium stylophorae	Bacteria;Pseudomonadati;Pseudomonadota;Gammaproteobacteria;Lysobacterales;Lysobacteraceae;Coralloluteibacterium;Coralloluteibacterium stylophorae	1776034	Resolved	assignment
Helga-16SrRNA-NCBI	7	G	Lysobacter	Bacteria;Pseudomonadati;Pseudomonadota;Gammaproteobacteria;Lysobacterales;Lysobacteraceae;Lysobacter	0	Unresolved	unresolved
Helga-16SrRNA-NCBI	8	S	Lysobacter brunescens	Bacteria;Pseudomonadati;Pseudomonadota;Gammaproteobacteria;Lysobacterales;Lysobacteraceae;Lysobacter;Lysobacter brunescens	262323	Resolved	assignment
Helga-16SrRNA-NCBI	8	S	Lysobacter firmicutimachus	Bacteria;Pseudomonadati;Pseudomonadota;Gammaproteobacteria;Lysobacterales;Lysobacteraceae;Lysobacter;Lysobacter firmicutimachus	1792846	Resolved	assignment
Helga-16SrRNA-NCBI	7	G	Noviluteimonas	Bacteria;Pseudomonadati;Pseudomonadota;Gammaproteobacteria;Lysobacterales;Lysobacteraceae;Noviluteimonas	0	Unresolved	unresolved
Helga-16SrRNA-NCBI	8	S	Noviluteimonas gilva	Bacteria;Pseudomonadati;Pseudomonadota;Gammaproteobacteria;Lysobacterales;Lysobacteraceae;Noviluteimonas;Noviluteimonas gilva	2682097	Resolved	assignment
Helga-16SrRNA-NCBI	6	F	Rhodanobacteraceae	Bacteria;Pseudomonadati;Pseudomonadota;Gammaproteobacteria;Lysobacterales;Rhodanobacteraceae	1775411	Resolved	source_cache
Helga-16SrRNA-NCBI	7	G	Aquimonas	Bacteria;Pseudomonadati;Pseudomonadota;Gammaproteobacteria;Lysobacterales;Rhodanobacteraceae;Aquimonas	0	Unresolved	unresolved
Helga-16SrRNA-NCBI	8	S	Aquimonas voraii	Bacteria;Pseudomonadati;Pseudomonadota;Gammaproteobacteria;Lysobacterales;Rhodanobacteraceae;Aquimonas;Aquimonas voraii	265719	Resolved	assignment
Helga-16SrRNA-NCBI	7	G	Ahniella	Bacteria;Pseudomonadati;Pseudomonadota;Gammaproteobacteria;Lysobacterales;Rhodanobacteraceae;Ahniella	0	Unresolved	unresolved
Helga-16SrRNA-NCBI	8	S	Ahniella affigens	Bacteria;Pseudomonadati;Pseudomonadota;Gammaproteobacteria;Lysobacterales;Rhodanobacteraceae;Ahniella;Ahniella affigens	2021234	Resolved	assignment
Helga-16SrRNA-NCBI	7	G	Pseudofulvimonas	Bacteria;Pseudomonadati;Pseudomonadota;Gammaproteobacteria;Lysobacterales;Rhodanobacteraceae;Pseudofulvimonas	0	Unresolved	unresolved
Helga-16SrRNA-NCBI	8	S	Pseudofulvimonas gallinarii	Bacteria;Pseudomonadati;Pseudomonadota;Gammaproteobacteria;Lysobacterales;Rhodanobacteraceae;Pseudofulvimonas;Pseudofulvimonas gallinarii	634155	Resolved	assignment
Helga-16SrRNA-NCBI	7	G	Chiayiivirga	Bacteria;Pseudomonadati;Pseudomonadota;Gammaproteobacteria;Lysobacterales;Rhodanobacteraceae;Chiayiivirga	0	Unresolved	unresolved
Helga-16SrRNA-NCBI	8	S	Chiayiivirga flava	Bacteria;Pseudomonadati;Pseudomonadota;Gammaproteobacteria;Lysobacterales;Rhodanobacteraceae;Chiayiivirga;Chiayiivirga flava	659595	Resolved	assignment
Helga-16SrRNA-NCBI	7	G	Dyella	Bacteria;Pseudomonadati;Pseudomonadota;Gammaproteobacteria;Lysobacterales;Rhodanobacteraceae;Dyella	231454	Resolved	source_cache
Helga-16SrRNA-NCBI	8	S	Dyella jiangningensis	Bacteria;Pseudomonadati;Pseudomonadota;Gammaproteobacteria;Lysobacterales;Rhodanobacteraceae;Dyella;Dyella jiangningensis	1379159	Resolved	assignment
Helga-16SrRNA-NCBI	7	G	Frateuria	Bacteria;Pseudomonadati;Pseudomonadota;Gammaproteobacteria;Lysobacterales;Rhodanobacteraceae;Frateuria	0	Unresolved	unresolved
Helga-16SrRNA-NCBI	8	S	Frateuria defendens	Bacteria;Pseudomonadati;Pseudomonadota;Gammaproteobacteria;Lysobacterales;Rhodanobacteraceae;Frateuria;Frateuria defendens	2219559	Resolved	assignment
Helga-16SrRNA-NCBI	7	G	Fulvimonas	Bacteria;Pseudomonadati;Pseudomonadota;Gammaproteobacteria;Lysobacterales;Rhodanobacteraceae;Fulvimonas	0	Unresolved	unresolved
Helga-16SrRNA-NCBI	8	S	Fulvimonas soli	Bacteria;Pseudomonadati;Pseudomonadota;Gammaproteobacteria;Lysobacterales;Rhodanobacteraceae;Fulvimonas;Fulvimonas soli	155197	Resolved	assignment
Helga-16SrRNA-NCBI	7	G	Tahibacter	Bacteria;Pseudomonadati;Pseudomonadota;Gammaproteobacteria;Lysobacterales;Rhodanobacteraceae;Tahibacter	0	Unresolved	unresolved
Helga-16SrRNA-NCBI	8	S	Tahibacter caeni	Bacteria;Pseudomonadati;Pseudomonadota;Gammaproteobacteria;Lysobacterales;Rhodanobacteraceae;Tahibacter;Tahibacter caeni	1453545	Resolved	assignment
Helga-16SrRNA-NCBI	5	O	Pseudomonadales	Bacteria;Pseudomonadati;Pseudomonadota;Gammaproteobacteria;Pseudomonadales	72274	Resolved	source_cache
Helga-16SrRNA-NCBI	6	F	Pseudomonadaceae	Bacteria;Pseudomonadati;Pseudomonadota;Gammaproteobacteria;Pseudomonadales;Pseudomonadaceae	135621	Resolved	source_cache
Helga-16SrRNA-NCBI	7	G	Pseudomonas	Bacteria;Pseudomonadati;Pseudomonadota;Gammaproteobacteria;Pseudomonadales;Pseudomonadaceae;Pseudomonas	286	Resolved	source_cache
Helga-16SrRNA-NCBI	8	S	Pseudomonas anguilliseptica	Bacteria;Pseudomonadati;Pseudomonadota;Gammaproteobacteria;Pseudomonadales;Pseudomonadaceae;Pseudomonas;Pseudomonas anguilliseptica	53406	Resolved	assignment
Helga-16SrRNA-NCBI	8	S	Pseudomonas peli	Bacteria;Pseudomonadati;Pseudomonadota;Gammaproteobacteria;Pseudomonadales;Pseudomonadaceae;Pseudomonas;Pseudomonas peli	592361	Resolved	source_cache
Helga-16SrRNA-NCBI	8	S	Pseudomonas tianjinensis	Bacteria;Pseudomonadati;Pseudomonadota;Gammaproteobacteria;Pseudomonadales;Pseudomonadaceae;Pseudomonas;Pseudomonas tianjinensis	2282554	Resolved	source_cache
Helga-16SrRNA-NCBI	8	S	Pseudomonas ceruminis	Bacteria;Pseudomonadati;Pseudomonadota;Gammaproteobacteria;Pseudomonadales;Pseudomonadaceae;Pseudomonas;Pseudomonas ceruminis	2740516	Resolved	assignment
Helga-16SrRNA-NCBI	8	S	Pseudomonas glareae	Bacteria;Pseudomonadati;Pseudomonadota;Gammaproteobacteria;Pseudomonadales;Pseudomonadaceae;Pseudomonas;Pseudomonas glareae	1577705	Resolved	assignment
Helga-16SrRNA-NCBI	8	S	Pseudomonas leptonychotis	Bacteria;Pseudomonadati;Pseudomonadota;Gammaproteobacteria;Pseudomonadales;Pseudomonadaceae;Pseudomonas;Pseudomonas leptonychotis	2448482	Resolved	source_cache
Helga-16SrRNA-NCBI	8	S	Pseudomonas oryzihabitans	Bacteria;Pseudomonadati;Pseudomonadota;Gammaproteobacteria;Pseudomonadales;Pseudomonadaceae;Pseudomonas;Pseudomonas oryzihabitans	47885	Resolved	assignment
Helga-16SrRNA-NCBI	8	S	Pseudomonas punonensis	Bacteria;Pseudomonadati;Pseudomonadota;Gammaproteobacteria;Pseudomonadales;Pseudomonadaceae;Pseudomonas;Pseudomonas punonensis	1220495	Resolved	assignment
Helga-16SrRNA-NCBI	8	S	Pseudomonas sichuanensis	Bacteria;Pseudomonadati;Pseudomonadota;Gammaproteobacteria;Pseudomonadales;Pseudomonadaceae;Pseudomonas;Pseudomonas sichuanensis	2213015	Resolved	assignment
Helga-16SrRNA-NCBI	8	S	Pseudomonas wayambapalatensis	Bacteria;Pseudomonadati;Pseudomonadota;Gammaproteobacteria;Pseudomonadales;Pseudomonadaceae;Pseudomonas;Pseudomonas wayambapalatensis	485895	Resolved	source_cache
Helga-16SrRNA-NCBI	7	G	Ectopseudomonas	Bacteria;Pseudomonadati;Pseudomonadota;Gammaproteobacteria;Pseudomonadales;Pseudomonadaceae;Ectopseudomonas	0	Unresolved	unresolved
Helga-16SrRNA-NCBI	8	S	Ectopseudomonas oleovorans	Bacteria;Pseudomonadati;Pseudomonadota;Gammaproteobacteria;Pseudomonadales;Pseudomonadaceae;Ectopseudomonas;Ectopseudomonas oleovorans	301	Resolved	assignment
Helga-16SrRNA-NCBI	8	S	Ectopseudomonas composti	Bacteria;Pseudomonadati;Pseudomonadota;Gammaproteobacteria;Pseudomonadales;Pseudomonadaceae;Ectopseudomonas;Ectopseudomonas composti	658457	Resolved	assignment
Helga-16SrRNA-NCBI	7	G	Aquipseudomonas	Bacteria;Pseudomonadati;Pseudomonadota;Gammaproteobacteria;Pseudomonadales;Pseudomonadaceae;Aquipseudomonas	0	Unresolved	unresolved
Helga-16SrRNA-NCBI	8	S	Aquipseudomonas guryensis	Bacteria;Pseudomonadati;Pseudomonadota;Gammaproteobacteria;Pseudomonadales;Pseudomonadaceae;Aquipseudomonas;Aquipseudomonas guryensis	2759165	Resolved	assignment
Helga-16SrRNA-NCBI	7	G	Stutzerimonas	Bacteria;Pseudomonadati;Pseudomonadota;Gammaproteobacteria;Pseudomonadales;Pseudomonadaceae;Stutzerimonas	0	Unresolved	unresolved
Helga-16SrRNA-NCBI	8	S	Stutzerimonas balearica	Bacteria;Pseudomonadati;Pseudomonadota;Gammaproteobacteria;Pseudomonadales;Pseudomonadaceae;Stutzerimonas;Stutzerimonas balearica	74829	Resolved	assignment
Helga-16SrRNA-NCBI	6	F	Marinobacteraceae	Bacteria;Pseudomonadati;Pseudomonadota;Gammaproteobacteria;Pseudomonadales;Marinobacteraceae	0	Unresolved	unresolved
Helga-16SrRNA-NCBI	7	G	Marinobacter	Bacteria;Pseudomonadati;Pseudomonadota;Gammaproteobacteria;Pseudomonadales;Marinobacteraceae;Marinobacter	0	Unresolved	unresolved
Helga-16SrRNA-NCBI	8	S	Marinobacter salsuginis	Bacteria;Pseudomonadati;Pseudomonadota;Gammaproteobacteria;Pseudomonadales;Marinobacteraceae;Marinobacter;Marinobacter salsuginis	1260625	Resolved	assignment
Helga-16SrRNA-NCBI	8	S	Marinobacter alkaliphilus	Bacteria;Pseudomonadati;Pseudomonadota;Gammaproteobacteria;Pseudomonadales;Marinobacteraceae;Marinobacter;Marinobacter alkaliphilus	254719	Resolved	assignment
Helga-16SrRNA-NCBI	8	S	Marinobacter nauticus	Bacteria;Pseudomonadati;Pseudomonadota;Gammaproteobacteria;Pseudomonadales;Marinobacteraceae;Marinobacter;Marinobacter nauticus	351348	Resolved	assignment
Helga-16SrRNA-NCBI	8	S	Marinobacter adhaerens	Bacteria;Pseudomonadati;Pseudomonadota;Gammaproteobacteria;Pseudomonadales;Marinobacteraceae;Marinobacter;Marinobacter adhaerens	225937	Resolved	assignment
Helga-16SrRNA-NCBI	8	S	Marinobacter denitrificans	Bacteria;Pseudomonadati;Pseudomonadota;Gammaproteobacteria;Pseudomonadales;Marinobacteraceae;Marinobacter;Marinobacter denitrificans	2597703	Resolved	assignment
Helga-16SrRNA-NCBI	8	S	Marinobacter guineae	Bacteria;Pseudomonadati;Pseudomonadota;Gammaproteobacteria;Pseudomonadales;Marinobacteraceae;Marinobacter;Marinobacter guineae	432303	Resolved	assignment
Helga-16SrRNA-NCBI	6	F	Pseudohongiellaceae	Bacteria;Pseudomonadati;Pseudomonadota;Gammaproteobacteria;Pseudomonadales;Pseudohongiellaceae	0	Unresolved	unresolved
Helga-16SrRNA-NCBI	7	G	Pseudohongiella	Bacteria;Pseudomonadati;Pseudomonadota;Gammaproteobacteria;Pseudomonadales;Pseudohongiellaceae;Pseudohongiella	0	Unresolved	unresolved
Helga-16SrRNA-NCBI	8	S	Pseudohongiella spirulinae	Bacteria;Pseudomonadati;Pseudomonadota;Gammaproteobacteria;Pseudomonadales;Pseudohongiellaceae;Pseudohongiella;Pseudohongiella spirulinae	1249552	Resolved	assignment
Helga-16SrRNA-NCBI	8	S	Pseudohongiella nitratireducens	Bacteria;Pseudomonadati;Pseudomonadota;Gammaproteobacteria;Pseudomonadales;Pseudohongiellaceae;Pseudohongiella;Pseudohongiella nitratireducens	1768907	Resolved	assignment
Helga-16SrRNA-NCBI	8	S	Pseudohongiella acticola	Bacteria;Pseudomonadati;Pseudomonadota;Gammaproteobacteria;Pseudomonadales;Pseudohongiellaceae;Pseudohongiella;Pseudohongiella acticola	1524254	Resolved	assignment
Helga-16SrRNA-NCBI	6	F	Perlucidibacaceae	Bacteria;Pseudomonadati;Pseudomonadota;Gammaproteobacteria;Pseudomonadales;Perlucidibacaceae	0	Unresolved	unresolved
Helga-16SrRNA-NCBI	7	G	Perlucidibaca	Bacteria;Pseudomonadati;Pseudomonadota;Gammaproteobacteria;Pseudomonadales;Perlucidibacaceae;Perlucidibaca	0	Unresolved	unresolved
Helga-16SrRNA-NCBI	8	S	Perlucidibaca piscinae	Bacteria;Pseudomonadati;Pseudomonadota;Gammaproteobacteria;Pseudomonadales;Perlucidibacaceae;Perlucidibaca;Perlucidibaca piscinae	392589	Resolved	assignment
Helga-16SrRNA-NCBI	5	O	Legionellales	Bacteria;Pseudomonadati;Pseudomonadota;Gammaproteobacteria;Legionellales	118969	Resolved	source_cache
Helga-16SrRNA-NCBI	6	F	Legionellaceae	Bacteria;Pseudomonadati;Pseudomonadota;Gammaproteobacteria;Legionellales;Legionellaceae	444	Resolved	source_cache
Helga-16SrRNA-NCBI	7	G	Legionella	Bacteria;Pseudomonadati;Pseudomonadota;Gammaproteobacteria;Legionellales;Legionellaceae;Legionella	445	Resolved	source_cache
Helga-16SrRNA-NCBI	8	S	Legionella taurinensis	Bacteria;Pseudomonadati;Pseudomonadota;Gammaproteobacteria;Legionellales;Legionellaceae;Legionella;Legionella taurinensis	70611	Resolved	source_cache
Helga-16SrRNA-NCBI	8	S	Legionella saoudiensis	Bacteria;Pseudomonadati;Pseudomonadota;Gammaproteobacteria;Legionellales;Legionellaceae;Legionella;Legionella saoudiensis	1750561	Resolved	assignment
Helga-16SrRNA-NCBI	8	S	Legionella birminghamensis	Bacteria;Pseudomonadati;Pseudomonadota;Gammaproteobacteria;Legionellales;Legionellaceae;Legionella;Legionella birminghamensis	28083	Resolved	assignment
Helga-16SrRNA-NCBI	8	S	Legionella lytica	Bacteria;Pseudomonadati;Pseudomonadota;Gammaproteobacteria;Legionellales;Legionellaceae;Legionella;Legionella lytica	96232	Resolved	assignment
Helga-16SrRNA-NCBI	8	S	Legionella norrlandica	Bacteria;Pseudomonadati;Pseudomonadota;Gammaproteobacteria;Legionellales;Legionellaceae;Legionella;Legionella norrlandica	1498499	Resolved	source_cache
Helga-16SrRNA-NCBI	8	S	Legionella oakridgensis	Bacteria;Pseudomonadati;Pseudomonadota;Gammaproteobacteria;Legionellales;Legionellaceae;Legionella;Legionella oakridgensis	29423	Resolved	assignment
Helga-16SrRNA-NCBI	8	S	Legionella pneumophila	Bacteria;Pseudomonadati;Pseudomonadota;Gammaproteobacteria;Legionellales;Legionellaceae;Legionella;Legionella pneumophila	91890	Resolved	assignment
Helga-16SrRNA-NCBI	8	S	Legionella tunisiensis	Bacteria;Pseudomonadati;Pseudomonadota;Gammaproteobacteria;Legionellales;Legionellaceae;Legionella;Legionella tunisiensis	1034944	Resolved	source_cache
Helga-16SrRNA-NCBI	6	F	Coxiellaceae	Bacteria;Pseudomonadati;Pseudomonadota;Gammaproteobacteria;Legionellales;Coxiellaceae	118968	Resolved	source_cache
Helga-16SrRNA-NCBI	7	G	Aquicella	Bacteria;Pseudomonadati;Pseudomonadota;Gammaproteobacteria;Legionellales;Coxiellaceae;Aquicella	0	Unresolved	unresolved
Helga-16SrRNA-NCBI	8	S	Aquicella siphonis	Bacteria;Pseudomonadati;Pseudomonadota;Gammaproteobacteria;Legionellales;Coxiellaceae;Aquicella;Aquicella siphonis	254247	Resolved	assignment
Helga-16SrRNA-NCBI	5	O	Gammaproteobacteria_Incertae_sedis	Bacteria;Pseudomonadati;Pseudomonadota;Gammaproteobacteria;Gammaproteobacteria_Incertae_sedis	0	Unresolved	unresolved
Helga-16SrRNA-NCBI	6	F	Gammaproteobacteria_Incertae_sedis	Bacteria;Pseudomonadati;Pseudomonadota;Gammaproteobacteria;Gammaproteobacteria_Incertae_sedis;Gammaproteobacteria_Incertae_sedis	0	Unresolved	unresolved
Helga-16SrRNA-NCBI	7	G	Acidibacter	Bacteria;Pseudomonadati;Pseudomonadota;Gammaproteobacteria;Gammaproteobacteria_Incertae_sedis;Gammaproteobacteria_Incertae_sedis;Acidibacter	0	Unresolved	unresolved
Helga-16SrRNA-NCBI	8	S	Acidibacter ferrireducens	Bacteria;Pseudomonadati;Pseudomonadota;Gammaproteobacteria;Gammaproteobacteria_Incertae_sedis;Gammaproteobacteria_Incertae_sedis;Acidibacter;Acidibacter ferrireducens	0	Unresolved	unresolved
Helga-16SrRNA-NCBI	5	O	Cellvibrionales	Bacteria;Pseudomonadati;Pseudomonadota;Gammaproteobacteria;Cellvibrionales	0	Unresolved	unresolved
Helga-16SrRNA-NCBI	6	F	Cellvibrionaceae	Bacteria;Pseudomonadati;Pseudomonadota;Gammaproteobacteria;Cellvibrionales;Cellvibrionaceae	0	Unresolved	unresolved
Helga-16SrRNA-NCBI	7	G	Cellvibrio	Bacteria;Pseudomonadati;Pseudomonadota;Gammaproteobacteria;Cellvibrionales;Cellvibrionaceae;Cellvibrio	0	Unresolved	unresolved
Helga-16SrRNA-NCBI	8	S	Cellvibrio fibrivorans	Bacteria;Pseudomonadati;Pseudomonadota;Gammaproteobacteria;Cellvibrionales;Cellvibrionaceae;Cellvibrio;Cellvibrio fibrivorans	126350	Resolved	assignment
Helga-16SrRNA-NCBI	8	S	Cellvibrio fontiphilus	Bacteria;Pseudomonadati;Pseudomonadota;Gammaproteobacteria;Cellvibrionales;Cellvibrionaceae;Cellvibrio;Cellvibrio fontiphilus	1815559	Resolved	assignment
Helga-16SrRNA-NCBI	8	S	Cellvibrio mixtus	Bacteria;Pseudomonadati;Pseudomonadota;Gammaproteobacteria;Cellvibrionales;Cellvibrionaceae;Cellvibrio;Cellvibrio mixtus	39650	Resolved	assignment
Helga-16SrRNA-NCBI	6	F	Porticoccaceae	Bacteria;Pseudomonadati;Pseudomonadota;Gammaproteobacteria;Cellvibrionales;Porticoccaceae	0	Unresolved	unresolved
Helga-16SrRNA-NCBI	7	G	Porticoccus	Bacteria;Pseudomonadati;Pseudomonadota;Gammaproteobacteria;Cellvibrionales;Porticoccaceae;Porticoccus	0	Unresolved	unresolved
Helga-16SrRNA-NCBI	8	S	Porticoccus hydrocarbonoclasticus	Bacteria;Pseudomonadati;Pseudomonadota;Gammaproteobacteria;Cellvibrionales;Porticoccaceae;Porticoccus;Porticoccus hydrocarbonoclasticus	1415778	Resolved	assignment
Helga-16SrRNA-NCBI	5	O	Oceanospirillales	Bacteria;Pseudomonadati;Pseudomonadota;Gammaproteobacteria;Oceanospirillales	0	Unresolved	unresolved
Helga-16SrRNA-NCBI	6	F	Halomonadaceae	Bacteria;Pseudomonadati;Pseudomonadota;Gammaproteobacteria;Oceanospirillales;Halomonadaceae	0	Unresolved	unresolved
Helga-16SrRNA-NCBI	7	G	Vreelandella	Bacteria;Pseudomonadati;Pseudomonadota;Gammaproteobacteria;Oceanospirillales;Halomonadaceae;Vreelandella	0	Unresolved	unresolved
Helga-16SrRNA-NCBI	8	S	Vreelandella piezotolerans	Bacteria;Pseudomonadati;Pseudomonadota;Gammaproteobacteria;Oceanospirillales;Halomonadaceae;Vreelandella;Vreelandella piezotolerans	2609667	Resolved	assignment
Helga-16SrRNA-NCBI	8	S	Vreelandella aquamarina	Bacteria;Pseudomonadati;Pseudomonadota;Gammaproteobacteria;Oceanospirillales;Halomonadaceae;Vreelandella;Vreelandella aquamarina	115555	Resolved	assignment
Helga-16SrRNA-NCBI	8	S	Vreelandella hamiltonii	Bacteria;Pseudomonadati;Pseudomonadota;Gammaproteobacteria;Oceanospirillales;Halomonadaceae;Vreelandella;Vreelandella hamiltonii	502829	Resolved	assignment
Helga-16SrRNA-NCBI	6	F	Alcanivoracaceae	Bacteria;Pseudomonadati;Pseudomonadota;Gammaproteobacteria;Oceanospirillales;Alcanivoracaceae	0	Unresolved	unresolved
Helga-16SrRNA-NCBI	7	G	Alcanivorax	Bacteria;Pseudomonadati;Pseudomonadota;Gammaproteobacteria;Oceanospirillales;Alcanivoracaceae;Alcanivorax	0	Unresolved	unresolved
Helga-16SrRNA-NCBI	8	S	Alcanivorax jadensis	Bacteria;Pseudomonadati;Pseudomonadota;Gammaproteobacteria;Oceanospirillales;Alcanivoracaceae;Alcanivorax;Alcanivorax jadensis	1177181	Resolved	assignment
Helga-16SrRNA-NCBI	8	S	Alcanivorax nanhaiticus	Bacteria;Pseudomonadati;Pseudomonadota;Gammaproteobacteria;Oceanospirillales;Alcanivoracaceae;Alcanivorax;Alcanivorax nanhaiticus	1177154	Resolved	assignment
Helga-16SrRNA-NCBI	5	O	Alteromonadales	Bacteria;Pseudomonadati;Pseudomonadota;Gammaproteobacteria;Alteromonadales	0	Unresolved	unresolved
Helga-16SrRNA-NCBI	6	F	Alteromonadaceae	Bacteria;Pseudomonadati;Pseudomonadota;Gammaproteobacteria;Alteromonadales;Alteromonadaceae	0	Unresolved	unresolved
Helga-16SrRNA-NCBI	7	G	Alishewanella	Bacteria;Pseudomonadati;Pseudomonadota;Gammaproteobacteria;Alteromonadales;Alteromonadaceae;Alishewanella	0	Unresolved	unresolved
Helga-16SrRNA-NCBI	8	S	Alishewanella aestuarii	Bacteria;Pseudomonadati;Pseudomonadota;Gammaproteobacteria;Alteromonadales;Alteromonadaceae;Alishewanella;Alishewanella aestuarii	1197174	Resolved	assignment
Helga-16SrRNA-NCBI	8	S	Alishewanella jeotgali	Bacteria;Pseudomonadati;Pseudomonadota;Gammaproteobacteria;Alteromonadales;Alteromonadaceae;Alishewanella;Alishewanella jeotgali	1129374	Resolved	assignment
Helga-16SrRNA-NCBI	6	F	Idiomarinaceae	Bacteria;Pseudomonadati;Pseudomonadota;Gammaproteobacteria;Alteromonadales;Idiomarinaceae	0	Unresolved	unresolved
Helga-16SrRNA-NCBI	7	G	Idiomarina	Bacteria;Pseudomonadati;Pseudomonadota;Gammaproteobacteria;Alteromonadales;Idiomarinaceae;Idiomarina	0	Unresolved	unresolved
Helga-16SrRNA-NCBI	8	S	Idiomarina aquatica	Bacteria;Pseudomonadati;Pseudomonadota;Gammaproteobacteria;Alteromonadales;Idiomarinaceae;Idiomarina;Idiomarina aquatica	1327752	Resolved	assignment
Helga-16SrRNA-NCBI	8	S	Idiomarina fontislapidosi	Bacteria;Pseudomonadati;Pseudomonadota;Gammaproteobacteria;Alteromonadales;Idiomarinaceae;Idiomarina;Idiomarina fontislapidosi	263723	Resolved	assignment
Helga-16SrRNA-NCBI	5	O	Thiotrichales	Bacteria;Pseudomonadati;Pseudomonadota;Gammaproteobacteria;Thiotrichales	0	Unresolved	unresolved
Helga-16SrRNA-NCBI	6	F	Piscirickettsiaceae	Bacteria;Pseudomonadati;Pseudomonadota;Gammaproteobacteria;Thiotrichales;Piscirickettsiaceae	0	Unresolved	unresolved
Helga-16SrRNA-NCBI	7	G	Methylophaga	Bacteria;Pseudomonadati;Pseudomonadota;Gammaproteobacteria;Thiotrichales;Piscirickettsiaceae;Methylophaga	0	Unresolved	unresolved
Helga-16SrRNA-NCBI	8	S	Methylophaga frappieri	Bacteria;Pseudomonadati;Pseudomonadota;Gammaproteobacteria;Thiotrichales;Piscirickettsiaceae;Methylophaga;Methylophaga frappieri	754477	Resolved	assignment
Helga-16SrRNA-NCBI	8	S	Methylophaga thalassica	Bacteria;Pseudomonadati;Pseudomonadota;Gammaproteobacteria;Thiotrichales;Piscirickettsiaceae;Methylophaga;Methylophaga thalassica	40223	Resolved	assignment
Helga-16SrRNA-NCBI	5	O	Enterobacterales	Bacteria;Pseudomonadati;Pseudomonadota;Gammaproteobacteria;Enterobacterales	91347	Resolved	source_cache
Helga-16SrRNA-NCBI	6	F	Yersiniaceae	Bacteria;Pseudomonadati;Pseudomonadota;Gammaproteobacteria;Enterobacterales;Yersiniaceae	0	Unresolved	unresolved
Helga-16SrRNA-NCBI	7	G	Serratia	Bacteria;Pseudomonadati;Pseudomonadota;Gammaproteobacteria;Enterobacterales;Yersiniaceae;Serratia	0	Unresolved	unresolved
Helga-16SrRNA-NCBI	8	S	Serratia marcescens	Bacteria;Pseudomonadati;Pseudomonadota;Gammaproteobacteria;Enterobacterales;Yersiniaceae;Serratia;Serratia marcescens	615	Resolved	assignment
Helga-16SrRNA-NCBI	5	O	Methylococcales	Bacteria;Pseudomonadati;Pseudomonadota;Gammaproteobacteria;Methylococcales	135618	Resolved	source_cache
Helga-16SrRNA-NCBI	6	F	Methylococcaceae	Bacteria;Pseudomonadati;Pseudomonadota;Gammaproteobacteria;Methylococcales;Methylococcaceae	403	Resolved	source_cache
Helga-16SrRNA-NCBI	7	G	Methyloparacoccus	Bacteria;Pseudomonadati;Pseudomonadota;Gammaproteobacteria;Methylococcales;Methylococcaceae;Methyloparacoccus	0	Unresolved	unresolved
Helga-16SrRNA-NCBI	8	S	Methyloparacoccus murrellii	Bacteria;Pseudomonadati;Pseudomonadota;Gammaproteobacteria;Methylococcales;Methylococcaceae;Methyloparacoccus;Methyloparacoccus murrellii	1262636	Resolved	assignment
Helga-16SrRNA-NCBI	5	O	Moraxellales	Bacteria;Pseudomonadati;Pseudomonadota;Gammaproteobacteria;Moraxellales	2887326	Resolved	source_cache
Helga-16SrRNA-NCBI	6	F	Moraxellaceae	Bacteria;Pseudomonadati;Pseudomonadota;Gammaproteobacteria;Moraxellales;Moraxellaceae	468	Resolved	source_cache
Helga-16SrRNA-NCBI	7	G	Psychrobacter	Bacteria;Pseudomonadati;Pseudomonadota;Gammaproteobacteria;Moraxellales;Moraxellaceae;Psychrobacter	0	Unresolved	unresolved
Helga-16SrRNA-NCBI	8	S	Psychrobacter faecalis	Bacteria;Pseudomonadati;Pseudomonadota;Gammaproteobacteria;Moraxellales;Moraxellaceae;Psychrobacter;Psychrobacter faecalis	180588	Resolved	assignment
Helga-16SrRNA-NCBI	3	P	Bacteroidota	Bacteria;Pseudomonadati;Bacteroidota	976	Resolved	source_cache
Helga-16SrRNA-NCBI	4	C	Flavobacteriia	Bacteria;Pseudomonadati;Bacteroidota;Flavobacteriia	0	Unresolved	unresolved
Helga-16SrRNA-NCBI	5	O	Flavobacteriales	Bacteria;Pseudomonadati;Bacteroidota;Flavobacteriia;Flavobacteriales	0	Unresolved	unresolved
Helga-16SrRNA-NCBI	6	F	Flavobacteriaceae	Bacteria;Pseudomonadati;Bacteroidota;Flavobacteriia;Flavobacteriales;Flavobacteriaceae	0	Unresolved	unresolved
Helga-16SrRNA-NCBI	7	G	Flavobacterium	Bacteria;Pseudomonadati;Bacteroidota;Flavobacteriia;Flavobacteriales;Flavobacteriaceae;Flavobacterium	0	Unresolved	unresolved
Helga-16SrRNA-NCBI	8	S	Flavobacterium proteolyticum	Bacteria;Pseudomonadati;Bacteroidota;Flavobacteriia;Flavobacteriales;Flavobacteriaceae;Flavobacterium;Flavobacterium proteolyticum	2911683	Resolved	assignment
Helga-16SrRNA-NCBI	8	S	Flavobacterium sasangense	Bacteria;Pseudomonadati;Bacteroidota;Flavobacteriia;Flavobacteriales;Flavobacteriaceae;Flavobacterium;Flavobacterium sasangense	503361	Resolved	assignment
Helga-16SrRNA-NCBI	8	S	Flavobacterium aquaticum	Bacteria;Pseudomonadati;Bacteroidota;Flavobacteriia;Flavobacteriales;Flavobacteriaceae;Flavobacterium;Flavobacterium aquaticum	1236486	Resolved	assignment
Helga-16SrRNA-NCBI	8	S	Flavobacterium celericrescens	Bacteria;Pseudomonadati;Bacteroidota;Flavobacteriia;Flavobacteriales;Flavobacteriaceae;Flavobacterium;Flavobacterium celericrescens	2709780	Resolved	assignment
Helga-16SrRNA-NCBI	8	S	Flavobacterium cucumis	Bacteria;Pseudomonadati;Bacteroidota;Flavobacteriia;Flavobacteriales;Flavobacteriaceae;Flavobacterium;Flavobacterium cucumis	416016	Resolved	assignment
Helga-16SrRNA-NCBI	8	S	Flavobacterium yanchengense	Bacteria;Pseudomonadati;Bacteroidota;Flavobacteriia;Flavobacteriales;Flavobacteriaceae;Flavobacterium;Flavobacterium yanchengense	1241321	Resolved	assignment
Helga-16SrRNA-NCBI	8	S	Flavobacterium caeni	Bacteria;Pseudomonadati;Bacteroidota;Flavobacteriia;Flavobacteriales;Flavobacteriaceae;Flavobacterium;Flavobacterium caeni	490189	Resolved	assignment
Helga-16SrRNA-NCBI	8	S	Flavobacterium orientale	Bacteria;Pseudomonadati;Bacteroidota;Flavobacteriia;Flavobacteriales;Flavobacteriaceae;Flavobacterium;Flavobacterium orientale	1756020	Resolved	assignment
Helga-16SrRNA-NCBI	8	S	Flavobacterium cheonhonense	Bacteria;Pseudomonadati;Bacteroidota;Flavobacteriia;Flavobacteriales;Flavobacteriaceae;Flavobacterium;Flavobacterium cheonhonense	706185	Resolved	assignment
Helga-16SrRNA-NCBI	8	S	Flavobacterium haoranii	Bacteria;Pseudomonadati;Bacteroidota;Flavobacteriia;Flavobacteriales;Flavobacteriaceae;Flavobacterium;Flavobacterium haoranii	683124	Resolved	assignment
Helga-16SrRNA-NCBI	8	S	Flavobacterium luticocti	Bacteria;Pseudomonadati;Bacteroidota;Flavobacteriia;Flavobacteriales;Flavobacteriaceae;Flavobacterium;Flavobacterium luticocti	1852971	Resolved	assignment
Helga-16SrRNA-NCBI	8	S	Flavobacterium profundi	Bacteria;Pseudomonadati;Bacteroidota;Flavobacteriia;Flavobacteriales;Flavobacteriaceae;Flavobacterium;Flavobacterium profundi	1774945	Resolved	assignment
Helga-16SrRNA-NCBI	8	S	Flavobacterium agri	Bacteria;Pseudomonadati;Bacteroidota;Flavobacteriia;Flavobacteriales;Flavobacteriaceae;Flavobacterium;Flavobacterium agri	2743471	Resolved	assignment
Helga-16SrRNA-NCBI	8	S	Flavobacterium lacus	Bacteria;Pseudomonadati;Bacteroidota;Flavobacteriia;Flavobacteriales;Flavobacteriaceae;Flavobacterium;Flavobacterium lacus	1353778	Resolved	assignment
Helga-16SrRNA-NCBI	8	S	Flavobacterium longum	Bacteria;Pseudomonadati;Bacteroidota;Flavobacteriia;Flavobacteriales;Flavobacteriaceae;Flavobacterium;Flavobacterium longum	1299340	Resolved	assignment
Helga-16SrRNA-NCBI	8	S	Flavobacterium salilacus	Bacteria;Pseudomonadati;Bacteroidota;Flavobacteriia;Flavobacteriales;Flavobacteriaceae;Flavobacterium;Flavobacterium salilacus	2691899	Resolved	assignment
Helga-16SrRNA-NCBI	8	S	Flavobacterium solisilvae	Bacteria;Pseudomonadati;Bacteroidota;Flavobacteriia;Flavobacteriales;Flavobacteriaceae;Flavobacterium;Flavobacterium solisilvae	1852019	Resolved	assignment
Helga-16SrRNA-NCBI	8	S	Flavobacterium zaozhuangense	Bacteria;Pseudomonadati;Bacteroidota;Flavobacteriia;Flavobacteriales;Flavobacteriaceae;Flavobacterium;Flavobacterium zaozhuangense	2292701	Resolved	assignment
Helga-16SrRNA-NCBI	8	S	Flavobacterium aurantiibacter	Bacteria;Pseudomonadati;Bacteroidota;Flavobacteriia;Flavobacteriales;Flavobacteriaceae;Flavobacterium;Flavobacterium aurantiibacter	2023067	Resolved	assignment
Helga-16SrRNA-NCBI	8	S	Flavobacterium cheniae	Bacteria;Pseudomonadati;Bacteroidota;Flavobacteriia;Flavobacteriales;Flavobacteriaceae;Flavobacterium;Flavobacterium cheniae	295428	Resolved	assignment
Helga-16SrRNA-NCBI	8	S	Flavobacterium filum	Bacteria;Pseudomonadati;Bacteroidota;Flavobacteriia;Flavobacteriales;Flavobacteriaceae;Flavobacterium;Flavobacterium filum	1121889	Resolved	assignment
Helga-16SrRNA-NCBI	8	S	Flavobacterium indicum	Bacteria;Pseudomonadati;Bacteroidota;Flavobacteriia;Flavobacteriales;Flavobacteriaceae;Flavobacterium;Flavobacterium indicum	1094466	Resolved	assignment
Helga-16SrRNA-NCBI	8	S	Flavobacterium koreense	Bacteria;Pseudomonadati;Bacteroidota;Flavobacteriia;Flavobacteriales;Flavobacteriaceae;Flavobacterium;Flavobacterium koreense	706187	Resolved	assignment
Helga-16SrRNA-NCBI	8	S	Flavobacterium macacae	Bacteria;Pseudomonadati;Bacteroidota;Flavobacteriia;Flavobacteriales;Flavobacteriaceae;Flavobacterium;Flavobacterium macacae	2488993	Resolved	assignment
Helga-16SrRNA-NCBI	8	S	Flavobacterium qiangtangense	Bacteria;Pseudomonadati;Bacteroidota;Flavobacteriia;Flavobacteriales;Flavobacteriaceae;Flavobacterium;Flavobacterium qiangtangense	1442595	Resolved	assignment
Helga-16SrRNA-NCBI	8	S	Flavobacterium suzhouense	Bacteria;Pseudomonadati;Bacteroidota;Flavobacteriia;Flavobacteriales;Flavobacteriaceae;Flavobacterium;Flavobacterium suzhouense	1529638	Resolved	assignment
Helga-16SrRNA-NCBI	7	G	Jejuia	Bacteria;Pseudomonadati;Bacteroidota;Flavobacteriia;Flavobacteriales;Flavobacteriaceae;Jejuia	0	Unresolved	unresolved
Helga-16SrRNA-NCBI	8	S	Jejuia pallidilutea	Bacteria;Pseudomonadati;Bacteroidota;Flavobacteriia;Flavobacteriales;Flavobacteriaceae;Jejuia;Jejuia pallidilutea	504487	Resolved	assignment
Helga-16SrRNA-NCBI	7	G	Allomuricauda	Bacteria;Pseudomonadati;Bacteroidota;Flavobacteriia;Flavobacteriales;Flavobacteriaceae;Allomuricauda	0	Unresolved	unresolved
Helga-16SrRNA-NCBI	8	S	Muricauda brasiliensis	Bacteria;Pseudomonadati;Bacteroidota;Flavobacteriia;Flavobacteriales;Flavobacteriaceae;Allomuricauda;Muricauda brasiliensis	2162892	Resolved	assignment
Helga-16SrRNA-NCBI	7	G	Flagellimonas	Bacteria;Pseudomonadati;Bacteroidota;Flavobacteriia;Flavobacteriales;Flavobacteriaceae;Flagellimonas	0	Unresolved	unresolved
Helga-16SrRNA-NCBI	8	S	Flagellimonas chongwuensis	Bacteria;Pseudomonadati;Bacteroidota;Flavobacteriia;Flavobacteriales;Flavobacteriaceae;Flagellimonas;Flagellimonas chongwuensis	2697365	Resolved	assignment
Helga-16SrRNA-NCBI	8	S	Flagellimonas marina	Bacteria;Pseudomonadati;Bacteroidota;Flavobacteriia;Flavobacteriales;Flavobacteriaceae;Flagellimonas;Flagellimonas marina	1775168	Resolved	assignment
Helga-16SrRNA-NCBI	8	S	Flagellimonas marinaquae	Bacteria;Pseudomonadati;Bacteroidota;Flavobacteriia;Flavobacteriales;Flavobacteriaceae;Flagellimonas;Flagellimonas marinaquae	254955	Resolved	assignment
Helga-16SrRNA-NCBI	7	G	Winogradskyella	Bacteria;Pseudomonadati;Bacteroidota;Flavobacteriia;Flavobacteriales;Flavobacteriaceae;Winogradskyella	0	Unresolved	unresolved
Helga-16SrRNA-NCBI	8	S	Winogradskyella poriferorum	Bacteria;Pseudomonadati;Bacteroidota;Flavobacteriia;Flavobacteriales;Flavobacteriaceae;Winogradskyella;Winogradskyella poriferorum	307627	Resolved	assignment
Helga-16SrRNA-NCBI	8	S	Winogradskyella aquimaris	Bacteria;Pseudomonadati;Bacteroidota;Flavobacteriia;Flavobacteriales;Flavobacteriaceae;Winogradskyella;Winogradskyella aquimaris	864074	Resolved	assignment
Helga-16SrRNA-NCBI	7	G	Maribacter	Bacteria;Pseudomonadati;Bacteroidota;Flavobacteriia;Flavobacteriales;Flavobacteriaceae;Maribacter	0	Unresolved	unresolved
Helga-16SrRNA-NCBI	8	S	Maribacter flavus	Bacteria;Pseudomonadati;Bacteroidota;Flavobacteriia;Flavobacteriales;Flavobacteriaceae;Maribacter;Maribacter flavus	1658664	Resolved	assignment
Helga-16SrRNA-NCBI	7	G	Paenimyroides	Bacteria;Pseudomonadati;Bacteroidota;Flavobacteriia;Flavobacteriales;Flavobacteriaceae;Paenimyroides	0	Unresolved	unresolved
Helga-16SrRNA-NCBI	8	S	Paenimyroides naphthae	Bacteria;Pseudomonadati;Bacteroidota;Flavobacteriia;Flavobacteriales;Flavobacteriaceae;Paenimyroides;Paenimyroides naphthae	2057005	Resolved	assignment
Helga-16SrRNA-NCBI	8	S	Paenimyroides tangerinum	Bacteria;Pseudomonadati;Bacteroidota;Flavobacteriia;Flavobacteriales;Flavobacteriaceae;Paenimyroides;Paenimyroides tangerinum	2488728	Resolved	assignment
Helga-16SrRNA-NCBI	7	G	Paucihalobacter	Bacteria;Pseudomonadati;Bacteroidota;Flavobacteriia;Flavobacteriales;Flavobacteriaceae;Paucihalobacter	0	Unresolved	unresolved
Helga-16SrRNA-NCBI	8	S	Paucihalobacter ruber	Bacteria;Pseudomonadati;Bacteroidota;Flavobacteriia;Flavobacteriales;Flavobacteriaceae;Paucihalobacter;Paucihalobacter ruber	2567861	Resolved	assignment
Helga-16SrRNA-NCBI	7	G	Aequorivita	Bacteria;Pseudomonadati;Bacteroidota;Flavobacteriia;Flavobacteriales;Flavobacteriaceae;Aequorivita	0	Unresolved	unresolved
Helga-16SrRNA-NCBI	8	S	Aequorivita aquimaris	Bacteria;Pseudomonadati;Bacteroidota;Flavobacteriia;Flavobacteriales;Flavobacteriaceae;Aequorivita;Aequorivita aquimaris	1548749	Resolved	assignment
Helga-16SrRNA-NCBI	6	F	Crocinitomicaceae	Bacteria;Pseudomonadati;Bacteroidota;Flavobacteriia;Flavobacteriales;Crocinitomicaceae	0	Unresolved	unresolved
Helga-16SrRNA-NCBI	7	G	Crocinitomix	Bacteria;Pseudomonadati;Bacteroidota;Flavobacteriia;Flavobacteriales;Crocinitomicaceae;Crocinitomix	0	Unresolved	unresolved
Helga-16SrRNA-NCBI	8	S	Crocinitomix catalasitica	Bacteria;Pseudomonadati;Bacteroidota;Flavobacteriia;Flavobacteriales;Crocinitomicaceae;Crocinitomix;Crocinitomix catalasitica	184607	Resolved	assignment
Helga-16SrRNA-NCBI	8	S	Crocinitomix algicola	Bacteria;Pseudomonadati;Bacteroidota;Flavobacteriia;Flavobacteriales;Crocinitomicaceae;Crocinitomix;Crocinitomix algicola	1740263	Resolved	assignment
Helga-16SrRNA-NCBI	7	G	Putridiphycobacter	Bacteria;Pseudomonadati;Bacteroidota;Flavobacteriia;Flavobacteriales;Crocinitomicaceae;Putridiphycobacter	0	Unresolved	unresolved
Helga-16SrRNA-NCBI	8	S	Putridiphycobacter roseus	Bacteria;Pseudomonadati;Bacteroidota;Flavobacteriia;Flavobacteriales;Crocinitomicaceae;Putridiphycobacter;Putridiphycobacter roseus	2219161	Resolved	assignment
Helga-16SrRNA-NCBI	7	G	Fluviicola	Bacteria;Pseudomonadati;Bacteroidota;Flavobacteriia;Flavobacteriales;Crocinitomicaceae;Fluviicola	0	Unresolved	unresolved
Helga-16SrRNA-NCBI	8	S	Fluviicola taffensis	Bacteria;Pseudomonadati;Bacteroidota;Flavobacteriia;Flavobacteriales;Crocinitomicaceae;Fluviicola;Fluviicola taffensis	191579	Resolved	assignment
Helga-16SrRNA-NCBI	6	F	Vicingaceae	Bacteria;Pseudomonadati;Bacteroidota;Flavobacteriia;Flavobacteriales;Vicingaceae	0	Unresolved	unresolved
Helga-16SrRNA-NCBI	7	G	Vicingus	Bacteria;Pseudomonadati;Bacteroidota;Flavobacteriia;Flavobacteriales;Vicingaceae;Vicingus	0	Unresolved	unresolved
Helga-16SrRNA-NCBI	8	S	Vicingus serpentipes	Bacteria;Pseudomonadati;Bacteroidota;Flavobacteriia;Flavobacteriales;Vicingaceae;Vicingus;Vicingus serpentipes	1926625	Resolved	assignment
Helga-16SrRNA-NCBI	4	C	Cytophagia	Bacteria;Pseudomonadati;Bacteroidota;Cytophagia	0	Unresolved	unresolved
Helga-16SrRNA-NCBI	5	O	Cytophagales	Bacteria;Pseudomonadati;Bacteroidota;Cytophagia;Cytophagales	0	Unresolved	unresolved
Helga-16SrRNA-NCBI	6	F	Cyclobacteriaceae	Bacteria;Pseudomonadati;Bacteroidota;Cytophagia;Cytophagales;Cyclobacteriaceae	0	Unresolved	unresolved
Helga-16SrRNA-NCBI	7	G	Cecembia	Bacteria;Pseudomonadati;Bacteroidota;Cytophagia;Cytophagales;Cyclobacteriaceae;Cecembia	0	Unresolved	unresolved
Helga-16SrRNA-NCBI	8	S	Cecembia lonarensis	Bacteria;Pseudomonadati;Bacteroidota;Cytophagia;Cytophagales;Cyclobacteriaceae;Cecembia;Cecembia lonarensis	1225176	Resolved	assignment
Helga-16SrRNA-NCBI	8	S	Cecembia calidifontis	Bacteria;Pseudomonadati;Bacteroidota;Cytophagia;Cytophagales;Cyclobacteriaceae;Cecembia;Cecembia calidifontis	1187080	Resolved	assignment
Helga-16SrRNA-NCBI	7	G	Algoriphagus	Bacteria;Pseudomonadati;Bacteroidota;Cytophagia;Cytophagales;Cyclobacteriaceae;Algoriphagus	0	Unresolved	unresolved
Helga-16SrRNA-NCBI	8	S	Algoriphagus olei	Bacteria;Pseudomonadati;Bacteroidota;Cytophagia;Cytophagales;Cyclobacteriaceae;Algoriphagus;Algoriphagus olei	568072	Resolved	assignment
Helga-16SrRNA-NCBI	8	S	Algoriphagus aquatilis	Bacteria;Pseudomonadati;Bacteroidota;Cytophagia;Cytophagales;Cyclobacteriaceae;Algoriphagus;Algoriphagus aquatilis	490186	Resolved	assignment
Helga-16SrRNA-NCBI	8	S	Algoriphagus marincola	Bacteria;Pseudomonadati;Bacteroidota;Cytophagia;Cytophagales;Cyclobacteriaceae;Algoriphagus;Algoriphagus marincola	264027	Resolved	assignment
Helga-16SrRNA-NCBI	8	S	Algoriphagus lacus	Bacteria;Pseudomonadati;Bacteroidota;Cytophagia;Cytophagales;Cyclobacteriaceae;Algoriphagus;Algoriphagus lacus	2056311	Resolved	assignment
Helga-16SrRNA-NCBI	8	S	Algoriphagus sanaruensis	Bacteria;Pseudomonadati;Bacteroidota;Cytophagia;Cytophagales;Cyclobacteriaceae;Algoriphagus;Algoriphagus sanaruensis	1727163	Resolved	assignment
Helga-16SrRNA-NCBI	8	S	Algoriphagus taiwanensis	Bacteria;Pseudomonadati;Bacteroidota;Cytophagia;Cytophagales;Cyclobacteriaceae;Algoriphagus;Algoriphagus taiwanensis	1445656	Resolved	assignment
Helga-16SrRNA-NCBI	7	G	Aquiflexum	Bacteria;Pseudomonadati;Bacteroidota;Cytophagia;Cytophagales;Cyclobacteriaceae;Aquiflexum	0	Unresolved	unresolved
Helga-16SrRNA-NCBI	8	S	Aquiflexum balticum	Bacteria;Pseudomonadati;Bacteroidota;Cytophagia;Cytophagales;Cyclobacteriaceae;Aquiflexum;Aquiflexum balticum	280473	Resolved	assignment
Helga-16SrRNA-NCBI	7	G	Cyclobacterium	Bacteria;Pseudomonadati;Bacteroidota;Cytophagia;Cytophagales;Cyclobacteriaceae;Cyclobacterium	0	Unresolved	unresolved
Helga-16SrRNA-NCBI	8	S	Cyclobacterium xiamenense	Bacteria;Pseudomonadati;Bacteroidota;Cytophagia;Cytophagales;Cyclobacteriaceae;Cyclobacterium;Cyclobacterium xiamenense	1297121	Resolved	assignment
Helga-16SrRNA-NCBI	7	G	Fontibacter	Bacteria;Pseudomonadati;Bacteroidota;Cytophagia;Cytophagales;Cyclobacteriaceae;Fontibacter	0	Unresolved	unresolved
Helga-16SrRNA-NCBI	8	S	Fontibacter flavus	Bacteria;Pseudomonadati;Bacteroidota;Cytophagia;Cytophagales;Cyclobacteriaceae;Fontibacter;Fontibacter flavus	654838	Resolved	assignment
Helga-16SrRNA-NCBI	7	G	Cognataquiflexum	Bacteria;Pseudomonadati;Bacteroidota;Cytophagia;Cytophagales;Cyclobacteriaceae;Cognataquiflexum	0	Unresolved	unresolved
Helga-16SrRNA-NCBI	8	S	Cognataquiflexum aquatile	Bacteria;Pseudomonadati;Bacteroidota;Cytophagia;Cytophagales;Cyclobacteriaceae;Cognataquiflexum;Cognataquiflexum aquatile	2249427	Resolved	assignment
Helga-16SrRNA-NCBI	7	G	Echinicola	Bacteria;Pseudomonadati;Bacteroidota;Cytophagia;Cytophagales;Cyclobacteriaceae;Echinicola	0	Unresolved	unresolved
Helga-16SrRNA-NCBI	8	S	Echinicola sediminis	Bacteria;Pseudomonadati;Bacteroidota;Cytophagia;Cytophagales;Cyclobacteriaceae;Echinicola;Echinicola sediminis	1928082	Resolved	assignment
Helga-16SrRNA-NCBI	6	F	Hymenobacteraceae	Bacteria;Pseudomonadati;Bacteroidota;Cytophagia;Cytophagales;Hymenobacteraceae	0	Unresolved	unresolved
Helga-16SrRNA-NCBI	7	G	Adhaeribacter	Bacteria;Pseudomonadati;Bacteroidota;Cytophagia;Cytophagales;Hymenobacteraceae;Adhaeribacter	0	Unresolved	unresolved
Helga-16SrRNA-NCBI	8	S	Adhaeribacter aquaticus	Bacteria;Pseudomonadati;Bacteroidota;Cytophagia;Cytophagales;Hymenobacteraceae;Adhaeribacter;Adhaeribacter aquaticus	299567	Resolved	assignment
Helga-16SrRNA-NCBI	8	S	Adhaeribacter swui	Bacteria;Pseudomonadati;Bacteroidota;Cytophagia;Cytophagales;Hymenobacteraceae;Adhaeribacter;Adhaeribacter swui	2086471	Resolved	assignment
Helga-16SrRNA-NCBI	8	S	Adhaeribacter pallidiroseus	Bacteria;Pseudomonadati;Bacteroidota;Cytophagia;Cytophagales;Hymenobacteraceae;Adhaeribacter;Adhaeribacter pallidiroseus	2072847	Resolved	assignment
Helga-16SrRNA-NCBI	6	F	Spirosomataceae	Bacteria;Pseudomonadati;Bacteroidota;Cytophagia;Cytophagales;Spirosomataceae	0	Unresolved	unresolved
Helga-16SrRNA-NCBI	7	G	Dyadobacter	Bacteria;Pseudomonadati;Bacteroidota;Cytophagia;Cytophagales;Spirosomataceae;Dyadobacter	0	Unresolved	unresolved
Helga-16SrRNA-NCBI	8	S	Dyadobacter flavus	Bacteria;Pseudomonadati;Bacteroidota;Cytophagia;Cytophagales;Spirosomataceae;Dyadobacter;Dyadobacter flavus	2705330	Resolved	assignment
Helga-16SrRNA-NCBI	7	G	Arundinibacter	Bacteria;Pseudomonadati;Bacteroidota;Cytophagia;Cytophagales;Spirosomataceae;Arundinibacter	0	Unresolved	unresolved
Helga-16SrRNA-NCBI	8	S	Arundinibacter roseus	Bacteria;Pseudomonadati;Bacteroidota;Cytophagia;Cytophagales;Spirosomataceae;Arundinibacter;Arundinibacter roseus	2070510	Resolved	assignment
Helga-16SrRNA-NCBI	7	G	Runella	Bacteria;Pseudomonadati;Bacteroidota;Cytophagia;Cytophagales;Spirosomataceae;Runella	0	Unresolved	unresolved
Helga-16SrRNA-NCBI	8	S	Runella zeae	Bacteria;Pseudomonadati;Bacteroidota;Cytophagia;Cytophagales;Spirosomataceae;Runella;Runella zeae	94255	Resolved	assignment
Helga-16SrRNA-NCBI	6	F	Cytophagaceae	Bacteria;Pseudomonadati;Bacteroidota;Cytophagia;Cytophagales;Cytophagaceae	0	Unresolved	unresolved
Helga-16SrRNA-NCBI	7	G	Sporocytophaga	Bacteria;Pseudomonadati;Bacteroidota;Cytophagia;Cytophagales;Cytophagaceae;Sporocytophaga	0	Unresolved	unresolved
Helga-16SrRNA-NCBI	8	S	Sporocytophaga myxococcoides	Bacteria;Pseudomonadati;Bacteroidota;Cytophagia;Cytophagales;Cytophagaceae;Sporocytophaga;Sporocytophaga myxococcoides	153721	Resolved	assignment
Helga-16SrRNA-NCBI	4	C	Chitinophagia	Bacteria;Pseudomonadati;Bacteroidota;Chitinophagia	0	Unresolved	unresolved
Helga-16SrRNA-NCBI	5	O	Chitinophagales	Bacteria;Pseudomonadati;Bacteroidota;Chitinophagia;Chitinophagales	0	Unresolved	unresolved
Helga-16SrRNA-NCBI	6	F	Chitinophagaceae	Bacteria;Pseudomonadati;Bacteroidota;Chitinophagia;Chitinophagales;Chitinophagaceae	0	Unresolved	unresolved
Helga-16SrRNA-NCBI	7	G	Ferruginibacter	Bacteria;Pseudomonadati;Bacteroidota;Chitinophagia;Chitinophagales;Chitinophagaceae;Ferruginibacter	0	Unresolved	unresolved
Helga-16SrRNA-NCBI	8	S	Ferruginibacter alkalilentus	Bacteria;Pseudomonadati;Bacteroidota;Chitinophagia;Chitinophagales;Chitinophagaceae;Ferruginibacter;Ferruginibacter alkalilentus	563170	Resolved	assignment
Helga-16SrRNA-NCBI	8	S	Ferruginibacter profundus	Bacteria;Pseudomonadati;Bacteroidota;Chitinophagia;Chitinophagales;Chitinophagaceae;Ferruginibacter;Ferruginibacter profundus	1380048	Resolved	assignment
Helga-16SrRNA-NCBI	7	G	Terrimonas	Bacteria;Pseudomonadati;Bacteroidota;Chitinophagia;Chitinophagales;Chitinophagaceae;Terrimonas	0	Unresolved	unresolved
Helga-16SrRNA-NCBI	8	S	Terrimonas soli	Bacteria;Pseudomonadati;Bacteroidota;Chitinophagia;Chitinophagales;Chitinophagaceae;Terrimonas;Terrimonas soli	2024524	Resolved	assignment
Helga-16SrRNA-NCBI	8	S	Terrimonas terrae	Bacteria;Pseudomonadati;Bacteroidota;Chitinophagia;Chitinophagales;Chitinophagaceae;Terrimonas;Terrimonas terrae	1864941	Resolved	assignment
Helga-16SrRNA-NCBI	8	S	Terrimonas arctica	Bacteria;Pseudomonadati;Bacteroidota;Chitinophagia;Chitinophagales;Chitinophagaceae;Terrimonas;Terrimonas arctica	1507286	Resolved	assignment
Helga-16SrRNA-NCBI	7	G	Flavitalea	Bacteria;Pseudomonadati;Bacteroidota;Chitinophagia;Chitinophagales;Chitinophagaceae;Flavitalea	0	Unresolved	unresolved
Helga-16SrRNA-NCBI	8	S	Flavitalea populi	Bacteria;Pseudomonadati;Bacteroidota;Chitinophagia;Chitinophagales;Chitinophagaceae;Flavitalea;Flavitalea populi	796384	Resolved	assignment
Helga-16SrRNA-NCBI	8	S	Flavitalea flava	Bacteria;Pseudomonadati;Bacteroidota;Chitinophagia;Chitinophagales;Chitinophagaceae;Flavitalea;Flavitalea flava	1892851	Resolved	assignment
Helga-16SrRNA-NCBI	8	S	Flavitalea gansuensis	Bacteria;Pseudomonadati;Bacteroidota;Chitinophagia;Chitinophagales;Chitinophagaceae;Flavitalea;Flavitalea gansuensis	708199	Resolved	assignment
Helga-16SrRNA-NCBI	7	G	Flavihumibacter	Bacteria;Pseudomonadati;Bacteroidota;Chitinophagia;Chitinophagales;Chitinophagaceae;Flavihumibacter	0	Unresolved	unresolved
Helga-16SrRNA-NCBI	8	S	Flavihumibacter cheonanensis	Bacteria;Pseudomonadati;Bacteroidota;Chitinophagia;Chitinophagales;Chitinophagaceae;Flavihumibacter;Flavihumibacter cheonanensis	1442385	Resolved	assignment
Helga-16SrRNA-NCBI	7	G	Flavipsychrobacter	Bacteria;Pseudomonadati;Bacteroidota;Chitinophagia;Chitinophagales;Chitinophagaceae;Flavipsychrobacter	0	Unresolved	unresolved
Helga-16SrRNA-NCBI	8	S	Flavipsychrobacter stenotrophus	Bacteria;Pseudomonadati;Bacteroidota;Chitinophagia;Chitinophagales;Chitinophagaceae;Flavipsychrobacter;Flavipsychrobacter stenotrophus	2077091	Resolved	assignment
Helga-16SrRNA-NCBI	7	G	Paraflavitalea	Bacteria;Pseudomonadati;Bacteroidota;Chitinophagia;Chitinophagales;Chitinophagaceae;Paraflavitalea	0	Unresolved	unresolved
Helga-16SrRNA-NCBI	8	S	Paraflavitalea devenefica	Bacteria;Pseudomonadati;Bacteroidota;Chitinophagia;Chitinophagales;Chitinophagaceae;Paraflavitalea;Paraflavitalea devenefica	2716334	Resolved	assignment
Helga-16SrRNA-NCBI	4	C	Saprospiria	Bacteria;Pseudomonadati;Bacteroidota;Saprospiria	1937959	Resolved	source_cache
Helga-16SrRNA-NCBI	5	O	Saprospirales	Bacteria;Pseudomonadati;Bacteroidota;Saprospiria;Saprospirales	1936988	Resolved	source_cache
Helga-16SrRNA-NCBI	6	F	Lewinellaceae	Bacteria;Pseudomonadati;Bacteroidota;Saprospiria;Saprospirales;Lewinellaceae	0	Unresolved	unresolved
Helga-16SrRNA-NCBI	7	G	Flavilitoribacter	Bacteria;Pseudomonadati;Bacteroidota;Saprospiria;Saprospirales;Lewinellaceae;Flavilitoribacter	0	Unresolved	unresolved
Helga-16SrRNA-NCBI	8	S	Flavilitoribacter nigricans	Bacteria;Pseudomonadati;Bacteroidota;Saprospiria;Saprospirales;Lewinellaceae;Flavilitoribacter;Flavilitoribacter nigricans	70997	Resolved	assignment
Helga-16SrRNA-NCBI	6	F	Haliscomenobacteraceae	Bacteria;Pseudomonadati;Bacteroidota;Saprospiria;Saprospirales;Haliscomenobacteraceae	1937961	Resolved	source_cache
Helga-16SrRNA-NCBI	7	G	Haliscomenobacter	Bacteria;Pseudomonadati;Bacteroidota;Saprospiria;Saprospirales;Haliscomenobacteraceae;Haliscomenobacter	2349	Resolved	source_cache
Helga-16SrRNA-NCBI	8	S	Haliscomenobacter hydrossis	Bacteria;Pseudomonadati;Bacteroidota;Saprospiria;Saprospirales;Haliscomenobacteraceae;Haliscomenobacter;Haliscomenobacter hydrossis	2350	Resolved	source_cache
Helga-16SrRNA-NCBI	4	C	Sphingobacteriia	Bacteria;Pseudomonadati;Bacteroidota;Sphingobacteriia	0	Unresolved	unresolved
Helga-16SrRNA-NCBI	5	O	Sphingobacteriales	Bacteria;Pseudomonadati;Bacteroidota;Sphingobacteriia;Sphingobacteriales	0	Unresolved	unresolved
Helga-16SrRNA-NCBI	6	F	Sphingobacteriaceae	Bacteria;Pseudomonadati;Bacteroidota;Sphingobacteriia;Sphingobacteriales;Sphingobacteriaceae	0	Unresolved	unresolved
Helga-16SrRNA-NCBI	7	G	Solitalea	Bacteria;Pseudomonadati;Bacteroidota;Sphingobacteriia;Sphingobacteriales;Sphingobacteriaceae;Solitalea	0	Unresolved	unresolved
Helga-16SrRNA-NCBI	8	S	Solitalea canadensis	Bacteria;Pseudomonadati;Bacteroidota;Sphingobacteriia;Sphingobacteriales;Sphingobacteriaceae;Solitalea;Solitalea canadensis	929556	Resolved	assignment
Helga-16SrRNA-NCBI	4	C	Bacteroidia	Bacteria;Pseudomonadati;Bacteroidota;Bacteroidia	200643	Resolved	source_cache
Helga-16SrRNA-NCBI	5	O	Bacteroidales	Bacteria;Pseudomonadati;Bacteroidota;Bacteroidia;Bacteroidales	171549	Resolved	source_cache
Helga-16SrRNA-NCBI	6	F	Dysgonomonadaceae	Bacteria;Pseudomonadati;Bacteroidota;Bacteroidia;Bacteroidales;Dysgonomonadaceae	2005520	Resolved	source_cache
Helga-16SrRNA-NCBI	7	G	Proteiniphilum	Bacteria;Pseudomonadati;Bacteroidota;Bacteroidia;Bacteroidales;Dysgonomonadaceae;Proteiniphilum	294702	Resolved	source_cache
Helga-16SrRNA-NCBI	8	S	Proteiniphilum saccharofermentans	Bacteria;Pseudomonadati;Bacteroidota;Bacteroidia;Bacteroidales;Dysgonomonadaceae;Proteiniphilum;Proteiniphilum saccharofermentans	1642647	Resolved	source_cache
Helga-16SrRNA-NCBI	3	P	Planctomycetota	Bacteria;Pseudomonadati;Planctomycetota	203682	Resolved	source_cache
Helga-16SrRNA-NCBI	4	C	Planctomycetia	Bacteria;Pseudomonadati;Planctomycetota;Planctomycetia	203683	Resolved	source_cache
Helga-16SrRNA-NCBI	5	O	Pirellulales	Bacteria;Pseudomonadati;Planctomycetota;Planctomycetia;Pirellulales	2691354	Resolved	source_cache
Helga-16SrRNA-NCBI	6	F	Pirellulaceae	Bacteria;Pseudomonadati;Planctomycetota;Planctomycetia;Pirellulales;Pirellulaceae	2691357	Resolved	source_cache
Helga-16SrRNA-NCBI	7	G	Roseimaritima	Bacteria;Pseudomonadati;Planctomycetota;Planctomycetia;Pirellulales;Pirellulaceae;Roseimaritima	1579506	Resolved	source_cache
Helga-16SrRNA-NCBI	8	S	Roseimaritima multifibrata	Bacteria;Pseudomonadati;Planctomycetota;Planctomycetia;Pirellulales;Pirellulaceae;Roseimaritima;Roseimaritima multifibrata	1930274	Resolved	source_cache
Helga-16SrRNA-NCBI	8	S	Roseimaritima sediminicola	Bacteria;Pseudomonadati;Planctomycetota;Planctomycetia;Pirellulales;Pirellulaceae;Roseimaritima;Roseimaritima sediminicola	2662066	Resolved	assignment
Helga-16SrRNA-NCBI	8	S	Roseimaritima ulvae	Bacteria;Pseudomonadati;Planctomycetota;Planctomycetia;Pirellulales;Pirellulaceae;Roseimaritima;Roseimaritima ulvae	980254	Resolved	assignment
Helga-16SrRNA-NCBI	7	G	Novipirellula	Bacteria;Pseudomonadati;Planctomycetota;Planctomycetia;Pirellulales;Pirellulaceae;Novipirellula	0	Unresolved	unresolved
Helga-16SrRNA-NCBI	8	S	Novipirellula galeiformis	Bacteria;Pseudomonadati;Planctomycetota;Planctomycetia;Pirellulales;Pirellulaceae;Novipirellula;Novipirellula galeiformis	2528004	Resolved	assignment
Helga-16SrRNA-NCBI	8	S	Novipirellula caenicola	Bacteria;Pseudomonadati;Planctomycetota;Planctomycetia;Pirellulales;Pirellulaceae;Novipirellula;Novipirellula caenicola	1536901	Resolved	assignment
Helga-16SrRNA-NCBI	8	S	Novipirellula rosea	Bacteria;Pseudomonadati;Planctomycetota;Planctomycetia;Pirellulales;Pirellulaceae;Novipirellula;Novipirellula rosea	1031540	Resolved	assignment
Helga-16SrRNA-NCBI	8	S	Novipirellula aureliae	Bacteria;Pseudomonadati;Planctomycetota;Planctomycetia;Pirellulales;Pirellulaceae;Novipirellula;Novipirellula aureliae	2527966	Resolved	assignment
Helga-16SrRNA-NCBI	7	G	Roseiconus	Bacteria;Pseudomonadati;Planctomycetota;Planctomycetia;Pirellulales;Pirellulaceae;Roseiconus	0	Unresolved	unresolved
Helga-16SrRNA-NCBI	8	S	Roseiconus nitratireducens	Bacteria;Pseudomonadati;Planctomycetota;Planctomycetia;Pirellulales;Pirellulaceae;Roseiconus;Roseiconus nitratireducens	2605748	Resolved	assignment
Helga-16SrRNA-NCBI	7	G	Aureliella	Bacteria;Pseudomonadati;Planctomycetota;Planctomycetia;Pirellulales;Pirellulaceae;Aureliella	2795605	Resolved	source_cache
Helga-16SrRNA-NCBI	8	S	Aureliella helgolandensis	Bacteria;Pseudomonadati;Planctomycetota;Planctomycetia;Pirellulales;Pirellulaceae;Aureliella;Aureliella helgolandensis	2527968	Resolved	source_cache
Helga-16SrRNA-NCBI	7	G	Rhodopirellula	Bacteria;Pseudomonadati;Planctomycetota;Planctomycetia;Pirellulales;Pirellulaceae;Rhodopirellula	0	Unresolved	unresolved
Helga-16SrRNA-NCBI	8	S	Rhodopirellula baltica	Bacteria;Pseudomonadati;Planctomycetota;Planctomycetia;Pirellulales;Pirellulaceae;Rhodopirellula;Rhodopirellula baltica	243090	Resolved	assignment
Helga-16SrRNA-NCBI	7	G	Lignipirellula	Bacteria;Pseudomonadati;Planctomycetota;Planctomycetia;Pirellulales;Pirellulaceae;Lignipirellula	2795775	Resolved	source_cache
Helga-16SrRNA-NCBI	8	S	Lignipirellula cremea	Bacteria;Pseudomonadati;Planctomycetota;Planctomycetia;Pirellulales;Pirellulaceae;Lignipirellula;Lignipirellula cremea	2528010	Resolved	source_cache
Helga-16SrRNA-NCBI	7	G	Anatilimnocola	Bacteria;Pseudomonadati;Planctomycetota;Planctomycetia;Pirellulales;Pirellulaceae;Anatilimnocola	2807414	Resolved	source_cache
Helga-16SrRNA-NCBI	8	S	Anatilimnocola aggregata	Bacteria;Pseudomonadati;Planctomycetota;Planctomycetia;Pirellulales;Pirellulaceae;Anatilimnocola;Anatilimnocola aggregata	2528021	Resolved	source_cache
Helga-16SrRNA-NCBI	7	G	Rubripirellula	Bacteria;Pseudomonadati;Planctomycetota;Planctomycetia;Pirellulales;Pirellulaceae;Rubripirellula	0	Unresolved	unresolved
Helga-16SrRNA-NCBI	8	S	Rubripirellula lacrimiformis	Bacteria;Pseudomonadati;Planctomycetota;Planctomycetia;Pirellulales;Pirellulaceae;Rubripirellula;Rubripirellula lacrimiformis	1930273	Resolved	assignment
Helga-16SrRNA-NCBI	7	G	Bremerella	Bacteria;Pseudomonadati;Planctomycetota;Planctomycetia;Pirellulales;Pirellulaceae;Bremerella	2714594	Resolved	source_cache
Helga-16SrRNA-NCBI	8	S	Bremerella volcania	Bacteria;Pseudomonadati;Planctomycetota;Planctomycetia;Pirellulales;Pirellulaceae;Bremerella;Bremerella volcania	2527984	Resolved	source_cache
Helga-16SrRNA-NCBI	6	F	Lacipirellulaceae	Bacteria;Pseudomonadati;Planctomycetota;Planctomycetia;Pirellulales;Lacipirellulaceae	2691359	Resolved	source_cache
Helga-16SrRNA-NCBI	7	G	Lacipirellula	Bacteria;Pseudomonadati;Planctomycetota;Planctomycetia;Pirellulales;Lacipirellulaceae;Lacipirellula	2691417	Resolved	source_cache
Helga-16SrRNA-NCBI	8	S	Lacipirellula limnantheis	Bacteria;Pseudomonadati;Planctomycetota;Planctomycetia;Pirellulales;Lacipirellulaceae;Lacipirellula;Lacipirellula limnantheis	2528024	Resolved	source_cache
Helga-16SrRNA-NCBI	7	G	Botrimarina	Bacteria;Pseudomonadati;Planctomycetota;Planctomycetia;Pirellulales;Lacipirellulaceae;Botrimarina	2795782	Resolved	source_cache
Helga-16SrRNA-NCBI	8	S	Botrimarina mediterranea	Bacteria;Pseudomonadati;Planctomycetota;Planctomycetia;Pirellulales;Lacipirellulaceae;Botrimarina;Botrimarina mediterranea	2528022	Resolved	source_cache
Helga-16SrRNA-NCBI	6	F	Thermoguttaceae	Bacteria;Pseudomonadati;Planctomycetota;Planctomycetia;Pirellulales;Thermoguttaceae	2691358	Resolved	source_cache
Helga-16SrRNA-NCBI	7	G	Thermostilla	Bacteria;Pseudomonadati;Planctomycetota;Planctomycetia;Pirellulales;Thermoguttaceae;Thermostilla	1755820	Resolved	source_cache
Helga-16SrRNA-NCBI	8	S	Thermostilla marina	Bacteria;Pseudomonadati;Planctomycetota;Planctomycetia;Pirellulales;Thermoguttaceae;Thermostilla;Thermostilla marina	1742923	Resolved	source_cache
Helga-16SrRNA-NCBI	5	O	Isosphaerales	Bacteria;Pseudomonadati;Planctomycetota;Planctomycetia;Isosphaerales	0	Unresolved	unresolved
Helga-16SrRNA-NCBI	6	F	Isosphaeraceae	Bacteria;Pseudomonadati;Planctomycetota;Planctomycetia;Isosphaerales;Isosphaeraceae	0	Unresolved	unresolved
Helga-16SrRNA-NCBI	7	G	Paludisphaera	Bacteria;Pseudomonadati;Planctomycetota;Planctomycetia;Isosphaerales;Isosphaeraceae;Paludisphaera	0	Unresolved	unresolved
Helga-16SrRNA-NCBI	8	S	Paludisphaera soli	Bacteria;Pseudomonadati;Planctomycetota;Planctomycetia;Isosphaerales;Isosphaeraceae;Paludisphaera;Paludisphaera soli	2712865	Resolved	assignment
Helga-16SrRNA-NCBI	8	S	Paludisphaera borealis	Bacteria;Pseudomonadati;Planctomycetota;Planctomycetia;Isosphaerales;Isosphaeraceae;Paludisphaera;Paludisphaera borealis	1387353	Resolved	assignment
Helga-16SrRNA-NCBI	7	G	Aquisphaera	Bacteria;Pseudomonadati;Planctomycetota;Planctomycetia;Isosphaerales;Isosphaeraceae;Aquisphaera	0	Unresolved	unresolved
Helga-16SrRNA-NCBI	8	S	Aquisphaera giovannonii	Bacteria;Pseudomonadati;Planctomycetota;Planctomycetia;Isosphaerales;Isosphaeraceae;Aquisphaera;Aquisphaera giovannonii	406548	Resolved	assignment
Helga-16SrRNA-NCBI	7	G	Tautonia	Bacteria;Pseudomonadati;Planctomycetota;Planctomycetia;Isosphaerales;Isosphaeraceae;Tautonia	0	Unresolved	unresolved
Helga-16SrRNA-NCBI	8	S	Tautonia rosea	Bacteria;Pseudomonadati;Planctomycetota;Planctomycetia;Isosphaerales;Isosphaeraceae;Tautonia;Tautonia rosea	2728037	Resolved	assignment
Helga-16SrRNA-NCBI	7	G	Singulisphaera	Bacteria;Pseudomonadati;Planctomycetota;Planctomycetia;Isosphaerales;Isosphaeraceae;Singulisphaera	0	Unresolved	unresolved
Helga-16SrRNA-NCBI	8	S	Singulisphaera rosea	Bacteria;Pseudomonadati;Planctomycetota;Planctomycetia;Isosphaerales;Isosphaeraceae;Singulisphaera;Singulisphaera rosea	643672	Resolved	assignment
Helga-16SrRNA-NCBI	5	O	Planctomycetales	Bacteria;Pseudomonadati;Planctomycetota;Planctomycetia;Planctomycetales	0	Unresolved	unresolved
Helga-16SrRNA-NCBI	6	F	Planctomycetaceae	Bacteria;Pseudomonadati;Planctomycetota;Planctomycetia;Planctomycetales;Planctomycetaceae	0	Unresolved	unresolved
Helga-16SrRNA-NCBI	7	G	Planctopirus	Bacteria;Pseudomonadati;Planctomycetota;Planctomycetia;Planctomycetales;Planctomycetaceae;Planctopirus	0	Unresolved	unresolved
Helga-16SrRNA-NCBI	8	S	Planctopirus ephydatiae	Bacteria;Pseudomonadati;Planctomycetota;Planctomycetia;Planctomycetales;Planctomycetaceae;Planctopirus;Planctopirus ephydatiae	2528019	Resolved	assignment
Helga-16SrRNA-NCBI	8	S	Planctopirus hydrillae	Bacteria;Pseudomonadati;Planctomycetota;Planctomycetia;Planctomycetales;Planctomycetaceae;Planctopirus;Planctopirus hydrillae	1841610	Resolved	assignment
Helga-16SrRNA-NCBI	7	G	Gimesia	Bacteria;Pseudomonadati;Planctomycetota;Planctomycetia;Planctomycetales;Planctomycetaceae;Gimesia	0	Unresolved	unresolved
Helga-16SrRNA-NCBI	8	S	Gimesia panareensis	Bacteria;Pseudomonadati;Planctomycetota;Planctomycetia;Planctomycetales;Planctomycetaceae;Gimesia;Gimesia panareensis	2527978	Resolved	assignment
Helga-16SrRNA-NCBI	7	G	Fuerstiella	Bacteria;Pseudomonadati;Planctomycetota;Planctomycetia;Planctomycetales;Planctomycetaceae;Fuerstiella	0	Unresolved	unresolved
Helga-16SrRNA-NCBI	8	S	Fuerstiella marisgermanici	Bacteria;Pseudomonadati;Planctomycetota;Planctomycetia;Planctomycetales;Planctomycetaceae;Fuerstiella;Fuerstiella marisgermanici	1891926	Resolved	assignment
Helga-16SrRNA-NCBI	7	G	Polystyrenella	Bacteria;Pseudomonadati;Planctomycetota;Planctomycetia;Planctomycetales;Planctomycetaceae;Polystyrenella	0	Unresolved	unresolved
Helga-16SrRNA-NCBI	8	S	Polystyrenella longa	Bacteria;Pseudomonadati;Planctomycetota;Planctomycetia;Planctomycetales;Planctomycetaceae;Polystyrenella;Polystyrenella longa	2528007	Resolved	assignment
Helga-16SrRNA-NCBI	7	G	Rubinisphaera	Bacteria;Pseudomonadati;Planctomycetota;Planctomycetia;Planctomycetales;Planctomycetaceae;Rubinisphaera	0	Unresolved	unresolved
Helga-16SrRNA-NCBI	8	S	Rubinisphaera italica	Bacteria;Pseudomonadati;Planctomycetota;Planctomycetia;Planctomycetales;Planctomycetaceae;Rubinisphaera;Rubinisphaera italica	2527969	Resolved	assignment
Helga-16SrRNA-NCBI	3	P	Verrucomicrobiota	Bacteria;Pseudomonadati;Verrucomicrobiota	74201	Resolved	source_cache
Helga-16SrRNA-NCBI	4	C	Verrucomicrobiia	Bacteria;Pseudomonadati;Verrucomicrobiota;Verrucomicrobiia	203494	Resolved	source_cache
Helga-16SrRNA-NCBI	5	O	Verrucomicrobiales	Bacteria;Pseudomonadati;Verrucomicrobiota;Verrucomicrobiia;Verrucomicrobiales	48461	Resolved	source_cache
Helga-16SrRNA-NCBI	6	F	Verrucomicrobiaceae	Bacteria;Pseudomonadati;Verrucomicrobiota;Verrucomicrobiia;Verrucomicrobiales;Verrucomicrobiaceae	203557	Resolved	source_cache
Helga-16SrRNA-NCBI	7	G	Prosthecobacter	Bacteria;Pseudomonadati;Verrucomicrobiota;Verrucomicrobiia;Verrucomicrobiales;Verrucomicrobiaceae;Prosthecobacter	48463	Resolved	source_cache
Helga-16SrRNA-NCBI	8	S	Prosthecobacter vanneervenii	Bacteria;Pseudomonadati;Verrucomicrobiota;Verrucomicrobiia;Verrucomicrobiales;Verrucomicrobiaceae;Prosthecobacter;Prosthecobacter vanneervenii	48466	Resolved	assignment
Helga-16SrRNA-NCBI	8	S	Prosthecobacter fluviatilis	Bacteria;Pseudomonadati;Verrucomicrobiota;Verrucomicrobiia;Verrucomicrobiales;Verrucomicrobiaceae;Prosthecobacter;Prosthecobacter fluviatilis	445931	Resolved	assignment
Helga-16SrRNA-NCBI	7	G	Luteolibacter	Bacteria;Pseudomonadati;Verrucomicrobiota;Verrucomicrobiia;Verrucomicrobiales;Verrucomicrobiaceae;Luteolibacter	0	Unresolved	unresolved
Helga-16SrRNA-NCBI	8	S	Luteolibacter flavescens	Bacteria;Pseudomonadati;Verrucomicrobiota;Verrucomicrobiia;Verrucomicrobiales;Verrucomicrobiaceae;Luteolibacter;Luteolibacter flavescens	1859460	Resolved	assignment
Helga-16SrRNA-NCBI	7	G	Brevifollis	Bacteria;Pseudomonadati;Verrucomicrobiota;Verrucomicrobiia;Verrucomicrobiales;Verrucomicrobiaceae;Brevifollis	0	Unresolved	unresolved
Helga-16SrRNA-NCBI	8	S	Brevifollis gellanilyticus	Bacteria;Pseudomonadati;Verrucomicrobiota;Verrucomicrobiia;Verrucomicrobiales;Verrucomicrobiaceae;Brevifollis;Brevifollis gellanilyticus	748831	Resolved	assignment
Helga-16SrRNA-NCBI	7	G	Haloferula	Bacteria;Pseudomonadati;Verrucomicrobiota;Verrucomicrobiia;Verrucomicrobiales;Verrucomicrobiaceae;Haloferula	0	Unresolved	unresolved
Helga-16SrRNA-NCBI	8	S	Haloferula helveola	Bacteria;Pseudomonadati;Verrucomicrobiota;Verrucomicrobiia;Verrucomicrobiales;Verrucomicrobiaceae;Haloferula;Haloferula helveola	490095	Resolved	assignment
Helga-16SrRNA-NCBI	4	C	Opitutia	Bacteria;Pseudomonadati;Verrucomicrobiota;Opitutia	414999	Resolved	source_cache
Helga-16SrRNA-NCBI	5	O	Opitutales	Bacteria;Pseudomonadati;Verrucomicrobiota;Opitutia;Opitutales	415000	Resolved	source_cache
Helga-16SrRNA-NCBI	6	F	Opitutaceae	Bacteria;Pseudomonadati;Verrucomicrobiota;Opitutia;Opitutales;Opitutaceae	134623	Resolved	source_cache
Helga-16SrRNA-NCBI	7	G	Oleiharenicola	Bacteria;Pseudomonadati;Verrucomicrobiota;Opitutia;Opitutales;Opitutaceae;Oleiharenicola	2100741	Resolved	source_cache
Helga-16SrRNA-NCBI	8	S	Oleiharenicola lentus	Bacteria;Pseudomonadati;Verrucomicrobiota;Opitutia;Opitutales;Opitutaceae;Oleiharenicola;Oleiharenicola lentus	2508720	Resolved	source_cache
Helga-16SrRNA-NCBI	7	G	Opitutus	Bacteria;Pseudomonadati;Verrucomicrobiota;Opitutia;Opitutales;Opitutaceae;Opitutus	178440	Resolved	source_cache
Helga-16SrRNA-NCBI	8	S	Opitutus terrae	Bacteria;Pseudomonadati;Verrucomicrobiota;Opitutia;Opitutales;Opitutaceae;Opitutus;Opitutus terrae	107709	Resolved	source_cache
Helga-16SrRNA-NCBI	7	G	Lacunisphaera	Bacteria;Pseudomonadati;Verrucomicrobiota;Opitutia;Opitutales;Opitutaceae;Lacunisphaera	0	Unresolved	unresolved
Helga-16SrRNA-NCBI	8	S	Lacunisphaera anatis	Bacteria;Pseudomonadati;Verrucomicrobiota;Opitutia;Opitutales;Opitutaceae;Lacunisphaera;Lacunisphaera anatis	1848773	Resolved	assignment
Helga-16SrRNA-NCBI	5	O	Puniceicoccales	Bacteria;Pseudomonadati;Verrucomicrobiota;Opitutia;Puniceicoccales	415001	Resolved	source_cache
Helga-16SrRNA-NCBI	6	F	Cerasicoccaceae	Bacteria;Pseudomonadati;Verrucomicrobiota;Opitutia;Puniceicoccales;Cerasicoccaceae	3056374	Resolved	source_cache
Helga-16SrRNA-NCBI	7	G	Cerasicoccus	Bacteria;Pseudomonadati;Verrucomicrobiota;Opitutia;Puniceicoccales;Cerasicoccaceae;Cerasicoccus	0	Unresolved	unresolved
Helga-16SrRNA-NCBI	8	S	Cerasicoccus frondis	Bacteria;Pseudomonadati;Verrucomicrobiota;Opitutia;Puniceicoccales;Cerasicoccaceae;Cerasicoccus;Cerasicoccus frondis	490090	Resolved	assignment
Helga-16SrRNA-NCBI	4	C	Spartobacteria	Bacteria;Pseudomonadati;Verrucomicrobiota;Spartobacteria	134549	Resolved	source_cache
Helga-16SrRNA-NCBI	5	O	Chthoniobacterales	Bacteria;Pseudomonadati;Verrucomicrobiota;Spartobacteria;Chthoniobacterales	1836787	Resolved	source_cache
Helga-16SrRNA-NCBI	6	F	Chthoniobacteraceae	Bacteria;Pseudomonadati;Verrucomicrobiota;Spartobacteria;Chthoniobacterales;Chthoniobacteraceae	1836792	Resolved	source_cache
Helga-16SrRNA-NCBI	7	G	Chthoniobacter	Bacteria;Pseudomonadati;Verrucomicrobiota;Spartobacteria;Chthoniobacterales;Chthoniobacteraceae;Chthoniobacter	295577	Resolved	source_cache
Helga-16SrRNA-NCBI	8	S	Chthoniobacter flavus	Bacteria;Pseudomonadati;Verrucomicrobiota;Spartobacteria;Chthoniobacterales;Chthoniobacteraceae;Chthoniobacter;Chthoniobacter flavus	191863	Resolved	source_cache
Helga-16SrRNA-NCBI	4	C	Terrimicrobiia	Bacteria;Pseudomonadati;Verrucomicrobiota;Terrimicrobiia	2762271	Resolved	source_cache
Helga-16SrRNA-NCBI	5	O	Terrimicrobiales	Bacteria;Pseudomonadati;Verrucomicrobiota;Terrimicrobiia;Terrimicrobiales	2762272	Resolved	source_cache
Helga-16SrRNA-NCBI	6	F	Terrimicrobiaceae	Bacteria;Pseudomonadati;Verrucomicrobiota;Terrimicrobiia;Terrimicrobiales;Terrimicrobiaceae	2762316	Resolved	source_cache
Helga-16SrRNA-NCBI	7	G	Terrimicrobium	Bacteria;Pseudomonadati;Verrucomicrobiota;Terrimicrobiia;Terrimicrobiales;Terrimicrobiaceae;Terrimicrobium	1649503	Resolved	source_cache
Helga-16SrRNA-NCBI	8	S	Terrimicrobium sacchariphilum	Bacteria;Pseudomonadati;Verrucomicrobiota;Terrimicrobiia;Terrimicrobiales;Terrimicrobiaceae;Terrimicrobium;Terrimicrobium sacchariphilum	690879	Resolved	source_cache
Helga-16SrRNA-NCBI	3	P	Thermodesulfobacteriota	Bacteria;Pseudomonadati;Thermodesulfobacteriota	200940	Resolved	source_cache
Helga-16SrRNA-NCBI	4	C	Desulfomonilia	Bacteria;Pseudomonadati;Thermodesulfobacteriota;Desulfomonilia	0	Unresolved	unresolved
Helga-16SrRNA-NCBI	5	O	Desulfomonilales	Bacteria;Pseudomonadati;Thermodesulfobacteriota;Desulfomonilia;Desulfomonilales	0	Unresolved	unresolved
Helga-16SrRNA-NCBI	6	F	Desulfomonilaceae	Bacteria;Pseudomonadati;Thermodesulfobacteriota;Desulfomonilia;Desulfomonilales;Desulfomonilaceae	0	Unresolved	unresolved
Helga-16SrRNA-NCBI	7	G	Desulfomonile	Bacteria;Pseudomonadati;Thermodesulfobacteriota;Desulfomonilia;Desulfomonilales;Desulfomonilaceae;Desulfomonile	0	Unresolved	unresolved
Helga-16SrRNA-NCBI	8	S	Desulfomonile tiedjei	Bacteria;Pseudomonadati;Thermodesulfobacteriota;Desulfomonilia;Desulfomonilales;Desulfomonilaceae;Desulfomonile;Desulfomonile tiedjei	706587	Resolved	assignment
Helga-16SrRNA-NCBI	8	S	Desulfomonile limimaris	Bacteria;Pseudomonadati;Thermodesulfobacteriota;Desulfomonilia;Desulfomonilales;Desulfomonilaceae;Desulfomonile;Desulfomonile limimaris	117208	Resolved	assignment
Helga-16SrRNA-NCBI	3	P	Acidobacteriota	Bacteria;Pseudomonadati;Acidobacteriota	57723	Resolved	source_cache
Helga-16SrRNA-NCBI	4	C	Vicinamibacteria	Bacteria;Pseudomonadati;Acidobacteriota;Vicinamibacteria	1813735	Resolved	source_cache
Helga-16SrRNA-NCBI	5	O	Vicinamibacterales	Bacteria;Pseudomonadati;Acidobacteriota;Vicinamibacteria;Vicinamibacterales	2910145	Resolved	source_cache
Helga-16SrRNA-NCBI	6	F	Vicinamibacteraceae	Bacteria;Pseudomonadati;Acidobacteriota;Vicinamibacteria;Vicinamibacterales;Vicinamibacteraceae	2211325	Resolved	source_cache
Helga-16SrRNA-NCBI	7	G	Vicinamibacter	Bacteria;Pseudomonadati;Acidobacteriota;Vicinamibacteria;Vicinamibacterales;Vicinamibacteraceae;Vicinamibacter	1847386	Resolved	source_cache
Helga-16SrRNA-NCBI	8	S	Vicinamibacter silvestris	Bacteria;Pseudomonadati;Acidobacteriota;Vicinamibacteria;Vicinamibacterales;Vicinamibacteraceae;Vicinamibacter;Vicinamibacter silvestris	1612172	Resolved	source_cache
Helga-16SrRNA-NCBI	7	G	Luteitalea	Bacteria;Pseudomonadati;Acidobacteriota;Vicinamibacteria;Vicinamibacterales;Vicinamibacteraceae;Luteitalea	0	Unresolved	unresolved
Helga-16SrRNA-NCBI	8	S	Luteitalea pratensis	Bacteria;Pseudomonadati;Acidobacteriota;Vicinamibacteria;Vicinamibacterales;Vicinamibacteraceae;Luteitalea;Luteitalea pratensis	1855912	Resolved	assignment
Helga-16SrRNA-NCBI	4	C	Blastocatellia	Bacteria;Pseudomonadati;Acidobacteriota;Blastocatellia	0	Unresolved	unresolved
Helga-16SrRNA-NCBI	5	O	Blastocatellales	Bacteria;Pseudomonadati;Acidobacteriota;Blastocatellia;Blastocatellales	0	Unresolved	unresolved
Helga-16SrRNA-NCBI	6	F	Blastocatellaceae	Bacteria;Pseudomonadati;Acidobacteriota;Blastocatellia;Blastocatellales;Blastocatellaceae	0	Unresolved	unresolved
Helga-16SrRNA-NCBI	7	G	Stenotrophobacter	Bacteria;Pseudomonadati;Acidobacteriota;Blastocatellia;Blastocatellales;Blastocatellaceae;Stenotrophobacter	0	Unresolved	unresolved
Helga-16SrRNA-NCBI	8	S	Stenotrophobacter namibiensis	Bacteria;Pseudomonadati;Acidobacteriota;Blastocatellia;Blastocatellales;Blastocatellaceae;Stenotrophobacter;Stenotrophobacter namibiensis	1603871	Resolved	assignment
Helga-16SrRNA-NCBI	8	S	Stenotrophobacter terrae	Bacteria;Pseudomonadati;Acidobacteriota;Blastocatellia;Blastocatellales;Blastocatellaceae;Stenotrophobacter;Stenotrophobacter terrae	1458337	Resolved	assignment
Helga-16SrRNA-NCBI	7	G	Tellurimicrobium	Bacteria;Pseudomonadati;Acidobacteriota;Blastocatellia;Blastocatellales;Blastocatellaceae;Tellurimicrobium	0	Unresolved	unresolved
Helga-16SrRNA-NCBI	8	S	Tellurimicrobium multivorans	Bacteria;Pseudomonadati;Acidobacteriota;Blastocatellia;Blastocatellales;Blastocatellaceae;Tellurimicrobium;Tellurimicrobium multivorans	1592105	Resolved	assignment
Helga-16SrRNA-NCBI	3	P	Bdellovibrionota	Bacteria;Pseudomonadati;Bdellovibrionota	3018035	Resolved	source_cache
Helga-16SrRNA-NCBI	4	C	Oligoflexia	Bacteria;Pseudomonadati;Bdellovibrionota;Oligoflexia	1553900	Resolved	source_cache
Helga-16SrRNA-NCBI	5	O	Silvanigrellales	Bacteria;Pseudomonadati;Bdellovibrionota;Oligoflexia;Silvanigrellales	2024973	Resolved	source_cache
Helga-16SrRNA-NCBI	6	F	Silvanigrellaceae	Bacteria;Pseudomonadati;Bdellovibrionota;Oligoflexia;Silvanigrellales;Silvanigrellaceae	2024974	Resolved	source_cache
Helga-16SrRNA-NCBI	7	G	Fluviispira	Bacteria;Pseudomonadati;Bdellovibrionota;Oligoflexia;Silvanigrellales;Silvanigrellaceae;Fluviispira	2698753	Resolved	source_cache
Helga-16SrRNA-NCBI	8	S	Fluviispira sanaruensis	Bacteria;Pseudomonadati;Bdellovibrionota;Oligoflexia;Silvanigrellales;Silvanigrellaceae;Fluviispira;Fluviispira sanaruensis	2493639	Resolved	source_cache
Helga-16SrRNA-NCBI	7	G	Silvanigrella	Bacteria;Pseudomonadati;Bdellovibrionota;Oligoflexia;Silvanigrellales;Silvanigrellaceae;Silvanigrella	0	Unresolved	unresolved
Helga-16SrRNA-NCBI	8	S	Silvanigrella aquatica	Bacteria;Pseudomonadati;Bdellovibrionota;Oligoflexia;Silvanigrellales;Silvanigrellaceae;Silvanigrella;Silvanigrella aquatica	1915309	Resolved	assignment
Helga-16SrRNA-NCBI	5	O	Oligoflexales	Bacteria;Pseudomonadati;Bdellovibrionota;Oligoflexia;Oligoflexales	1553901	Resolved	source_cache
Helga-16SrRNA-NCBI	6	F	Oligoflexaceae	Bacteria;Pseudomonadati;Bdellovibrionota;Oligoflexia;Oligoflexales;Oligoflexaceae	1553902	Resolved	source_cache
Helga-16SrRNA-NCBI	7	G	Oligoflexus	Bacteria;Pseudomonadati;Bdellovibrionota;Oligoflexia;Oligoflexales;Oligoflexaceae;Oligoflexus	1553903	Resolved	source_cache
Helga-16SrRNA-NCBI	8	S	Oligoflexus tunisiensis	Bacteria;Pseudomonadati;Bdellovibrionota;Oligoflexia;Oligoflexales;Oligoflexaceae;Oligoflexus;Oligoflexus tunisiensis	708132	Resolved	source_cache
Helga-16SrRNA-NCBI	4	C	Bacteriovoracia	Bacteria;Pseudomonadati;Bdellovibrionota;Bacteriovoracia	3031419	Resolved	source_cache
Helga-16SrRNA-NCBI	5	O	Bacteriovoracales	Bacteria;Pseudomonadati;Bdellovibrionota;Bacteriovoracia;Bacteriovoracales	2024979	Resolved	source_cache
Helga-16SrRNA-NCBI	6	F	Halobacteriovoraceae	Bacteria;Pseudomonadati;Bdellovibrionota;Bacteriovoracia;Bacteriovoracales;Halobacteriovoraceae	1652132	Resolved	source_cache
Helga-16SrRNA-NCBI	7	G	Halobacteriovorax	Bacteria;Pseudomonadati;Bdellovibrionota;Bacteriovoracia;Bacteriovoracales;Halobacteriovoraceae;Halobacteriovorax	1652133	Resolved	source_cache
Helga-16SrRNA-NCBI	8	S	Halobacteriovorax marinus	Bacteria;Pseudomonadati;Bdellovibrionota;Bacteriovoracia;Bacteriovoracales;Halobacteriovoraceae;Halobacteriovorax;Halobacteriovorax marinus	97084	Resolved	source_cache
Helga-16SrRNA-NCBI	4	C	Bdellovibrionia	Bacteria;Pseudomonadati;Bdellovibrionota;Bdellovibrionia	3031418	Resolved	source_cache
Helga-16SrRNA-NCBI	5	O	Bdellovibrionales	Bacteria;Pseudomonadati;Bdellovibrionota;Bdellovibrionia;Bdellovibrionales	213481	Resolved	source_cache
Helga-16SrRNA-NCBI	6	F	Pseudobdellovibrionaceae	Bacteria;Pseudomonadati;Bdellovibrionota;Bdellovibrionia;Bdellovibrionales;Pseudobdellovibrionaceae	213483	Resolved	source_cache
Helga-16SrRNA-NCBI	7	G	Bdellovibrio	Bacteria;Pseudomonadati;Bdellovibrionota;Bdellovibrionia;Bdellovibrionales;Pseudobdellovibrionaceae;Bdellovibrio	958	Resolved	source_cache
Helga-16SrRNA-NCBI	8	S	Bdellovibrio bacteriovorus	Bacteria;Pseudomonadati;Bdellovibrionota;Bdellovibrionia;Bdellovibrionales;Pseudobdellovibrionaceae;Bdellovibrio;Bdellovibrio bacteriovorus	959	Resolved	source_cache
Helga-16SrRNA-NCBI	7	G	Pseudobdellovibrio	Bacteria;Pseudomonadati;Bdellovibrionota;Bdellovibrionia;Bdellovibrionales;Pseudobdellovibrionaceae;Pseudobdellovibrio	0	Unresolved	unresolved
Helga-16SrRNA-NCBI	8	S	Pseudobdellovibrio exovorus	Bacteria;Pseudomonadati;Bdellovibrionota;Bdellovibrionia;Bdellovibrionales;Pseudobdellovibrionaceae;Pseudobdellovibrio;Pseudobdellovibrio exovorus	1184267	Resolved	assignment
Helga-16SrRNA-NCBI	3	P	Gemmatimonadota	Bacteria;Pseudomonadati;Gemmatimonadota	0	Unresolved	unresolved
Helga-16SrRNA-NCBI	4	C	Gemmatimonadia	Bacteria;Pseudomonadati;Gemmatimonadota;Gemmatimonadia	0	Unresolved	unresolved
Helga-16SrRNA-NCBI	5	O	Gemmatimonadales	Bacteria;Pseudomonadati;Gemmatimonadota;Gemmatimonadia;Gemmatimonadales	0	Unresolved	unresolved
Helga-16SrRNA-NCBI	6	F	Gemmatimonadaceae	Bacteria;Pseudomonadati;Gemmatimonadota;Gemmatimonadia;Gemmatimonadales;Gemmatimonadaceae	0	Unresolved	unresolved
Helga-16SrRNA-NCBI	7	G	Gemmatimonas	Bacteria;Pseudomonadati;Gemmatimonadota;Gemmatimonadia;Gemmatimonadales;Gemmatimonadaceae;Gemmatimonas	0	Unresolved	unresolved
Helga-16SrRNA-NCBI	8	S	Gemmatimonas phototrophica	Bacteria;Pseudomonadati;Gemmatimonadota;Gemmatimonadia;Gemmatimonadales;Gemmatimonadaceae;Gemmatimonas;Gemmatimonas phototrophica	1379270	Resolved	assignment
Helga-16SrRNA-NCBI	8	S	Gemmatimonas aurantiaca	Bacteria;Pseudomonadati;Gemmatimonadota;Gemmatimonadia;Gemmatimonadales;Gemmatimonadaceae;Gemmatimonas;Gemmatimonas aurantiaca	379066	Resolved	assignment
Helga-16SrRNA-NCBI	3	P	Myxococcota	Bacteria;Pseudomonadati;Myxococcota	2818505	Resolved	source_cache
Helga-16SrRNA-NCBI	4	C	Myxococcota_Incertae_sedis	Bacteria;Pseudomonadati;Myxococcota;Myxococcota_Incertae_sedis	0	Unresolved	unresolved
Helga-16SrRNA-NCBI	5	O	Polyangiales	Bacteria;Pseudomonadati;Myxococcota;Myxococcota_Incertae_sedis;Polyangiales	3031712	Resolved	source_cache
Helga-16SrRNA-NCBI	6	F	Polyangiaceae	Bacteria;Pseudomonadati;Myxococcota;Myxococcota_Incertae_sedis;Polyangiales;Polyangiaceae	49	Resolved	source_cache
Helga-16SrRNA-NCBI	7	G	Polyangium	Bacteria;Pseudomonadati;Myxococcota;Myxococcota_Incertae_sedis;Polyangiales;Polyangiaceae;Polyangium	0	Unresolved	unresolved
Helga-16SrRNA-NCBI	8	S	Polyangium fumosum	Bacteria;Pseudomonadati;Myxococcota;Myxococcota_Incertae_sedis;Polyangiales;Polyangiaceae;Polyangium;Polyangium fumosum	0	Unresolved	unresolved
Helga-16SrRNA-NCBI	8	S	Polyangium jinanense	Bacteria;Pseudomonadati;Myxococcota;Myxococcota_Incertae_sedis;Polyangiales;Polyangiaceae;Polyangium;Polyangium jinanense	0	Unresolved	unresolved
Helga-16SrRNA-NCBI	6	F	Sandaracinaceae	Bacteria;Pseudomonadati;Myxococcota;Myxococcota_Incertae_sedis;Polyangiales;Sandaracinaceae	0	Unresolved	unresolved
Helga-16SrRNA-NCBI	7	G	Sandaracinus	Bacteria;Pseudomonadati;Myxococcota;Myxococcota_Incertae_sedis;Polyangiales;Sandaracinaceae;Sandaracinus	0	Unresolved	unresolved
Helga-16SrRNA-NCBI	8	S	Sandaracinus amylolyticus	Bacteria;Pseudomonadati;Myxococcota;Myxococcota_Incertae_sedis;Polyangiales;Sandaracinaceae;Sandaracinus;Sandaracinus amylolyticus	0	Unresolved	unresolved
Helga-16SrRNA-NCBI	2	K	Bacillati	Bacteria;Bacillati	1783272	Resolved	source_cache
Helga-16SrRNA-NCBI	3	P	Actinomycetota	Bacteria;Bacillati;Actinomycetota	201174	Resolved	source_cache
Helga-16SrRNA-NCBI	4	C	Actinomycetes	Bacteria;Bacillati;Actinomycetota;Actinomycetes	1760	Resolved	source_cache
Helga-16SrRNA-NCBI	5	O	Propionibacteriales	Bacteria;Bacillati;Actinomycetota;Actinomycetes;Propionibacteriales	85009	Resolved	source_cache
Helga-16SrRNA-NCBI	6	F	Nocardioidaceae	Bacteria;Bacillati;Actinomycetota;Actinomycetes;Propionibacteriales;Nocardioidaceae	85015	Resolved	source_cache
Helga-16SrRNA-NCBI	7	G	Aeromicrobium	Bacteria;Bacillati;Actinomycetota;Actinomycetes;Propionibacteriales;Nocardioidaceae;Aeromicrobium	2040	Resolved	source_cache
Helga-16SrRNA-NCBI	8	S	Aeromicrobium alkaliterrae	Bacteria;Bacillati;Actinomycetota;Actinomycetes;Propionibacteriales;Nocardioidaceae;Aeromicrobium;Aeromicrobium alkaliterrae	302168	Resolved	source_cache
Helga-16SrRNA-NCBI	8	S	Aeromicrobium panaciterrae	Bacteria;Bacillati;Actinomycetota;Actinomycetes;Propionibacteriales;Nocardioidaceae;Aeromicrobium;Aeromicrobium panaciterrae	363861	Resolved	assignment
Helga-16SrRNA-NCBI	8	S	Aeromicrobium phoceense	Bacteria;Bacillati;Actinomycetota;Actinomycetes;Propionibacteriales;Nocardioidaceae;Aeromicrobium;Aeromicrobium phoceense	2754045	Resolved	source_cache
Helga-16SrRNA-NCBI	8	S	Aeromicrobium ginsengisoli	Bacteria;Bacillati;Actinomycetota;Actinomycetes;Propionibacteriales;Nocardioidaceae;Aeromicrobium;Aeromicrobium ginsengisoli	363867	Resolved	source_cache
Helga-16SrRNA-NCBI	8	S	Aeromicrobium terrae	Bacteria;Bacillati;Actinomycetota;Actinomycetes;Propionibacteriales;Nocardioidaceae;Aeromicrobium;Aeromicrobium terrae	2498846	Resolved	assignment
Helga-16SrRNA-NCBI	8	S	Aeromicrobium erythreum	Bacteria;Bacillati;Actinomycetota;Actinomycetes;Propionibacteriales;Nocardioidaceae;Aeromicrobium;Aeromicrobium erythreum	2041	Resolved	assignment
Helga-16SrRNA-NCBI	8	S	Aeromicrobium yanjiei	Bacteria;Bacillati;Actinomycetota;Actinomycetes;Propionibacteriales;Nocardioidaceae;Aeromicrobium;Aeromicrobium yanjiei	2662028	Resolved	assignment
Helga-16SrRNA-NCBI	8	S	Aeromicrobium choanae	Bacteria;Bacillati;Actinomycetota;Actinomycetes;Propionibacteriales;Nocardioidaceae;Aeromicrobium;Aeromicrobium choanae	1736691	Resolved	assignment
Helga-16SrRNA-NCBI	8	S	Aeromicrobium massiliense	Bacteria;Bacillati;Actinomycetota;Actinomycetes;Propionibacteriales;Nocardioidaceae;Aeromicrobium;Aeromicrobium massiliense	1033730	Resolved	assignment
Helga-16SrRNA-NCBI	8	S	Aeromicrobium camelliae	Bacteria;Bacillati;Actinomycetota;Actinomycetes;Propionibacteriales;Nocardioidaceae;Aeromicrobium;Aeromicrobium camelliae	1538144	Resolved	assignment
Helga-16SrRNA-NCBI	8	S	Aeromicrobium halocynthiae	Bacteria;Bacillati;Actinomycetota;Actinomycetes;Propionibacteriales;Nocardioidaceae;Aeromicrobium;Aeromicrobium halocynthiae	560557	Resolved	assignment
Helga-16SrRNA-NCBI	8	S	Aeromicrobium lacus	Bacteria;Bacillati;Actinomycetota;Actinomycetes;Propionibacteriales;Nocardioidaceae;Aeromicrobium;Aeromicrobium lacus	2233852	Resolved	assignment
Helga-16SrRNA-NCBI	8	S	Aeromicrobium marinum	Bacteria;Bacillati;Actinomycetota;Actinomycetes;Propionibacteriales;Nocardioidaceae;Aeromicrobium;Aeromicrobium marinum	219314	Resolved	assignment
Helga-16SrRNA-NCBI	8	S	Aeromicrobium stalagmiti	Bacteria;Bacillati;Actinomycetota;Actinomycetes;Propionibacteriales;Nocardioidaceae;Aeromicrobium;Aeromicrobium stalagmiti	2738988	Resolved	assignment
Helga-16SrRNA-NCBI	8	S	Aeromicrobium tamlense	Bacteria;Bacillati;Actinomycetota;Actinomycetes;Propionibacteriales;Nocardioidaceae;Aeromicrobium;Aeromicrobium tamlense	375541	Resolved	assignment
Helga-16SrRNA-NCBI	7	G	Nocardioides	Bacteria;Bacillati;Actinomycetota;Actinomycetes;Propionibacteriales;Nocardioidaceae;Nocardioides	1839	Resolved	source_cache
Helga-16SrRNA-NCBI	8	S	Nocardioides jensenii	Bacteria;Bacillati;Actinomycetota;Actinomycetes;Propionibacteriales;Nocardioidaceae;Nocardioides;Nocardioides jensenii	1843	Resolved	assignment
Helga-16SrRNA-NCBI	7	G	Propionicimonas	Bacteria;Bacillati;Actinomycetota;Actinomycetes;Propionibacteriales;Nocardioidaceae;Propionicimonas	236052	Resolved	source_cache
Helga-16SrRNA-NCBI	8	S	Propionicimonas paludicola	Bacteria;Bacillati;Actinomycetota;Actinomycetes;Propionibacteriales;Nocardioidaceae;Propionicimonas;Propionicimonas paludicola	185243	Resolved	source_cache
Helga-16SrRNA-NCBI	6	F	Kribbellaceae	Bacteria;Bacillati;Actinomycetota;Actinomycetes;Propionibacteriales;Kribbellaceae	0	Unresolved	unresolved
Helga-16SrRNA-NCBI	7	G	Kribbella	Bacteria;Bacillati;Actinomycetota;Actinomycetes;Propionibacteriales;Kribbellaceae;Kribbella	0	Unresolved	unresolved
Helga-16SrRNA-NCBI	8	S	Kribbella flavida	Bacteria;Bacillati;Actinomycetota;Actinomycetes;Propionibacteriales;Kribbellaceae;Kribbella;Kribbella flavida	182640	Resolved	assignment
Helga-16SrRNA-NCBI	8	S	Kribbella italica	Bacteria;Bacillati;Actinomycetota;Actinomycetes;Propionibacteriales;Kribbellaceae;Kribbella;Kribbella italica	1540520	Resolved	assignment
Helga-16SrRNA-NCBI	6	F	Propionibacteriaceae	Bacteria;Bacillati;Actinomycetota;Actinomycetes;Propionibacteriales;Propionibacteriaceae	31957	Resolved	source_cache
Helga-16SrRNA-NCBI	7	G	Cutibacterium	Bacteria;Bacillati;Actinomycetota;Actinomycetes;Propionibacteriales;Propionibacteriaceae;Cutibacterium	1912216	Resolved	source_cache
Helga-16SrRNA-NCBI	8	S	Cutibacterium modestum	Bacteria;Bacillati;Actinomycetota;Actinomycetes;Propionibacteriales;Propionibacteriaceae;Cutibacterium;Cutibacterium modestum	2559073	Resolved	source_cache
Helga-16SrRNA-NCBI	7	G	Microlunatus	Bacteria;Bacillati;Actinomycetota;Actinomycetes;Propionibacteriales;Propionibacteriaceae;Microlunatus	29404	Resolved	source_cache
Helga-16SrRNA-NCBI	8	S	Microlunatus sagamiharensis	Bacteria;Bacillati;Actinomycetota;Actinomycetes;Propionibacteriales;Propionibacteriaceae;Microlunatus;Microlunatus sagamiharensis	546874	Resolved	assignment
Helga-16SrRNA-NCBI	5	O	Mycobacteriales	Bacteria;Bacillati;Actinomycetota;Actinomycetes;Mycobacteriales	85007	Resolved	source_cache
Helga-16SrRNA-NCBI	6	F	Mycobacteriaceae	Bacteria;Bacillati;Actinomycetota;Actinomycetes;Mycobacteriales;Mycobacteriaceae	1762	Resolved	source_cache
Helga-16SrRNA-NCBI	7	G	Mycolicibacterium	Bacteria;Bacillati;Actinomycetota;Actinomycetes;Mycobacteriales;Mycobacteriaceae;Mycolicibacterium	1866885	Resolved	source_cache
Helga-16SrRNA-NCBI	8	S	Mycolicibacterium peregrinum	Bacteria;Bacillati;Actinomycetota;Actinomycetes;Mycobacteriales;Mycobacteriaceae;Mycolicibacterium;Mycolicibacterium peregrinum	43304	Resolved	assignment
Helga-16SrRNA-NCBI	8	S	Mycolicibacterium sphagni	Bacteria;Bacillati;Actinomycetota;Actinomycetes;Mycobacteriales;Mycobacteriaceae;Mycolicibacterium;Mycolicibacterium sphagni	1786	Resolved	assignment
Helga-16SrRNA-NCBI	8	S	Mycolicibacterium mageritense	Bacteria;Bacillati;Actinomycetota;Actinomycetes;Mycobacteriales;Mycobacteriaceae;Mycolicibacterium;Mycolicibacterium mageritense	53462	Resolved	assignment
Helga-16SrRNA-NCBI	8	S	Mycolicibacterium anyangense	Bacteria;Bacillati;Actinomycetota;Actinomycetes;Mycobacteriales;Mycobacteriaceae;Mycolicibacterium;Mycolicibacterium anyangense	1431246	Resolved	source_cache
Helga-16SrRNA-NCBI	8	S	Mycolicibacterium rhodesiae	Bacteria;Bacillati;Actinomycetota;Actinomycetes;Mycobacteriales;Mycobacteriaceae;Mycolicibacterium;Mycolicibacterium rhodesiae	36814	Resolved	assignment
Helga-16SrRNA-NCBI	8	S	Mycolicibacterium vinylchloridicum	Bacteria;Bacillati;Actinomycetota;Actinomycetes;Mycobacteriales;Mycobacteriaceae;Mycolicibacterium;Mycolicibacterium vinylchloridicum	2736928	Resolved	assignment
Helga-16SrRNA-NCBI	8	S	Mycolicibacterium wolinskyi	Bacteria;Bacillati;Actinomycetota;Actinomycetes;Mycobacteriales;Mycobacteriaceae;Mycolicibacterium;Mycolicibacterium wolinskyi	59750	Resolved	assignment
Helga-16SrRNA-NCBI	8	S	Mycolicibacterium pallens	Bacteria;Bacillati;Actinomycetota;Actinomycetes;Mycobacteriales;Mycobacteriaceae;Mycolicibacterium;Mycolicibacterium pallens	370524	Resolved	assignment
Helga-16SrRNA-NCBI	8	S	Mycolicibacterium crocinum	Bacteria;Bacillati;Actinomycetota;Actinomycetes;Mycobacteriales;Mycobacteriaceae;Mycolicibacterium;Mycolicibacterium crocinum	388459	Resolved	assignment
Helga-16SrRNA-NCBI	8	S	Mycolicibacterium septicum	Bacteria;Bacillati;Actinomycetota;Actinomycetes;Mycobacteriales;Mycobacteriaceae;Mycolicibacterium;Mycolicibacterium septicum	1341646	Resolved	assignment
Helga-16SrRNA-NCBI	8	S	Mycolicibacterium fluoranthenivorans	Bacteria;Bacillati;Actinomycetota;Actinomycetes;Mycobacteriales;Mycobacteriaceae;Mycolicibacterium;Mycolicibacterium fluoranthenivorans	258505	Resolved	source_cache
Helga-16SrRNA-NCBI	8	S	Mycolicibacterium gilvum	Bacteria;Bacillati;Actinomycetota;Actinomycetes;Mycobacteriales;Mycobacteriaceae;Mycolicibacterium;Mycolicibacterium gilvum	1804	Resolved	assignment
Helga-16SrRNA-NCBI	8	S	Mycolicibacterium lutetiense	Bacteria;Bacillati;Actinomycetota;Actinomycetes;Mycobacteriales;Mycobacteriaceae;Mycolicibacterium;Mycolicibacterium lutetiense	1641992	Resolved	assignment
Helga-16SrRNA-NCBI	8	S	Mycolicibacterium stellerae	Bacteria;Bacillati;Actinomycetota;Actinomycetes;Mycobacteriales;Mycobacteriaceae;Mycolicibacterium;Mycolicibacterium stellerae	2358193	Resolved	assignment
Helga-16SrRNA-NCBI	8	S	Mycolicibacterium fortuitum	Bacteria;Bacillati;Actinomycetota;Actinomycetes;Mycobacteriales;Mycobacteriaceae;Mycolicibacterium;Mycolicibacterium fortuitum	144550	Resolved	assignment
Helga-16SrRNA-NCBI	8	S	Mycolicibacterium frederiksbergense	Bacteria;Bacillati;Actinomycetota;Actinomycetes;Mycobacteriales;Mycobacteriaceae;Mycolicibacterium;Mycolicibacterium frederiksbergense	117567	Resolved	assignment
Helga-16SrRNA-NCBI	8	S	Mycolicibacterium neworleansense	Bacteria;Bacillati;Actinomycetota;Actinomycetes;Mycobacteriales;Mycobacteriaceae;Mycolicibacterium;Mycolicibacterium neworleansense	146018	Resolved	assignment
Helga-16SrRNA-NCBI	8	S	Mycolicibacterium rutilum	Bacteria;Bacillati;Actinomycetota;Actinomycetes;Mycobacteriales;Mycobacteriaceae;Mycolicibacterium;Mycolicibacterium rutilum	370526	Resolved	assignment
Helga-16SrRNA-NCBI	8	S	Mycolicibacterium smegmatis	Bacteria;Bacillati;Actinomycetota;Actinomycetes;Mycobacteriales;Mycobacteriaceae;Mycolicibacterium;Mycolicibacterium smegmatis	1772	Resolved	assignment
Helga-16SrRNA-NCBI	8	S	Mycolicibacterium aichiense	Bacteria;Bacillati;Actinomycetota;Actinomycetes;Mycobacteriales;Mycobacteriaceae;Mycolicibacterium;Mycolicibacterium aichiense	1799	Resolved	assignment
Helga-16SrRNA-NCBI	8	S	Mycolicibacterium bacteremicum	Bacteria;Bacillati;Actinomycetota;Actinomycetes;Mycobacteriales;Mycobacteriaceae;Mycolicibacterium;Mycolicibacterium bacteremicum	564198	Resolved	assignment
Helga-16SrRNA-NCBI	8	S	Mycolicibacterium conceptionense	Bacteria;Bacillati;Actinomycetota;Actinomycetes;Mycobacteriales;Mycobacteriaceae;Mycolicibacterium;Mycolicibacterium conceptionense	451644	Resolved	assignment
Helga-16SrRNA-NCBI	8	S	Mycolicibacterium farcinogenes	Bacteria;Bacillati;Actinomycetota;Actinomycetes;Mycobacteriales;Mycobacteriaceae;Mycolicibacterium;Mycolicibacterium farcinogenes	1802	Resolved	assignment
Helga-16SrRNA-NCBI	8	S	Mycolicibacterium holsaticum	Bacteria;Bacillati;Actinomycetota;Actinomycetes;Mycobacteriales;Mycobacteriaceae;Mycolicibacterium;Mycolicibacterium holsaticum	152142	Resolved	assignment
Helga-16SrRNA-NCBI	8	S	Mycolicibacterium neoaurum	Bacteria;Bacillati;Actinomycetota;Actinomycetes;Mycobacteriales;Mycobacteriaceae;Mycolicibacterium;Mycolicibacterium neoaurum	1265312	Resolved	assignment
Helga-16SrRNA-NCBI	8	S	Mycolicibacterium setense	Bacteria;Bacillati;Actinomycetota;Actinomycetes;Mycobacteriales;Mycobacteriaceae;Mycolicibacterium;Mycolicibacterium setense	431269	Resolved	assignment
Helga-16SrRNA-NCBI	8	S	Mycolicibacterium vaccae	Bacteria;Bacillati;Actinomycetota;Actinomycetes;Mycobacteriales;Mycobacteriaceae;Mycolicibacterium;Mycolicibacterium vaccae	1810	Resolved	assignment
Helga-16SrRNA-NCBI	8	S	Mycolicibacterium aromaticivorans	Bacteria;Bacillati;Actinomycetota;Actinomycetes;Mycobacteriales;Mycobacteriaceae;Mycolicibacterium;Mycolicibacterium aromaticivorans	318425	Resolved	assignment
Helga-16SrRNA-NCBI	8	S	Mycolicibacterium boenickei	Bacteria;Bacillati;Actinomycetota;Actinomycetes;Mycobacteriales;Mycobacteriaceae;Mycolicibacterium;Mycolicibacterium boenickei	146017	Resolved	assignment
Helga-16SrRNA-NCBI	8	S	Mycolicibacterium canariasense	Bacteria;Bacillati;Actinomycetota;Actinomycetes;Mycobacteriales;Mycobacteriaceae;Mycolicibacterium;Mycolicibacterium canariasense	228230	Resolved	assignment
Helga-16SrRNA-NCBI	8	S	Mycolicibacterium chubuense	Bacteria;Bacillati;Actinomycetota;Actinomycetes;Mycobacteriales;Mycobacteriaceae;Mycolicibacterium;Mycolicibacterium chubuense	1800	Resolved	assignment
Helga-16SrRNA-NCBI	8	S	Mycolicibacterium cosmeticum	Bacteria;Bacillati;Actinomycetota;Actinomycetes;Mycobacteriales;Mycobacteriaceae;Mycolicibacterium;Mycolicibacterium cosmeticum	258533	Resolved	assignment
Helga-16SrRNA-NCBI	8	S	Mycolicibacterium diernhoferi	Bacteria;Bacillati;Actinomycetota;Actinomycetes;Mycobacteriales;Mycobacteriaceae;Mycolicibacterium;Mycolicibacterium diernhoferi	1801	Resolved	assignment
Helga-16SrRNA-NCBI	8	S	Mycolicibacterium duvalii	Bacteria;Bacillati;Actinomycetota;Actinomycetes;Mycobacteriales;Mycobacteriaceae;Mycolicibacterium;Mycolicibacterium duvalii	39688	Resolved	assignment
Helga-16SrRNA-NCBI	8	S	Mycolicibacterium hippocampi	Bacteria;Bacillati;Actinomycetota;Actinomycetes;Mycobacteriales;Mycobacteriaceae;Mycolicibacterium;Mycolicibacterium hippocampi	659824	Resolved	assignment
Helga-16SrRNA-NCBI	8	S	Mycolicibacterium insubricum	Bacteria;Bacillati;Actinomycetota;Actinomycetes;Mycobacteriales;Mycobacteriaceae;Mycolicibacterium;Mycolicibacterium insubricum	444597	Resolved	assignment
Helga-16SrRNA-NCBI	8	S	Mycolicibacterium murale	Bacteria;Bacillati;Actinomycetota;Actinomycetes;Mycobacteriales;Mycobacteriaceae;Mycolicibacterium;Mycolicibacterium murale	182220	Resolved	assignment
Helga-16SrRNA-NCBI	8	S	Mycolicibacterium phocaicum	Bacteria;Bacillati;Actinomycetota;Actinomycetes;Mycobacteriales;Mycobacteriaceae;Mycolicibacterium;Mycolicibacterium phocaicum	319706	Resolved	assignment
Helga-16SrRNA-NCBI	8	S	Mycolicibacterium senegalense	Bacteria;Bacillati;Actinomycetota;Actinomycetes;Mycobacteriales;Mycobacteriaceae;Mycolicibacterium;Mycolicibacterium senegalense	1796	Resolved	assignment
Helga-16SrRNA-NCBI	7	G	Mycobacterium	Bacteria;Bacillati;Actinomycetota;Actinomycetes;Mycobacteriales;Mycobacteriaceae;Mycobacterium	0	Unresolved	unresolved
Helga-16SrRNA-NCBI	8	S	Mycobacterium syngnathidarum	Bacteria;Bacillati;Actinomycetota;Actinomycetes;Mycobacteriales;Mycobacteriaceae;Mycobacterium;Mycobacterium syngnathidarum	1908205	Resolved	assignment
Helga-16SrRNA-NCBI	8	S	Mycobacterium hackensackense	Bacteria;Bacillati;Actinomycetota;Actinomycetes;Mycobacteriales;Mycobacteriaceae;Mycobacterium;Mycobacterium hackensackense	228909	Resolved	assignment
Helga-16SrRNA-NCBI	8	S	Mycobacterium helveticum	Bacteria;Bacillati;Actinomycetota;Actinomycetes;Mycobacteriales;Mycobacteriaceae;Mycobacterium;Mycobacterium helveticum	2592811	Resolved	assignment
Helga-16SrRNA-NCBI	6	F	Nocardiaceae	Bacteria;Bacillati;Actinomycetota;Actinomycetes;Mycobacteriales;Nocardiaceae	85025	Resolved	source_cache
Helga-16SrRNA-NCBI	7	G	Rhodococcus	Bacteria;Bacillati;Actinomycetota;Actinomycetes;Mycobacteriales;Nocardiaceae;Rhodococcus	1827	Resolved	source_cache
Helga-16SrRNA-NCBI	8	S	Rhodococcus ruber	Bacteria;Bacillati;Actinomycetota;Actinomycetes;Mycobacteriales;Nocardiaceae;Rhodococcus;Rhodococcus ruber	1830	Resolved	assignment
Helga-16SrRNA-NCBI	8	S	Rhodococcus aetherivorans	Bacteria;Bacillati;Actinomycetota;Actinomycetes;Mycobacteriales;Nocardiaceae;Rhodococcus;Rhodococcus aetherivorans	191292	Resolved	assignment
Helga-16SrRNA-NCBI	8	S	Rhodococcus pyridinivorans	Bacteria;Bacillati;Actinomycetota;Actinomycetes;Mycobacteriales;Nocardiaceae;Rhodococcus;Rhodococcus pyridinivorans	103816	Resolved	assignment
Helga-16SrRNA-NCBI	8	S	Rhodococcus gordoniae	Bacteria;Bacillati;Actinomycetota;Actinomycetes;Mycobacteriales;Nocardiaceae;Rhodococcus;Rhodococcus gordoniae	223392	Resolved	assignment
Helga-16SrRNA-NCBI	8	S	Rhodococcus phenolicus	Bacteria;Bacillati;Actinomycetota;Actinomycetes;Mycobacteriales;Nocardiaceae;Rhodococcus;Rhodococcus phenolicus	263849	Resolved	assignment
Helga-16SrRNA-NCBI	8	S	Rhodococcus rhodochrous	Bacteria;Bacillati;Actinomycetota;Actinomycetes;Mycobacteriales;Nocardiaceae;Rhodococcus;Rhodococcus rhodochrous	1829	Resolved	assignment
Helga-16SrRNA-NCBI	7	G	Rhodococcoides	Bacteria;Bacillati;Actinomycetota;Actinomycetes;Mycobacteriales;Nocardiaceae;Rhodococcoides	0	Unresolved	unresolved
Helga-16SrRNA-NCBI	8	S	Rhodococcoides corynebacterioides	Bacteria;Bacillati;Actinomycetota;Actinomycetes;Mycobacteriales;Nocardiaceae;Rhodococcoides;Rhodococcoides corynebacterioides	53972	Resolved	assignment
Helga-16SrRNA-NCBI	7	G	Prescottella	Bacteria;Bacillati;Actinomycetota;Actinomycetes;Mycobacteriales;Nocardiaceae;Prescottella	2979332	Resolved	source_cache
Helga-16SrRNA-NCBI	8	S	Prescottella soli	Bacteria;Bacillati;Actinomycetota;Actinomycetes;Mycobacteriales;Nocardiaceae;Prescottella;Prescottella soli	1543852	Resolved	assignment
Helga-16SrRNA-NCBI	6	F	Corynebacteriaceae	Bacteria;Bacillati;Actinomycetota;Actinomycetes;Mycobacteriales;Corynebacteriaceae	1653	Resolved	source_cache
Helga-16SrRNA-NCBI	7	G	Corynebacterium	Bacteria;Bacillati;Actinomycetota;Actinomycetes;Mycobacteriales;Corynebacteriaceae;Corynebacterium	1716	Resolved	source_cache
Helga-16SrRNA-NCBI	8	S	Corynebacterium stationis	Bacteria;Bacillati;Actinomycetota;Actinomycetes;Mycobacteriales;Corynebacteriaceae;Corynebacterium;Corynebacterium stationis	1705	Resolved	assignment
Helga-16SrRNA-NCBI	6	F	Gordoniaceae	Bacteria;Bacillati;Actinomycetota;Actinomycetes;Mycobacteriales;Gordoniaceae	85026	Resolved	source_cache
Helga-16SrRNA-NCBI	7	G	Gordonia	Bacteria;Bacillati;Actinomycetota;Actinomycetes;Mycobacteriales;Gordoniaceae;Gordonia	2053	Resolved	source_cache
Helga-16SrRNA-NCBI	8	S	Gordonia hongkongensis	Bacteria;Bacillati;Actinomycetota;Actinomycetes;Mycobacteriales;Gordoniaceae;Gordonia;Gordonia hongkongensis	1701090	Resolved	source_cache
Helga-16SrRNA-NCBI	8	S	Gordonia terrae	Bacteria;Bacillati;Actinomycetota;Actinomycetes;Mycobacteriales;Gordoniaceae;Gordonia;Gordonia terrae	2055	Resolved	source_cache
Helga-16SrRNA-NCBI	5	O	Sporichthyales	Bacteria;Bacillati;Actinomycetota;Actinomycetes;Sporichthyales	2495578	Resolved	source_cache
Helga-16SrRNA-NCBI	6	F	Sporichthyaceae	Bacteria;Bacillati;Actinomycetota;Actinomycetes;Sporichthyales;Sporichthyaceae	85033	Resolved	source_cache
Helga-16SrRNA-NCBI	7	G	Sporichthya	Bacteria;Bacillati;Actinomycetota;Actinomycetes;Sporichthyales;Sporichthyaceae;Sporichthya	0	Unresolved	unresolved
Helga-16SrRNA-NCBI	8	S	Sporichthya polymorpha	Bacteria;Bacillati;Actinomycetota;Actinomycetes;Sporichthyales;Sporichthyaceae;Sporichthya;Sporichthya polymorpha	1048339	Resolved	assignment
Helga-16SrRNA-NCBI	8	S	Sporichthya brevicatena	Bacteria;Bacillati;Actinomycetota;Actinomycetes;Sporichthyales;Sporichthyaceae;Sporichthya;Sporichthya brevicatena	171442	Resolved	assignment
Helga-16SrRNA-NCBI	7	G	Longivirga	Bacteria;Bacillati;Actinomycetota;Actinomycetes;Sporichthyales;Sporichthyaceae;Longivirga	0	Unresolved	unresolved
Helga-16SrRNA-NCBI	8	S	Longivirga aurantiaca	Bacteria;Bacillati;Actinomycetota;Actinomycetes;Sporichthyales;Sporichthyaceae;Longivirga;Longivirga aurantiaca	1837743	Resolved	assignment
Helga-16SrRNA-NCBI	5	O	Micrococcales	Bacteria;Bacillati;Actinomycetota;Actinomycetes;Micrococcales	85006	Resolved	source_cache
Helga-16SrRNA-NCBI	6	F	Microbacteriaceae	Bacteria;Bacillati;Actinomycetota;Actinomycetes;Micrococcales;Microbacteriaceae	85023	Resolved	source_cache
Helga-16SrRNA-NCBI	7	G	Pontimonas	Bacteria;Bacillati;Actinomycetota;Actinomycetes;Micrococcales;Microbacteriaceae;Pontimonas	0	Unresolved	unresolved
Helga-16SrRNA-NCBI	8	S	Pontimonas salivibrio	Bacteria;Bacillati;Actinomycetota;Actinomycetes;Micrococcales;Microbacteriaceae;Pontimonas;Pontimonas salivibrio	1159327	Resolved	assignment
Helga-16SrRNA-NCBI	7	G	Cryobacterium	Bacteria;Bacillati;Actinomycetota;Actinomycetes;Micrococcales;Microbacteriaceae;Cryobacterium	69578	Resolved	source_cache
Helga-16SrRNA-NCBI	8	S	Cryobacterium tepidiphilum	Bacteria;Bacillati;Actinomycetota;Actinomycetes;Micrococcales;Microbacteriaceae;Cryobacterium;Cryobacterium tepidiphilum	2486026	Resolved	source_cache
Helga-16SrRNA-NCBI	8	S	Cryobacterium roopkundense	Bacteria;Bacillati;Actinomycetota;Actinomycetes;Micrococcales;Microbacteriaceae;Cryobacterium;Cryobacterium roopkundense	1001240	Resolved	assignment
Helga-16SrRNA-NCBI	7	G	Aquiluna	Bacteria;Bacillati;Actinomycetota;Actinomycetes;Micrococcales;Microbacteriaceae;Aquiluna	0	Unresolved	unresolved
Helga-16SrRNA-NCBI	8	S	Candidatus Aquiluna rubra	Bacteria;Bacillati;Actinomycetota;Actinomycetes;Micrococcales;Microbacteriaceae;Aquiluna;Candidatus Aquiluna rubra	529882	Resolved	assignment
Helga-16SrRNA-NCBI	7	G	Candidatus Planktoluna	Bacteria;Bacillati;Actinomycetota;Actinomycetes;Micrococcales;Microbacteriaceae;Candidatus Planktoluna	0	Unresolved	unresolved
Helga-16SrRNA-NCBI	8	S	Candidatus Planktoluna difficilis	Bacteria;Bacillati;Actinomycetota;Actinomycetes;Micrococcales;Microbacteriaceae;Candidatus Planktoluna;Candidatus Planktoluna difficilis	500017	Resolved	assignment
Helga-16SrRNA-NCBI	7	G	Agrococcus	Bacteria;Bacillati;Actinomycetota;Actinomycetes;Micrococcales;Microbacteriaceae;Agrococcus	46352	Resolved	source_cache
Helga-16SrRNA-NCBI	8	S	Agrococcus terreus	Bacteria;Bacillati;Actinomycetota;Actinomycetes;Micrococcales;Microbacteriaceae;Agrococcus;Agrococcus terreus	574649	Resolved	source_cache
Helga-16SrRNA-NCBI	7	G	Agromyces	Bacteria;Bacillati;Actinomycetota;Actinomycetes;Micrococcales;Microbacteriaceae;Agromyces	33877	Resolved	source_cache
Helga-16SrRNA-NCBI	8	S	Agromyces agglutinans	Bacteria;Bacillati;Actinomycetota;Actinomycetes;Micrococcales;Microbacteriaceae;Agromyces;Agromyces agglutinans	2662258	Resolved	assignment
Helga-16SrRNA-NCBI	7	G	Leifsonia	Bacteria;Bacillati;Actinomycetota;Actinomycetes;Micrococcales;Microbacteriaceae;Leifsonia	0	Unresolved	unresolved
Helga-16SrRNA-NCBI	8	S	Leifsonia kafniensis	Bacteria;Bacillati;Actinomycetota;Actinomycetes;Micrococcales;Microbacteriaceae;Leifsonia;Leifsonia kafniensis	475957	Resolved	assignment
Helga-16SrRNA-NCBI	7	G	Microbacterium	Bacteria;Bacillati;Actinomycetota;Actinomycetes;Micrococcales;Microbacteriaceae;Microbacterium	33882	Resolved	source_cache
Helga-16SrRNA-NCBI	8	S	Microbacterium arborescens	Bacteria;Bacillati;Actinomycetota;Actinomycetes;Micrococcales;Microbacteriaceae;Microbacterium;Microbacterium arborescens	33883	Resolved	source_cache
Helga-16SrRNA-NCBI	7	G	Naasia	Bacteria;Bacillati;Actinomycetota;Actinomycetes;Micrococcales;Microbacteriaceae;Naasia	0	Unresolved	unresolved
Helga-16SrRNA-NCBI	8	S	Naasia aerilata	Bacteria;Bacillati;Actinomycetota;Actinomycetes;Micrococcales;Microbacteriaceae;Naasia;Naasia aerilata	1162966	Resolved	assignment
Helga-16SrRNA-NCBI	7	G	Protaetiibacter	Bacteria;Bacillati;Actinomycetota;Actinomycetes;Micrococcales;Microbacteriaceae;Protaetiibacter	2680004	Resolved	source_cache
Helga-16SrRNA-NCBI	8	S	Protaetiibacter intestinalis	Bacteria;Bacillati;Actinomycetota;Actinomycetes;Micrococcales;Microbacteriaceae;Protaetiibacter;Protaetiibacter intestinalis	2419774	Resolved	source_cache
Helga-16SrRNA-NCBI	7	G	Rhodoluna	Bacteria;Bacillati;Actinomycetota;Actinomycetes;Micrococcales;Microbacteriaceae;Rhodoluna	0	Unresolved	unresolved
Helga-16SrRNA-NCBI	8	S	Rhodoluna limnophila	Bacteria;Bacillati;Actinomycetota;Actinomycetes;Micrococcales;Microbacteriaceae;Rhodoluna;Rhodoluna limnophila	232537	Resolved	assignment
Helga-16SrRNA-NCBI	6	F	Demequinaceae	Bacteria;Bacillati;Actinomycetota;Actinomycetes;Micrococcales;Demequinaceae	0	Unresolved	unresolved
Helga-16SrRNA-NCBI	7	G	Demequina	Bacteria;Bacillati;Actinomycetota;Actinomycetes;Micrococcales;Demequinaceae;Demequina	0	Unresolved	unresolved
Helga-16SrRNA-NCBI	8	S	Demequina aurantiaca	Bacteria;Bacillati;Actinomycetota;Actinomycetes;Micrococcales;Demequinaceae;Demequina;Demequina aurantiaca	676200	Resolved	assignment
Helga-16SrRNA-NCBI	5	O	Geodermatophilales	Bacteria;Bacillati;Actinomycetota;Actinomycetes;Geodermatophilales	1643682	Resolved	source_cache
Helga-16SrRNA-NCBI	6	F	Geodermatophilaceae	Bacteria;Bacillati;Actinomycetota;Actinomycetes;Geodermatophilales;Geodermatophilaceae	85030	Resolved	source_cache
Helga-16SrRNA-NCBI	7	G	Geodermatophilus	Bacteria;Bacillati;Actinomycetota;Actinomycetes;Geodermatophilales;Geodermatophilaceae;Geodermatophilus	0	Unresolved	unresolved
Helga-16SrRNA-NCBI	8	S	Geodermatophilus obscurus	Bacteria;Bacillati;Actinomycetota;Actinomycetes;Geodermatophilales;Geodermatophilaceae;Geodermatophilus;Geodermatophilus obscurus	526225	Resolved	assignment
Helga-16SrRNA-NCBI	7	G	Klenkia	Bacteria;Bacillati;Actinomycetota;Actinomycetes;Geodermatophilales;Geodermatophilaceae;Klenkia	0	Unresolved	unresolved
Helga-16SrRNA-NCBI	8	S	Klenkia marina	Bacteria;Bacillati;Actinomycetota;Actinomycetes;Geodermatophilales;Geodermatophilaceae;Klenkia;Klenkia marina	1960309	Resolved	assignment
Helga-16SrRNA-NCBI	7	G	Modestobacter	Bacteria;Bacillati;Actinomycetota;Actinomycetes;Geodermatophilales;Geodermatophilaceae;Modestobacter	0	Unresolved	unresolved
Helga-16SrRNA-NCBI	8	S	Modestobacter lapidis	Bacteria;Bacillati;Actinomycetota;Actinomycetes;Geodermatophilales;Geodermatophilaceae;Modestobacter;Modestobacter lapidis	1608613	Resolved	assignment
Helga-16SrRNA-NCBI	5	O	Acidothermales	Bacteria;Bacillati;Actinomycetota;Actinomycetes;Acidothermales	0	Unresolved	unresolved
Helga-16SrRNA-NCBI	6	F	Acidothermaceae	Bacteria;Bacillati;Actinomycetota;Actinomycetes;Acidothermales;Acidothermaceae	0	Unresolved	unresolved
Helga-16SrRNA-NCBI	7	G	Acidothermus	Bacteria;Bacillati;Actinomycetota;Actinomycetes;Acidothermales;Acidothermaceae;Acidothermus	0	Unresolved	unresolved
Helga-16SrRNA-NCBI	8	S	Acidothermus cellulolyticus	Bacteria;Bacillati;Actinomycetota;Actinomycetes;Acidothermales;Acidothermaceae;Acidothermus;Acidothermus cellulolyticus	28049	Resolved	assignment
Helga-16SrRNA-NCBI	5	O	Frankiales	Bacteria;Bacillati;Actinomycetota;Actinomycetes;Frankiales	0	Unresolved	unresolved
Helga-16SrRNA-NCBI	6	F	Frankiaceae	Bacteria;Bacillati;Actinomycetota;Actinomycetes;Frankiales;Frankiaceae	0	Unresolved	unresolved
Helga-16SrRNA-NCBI	7	G	Frankia	Bacteria;Bacillati;Actinomycetota;Actinomycetes;Frankiales;Frankiaceae;Frankia	0	Unresolved	unresolved
Helga-16SrRNA-NCBI	8	S	Frankia alni	Bacteria;Bacillati;Actinomycetota;Actinomycetes;Frankiales;Frankiaceae;Frankia;Frankia alni	326424	Resolved	assignment
Helga-16SrRNA-NCBI	7	G	Pseudofrankia	Bacteria;Bacillati;Actinomycetota;Actinomycetes;Frankiales;Frankiaceae;Pseudofrankia	0	Unresolved	unresolved
Helga-16SrRNA-NCBI	8	S	Pseudofrankia asymbiotica	Bacteria;Bacillati;Actinomycetota;Actinomycetes;Frankiales;Frankiaceae;Pseudofrankia;Pseudofrankia asymbiotica	1834516	Resolved	assignment
Helga-16SrRNA-NCBI	5	O	Micromonosporales	Bacteria;Bacillati;Actinomycetota;Actinomycetes;Micromonosporales	85008	Resolved	source_cache
Helga-16SrRNA-NCBI	6	F	Micromonosporaceae	Bacteria;Bacillati;Actinomycetota;Actinomycetes;Micromonosporales;Micromonosporaceae	28056	Resolved	source_cache
Helga-16SrRNA-NCBI	7	G	Micromonospora	Bacteria;Bacillati;Actinomycetota;Actinomycetes;Micromonosporales;Micromonosporaceae;Micromonospora	1873	Resolved	source_cache
Helga-16SrRNA-NCBI	8	S	Micromonospora aurantiaca	Bacteria;Bacillati;Actinomycetota;Actinomycetes;Micromonosporales;Micromonosporaceae;Micromonospora;Micromonospora aurantiaca	47850	Resolved	assignment
Helga-16SrRNA-NCBI	8	S	Micromonospora halophytica	Bacteria;Bacillati;Actinomycetota;Actinomycetes;Micromonosporales;Micromonosporaceae;Micromonospora;Micromonospora halophytica	47864	Resolved	assignment
Helga-16SrRNA-NCBI	5	O	Jatrophihabitantales	Bacteria;Bacillati;Actinomycetota;Actinomycetes;Jatrophihabitantales	0	Unresolved	unresolved
Helga-16SrRNA-NCBI	6	F	Jatrophihabitantaceae	Bacteria;Bacillati;Actinomycetota;Actinomycetes;Jatrophihabitantales;Jatrophihabitantaceae	0	Unresolved	unresolved
Helga-16SrRNA-NCBI	7	G	Jatrophihabitans	Bacteria;Bacillati;Actinomycetota;Actinomycetes;Jatrophihabitantales;Jatrophihabitantaceae;Jatrophihabitans	0	Unresolved	unresolved
Helga-16SrRNA-NCBI	8	S	Jatrophihabitans soli	Bacteria;Bacillati;Actinomycetota;Actinomycetes;Jatrophihabitantales;Jatrophihabitantaceae;Jatrophihabitans;Jatrophihabitans soli	1610748	Resolved	assignment
Helga-16SrRNA-NCBI	5	O	Kitasatosporales	Bacteria;Bacillati;Actinomycetota;Actinomycetes;Kitasatosporales	85011	Resolved	source_cache
Helga-16SrRNA-NCBI	6	F	Streptomycetaceae	Bacteria;Bacillati;Actinomycetota;Actinomycetes;Kitasatosporales;Streptomycetaceae	2062	Resolved	source_cache
Helga-16SrRNA-NCBI	7	G	Yinghuangia	Bacteria;Bacillati;Actinomycetota;Actinomycetes;Kitasatosporales;Streptomycetaceae;Yinghuangia	2805681	Resolved	source_cache
Helga-16SrRNA-NCBI	8	S	Yinghuangia aomiensis	Bacteria;Bacillati;Actinomycetota;Actinomycetes;Kitasatosporales;Streptomycetaceae;Yinghuangia;Yinghuangia aomiensis	676205	Resolved	source_cache
Helga-16SrRNA-NCBI	5	O	Nakamurellales	Bacteria;Bacillati;Actinomycetota;Actinomycetes;Nakamurellales	0	Unresolved	unresolved
Helga-16SrRNA-NCBI	6	F	Nakamurellaceae	Bacteria;Bacillati;Actinomycetota;Actinomycetes;Nakamurellales;Nakamurellaceae	0	Unresolved	unresolved
Helga-16SrRNA-NCBI	7	G	Nakamurella	Bacteria;Bacillati;Actinomycetota;Actinomycetes;Nakamurellales;Nakamurellaceae;Nakamurella	0	Unresolved	unresolved
Helga-16SrRNA-NCBI	8	S	Nakamurella endophytica	Bacteria;Bacillati;Actinomycetota;Actinomycetes;Nakamurellales;Nakamurellaceae;Nakamurella;Nakamurella endophytica	1748367	Resolved	assignment
Helga-16SrRNA-NCBI	4	C	Acidimicrobiia	Bacteria;Bacillati;Actinomycetota;Acidimicrobiia	84992	Resolved	source_cache
Helga-16SrRNA-NCBI	5	O	Acidimicrobiales	Bacteria;Bacillati;Actinomycetota;Acidimicrobiia;Acidimicrobiales	84993	Resolved	source_cache
Helga-16SrRNA-NCBI	6	F	Ilumatobacteraceae	Bacteria;Bacillati;Actinomycetota;Acidimicrobiia;Acidimicrobiales;Ilumatobacteraceae	2448023	Resolved	source_cache
Helga-16SrRNA-NCBI	7	G	Ilumatobacter	Bacteria;Bacillati;Actinomycetota;Acidimicrobiia;Acidimicrobiales;Ilumatobacteraceae;Ilumatobacter	682522	Resolved	source_cache
Helga-16SrRNA-NCBI	8	S	Ilumatobacter fluminis	Bacteria;Bacillati;Actinomycetota;Acidimicrobiia;Acidimicrobiales;Ilumatobacteraceae;Ilumatobacter;Ilumatobacter fluminis	467091	Resolved	source_cache
Helga-16SrRNA-NCBI	8	S	Ilumatobacter nonamiensis	Bacteria;Bacillati;Actinomycetota;Acidimicrobiia;Acidimicrobiales;Ilumatobacteraceae;Ilumatobacter;Ilumatobacter nonamiensis	1313171	Resolved	assignment
Helga-16SrRNA-NCBI	7	G	Desertimonas	Bacteria;Bacillati;Actinomycetota;Acidimicrobiia;Acidimicrobiales;Ilumatobacteraceae;Desertimonas	0	Unresolved	unresolved
Helga-16SrRNA-NCBI	8	S	Desertimonas flava	Bacteria;Bacillati;Actinomycetota;Acidimicrobiia;Acidimicrobiales;Ilumatobacteraceae;Desertimonas;Desertimonas flava	2064846	Resolved	assignment
Helga-16SrRNA-NCBI	6	F	Iamiaceae	Bacteria;Bacillati;Actinomycetota;Acidimicrobiia;Acidimicrobiales;Iamiaceae	633392	Resolved	source_cache
Helga-16SrRNA-NCBI	7	G	Aquihabitans	Bacteria;Bacillati;Actinomycetota;Acidimicrobiia;Acidimicrobiales;Iamiaceae;Aquihabitans	1648491	Resolved	source_cache
Helga-16SrRNA-NCBI	8	S	Aquihabitans daechungensis	Bacteria;Bacillati;Actinomycetota;Acidimicrobiia;Acidimicrobiales;Iamiaceae;Aquihabitans;Aquihabitans daechungensis	1052257	Resolved	source_cache
Helga-16SrRNA-NCBI	7	G	Rhabdothermincola	Bacteria;Bacillati;Actinomycetota;Acidimicrobiia;Acidimicrobiales;Iamiaceae;Rhabdothermincola	2820403	Resolved	source_cache
Helga-16SrRNA-NCBI	8	S	Rhabdothermincola salaria	Bacteria;Bacillati;Actinomycetota;Acidimicrobiia;Acidimicrobiales;Iamiaceae;Rhabdothermincola;Rhabdothermincola salaria	2903142	Resolved	assignment
Helga-16SrRNA-NCBI	8	S	Rhabdothermincola sediminis	Bacteria;Bacillati;Actinomycetota;Acidimicrobiia;Acidimicrobiales;Iamiaceae;Rhabdothermincola;Rhabdothermincola sediminis	2751370	Resolved	source_cache
Helga-16SrRNA-NCBI	7	G	Actinomarinicola	Bacteria;Bacillati;Actinomycetota;Acidimicrobiia;Acidimicrobiales;Iamiaceae;Actinomarinicola	0	Unresolved	unresolved
Helga-16SrRNA-NCBI	8	S	Actinomarinicola tropica	Bacteria;Bacillati;Actinomycetota;Acidimicrobiia;Acidimicrobiales;Iamiaceae;Actinomarinicola;Actinomarinicola tropica	2789776	Resolved	assignment
Helga-16SrRNA-NCBI	4	C	Thermoleophilia	Bacteria;Bacillati;Actinomycetota;Thermoleophilia	1497346	Resolved	source_cache
Helga-16SrRNA-NCBI	5	O	Solirubrobacterales	Bacteria;Bacillati;Actinomycetota;Thermoleophilia;Solirubrobacterales	588673	Resolved	source_cache
Helga-16SrRNA-NCBI	6	F	Conexibacteraceae	Bacteria;Bacillati;Actinomycetota;Thermoleophilia;Solirubrobacterales;Conexibacteraceae	320583	Resolved	source_cache
Helga-16SrRNA-NCBI	7	G	Conexibacter	Bacteria;Bacillati;Actinomycetota;Thermoleophilia;Solirubrobacterales;Conexibacteraceae;Conexibacter	191494	Resolved	source_cache
Helga-16SrRNA-NCBI	8	S	Conexibacter arvalis	Bacteria;Bacillati;Actinomycetota;Thermoleophilia;Solirubrobacterales;Conexibacteraceae;Conexibacter;Conexibacter arvalis	912552	Resolved	source_cache
Helga-16SrRNA-NCBI	6	F	Parviterribacteraceae	Bacteria;Bacillati;Actinomycetota;Thermoleophilia;Solirubrobacterales;Parviterribacteraceae	0	Unresolved	unresolved
Helga-16SrRNA-NCBI	7	G	Parviterribacter	Bacteria;Bacillati;Actinomycetota;Thermoleophilia;Solirubrobacterales;Parviterribacteraceae;Parviterribacter	0	Unresolved	unresolved
Helga-16SrRNA-NCBI	8	S	Parviterribacter kavangonensis	Bacteria;Bacillati;Actinomycetota;Thermoleophilia;Solirubrobacterales;Parviterribacteraceae;Parviterribacter;Parviterribacter kavangonensis	1640865	Resolved	assignment
Helga-16SrRNA-NCBI	6	F	Patulibacteraceae	Bacteria;Bacillati;Actinomycetota;Thermoleophilia;Solirubrobacterales;Patulibacteraceae	361606	Resolved	source_cache
Helga-16SrRNA-NCBI	7	G	Patulibacter	Bacteria;Bacillati;Actinomycetota;Thermoleophilia;Solirubrobacterales;Patulibacteraceae;Patulibacter	361607	Resolved	source_cache
Helga-16SrRNA-NCBI	8	S	Patulibacter brassicae	Bacteria;Bacillati;Actinomycetota;Thermoleophilia;Solirubrobacterales;Patulibacteraceae;Patulibacter;Patulibacter brassicae	1705717	Resolved	assignment
Helga-16SrRNA-NCBI	5	O	Miltoncostaeales	Bacteria;Bacillati;Actinomycetota;Thermoleophilia;Miltoncostaeales	2843198	Resolved	source_cache
Helga-16SrRNA-NCBI	6	F	Miltoncostaeaceae	Bacteria;Bacillati;Actinomycetota;Thermoleophilia;Miltoncostaeales;Miltoncostaeaceae	2843199	Resolved	source_cache
Helga-16SrRNA-NCBI	7	G	Miltoncostaea	Bacteria;Bacillati;Actinomycetota;Thermoleophilia;Miltoncostaeales;Miltoncostaeaceae;Miltoncostaea	2843200	Resolved	source_cache
Helga-16SrRNA-NCBI	8	S	Miltoncostaea marina	Bacteria;Bacillati;Actinomycetota;Thermoleophilia;Miltoncostaeales;Miltoncostaeaceae;Miltoncostaea;Miltoncostaea marina	2843215	Resolved	source_cache
Helga-16SrRNA-NCBI	3	P	Bacillota	Bacteria;Bacillati;Bacillota	1239	Resolved	source_cache
Helga-16SrRNA-NCBI	4	C	Clostridia	Bacteria;Bacillati;Bacillota;Clostridia	186801	Resolved	source_cache
Helga-16SrRNA-NCBI	5	O	Peptostreptococcales	Bacteria;Bacillati;Bacillota;Clostridia;Peptostreptococcales	3082720	Resolved	source_cache
Helga-16SrRNA-NCBI	6	F	Peptostreptococcaceae	Bacteria;Bacillati;Bacillota;Clostridia;Peptostreptococcales;Peptostreptococcaceae	186804	Resolved	source_cache
Helga-16SrRNA-NCBI	7	G	Romboutsia	Bacteria;Bacillati;Bacillota;Clostridia;Peptostreptococcales;Peptostreptococcaceae;Romboutsia	1501226	Resolved	source_cache
Helga-16SrRNA-NCBI	8	S	Romboutsia timonensis	Bacteria;Bacillati;Bacillota;Clostridia;Peptostreptococcales;Peptostreptococcaceae;Romboutsia;Romboutsia timonensis	1776391	Resolved	source_cache
Helga-16SrRNA-NCBI	8	S	Romboutsia ilealis	Bacteria;Bacillati;Bacillota;Clostridia;Peptostreptococcales;Peptostreptococcaceae;Romboutsia;Romboutsia ilealis	1115758	Resolved	source_cache
Helga-16SrRNA-NCBI	8	S	Romboutsia sedimentorum	Bacteria;Bacillati;Bacillota;Clostridia;Peptostreptococcales;Peptostreptococcaceae;Romboutsia;Romboutsia sedimentorum	1368474	Resolved	source_cache
Helga-16SrRNA-NCBI	7	G	Intestinibacter	Bacteria;Bacillati;Bacillota;Clostridia;Peptostreptococcales;Peptostreptococcaceae;Intestinibacter	1505657	Resolved	source_cache
Helga-16SrRNA-NCBI	8	S	Intestinibacter bartlettii	Bacteria;Bacillati;Bacillota;Clostridia;Peptostreptococcales;Peptostreptococcaceae;Intestinibacter;Intestinibacter bartlettii	261299	Resolved	source_cache
Helga-16SrRNA-NCBI	7	G	Terrisporobacter	Bacteria;Bacillati;Bacillota;Clostridia;Peptostreptococcales;Peptostreptococcaceae;Terrisporobacter	1505652	Resolved	source_cache
Helga-16SrRNA-NCBI	8	S	Terrisporobacter petrolearius	Bacteria;Bacillati;Bacillota;Clostridia;Peptostreptococcales;Peptostreptococcaceae;Terrisporobacter;Terrisporobacter petrolearius	1460447	Resolved	source_cache
Helga-16SrRNA-NCBI	8	S	Terrisporobacter mayombei	Bacteria;Bacillati;Bacillota;Clostridia;Peptostreptococcales;Peptostreptococcaceae;Terrisporobacter;Terrisporobacter mayombei	1541	Resolved	source_cache
Helga-16SrRNA-NCBI	5	O	Eubacteriales	Bacteria;Bacillati;Bacillota;Clostridia;Eubacteriales	186802	Resolved	source_cache
Helga-16SrRNA-NCBI	6	F	Clostridiaceae	Bacteria;Bacillati;Bacillota;Clostridia;Eubacteriales;Clostridiaceae	31979	Resolved	source_cache
Helga-16SrRNA-NCBI	7	G	Clostridium	Bacteria;Bacillati;Bacillota;Clostridia;Eubacteriales;Clostridiaceae;Clostridium	1485	Resolved	source_cache
Helga-16SrRNA-NCBI	8	S	Clostridium saudiense	Bacteria;Bacillati;Bacillota;Clostridia;Eubacteriales;Clostridiaceae;Clostridium;Clostridium saudiense	1414720	Resolved	source_cache
Helga-16SrRNA-NCBI	8	S	Clostridium disporicum	Bacteria;Bacillati;Bacillota;Clostridia;Eubacteriales;Clostridiaceae;Clostridium;Clostridium disporicum	84024	Resolved	source_cache
Helga-16SrRNA-NCBI	8	S	Clostridium hydrogenum	Bacteria;Bacillati;Bacillota;Clostridia;Eubacteriales;Clostridiaceae;Clostridium;Clostridium hydrogenum	2855764	Resolved	assignment
Helga-16SrRNA-NCBI	8	S	Clostridium butyricum	Bacteria;Bacillati;Bacillota;Clostridia;Eubacteriales;Clostridiaceae;Clostridium;Clostridium butyricum	1492	Resolved	source_cache
Helga-16SrRNA-NCBI	8	S	Clostridium cavendishii	Bacteria;Bacillati;Bacillota;Clostridia;Eubacteriales;Clostridiaceae;Clostridium;Clostridium cavendishii	349931	Resolved	source_cache
Helga-16SrRNA-NCBI	8	S	Clostridium hydrogeniproducens	Bacteria;Bacillati;Bacillota;Clostridia;Eubacteriales;Clostridiaceae;Clostridium;Clostridium hydrogeniproducens	702461	Resolved	assignment
Helga-16SrRNA-NCBI	8	S	Clostridium paraputrificum	Bacteria;Bacillati;Bacillota;Clostridia;Eubacteriales;Clostridiaceae;Clostridium;Clostridium paraputrificum	29363	Resolved	source_cache
Helga-16SrRNA-NCBI	8	S	Clostridium perfringens	Bacteria;Bacillati;Bacillota;Clostridia;Eubacteriales;Clostridiaceae;Clostridium;Clostridium perfringens	1502	Resolved	source_cache
Helga-16SrRNA-NCBI	8	S	Clostridium quinii	Bacteria;Bacillati;Bacillota;Clostridia;Eubacteriales;Clostridiaceae;Clostridium;Clostridium quinii	36850	Resolved	source_cache
Helga-16SrRNA-NCBI	8	S	Clostridium saccharoperbutylacetonicum	Bacteria;Bacillati;Bacillota;Clostridia;Eubacteriales;Clostridiaceae;Clostridium;Clostridium saccharoperbutylacetonicum	36745	Resolved	source_cache
Helga-16SrRNA-NCBI	6	F	Oscillospiraceae	Bacteria;Bacillati;Bacillota;Clostridia;Eubacteriales;Oscillospiraceae	216572	Resolved	source_cache
Helga-16SrRNA-NCBI	7	G	Acetivibrio	Bacteria;Bacillati;Bacillota;Clostridia;Eubacteriales;Oscillospiraceae;Acetivibrio	35829	Resolved	source_cache
Helga-16SrRNA-NCBI	8	S	Acetivibrio saccincola	Bacteria;Bacillati;Bacillota;Clostridia;Eubacteriales;Oscillospiraceae;Acetivibrio;Acetivibrio saccincola	1677857	Resolved	source_cache
Helga-16SrRNA-NCBI	7	G	Ercella	Bacteria;Bacillati;Bacillota;Clostridia;Eubacteriales;Oscillospiraceae;Ercella	1649284	Resolved	source_cache
Helga-16SrRNA-NCBI	8	S	Ercella succinigenes	Bacteria;Bacillati;Bacillota;Clostridia;Eubacteriales;Oscillospiraceae;Ercella;Ercella succinigenes	1337094	Resolved	source_cache
Helga-16SrRNA-NCBI	7	G	Ruminiclostridium	Bacteria;Bacillati;Bacillota;Clostridia;Eubacteriales;Oscillospiraceae;Ruminiclostridium	1508657	Resolved	source_cache
Helga-16SrRNA-NCBI	8	S	Ruminiclostridium papyrosolvens	Bacteria;Bacillati;Bacillota;Clostridia;Eubacteriales;Oscillospiraceae;Ruminiclostridium;Ruminiclostridium papyrosolvens	29362	Resolved	source_cache
Helga-16SrRNA-NCBI	7	G	Ruminococcoides	Bacteria;Bacillati;Bacillota;Clostridia;Eubacteriales;Oscillospiraceae;Ruminococcoides	2893095	Resolved	source_cache
Helga-16SrRNA-NCBI	8	S	Ruminococcoides bili	Bacteria;Bacillati;Bacillota;Clostridia;Eubacteriales;Oscillospiraceae;Ruminococcoides;Ruminococcoides bili	2678306	Resolved	source_cache
Helga-16SrRNA-NCBI	7	G	Ruthenibacterium	Bacteria;Bacillati;Bacillota;Clostridia;Eubacteriales;Oscillospiraceae;Ruthenibacterium	1905344	Resolved	source_cache
Helga-16SrRNA-NCBI	8	S	Ruthenibacterium lactatiformans	Bacteria;Bacillati;Bacillota;Clostridia;Eubacteriales;Oscillospiraceae;Ruthenibacterium;Ruthenibacterium lactatiformans	1550024	Resolved	source_cache
Helga-16SrRNA-NCBI	6	F	Desulfotomaculaceae	Bacteria;Bacillati;Bacillota;Clostridia;Eubacteriales;Desulfotomaculaceae	2937910	Resolved	source_cache
Helga-16SrRNA-NCBI	7	G	Cryptanaerobacter	Bacteria;Bacillati;Bacillota;Clostridia;Eubacteriales;Desulfotomaculaceae;Cryptanaerobacter	290184	Resolved	source_cache
Helga-16SrRNA-NCBI	8	S	Cryptanaerobacter phenolicus	Bacteria;Bacillati;Bacillota;Clostridia;Eubacteriales;Desulfotomaculaceae;Cryptanaerobacter;Cryptanaerobacter phenolicus	238083	Resolved	source_cache
Helga-16SrRNA-NCBI	7	G	Pelotomaculum	Bacteria;Bacillati;Bacillota;Clostridia;Eubacteriales;Desulfotomaculaceae;Pelotomaculum	191373	Resolved	source_cache
Helga-16SrRNA-NCBI	8	S	Pelotomaculum schinkii	Bacteria;Bacillati;Bacillota;Clostridia;Eubacteriales;Desulfotomaculaceae;Pelotomaculum;Pelotomaculum schinkii	78350	Resolved	source_cache
Helga-16SrRNA-NCBI	6	F	Eubacteriaceae	Bacteria;Bacillati;Bacillota;Clostridia;Eubacteriales;Eubacteriaceae	186806	Resolved	source_cache
Helga-16SrRNA-NCBI	7	G	Acetobacterium	Bacteria;Bacillati;Bacillota;Clostridia;Eubacteriales;Eubacteriaceae;Acetobacterium	33951	Resolved	source_cache
Helga-16SrRNA-NCBI	8	S	Acetobacterium tundrae	Bacteria;Bacillati;Bacillota;Clostridia;Eubacteriales;Eubacteriaceae;Acetobacterium;Acetobacterium tundrae	132932	Resolved	assignment
Helga-16SrRNA-NCBI	6	F	Proteinivoraceae	Bacteria;Bacillati;Bacillota;Clostridia;Eubacteriales;Proteinivoraceae	0	Unresolved	unresolved
Helga-16SrRNA-NCBI	7	G	Alkalicella	Bacteria;Bacillati;Bacillota;Clostridia;Eubacteriales;Proteinivoraceae;Alkalicella	0	Unresolved	unresolved
Helga-16SrRNA-NCBI	8	S	Alkalicella caledoniensis	Bacteria;Bacillati;Bacillota;Clostridia;Eubacteriales;Proteinivoraceae;Alkalicella;Alkalicella caledoniensis	2731377	Resolved	assignment
Helga-16SrRNA-NCBI	6	F	Syntrophomonadaceae	Bacteria;Bacillati;Bacillota;Clostridia;Eubacteriales;Syntrophomonadaceae	68298	Resolved	source_cache
Helga-16SrRNA-NCBI	7	G	Syntrophomonas	Bacteria;Bacillati;Bacillota;Clostridia;Eubacteriales;Syntrophomonadaceae;Syntrophomonas	862	Resolved	source_cache
Helga-16SrRNA-NCBI	8	S	Syntrophomonas zehnderi	Bacteria;Bacillati;Bacillota;Clostridia;Eubacteriales;Syntrophomonadaceae;Syntrophomonas;Syntrophomonas zehnderi	404335	Resolved	source_cache
Helga-16SrRNA-NCBI	5	O	Lachnospirales	Bacteria;Bacillati;Bacillota;Clostridia;Lachnospirales	3085636	Resolved	source_cache
Helga-16SrRNA-NCBI	6	F	Lachnospiraceae	Bacteria;Bacillati;Bacillota;Clostridia;Lachnospirales;Lachnospiraceae	186803	Resolved	source_cache
Helga-16SrRNA-NCBI	7	G	Blautia	Bacteria;Bacillati;Bacillota;Clostridia;Lachnospirales;Lachnospiraceae;Blautia	572511	Resolved	source_cache
Helga-16SrRNA-NCBI	8	S	Blautia wexlerae	Bacteria;Bacillati;Bacillota;Clostridia;Lachnospirales;Lachnospiraceae;Blautia;Blautia wexlerae	418240	Resolved	source_cache
Helga-16SrRNA-NCBI	7	G	Coprococcus	Bacteria;Bacillati;Bacillota;Clostridia;Lachnospirales;Lachnospiraceae;Coprococcus	33042	Resolved	source_cache
Helga-16SrRNA-NCBI	8	S	Coprococcus eutactus	Bacteria;Bacillati;Bacillota;Clostridia;Lachnospirales;Lachnospiraceae;Coprococcus;Coprococcus eutactus	33043	Resolved	assignment
Helga-16SrRNA-NCBI	7	G	Lachnospira	Bacteria;Bacillati;Bacillota;Clostridia;Lachnospirales;Lachnospiraceae;Lachnospira	0	Unresolved	unresolved
Helga-16SrRNA-NCBI	8	S	Lachnospira eligens	Bacteria;Bacillati;Bacillota;Clostridia;Lachnospirales;Lachnospiraceae;Lachnospira;Lachnospira eligens	515620	Resolved	assignment
Helga-16SrRNA-NCBI	7	G	Roseburia	Bacteria;Bacillati;Bacillota;Clostridia;Lachnospirales;Lachnospiraceae;Roseburia	841	Resolved	source_cache
Helga-16SrRNA-NCBI	8	S	Roseburia faecis	Bacteria;Bacillati;Bacillota;Clostridia;Lachnospirales;Lachnospiraceae;Roseburia;Roseburia faecis	301302	Resolved	source_cache
Helga-16SrRNA-NCBI	5	O	Christensenellales	Bacteria;Bacillati;Bacillota;Clostridia;Christensenellales	3082768	Resolved	source_cache
Helga-16SrRNA-NCBI	6	F	Christensenellaceae	Bacteria;Bacillati;Bacillota;Clostridia;Christensenellales;Christensenellaceae	990719	Resolved	source_cache
Helga-16SrRNA-NCBI	7	G	Guopingia	Bacteria;Bacillati;Bacillota;Clostridia;Christensenellales;Christensenellaceae;Guopingia	2944148	Resolved	source_cache
Helga-16SrRNA-NCBI	8	S	Guopingia tenuis	Bacteria;Bacillati;Bacillota;Clostridia;Christensenellales;Christensenellaceae;Guopingia;Guopingia tenuis	2763656	Resolved	source_cache
Helga-16SrRNA-NCBI	4	C	Bacilli	Bacteria;Bacillati;Bacillota;Bacilli	91061	Resolved	source_cache
Helga-16SrRNA-NCBI	5	O	Bacillales	Bacteria;Bacillati;Bacillota;Bacilli;Bacillales	0	Unresolved	unresolved
Helga-16SrRNA-NCBI	6	F	Bacillaceae	Bacteria;Bacillati;Bacillota;Bacilli;Bacillales;Bacillaceae	186817	Resolved	source_cache
Helga-16SrRNA-NCBI	7	G	Bacillus	Bacteria;Bacillati;Bacillota;Bacilli;Bacillales;Bacillaceae;Bacillus	1386	Resolved	source_cache
Helga-16SrRNA-NCBI	8	S	Bacillus haikouensis	Bacteria;Bacillati;Bacillota;Bacilli;Bacillales;Bacillaceae;Bacillus;Bacillus haikouensis	1510468	Resolved	assignment
Helga-16SrRNA-NCBI	8	S	Bacillus aequororis	Bacteria;Bacillati;Bacillota;Bacilli;Bacillales;Bacillaceae;Bacillus;Bacillus aequororis	1463663	Resolved	assignment
Helga-16SrRNA-NCBI	8	S	Bacillus nitratireducens	Bacteria;Bacillati;Bacillota;Bacilli;Bacillales;Bacillaceae;Bacillus;Bacillus nitratireducens	2026193	Resolved	assignment
Helga-16SrRNA-NCBI	8	S	Bacillus salipaludis	Bacteria;Bacillati;Bacillota;Bacilli;Bacillales;Bacillaceae;Bacillus;Bacillus salipaludis	2547811	Resolved	source_cache
Helga-16SrRNA-NCBI	8	S	Bacillus timonensis	Bacteria;Bacillati;Bacillota;Bacilli;Bacillales;Bacillaceae;Bacillus;Bacillus timonensis	1033734	Resolved	assignment
Helga-16SrRNA-NCBI	7	G	Fictibacillus	Bacteria;Bacillati;Bacillota;Bacilli;Bacillales;Bacillaceae;Fictibacillus	0	Unresolved	unresolved
Helga-16SrRNA-NCBI	8	S	Fictibacillus halophilus	Bacteria;Bacillati;Bacillota;Bacilli;Bacillales;Bacillaceae;Fictibacillus;Fictibacillus halophilus	1610490	Resolved	assignment
Helga-16SrRNA-NCBI	8	S	Fictibacillus nanhaiensis	Bacteria;Bacillati;Bacillota;Bacilli;Bacillales;Bacillaceae;Fictibacillus;Fictibacillus nanhaiensis	742169	Resolved	assignment
Helga-16SrRNA-NCBI	8	S	Fictibacillus phosphorivorans	Bacteria;Bacillati;Bacillota;Bacilli;Bacillales;Bacillaceae;Fictibacillus;Fictibacillus phosphorivorans	1221500	Resolved	assignment
Helga-16SrRNA-NCBI	7	G	Cytobacillus	Bacteria;Bacillati;Bacillota;Bacilli;Bacillales;Bacillaceae;Cytobacillus	0	Unresolved	unresolved
Helga-16SrRNA-NCBI	8	S	Cytobacillus firmus	Bacteria;Bacillati;Bacillota;Bacilli;Bacillales;Bacillaceae;Cytobacillus;Cytobacillus firmus	1399	Resolved	assignment
Helga-16SrRNA-NCBI	7	G	Gottfriedia	Bacteria;Bacillati;Bacillota;Bacilli;Bacillales;Bacillaceae;Gottfriedia	0	Unresolved	unresolved
Helga-16SrRNA-NCBI	8	S	Gottfriedia acidiceleris	Bacteria;Bacillati;Bacillota;Bacilli;Bacillales;Bacillaceae;Gottfriedia;Gottfriedia acidiceleris	371036	Resolved	assignment
Helga-16SrRNA-NCBI	7	G	Neobacillus	Bacteria;Bacillati;Bacillota;Bacilli;Bacillales;Bacillaceae;Neobacillus	2675232	Resolved	source_cache
Helga-16SrRNA-NCBI	8	S	Neobacillus endophyticus	Bacteria;Bacillati;Bacillota;Bacilli;Bacillales;Bacillaceae;Neobacillus;Neobacillus endophyticus	2738405	Resolved	assignment
Helga-16SrRNA-NCBI	8	S	Neobacillus niacini	Bacteria;Bacillati;Bacillota;Bacilli;Bacillales;Bacillaceae;Neobacillus;Neobacillus niacini	86668	Resolved	assignment
Helga-16SrRNA-NCBI	7	G	Mesobacillus	Bacteria;Bacillati;Bacillota;Bacilli;Bacillales;Bacillaceae;Mesobacillus	0	Unresolved	unresolved
Helga-16SrRNA-NCBI	8	S	Mesobacillus thioparans	Bacteria;Bacillati;Bacillota;Bacilli;Bacillales;Bacillaceae;Mesobacillus;Mesobacillus thioparans	370439	Resolved	assignment
Helga-16SrRNA-NCBI	7	G	Peribacillus	Bacteria;Bacillati;Bacillota;Bacilli;Bacillales;Bacillaceae;Peribacillus	2675229	Resolved	source_cache
Helga-16SrRNA-NCBI	8	S	Peribacillus simplex	Bacteria;Bacillati;Bacillota;Bacilli;Bacillales;Bacillaceae;Peribacillus;Peribacillus simplex	1349754	Resolved	assignment
Helga-16SrRNA-NCBI	7	G	Priestia	Bacteria;Bacillati;Bacillota;Bacilli;Bacillales;Bacillaceae;Priestia	2800373	Resolved	source_cache
Helga-16SrRNA-NCBI	8	S	Priestia flexa	Bacteria;Bacillati;Bacillota;Bacilli;Bacillales;Bacillaceae;Priestia;Priestia flexa	86664	Resolved	source_cache
Helga-16SrRNA-NCBI	7	G	Rossellomorea	Bacteria;Bacillati;Bacillota;Bacilli;Bacillales;Bacillaceae;Rossellomorea	0	Unresolved	unresolved
Helga-16SrRNA-NCBI	8	S	Rossellomorea vietnamensis	Bacteria;Bacillati;Bacillota;Bacilli;Bacillales;Bacillaceae;Rossellomorea;Rossellomorea vietnamensis	218284	Resolved	assignment
Helga-16SrRNA-NCBI	7	G	Sutcliffiella	Bacteria;Bacillati;Bacillota;Bacilli;Bacillales;Bacillaceae;Sutcliffiella	0	Unresolved	unresolved
Helga-16SrRNA-NCBI	8	S	Sutcliffiella horikoshii	Bacteria;Bacillati;Bacillota;Bacilli;Bacillales;Bacillaceae;Sutcliffiella;Sutcliffiella horikoshii	79883	Resolved	assignment
Helga-16SrRNA-NCBI	6	F	Paenibacillaceae	Bacteria;Bacillati;Bacillota;Bacilli;Bacillales;Paenibacillaceae	186822	Resolved	source_cache
Helga-16SrRNA-NCBI	7	G	Aneurinibacillus	Bacteria;Bacillati;Bacillota;Bacilli;Bacillales;Paenibacillaceae;Aneurinibacillus	0	Unresolved	unresolved
Helga-16SrRNA-NCBI	8	S	Aneurinibacillus migulanus	Bacteria;Bacillati;Bacillota;Bacilli;Bacillales;Paenibacillaceae;Aneurinibacillus;Aneurinibacillus migulanus	47500	Resolved	assignment
Helga-16SrRNA-NCBI	7	G	Brevibacillus	Bacteria;Bacillati;Bacillota;Bacilli;Bacillales;Paenibacillaceae;Brevibacillus	55080	Resolved	source_cache
Helga-16SrRNA-NCBI	8	S	Brevibacillus formosus	Bacteria;Bacillati;Bacillota;Bacilli;Bacillales;Paenibacillaceae;Brevibacillus;Brevibacillus formosus	54913	Resolved	source_cache
Helga-16SrRNA-NCBI	7	G	Paenibacillus	Bacteria;Bacillati;Bacillota;Bacilli;Bacillales;Paenibacillaceae;Paenibacillus	44249	Resolved	source_cache
Helga-16SrRNA-NCBI	8	S	Paenibacillus marinum	Bacteria;Bacillati;Bacillota;Bacilli;Bacillales;Paenibacillaceae;Paenibacillus;Paenibacillus marinum	1033264	Resolved	source_cache
Helga-16SrRNA-NCBI	7	G	Xylanibacillus	Bacteria;Bacillati;Bacillota;Bacilli;Bacillales;Paenibacillaceae;Xylanibacillus	1975703	Resolved	source_cache
Helga-16SrRNA-NCBI	8	S	Xylanibacillus composti	Bacteria;Bacillati;Bacillota;Bacilli;Bacillales;Paenibacillaceae;Xylanibacillus;Xylanibacillus composti	1572762	Resolved	source_cache
Helga-16SrRNA-NCBI	6	F	Sporolactobacillaceae	Bacteria;Bacillati;Bacillota;Bacilli;Bacillales;Sporolactobacillaceae	186821	Resolved	source_cache
Helga-16SrRNA-NCBI	7	G	Sporolactobacillus	Bacteria;Bacillati;Bacillota;Bacilli;Bacillales;Sporolactobacillaceae;Sporolactobacillus	0	Unresolved	unresolved
Helga-16SrRNA-NCBI	8	S	Sporolactobacillus terrae	Bacteria;Bacillati;Bacillota;Bacilli;Bacillales;Sporolactobacillaceae;Sporolactobacillus;Sporolactobacillus terrae	269673	Resolved	assignment
Helga-16SrRNA-NCBI	6	F	Anoxybacillaceae	Bacteria;Bacillati;Bacillota;Bacilli;Bacillales;Anoxybacillaceae	3120669	Resolved	source_cache
Helga-16SrRNA-NCBI	7	G	Geobacillus	Bacteria;Bacillati;Bacillota;Bacilli;Bacillales;Anoxybacillaceae;Geobacillus	129337	Resolved	source_cache
Helga-16SrRNA-NCBI	8	S	Geobacillus kaustophilus	Bacteria;Bacillati;Bacillota;Bacilli;Bacillales;Anoxybacillaceae;Geobacillus;Geobacillus kaustophilus	1220595	Resolved	assignment
Helga-16SrRNA-NCBI	8	S	Geobacillus proteiniphilus	Bacteria;Bacillati;Bacillota;Bacilli;Bacillales;Anoxybacillaceae;Geobacillus;Geobacillus proteiniphilus	860353	Resolved	assignment
Helga-16SrRNA-NCBI	6	F	Staphylococcaceae	Bacteria;Bacillati;Bacillota;Bacilli;Bacillales;Staphylococcaceae	90964	Resolved	source_cache
Helga-16SrRNA-NCBI	7	G	Mammaliicoccus	Bacteria;Bacillati;Bacillota;Bacilli;Bacillales;Staphylococcaceae;Mammaliicoccus	0	Unresolved	unresolved
Helga-16SrRNA-NCBI	8	S	Mammaliicoccus sciuri	Bacteria;Bacillati;Bacillota;Bacilli;Bacillales;Staphylococcaceae;Mammaliicoccus;Mammaliicoccus sciuri	1296	Resolved	assignment
Helga-16SrRNA-NCBI	6	F	Alicyclobacillaceae	Bacteria;Bacillati;Bacillota;Bacilli;Bacillales;Alicyclobacillaceae	186823	Resolved	source_cache
Helga-16SrRNA-NCBI	7	G	Alicyclobacillus	Bacteria;Bacillati;Bacillota;Bacilli;Bacillales;Alicyclobacillaceae;Alicyclobacillus	0	Unresolved	unresolved
Helga-16SrRNA-NCBI	8	S	Alicyclobacillus pomorum	Bacteria;Bacillati;Bacillota;Bacilli;Bacillales;Alicyclobacillaceae;Alicyclobacillus;Alicyclobacillus pomorum	204470	Resolved	assignment
Helga-16SrRNA-NCBI	6	F	Caryophanaceae	Bacteria;Bacillati;Bacillota;Bacilli;Bacillales;Caryophanaceae	186818	Resolved	source_cache
Helga-16SrRNA-NCBI	7	G	Jeotgalibacillus	Bacteria;Bacillati;Bacillota;Bacilli;Bacillales;Caryophanaceae;Jeotgalibacillus	157226	Resolved	source_cache
Helga-16SrRNA-NCBI	8	S	Jeotgalibacillus malaysiensis	Bacteria;Bacillati;Bacillota;Bacilli;Bacillales;Caryophanaceae;Jeotgalibacillus;Jeotgalibacillus malaysiensis	1508404	Resolved	source_cache
Helga-16SrRNA-NCBI	4	C	Erysipelotrichia	Bacteria;Bacillati;Bacillota;Erysipelotrichia	526524	Resolved	source_cache
Helga-16SrRNA-NCBI	5	O	Erysipelotrichales	Bacteria;Bacillati;Bacillota;Erysipelotrichia;Erysipelotrichales	526525	Resolved	source_cache
Helga-16SrRNA-NCBI	6	F	Turicibacteraceae	Bacteria;Bacillati;Bacillota;Erysipelotrichia;Erysipelotrichales;Turicibacteraceae	2810281	Resolved	source_cache
Helga-16SrRNA-NCBI	7	G	Turicibacter	Bacteria;Bacillati;Bacillota;Erysipelotrichia;Erysipelotrichales;Turicibacteraceae;Turicibacter	191303	Resolved	source_cache
Helga-16SrRNA-NCBI	8	S	Turicibacter bilis	Bacteria;Bacillati;Bacillota;Erysipelotrichia;Erysipelotrichales;Turicibacteraceae;Turicibacter;Turicibacter bilis	2735723	Resolved	source_cache
Helga-16SrRNA-NCBI	8	S	Turicibacter sanguinis	Bacteria;Bacillati;Bacillota;Erysipelotrichia;Erysipelotrichales;Turicibacteraceae;Turicibacter;Turicibacter sanguinis	154288	Resolved	source_cache
Helga-16SrRNA-NCBI	4	C	Negativicutes	Bacteria;Bacillati;Bacillota;Negativicutes	909932	Resolved	source_cache
Helga-16SrRNA-NCBI	5	O	Selenomonadales	Bacteria;Bacillati;Bacillota;Negativicutes;Selenomonadales	909929	Resolved	source_cache
Helga-16SrRNA-NCBI	6	F	Sporomusaceae	Bacteria;Bacillati;Bacillota;Negativicutes;Selenomonadales;Sporomusaceae	1843490	Resolved	source_cache
Helga-16SrRNA-NCBI	7	G	Sporomusa	Bacteria;Bacillati;Bacillota;Negativicutes;Selenomonadales;Sporomusaceae;Sporomusa	2375	Resolved	source_cache
Helga-16SrRNA-NCBI	8	S	Sporomusa ovata	Bacteria;Bacillati;Bacillota;Negativicutes;Selenomonadales;Sporomusaceae;Sporomusa;Sporomusa ovata	2378	Resolved	source_cache
Helga-16SrRNA-NCBI	8	S	Sporomusa paucivorans	Bacteria;Bacillati;Bacillota;Negativicutes;Selenomonadales;Sporomusaceae;Sporomusa;Sporomusa paucivorans	2376	Resolved	source_cache
Helga-16SrRNA-NCBI	4	C	Bacillota_Incertae_sedis	Bacteria;Bacillati;Bacillota;Bacillota_Incertae_sedis	0	Unresolved	unresolved
Helga-16SrRNA-NCBI	5	O	Bacillota_Incertae_sedis	Bacteria;Bacillati;Bacillota;Bacillota_Incertae_sedis;Bacillota_Incertae_sedis	0	Unresolved	unresolved
Helga-16SrRNA-NCBI	6	F	Bacillota_Incertae_sedis	Bacteria;Bacillati;Bacillota;Bacillota_Incertae_sedis;Bacillota_Incertae_sedis;Bacillota_Incertae_sedis	0	Unresolved	unresolved
Helga-16SrRNA-NCBI	7	G	Capillibacterium	Bacteria;Bacillati;Bacillota;Bacillota_Incertae_sedis;Bacillota_Incertae_sedis;Bacillota_Incertae_sedis;Capillibacterium	2820263	Resolved	source_cache
Helga-16SrRNA-NCBI	8	S	Capillibacterium thermochitinicola	Bacteria;Bacillati;Bacillota;Bacillota_Incertae_sedis;Bacillota_Incertae_sedis;Bacillota_Incertae_sedis;Capillibacterium;Capillibacterium thermochitinicola	2699427	Resolved	source_cache
Helga-16SrRNA-NCBI	3	P	Mycoplasmatota	Bacteria;Bacillati;Mycoplasmatota	544448	Resolved	source_cache
Helga-16SrRNA-NCBI	4	C	Mollicutes	Bacteria;Bacillati;Mycoplasmatota;Mollicutes	31969	Resolved	source_cache
Helga-16SrRNA-NCBI	5	O	Acholeplasmatales	Bacteria;Bacillati;Mycoplasmatota;Mollicutes;Acholeplasmatales	186329	Resolved	source_cache
Helga-16SrRNA-NCBI	6	F	Acholeplasmataceae	Bacteria;Bacillati;Mycoplasmatota;Mollicutes;Acholeplasmatales;Acholeplasmataceae	2146	Resolved	source_cache
Helga-16SrRNA-NCBI	7	G	Mariniplasma	Bacteria;Bacillati;Mycoplasmatota;Mollicutes;Acholeplasmatales;Acholeplasmataceae;Mariniplasma	0	Unresolved	unresolved
Helga-16SrRNA-NCBI	8	S	Mariniplasma anaerobium	Bacteria;Bacillati;Mycoplasmatota;Mollicutes;Acholeplasmatales;Acholeplasmataceae;Mariniplasma;Mariniplasma anaerobium	2735436	Resolved	assignment
Helga-16SrRNA-NCBI	7	G	Alteracholeplasma	Bacteria;Bacillati;Mycoplasmatota;Mollicutes;Acholeplasmatales;Acholeplasmataceae;Alteracholeplasma	0	Unresolved	unresolved
Helga-16SrRNA-NCBI	8	S	Alteracholeplasma palmae	Bacteria;Bacillati;Mycoplasmatota;Mollicutes;Acholeplasmatales;Acholeplasmataceae;Alteracholeplasma;Alteracholeplasma palmae	38986	Resolved	assignment
Helga-16SrRNA-NCBI	7	G	Paracholeplasma	Bacteria;Bacillati;Mycoplasmatota;Mollicutes;Acholeplasmatales;Acholeplasmataceae;Paracholeplasma	2903107	Resolved	source_cache
Helga-16SrRNA-NCBI	8	S	Paracholeplasma vituli	Bacteria;Bacillati;Mycoplasmatota;Mollicutes;Acholeplasmatales;Acholeplasmataceae;Paracholeplasma;Paracholeplasma vituli	69473	Resolved	source_cache
Helga-16SrRNA-NCBI	8	S	Paracholeplasma morum	Bacteria;Bacillati;Mycoplasmatota;Mollicutes;Acholeplasmatales;Acholeplasmataceae;Paracholeplasma;Paracholeplasma morum	264637	Resolved	assignment
Helga-16SrRNA-NCBI	3	P	Chloroflexota	Bacteria;Bacillati;Chloroflexota	200795	Resolved	source_cache
Helga-16SrRNA-NCBI	4	C	Anaerolineae	Bacteria;Bacillati;Chloroflexota;Anaerolineae	292625	Resolved	source_cache
Helga-16SrRNA-NCBI	5	O	Anaerolineales	Bacteria;Bacillati;Chloroflexota;Anaerolineae;Anaerolineales	292629	Resolved	source_cache
Helga-16SrRNA-NCBI	6	F	Anaerolineaceae	Bacteria;Bacillati;Chloroflexota;Anaerolineae;Anaerolineales;Anaerolineaceae	292628	Resolved	source_cache
Helga-16SrRNA-NCBI	7	G	Bellilinea	Bacteria;Bacillati;Chloroflexota;Anaerolineae;Anaerolineales;Anaerolineaceae;Bellilinea	475960	Resolved	source_cache
Helga-16SrRNA-NCBI	8	S	Bellilinea caldifistulae	Bacteria;Bacillati;Chloroflexota;Anaerolineae;Anaerolineales;Anaerolineaceae;Bellilinea;Bellilinea caldifistulae	360411	Resolved	source_cache
Helga-16SrRNA-NCBI	7	G	Anaerolinea	Bacteria;Bacillati;Chloroflexota;Anaerolineae;Anaerolineales;Anaerolineaceae;Anaerolinea	233189	Resolved	source_cache
Helga-16SrRNA-NCBI	8	S	Anaerolinea thermophila	Bacteria;Bacillati;Chloroflexota;Anaerolineae;Anaerolineales;Anaerolineaceae;Anaerolinea;Anaerolinea thermophila	167964	Resolved	source_cache
Helga-16SrRNA-NCBI	5	O	Aggregatilineales	Bacteria;Bacillati;Chloroflexota;Anaerolineae;Aggregatilineales	2806304	Resolved	source_cache
Helga-16SrRNA-NCBI	6	F	Aggregatilineaceae	Bacteria;Bacillati;Chloroflexota;Anaerolineae;Aggregatilineales;Aggregatilineaceae	2806305	Resolved	source_cache
Helga-16SrRNA-NCBI	7	G	Aggregatilinea	Bacteria;Bacillati;Chloroflexota;Anaerolineae;Aggregatilineales;Aggregatilineaceae;Aggregatilinea	2806306	Resolved	source_cache
Helga-16SrRNA-NCBI	8	S	Aggregatilinea lenta	Bacteria;Bacillati;Chloroflexota;Anaerolineae;Aggregatilineales;Aggregatilineaceae;Aggregatilinea;Aggregatilinea lenta	913108	Resolved	source_cache
Helga-16SrRNA-NCBI	4	C	Candidatus Thermofonsia	Bacteria;Bacillati;Chloroflexota;Candidatus Thermofonsia	0	Unresolved	unresolved
Helga-16SrRNA-NCBI	5	O	Phototrophicales	Bacteria;Bacillati;Chloroflexota;Candidatus Thermofonsia;Phototrophicales	0	Unresolved	unresolved
Helga-16SrRNA-NCBI	6	F	Phototrophicaceae	Bacteria;Bacillati;Chloroflexota;Candidatus Thermofonsia;Phototrophicales;Phototrophicaceae	0	Unresolved	unresolved
Helga-16SrRNA-NCBI	7	G	Phototrophicus	Bacteria;Bacillati;Chloroflexota;Candidatus Thermofonsia;Phototrophicales;Phototrophicaceae;Phototrophicus	0	Unresolved	unresolved
Helga-16SrRNA-NCBI	8	S	Phototrophicus methaneseepsis	Bacteria;Bacillati;Chloroflexota;Candidatus Thermofonsia;Phototrophicales;Phototrophicaceae;Phototrophicus;Phototrophicus methaneseepsis	2710758	Resolved	assignment
Helga-16SrRNA-NCBI	4	C	Caldilineae	Bacteria;Bacillati;Chloroflexota;Caldilineae	475962	Resolved	source_cache
Helga-16SrRNA-NCBI	5	O	Caldilineales	Bacteria;Bacillati;Chloroflexota;Caldilineae;Caldilineales	475963	Resolved	source_cache
Helga-16SrRNA-NCBI	6	F	Caldilineaceae	Bacteria;Bacillati;Chloroflexota;Caldilineae;Caldilineales;Caldilineaceae	475964	Resolved	source_cache
Helga-16SrRNA-NCBI	7	G	Caldilinea	Bacteria;Bacillati;Chloroflexota;Caldilineae;Caldilineales;Caldilineaceae;Caldilinea	233191	Resolved	source_cache
Helga-16SrRNA-NCBI	8	S	Caldilinea aerophila	Bacteria;Bacillati;Chloroflexota;Caldilineae;Caldilineales;Caldilineaceae;Caldilinea;Caldilinea aerophila	133453	Resolved	source_cache
Helga-16SrRNA-NCBI	7	G	Litorilinea	Bacteria;Bacillati;Chloroflexota;Caldilineae;Caldilineales;Caldilineaceae;Litorilinea	1215913	Resolved	source_cache
Helga-16SrRNA-NCBI	8	S	Litorilinea aerophila	Bacteria;Bacillati;Chloroflexota;Caldilineae;Caldilineales;Caldilineaceae;Litorilinea;Litorilinea aerophila	1204385	Resolved	source_cache
Helga-16SrRNA-NCBI	4	C	Tepidiformia	Bacteria;Bacillati;Chloroflexota;Tepidiformia	0	Unresolved	unresolved
Helga-16SrRNA-NCBI	5	O	Tepidiformales	Bacteria;Bacillati;Chloroflexota;Tepidiformia;Tepidiformales	0	Unresolved	unresolved
Helga-16SrRNA-NCBI	6	F	Tepidiformaceae	Bacteria;Bacillati;Chloroflexota;Tepidiformia;Tepidiformales;Tepidiformaceae	0	Unresolved	unresolved
Helga-16SrRNA-NCBI	7	G	Tepidiforma	Bacteria;Bacillati;Chloroflexota;Tepidiformia;Tepidiformales;Tepidiformaceae;Tepidiforma	0	Unresolved	unresolved
Helga-16SrRNA-NCBI	8	S	Tepidiforma bonchosmolovskayae	Bacteria;Bacillati;Chloroflexota;Tepidiformia;Tepidiformales;Tepidiformaceae;Tepidiforma;Tepidiforma bonchosmolovskayae	2601677	Resolved	assignment
Helga-16SrRNA-NCBI	2	K	Bacteria_none	Bacteria;Bacteria_none	0	Unresolved	unresolved
Helga-16SrRNA-NCBI	3	P	Bacteria_none_none	Bacteria;Bacteria_none;Bacteria_none_none	0	Unresolved	unresolved
Helga-16SrRNA-NCBI	4	C	Deltaproteobacteria	Bacteria;Bacteria_none;Bacteria_none_none;Deltaproteobacteria	0	Unresolved	unresolved
Helga-16SrRNA-NCBI	5	O	Bradymonadales	Bacteria;Bacteria_none;Bacteria_none_none;Deltaproteobacteria;Bradymonadales	0	Unresolved	unresolved
Helga-16SrRNA-NCBI	6	F	Lujinxingiaceae	Bacteria;Bacteria_none;Bacteria_none_none;Deltaproteobacteria;Bradymonadales;Lujinxingiaceae	0	Unresolved	unresolved
Helga-16SrRNA-NCBI	7	G	Lujinxingia	Bacteria;Bacteria_none;Bacteria_none_none;Deltaproteobacteria;Bradymonadales;Lujinxingiaceae;Lujinxingia	0	Unresolved	unresolved
Helga-16SrRNA-NCBI	8	S	Lujinxingia vulgaris	Bacteria;Bacteria_none;Bacteria_none_none;Deltaproteobacteria;Bradymonadales;Lujinxingiaceae;Lujinxingia;Lujinxingia vulgaris	0	Unresolved	unresolved
Helga-16SrRNA-NCBI	2	K	Thermotogati	Bacteria;Thermotogati	3384194	Resolved	source_cache
Helga-16SrRNA-NCBI	3	P	Deinococcota	Bacteria;Thermotogati;Deinococcota	1297	Resolved	source_cache
Helga-16SrRNA-NCBI	4	C	Deinococci	Bacteria;Thermotogati;Deinococcota;Deinococci	188787	Resolved	source_cache
Helga-16SrRNA-NCBI	5	O	Thermales	Bacteria;Thermotogati;Deinococcota;Deinococci;Thermales	0	Unresolved	unresolved
Helga-16SrRNA-NCBI	6	F	Thermaceae	Bacteria;Thermotogati;Deinococcota;Deinococci;Thermales;Thermaceae	0	Unresolved	unresolved
Helga-16SrRNA-NCBI	7	G	Allomeiothermus	Bacteria;Thermotogati;Deinococcota;Deinococci;Thermales;Thermaceae;Allomeiothermus	0	Unresolved	unresolved
Helga-16SrRNA-NCBI	8	S	Allomeiothermus silvanus	Bacteria;Thermotogati;Deinococcota;Deinococci;Thermales;Thermaceae;Allomeiothermus;Allomeiothermus silvanus	52022	Resolved	assignment
Helga-16SrRNA-NCBI	3	P	Synergistota	Bacteria;Thermotogati;Synergistota	508458	Resolved	source_cache
Helga-16SrRNA-NCBI	4	C	Synergistia	Bacteria;Thermotogati;Synergistota;Synergistia	649775	Resolved	source_cache
Helga-16SrRNA-NCBI	5	O	Synergistales	Bacteria;Thermotogati;Synergistota;Synergistia;Synergistales	649776	Resolved	source_cache
Helga-16SrRNA-NCBI	6	F	Aminobacteriaceae	Bacteria;Thermotogati;Synergistota;Synergistia;Synergistales;Aminobacteriaceae	3029087	Resolved	source_cache
Helga-16SrRNA-NCBI	7	G	Aminobacterium	Bacteria;Thermotogati;Synergistota;Synergistia;Synergistales;Aminobacteriaceae;Aminobacterium	81466	Resolved	source_cache
Helga-16SrRNA-NCBI	8	S	Aminobacterium colombiense	Bacteria;Thermotogati;Synergistota;Synergistia;Synergistales;Aminobacteriaceae;Aminobacterium;Aminobacterium colombiense	81468	Resolved	source_cache
Helga-16SrRNA-NCBI	6	F	Synergistaceae	Bacteria;Thermotogati;Synergistota;Synergistia;Synergistales;Synergistaceae	649777	Resolved	source_cache
Helga-16SrRNA-NCBI	7	G	Cloacibacillus	Bacteria;Thermotogati;Synergistota;Synergistia;Synergistales;Synergistaceae;Cloacibacillus	508459	Resolved	source_cache
Helga-16SrRNA-NCBI	8	S	Cloacibacillus porcorum	Bacteria;Thermotogati;Synergistota;Synergistia;Synergistales;Synergistaceae;Cloacibacillus;Cloacibacillus porcorum	1197717	Resolved	source_cache
