TaxonPath	TaxID	ResolutionSource
Bacteria	2	source_cache
Bacteria;Bacillati	1783272	source_cache
Bacteria;Bacillati;Actinomycetota	201174	source_cache
Bacteria;Bacillati;Actinomycetota;Acidimicrobiia	84992	source_cache
Bacteria;Bacillati;Actinomycetota;Acidimicrobiia;Acidimicrobiales	84993	source_cache
Bacteria;Bacillati;Actinomycetota;Acidimicrobiia;Acidimicrobiales;Iamiaceae	633392	source_cache
Bacteria;Bacillati;Actinomycetota;Acidimicrobiia;Acidimicrobiales;Iamiaceae;Actinomarinicola	0	unresolved
Bacteria;Bacillati;Actinomycetota;Acidimicrobiia;Acidimicrobiales;Iamiaceae;Actinomarinicola;Actinomarinicola tropica	2789776	assignment
Bacteria;Bacillati;Actinomycetota;Acidimicrobiia;Acidimicrobiales;Iamiaceae;Aquihabitans	1648491	source_cache
Bacteria;Bacillati;Actinomycetota;Acidimicrobiia;Acidimicrobiales;Iamiaceae;Aquihabitans;Aquihabitans daechungensis	1052257	source_cache
Bacteria;Bacillati;Actinomycetota;Acidimicrobiia;Acidimicrobiales;Iamiaceae;Rhabdothermincola	2820403	source_cache
Bacteria;Bacillati;Actinomycetota;Acidimicrobiia;Acidimicrobiales;Iamiaceae;Rhabdothermincola;Rhabdothermincola salaria	2903142	assignment
Bacteria;Bacillati;Actinomycetota;Acidimicrobiia;Acidimicrobiales;Iamiaceae;Rhabdothermincola;Rhabdothermincola sediminis	2751370	source_cache
Bacteria;Bacillati;Actinomycetota;Acidimicrobiia;Acidimicrobiales;Ilumatobacteraceae	2448023	source_cache
Bacteria;Bacillati;Actinomycetota;Acidimicrobiia;Acidimicrobiales;Ilumatobacteraceae;Desertimonas	0	unresolved
Bacteria;Bacillati;Actinomycetota;Acidimicrobiia;Acidimicrobiales;Ilumatobacteraceae;Desertimonas;Desertimonas flava	2064846	assignment
Bacteria;Bacillati;Actinomycetota;Acidimicrobiia;Acidimicrobiales;Ilumatobacteraceae;Ilumatobacter	682522	source_cache
Bacteria;Bacillati;Actinomycetota;Acidimicrobiia;Acidimicrobiales;Ilumatobacteraceae;Ilumatobacter;Ilumatobacter fluminis	467091	source_cache
Bacteria;Bacillati;Actinomycetota;Acidimicrobiia;Acidimicrobiales;Ilumatobacteraceae;Ilumatobacter;Ilumatobacter nonamiensis	1313171	assignment
Bacteria;Bacillati;Actinomycetota;Actinomycetes	1760	source_cache
Bacteria;Bacillati;Actinomycetota;Actinomycetes;Acidothermales	0	unresolved
Bacteria;Bacillati;Actinomycetota;Actinomycetes;Acidothermales;Acidothermaceae	0	unresolved
Bacteria;Bacillati;Actinomycetota;Actinomycetes;Acidothermales;Acidothermaceae;Acidothermus	0	unresolved
Bacteria;Bacillati;Actinomycetota;Actinomycetes;Acidothermales;Acidothermaceae;Acidothermus;Acidothermus cellulolyticus	28049	assignment
Bacteria;Bacillati;Actinomycetota;Actinomycetes;Frankiales	0	unresolved
Bacteria;Bacillati;Actinomycetota;Actinomycetes;Frankiales;Frankiaceae	0	unresolved
Bacteria;Bacillati;Actinomycetota;Actinomycetes;Frankiales;Frankiaceae;Frankia	0	unresolved
Bacteria;Bacillati;Actinomycetota;Actinomycetes;Frankiales;Frankiaceae;Frankia;Frankia alni	326424	assignment
Bacteria;Bacillati;Actinomycetota;Actinomycetes;Frankiales;Frankiaceae;Pseudofrankia	0	unresolved
Bacteria;Bacillati;Actinomycetota;Actinomycetes;Frankiales;Frankiaceae;Pseudofrankia;Pseudofrankia asymbiotica	1834516	assignment
Bacteria;Bacillati;Actinomycetota;Actinomycetes;Geodermatophilales	1643682	source_cache
Bacteria;Bacillati;Actinomycetota;Actinomycetes;Geodermatophilales;Geodermatophilaceae	85030	source_cache
Bacteria;Bacillati;Actinomycetota;Actinomycetes;Geodermatophilales;Geodermatophilaceae;Geodermatophilus	0	unresolved
Bacteria;Bacillati;Actinomycetota;Actinomycetes;Geodermatophilales;Geodermatophilaceae;Geodermatophilus;Geodermatophilus obscurus	526225	assignment
Bacteria;Bacillati;Actinomycetota;Actinomycetes;Geodermatophilales;Geodermatophilaceae;Klenkia	0	unresolved
Bacteria;Bacillati;Actinomycetota;Actinomycetes;Geodermatophilales;Geodermatophilaceae;Klenkia;Klenkia marina	1960309	assignment
Bacteria;Bacillati;Actinomycetota;Actinomycetes;Geodermatophilales;Geodermatophilaceae;Modestobacter	0	unresolved
Bacteria;Bacillati;Actinomycetota;Actinomycetes;Geodermatophilales;Geodermatophilaceae;Modestobacter;Modestobacter lapidis	1608613	assignment
Bacteria;Bacillati;Actinomycetota;Actinomycetes;Jatrophihabitantales	0	unresolved
Bacteria;Bacillati;Actinomycetota;Actinomycetes;Jatrophihabitantales;Jatrophihabitantaceae	0	unresolved
Bacteria;Bacillati;Actinomycetota;Actinomycetes;Jatrophihabitantales;Jatrophihabitantaceae;Jatrophihabitans	0	unresolved
Bacteria;Bacillati;Actinomycetota;Actinomycetes;Jatrophihabitantales;Jatrophihabitantaceae;Jatrophihabitans;Jatrophihabitans soli	1610748	assignment
Bacteria;Bacillati;Actinomycetota;Actinomycetes;Kitasatosporales	85011	source_cache
Bacteria;Bacillati;Actinomycetota;Actinomycetes;Kitasatosporales;Streptomycetaceae	2062	source_cache
Bacteria;Bacillati;Actinomycetota;Actinomycetes;Kitasatosporales;Streptomycetaceae;Yinghuangia	2805681	source_cache
Bacteria;Bacillati;Actinomycetota;Actinomycetes;Kitasatosporales;Streptomycetaceae;Yinghuangia;Yinghuangia aomiensis	676205	source_cache
Bacteria;Bacillati;Actinomycetota;Actinomycetes;Micrococcales	85006	source_cache
Bacteria;Bacillati;Actinomycetota;Actinomycetes;Micrococcales;Demequinaceae	0	unresolved
Bacteria;Bacillati;Actinomycetota;Actinomycetes;Micrococcales;Demequinaceae;Demequina	0	unresolved
Bacteria;Bacillati;Actinomycetota;Actinomycetes;Micrococcales;Demequinaceae;Demequina;Demequina aurantiaca	676200	assignment
Bacteria;Bacillati;Actinomycetota;Actinomycetes;Micrococcales;Microbacteriaceae	85023	source_cache
Bacteria;Bacillati;Actinomycetota;Actinomycetes;Micrococcales;Microbacteriaceae;Agrococcus	46352	source_cache
Bacteria;Bacillati;Actinomycetota;Actinomycetes;Micrococcales;Microbacteriaceae;Agrococcus;Agrococcus terreus	574649	source_cache
Bacteria;Bacillati;Actinomycetota;Actinomycetes;Micrococcales;Microbacteriaceae;Agromyces	33877	source_cache
Bacteria;Bacillati;Actinomycetota;Actinomycetes;Micrococcales;Microbacteriaceae;Agromyces;Agromyces agglutinans	2662258	assignment
Bacteria;Bacillati;Actinomycetota;Actinomycetes;Micrococcales;Microbacteriaceae;Aquiluna	0	unresolved
Bacteria;Bacillati;Actinomycetota;Actinomycetes;Micrococcales;Microbacteriaceae;Aquiluna;Candidatus Aquiluna rubra	529882	assignment
Bacteria;Bacillati;Actinomycetota;Actinomycetes;Micrococcales;Microbacteriaceae;Candidatus Planktoluna	0	unresolved
Bacteria;Bacillati;Actinomycetota;Actinomycetes;Micrococcales;Microbacteriaceae;Candidatus Planktoluna;Candidatus Planktoluna difficilis	500017	assignment
Bacteria;Bacillati;Actinomycetota;Actinomycetes;Micrococcales;Microbacteriaceae;Cryobacterium	69578	source_cache
Bacteria;Bacillati;Actinomycetota;Actinomycetes;Micrococcales;Microbacteriaceae;Cryobacterium;Cryobacterium roopkundense	1001240	assignment
Bacteria;Bacillati;Actinomycetota;Actinomycetes;Micrococcales;Microbacteriaceae;Cryobacterium;Cryobacterium tepidiphilum	2486026	source_cache
Bacteria;Bacillati;Actinomycetota;Actinomycetes;Micrococcales;Microbacteriaceae;Leifsonia	0	unresolved
Bacteria;Bacillati;Actinomycetota;Actinomycetes;Micrococcales;Microbacteriaceae;Leifsonia;Leifsonia kafniensis	475957	assignment
Bacteria;Bacillati;Actinomycetota;Actinomycetes;Micrococcales;Microbacteriaceae;Microbacterium	33882	source_cache
Bacteria;Bacillati;Actinomycetota;Actinomycetes;Micrococcales;Microbacteriaceae;Microbacterium;Microbacterium arborescens	33883	source_cache
Bacteria;Bacillati;Actinomycetota;Actinomycetes;Micrococcales;Microbacteriaceae;Naasia	0	unresolved
Bacteria;Bacillati;Actinomycetota;Actinomycetes;Micrococcales;Microbacteriaceae;Naasia;Naasia aerilata	1162966	assignment
Bacteria;Bacillati;Actinomycetota;Actinomycetes;Micrococcales;Microbacteriaceae;Pontimonas	0	unresolved
Bacteria;Bacillati;Actinomycetota;Actinomycetes;Micrococcales;Microbacteriaceae;Pontimonas;Pontimonas salivibrio	1159327	assignment
Bacteria;Bacillati;Actinomycetota;Actinomycetes;Micrococcales;Microbacteriaceae;Protaetiibacter	2680004	source_cache
Bacteria;Bacillati;Actinomycetota;Actinomycetes;Micrococcales;Microbacteriaceae;Protaetiibacter;Protaetiibacter intestinalis	2419774	source_cache
Bacteria;Bacillati;Actinomycetota;Actinomycetes;Micrococcales;Microbacteriaceae;Rhodoluna	0	unresolved
Bacteria;Bacillati;Actinomycetota;Actinomycetes;Micrococcales;Microbacteriaceae;Rhodoluna;Rhodoluna limnophila	232537	assignment
Bacteria;Bacillati;Actinomycetota;Actinomycetes;Micromonosporales	85008	source_cache
Bacteria;Bacillati;Actinomycetota;Actinomycetes;Micromonosporales;Micromonosporaceae	28056	source_cache
Bacteria;Bacillati;Actinomycetota;Actinomycetes;Micromonosporales;Micromonosporaceae;Micromonospora	1873	source_cache
Bacteria;Bacillati;Actinomycetota;Actinomycetes;Micromonosporales;Micromonosporaceae;Micromonospora;Micromonospora aurantiaca	47850	assignment
Bacteria;Bacillati;Actinomycetota;Actinomycetes;Micromonosporales;Micromonosporaceae;Micromonospora;Micromonospora halophytica	47864	assignment
Bacteria;Bacillati;Actinomycetota;Actinomycetes;Mycobacteriales	85007	source_cache
Bacteria;Bacillati;Actinomycetota;Actinomycetes;Mycobacteriales;Corynebacteriaceae	1653	source_cache
Bacteria;Bacillati;Actinomycetota;Actinomycetes;Mycobacteriales;Corynebacteriaceae;Corynebacterium	1716	source_cache
Bacteria;Bacillati;Actinomycetota;Actinomycetes;Mycobacteriales;Corynebacteriaceae;Corynebacterium;Corynebacterium stationis	1705	assignment
Bacteria;Bacillati;Actinomycetota;Actinomycetes;Mycobacteriales;Gordoniaceae	85026	source_cache
Bacteria;Bacillati;Actinomycetota;Actinomycetes;Mycobacteriales;Gordoniaceae;Gordonia	2053	source_cache
Bacteria;Bacillati;Actinomycetota;Actinomycetes;Mycobacteriales;Gordoniaceae;Gordonia;Gordonia hongkongensis	1701090	source_cache
Bacteria;Bacillati;Actinomycetota;Actinomycetes;Mycobacteriales;Gordoniaceae;Gordonia;Gordonia terrae	2055	source_cache
Bacteria;Bacillati;Actinomycetota;Actinomycetes;Mycobacteriales;Mycobacteriaceae	1762	source_cache
Bacteria;Bacillati;Actinomycetota;Actinomycetes;Mycobacteriales;Mycobacteriaceae;Mycobacterium	0	unresolved
Bacteria;Bacillati;Actinomycetota;Actinomycetes;Mycobacteriales;Mycobacteriaceae;Mycobacterium;Mycobacterium hackensackense	228909	assignment
Bacteria;Bacillati;Actinomycetota;Actinomycetes;Mycobacteriales;Mycobacteriaceae;Mycobacterium;Mycobacterium helveticum	2592811	assignment
Bacteria;Bacillati;Actinomycetota;Actinomycetes;Mycobacteriales;Mycobacteriaceae;Mycobacterium;Mycobacterium syngnathidarum	1908205	assignment
Bacteria;Bacillati;Actinomycetota;Actinomycetes;Mycobacteriales;Mycobacteriaceae;Mycolicibacterium	1866885	source_cache
Bacteria;Bacillati;Actinomycetota;Actinomycetes;Mycobacteriales;Mycobacteriaceae;Mycolicibacterium;Mycolicibacterium aichiense	1799	assignment
Bacteria;Bacillati;Actinomycetota;Actinomycetes;Mycobacteriales;Mycobacteriaceae;Mycolicibacterium;Mycolicibacterium anyangense	1431246	source_cache
Bacteria;Bacillati;Actinomycetota;Actinomycetes;Mycobacteriales;Mycobacteriaceae;Mycolicibacterium;Mycolicibacterium aromaticivorans	318425	assignment
Bacteria;Bacillati;Actinomycetota;Actinomycetes;Mycobacteriales;Mycobacteriaceae;Mycolicibacterium;Mycolicibacterium bacteremicum	564198	assignment
Bacteria;Bacillati;Actinomycetota;Actinomycetes;Mycobacteriales;Mycobacteriaceae;Mycolicibacterium;Mycolicibacterium boenickei	146017	assignment
Bacteria;Bacillati;Actinomycetota;Actinomycetes;Mycobacteriales;Mycobacteriaceae;Mycolicibacterium;Mycolicibacterium canariasense	228230	assignment
Bacteria;Bacillati;Actinomycetota;Actinomycetes;Mycobacteriales;Mycobacteriaceae;Mycolicibacterium;Mycolicibacterium chubuense	1800	assignment
Bacteria;Bacillati;Actinomycetota;Actinomycetes;Mycobacteriales;Mycobacteriaceae;Mycolicibacterium;Mycolicibacterium conceptionense	451644	assignment
Bacteria;Bacillati;Actinomycetota;Actinomycetes;Mycobacteriales;Mycobacteriaceae;Mycolicibacterium;Mycolicibacterium cosmeticum	258533	assignment
Bacteria;Bacillati;Actinomycetota;Actinomycetes;Mycobacteriales;Mycobacteriaceae;Mycolicibacterium;Mycolicibacterium crocinum	388459	assignment
Bacteria;Bacillati;Actinomycetota;Actinomycetes;Mycobacteriales;Mycobacteriaceae;Mycolicibacterium;Mycolicibacterium diernhoferi	1801	assignment
Bacteria;Bacillati;Actinomycetota;Actinomycetes;Mycobacteriales;Mycobacteriaceae;Mycolicibacterium;Mycolicibacterium duvalii	39688	assignment
Bacteria;Bacillati;Actinomycetota;Actinomycetes;Mycobacteriales;Mycobacteriaceae;Mycolicibacterium;Mycolicibacterium farcinogenes	1802	assignment
Bacteria;Bacillati;Actinomycetota;Actinomycetes;Mycobacteriales;Mycobacteriaceae;Mycolicibacterium;Mycolicibacterium fluoranthenivorans	258505	source_cache
Bacteria;Bacillati;Actinomycetota;Actinomycetes;Mycobacteriales;Mycobacteriaceae;Mycolicibacterium;Mycolicibacterium fortuitum	144550	assignment
Bacteria;Bacillati;Actinomycetota;Actinomycetes;Mycobacteriales;Mycobacteriaceae;Mycolicibacterium;Mycolicibacterium frederiksbergense	117567	assignment
Bacteria;Bacillati;Actinomycetota;Actinomycetes;Mycobacteriales;Mycobacteriaceae;Mycolicibacterium;Mycolicibacterium gilvum	1804	assignment
Bacteria;Bacillati;Actinomycetota;Actinomycetes;Mycobacteriales;Mycobacteriaceae;Mycolicibacterium;Mycolicibacterium hippocampi	659824	assignment
Bacteria;Bacillati;Actinomycetota;Actinomycetes;Mycobacteriales;Mycobacteriaceae;Mycolicibacterium;Mycolicibacterium holsaticum	152142	assignment
Bacteria;Bacillati;Actinomycetota;Actinomycetes;Mycobacteriales;Mycobacteriaceae;Mycolicibacterium;Mycolicibacterium insubricum	444597	assignment
Bacteria;Bacillati;Actinomycetota;Actinomycetes;Mycobacteriales;Mycobacteriaceae;Mycolicibacterium;Mycolicibacterium lutetiense	1641992	assignment
Bacteria;Bacillati;Actinomycetota;Actinomycetes;Mycobacteriales;Mycobacteriaceae;Mycolicibacterium;Mycolicibacterium mageritense	53462	assignment
Bacteria;Bacillati;Actinomycetota;Actinomycetes;Mycobacteriales;Mycobacteriaceae;Mycolicibacterium;Mycolicibacterium murale	182220	assignment
Bacteria;Bacillati;Actinomycetota;Actinomycetes;Mycobacteriales;Mycobacteriaceae;Mycolicibacterium;Mycolicibacterium neoaurum	1265312	assignment
Bacteria;Bacillati;Actinomycetota;Actinomycetes;Mycobacteriales;Mycobacteriaceae;Mycolicibacterium;Mycolicibacterium neworleansense	146018	assignment
Bacteria;Bacillati;Actinomycetota;Actinomycetes;Mycobacteriales;Mycobacteriaceae;Mycolicibacterium;Mycolicibacterium pallens	370524	assignment
Bacteria;Bacillati;Actinomycetota;Actinomycetes;Mycobacteriales;Mycobacteriaceae;Mycolicibacterium;Mycolicibacterium peregrinum	43304	assignment
Bacteria;Bacillati;Actinomycetota;Actinomycetes;Mycobacteriales;Mycobacteriaceae;Mycolicibacterium;Mycolicibacterium phocaicum	319706	assignment
Bacteria;Bacillati;Actinomycetota;Actinomycetes;Mycobacteriales;Mycobacteriaceae;Mycolicibacterium;Mycolicibacterium rhodesiae	36814	assignment
Bacteria;Bacillati;Actinomycetota;Actinomycetes;Mycobacteriales;Mycobacteriaceae;Mycolicibacterium;Mycolicibacterium rutilum	370526	assignment
Bacteria;Bacillati;Actinomycetota;Actinomycetes;Mycobacteriales;Mycobacteriaceae;Mycolicibacterium;Mycolicibacterium senegalense	1796	assignment
Bacteria;Bacillati;Actinomycetota;Actinomycetes;Mycobacteriales;Mycobacteriaceae;Mycolicibacterium;Mycolicibacterium septicum	1341646	assignment
Bacteria;Bacillati;Actinomycetota;Actinomycetes;Mycobacteriales;Mycobacteriaceae;Mycolicibacterium;Mycolicibacterium setense	431269	assignment
Bacteria;Bacillati;Actinomycetota;Actinomycetes;Mycobacteriales;Mycobacteriaceae;Mycolicibacterium;Mycolicibacterium smegmatis	1772	assignment
Bacteria;Bacillati;Actinomycetota;Actinomycetes;Mycobacteriales;Mycobacteriaceae;Mycolicibacterium;Mycolicibacterium sphagni	1786	assignment
Bacteria;Bacillati;Actinomycetota;Actinomycetes;Mycobacteriales;Mycobacteriaceae;Mycolicibacterium;Mycolicibacterium stellerae	2358193	assignment
Bacteria;Bacillati;Actinomycetota;Actinomycetes;Mycobacteriales;Mycobacteriaceae;Mycolicibacterium;Mycolicibacterium vaccae	1810	assignment
Bacteria;Bacillati;Actinomycetota;Actinomycetes;Mycobacteriales;Mycobacteriaceae;Mycolicibacterium;Mycolicibacterium vinylchloridicum	2736928	assignment
Bacteria;Bacillati;Actinomycetota;Actinomycetes;Mycobacteriales;Mycobacteriaceae;Mycolicibacterium;Mycolicibacterium wolinskyi	59750	assignment
Bacteria;Bacillati;Actinomycetota;Actinomycetes;Mycobacteriales;Nocardiaceae	85025	source_cache
Bacteria;Bacillati;Actinomycetota;Actinomycetes;Mycobacteriales;Nocardiaceae;Prescottella	2979332	source_cache
Bacteria;Bacillati;Actinomycetota;Actinomycetes;Mycobacteriales;Nocardiaceae;Prescottella;Prescottella soli	1543852	assignment
Bacteria;Bacillati;Actinomycetota;Actinomycetes;Mycobacteriales;Nocardiaceae;Rhodococcoides	0	unresolved
Bacteria;Bacillati;Actinomycetota;Actinomycetes;Mycobacteriales;Nocardiaceae;Rhodococcoides;Rhodococcoides corynebacterioides	53972	assignment
Bacteria;Bacillati;Actinomycetota;Actinomycetes;Mycobacteriales;Nocardiaceae;Rhodococcus	1827	source_cache
Bacteria;Bacillati;Actinomycetota;Actinomycetes;Mycobacteriales;Nocardiaceae;Rhodococcus;Rhodococcus aetherivorans	191292	assignment
Bacteria;Bacillati;Actinomycetota;Actinomycetes;Mycobacteriales;Nocardiaceae;Rhodococcus;Rhodococcus gordoniae	223392	assignment
Bacteria;Bacillati;Actinomycetota;Actinomycetes;Mycobacteriales;Nocardiaceae;Rhodococcus;Rhodococcus phenolicus	263849	assignment
Bacteria;Bacillati;Actinomycetota;Actinomycetes;Mycobacteriales;Nocardiaceae;Rhodococcus;Rhodococcus pyridinivorans	103816	assignment
Bacteria;Bacillati;Actinomycetota;Actinomycetes;Mycobacteriales;Nocardiaceae;Rhodococcus;Rhodococcus rhodochrous	1829	assignment
Bacteria;Bacillati;Actinomycetota;Actinomycetes;Mycobacteriales;Nocardiaceae;Rhodococcus;Rhodococcus ruber	1830	assignment
Bacteria;Bacillati;Actinomycetota;Actinomycetes;Nakamurellales	0	unresolved
Bacteria;Bacillati;Actinomycetota;Actinomycetes;Nakamurellales;Nakamurellaceae	0	unresolved
Bacteria;Bacillati;Actinomycetota;Actinomycetes;Nakamurellales;Nakamurellaceae;Nakamurella	0	unresolved
Bacteria;Bacillati;Actinomycetota;Actinomycetes;Nakamurellales;Nakamurellaceae;Nakamurella;Nakamurella endophytica	1748367	assignment
Bacteria;Bacillati;Actinomycetota;Actinomycetes;Propionibacteriales	85009	source_cache
Bacteria;Bacillati;Actinomycetota;Actinomycetes;Propionibacteriales;Kribbellaceae	0	unresolved
Bacteria;Bacillati;Actinomycetota;Actinomycetes;Propionibacteriales;Kribbellaceae;Kribbella	0	unresolved
Bacteria;Bacillati;Actinomycetota;Actinomycetes;Propionibacteriales;Kribbellaceae;Kribbella;Kribbella flavida	182640	assignment
Bacteria;Bacillati;Actinomycetota;Actinomycetes;Propionibacteriales;Kribbellaceae;Kribbella;Kribbella italica	1540520	assignment
Bacteria;Bacillati;Actinomycetota;Actinomycetes;Propionibacteriales;Nocardioidaceae	85015	source_cache
Bacteria;Bacillati;Actinomycetota;Actinomycetes;Propionibacteriales;Nocardioidaceae;Aeromicrobium	2040	source_cache
Bacteria;Bacillati;Actinomycetota;Actinomycetes;Propionibacteriales;Nocardioidaceae;Aeromicrobium;Aeromicrobium alkaliterrae	302168	source_cache
Bacteria;Bacillati;Actinomycetota;Actinomycetes;Propionibacteriales;Nocardioidaceae;Aeromicrobium;Aeromicrobium camelliae	1538144	assignment
Bacteria;Bacillati;Actinomycetota;Actinomycetes;Propionibacteriales;Nocardioidaceae;Aeromicrobium;Aeromicrobium choanae	1736691	assignment
Bacteria;Bacillati;Actinomycetota;Actinomycetes;Propionibacteriales;Nocardioidaceae;Aeromicrobium;Aeromicrobium erythreum	2041	assignment
Bacteria;Bacillati;Actinomycetota;Actinomycetes;Propionibacteriales;Nocardioidaceae;Aeromicrobium;Aeromicrobium ginsengisoli	363867	source_cache
Bacteria;Bacillati;Actinomycetota;Actinomycetes;Propionibacteriales;Nocardioidaceae;Aeromicrobium;Aeromicrobium halocynthiae	560557	assignment
Bacteria;Bacillati;Actinomycetota;Actinomycetes;Propionibacteriales;Nocardioidaceae;Aeromicrobium;Aeromicrobium lacus	2233852	assignment
Bacteria;Bacillati;Actinomycetota;Actinomycetes;Propionibacteriales;Nocardioidaceae;Aeromicrobium;Aeromicrobium marinum	219314	assignment
Bacteria;Bacillati;Actinomycetota;Actinomycetes;Propionibacteriales;Nocardioidaceae;Aeromicrobium;Aeromicrobium massiliense	1033730	assignment
Bacteria;Bacillati;Actinomycetota;Actinomycetes;Propionibacteriales;Nocardioidaceae;Aeromicrobium;Aeromicrobium panaciterrae	363861	assignment
Bacteria;Bacillati;Actinomycetota;Actinomycetes;Propionibacteriales;Nocardioidaceae;Aeromicrobium;Aeromicrobium phoceense	2754045	source_cache
Bacteria;Bacillati;Actinomycetota;Actinomycetes;Propionibacteriales;Nocardioidaceae;Aeromicrobium;Aeromicrobium stalagmiti	2738988	assignment
Bacteria;Bacillati;Actinomycetota;Actinomycetes;Propionibacteriales;Nocardioidaceae;Aeromicrobium;Aeromicrobium tamlense	375541	assignment
Bacteria;Bacillati;Actinomycetota;Actinomycetes;Propionibacteriales;Nocardioidaceae;Aeromicrobium;Aeromicrobium terrae	2498846	assignment
Bacteria;Bacillati;Actinomycetota;Actinomycetes;Propionibacteriales;Nocardioidaceae;Aeromicrobium;Aeromicrobium yanjiei	2662028	assignment
Bacteria;Bacillati;Actinomycetota;Actinomycetes;Propionibacteriales;Nocardioidaceae;Nocardioides	1839	source_cache
Bacteria;Bacillati;Actinomycetota;Actinomycetes;Propionibacteriales;Nocardioidaceae;Nocardioides;Nocardioides jensenii	1843	assignment
Bacteria;Bacillati;Actinomycetota;Actinomycetes;Propionibacteriales;Nocardioidaceae;Propionicimonas	236052	source_cache
Bacteria;Bacillati;Actinomycetota;Actinomycetes;Propionibacteriales;Nocardioidaceae;Propionicimonas;Propionicimonas paludicola	185243	source_cache
Bacteria;Bacillati;Actinomycetota;Actinomycetes;Propionibacteriales;Propionibacteriaceae	31957	source_cache
Bacteria;Bacillati;Actinomycetota;Actinomycetes;Propionibacteriales;Propionibacteriaceae;Cutibacterium	1912216	source_cache
Bacteria;Bacillati;Actinomycetota;Actinomycetes;Propionibacteriales;Propionibacteriaceae;Cutibacterium;Cutibacterium modestum	2559073	source_cache
Bacteria;Bacillati;Actinomycetota;Actinomycetes;Propionibacteriales;Propionibacteriaceae;Microlunatus	29404	source_cache
Bacteria;Bacillati;Actinomycetota;Actinomycetes;Propionibacteriales;Propionibacteriaceae;Microlunatus;Microlunatus sagamiharensis	546874	assignment
Bacteria;Bacillati;Actinomycetota;Actinomycetes;Sporichthyales	2495578	source_cache
Bacteria;Bacillati;Actinomycetota;Actinomycetes;Sporichthyales;Sporichthyaceae	85033	source_cache
Bacteria;Bacillati;Actinomycetota;Actinomycetes;Sporichthyales;Sporichthyaceae;Longivirga	0	unresolved
Bacteria;Bacillati;Actinomycetota;Actinomycetes;Sporichthyales;Sporichthyaceae;Longivirga;Longivirga aurantiaca	1837743	assignment
Bacteria;Bacillati;Actinomycetota;Actinomycetes;Sporichthyales;Sporichthyaceae;Sporichthya	0	unresolved
Bacteria;Bacillati;Actinomycetota;Actinomycetes;Sporichthyales;Sporichthyaceae;Sporichthya;Sporichthya brevicatena	171442	assignment
Bacteria;Bacillati;Actinomycetota;Actinomycetes;Sporichthyales;Sporichthyaceae;Sporichthya;Sporichthya polymorpha	1048339	assignment
Bacteria;Bacillati;Actinomycetota;Thermoleophilia	1497346	source_cache
Bacteria;Bacillati;Actinomycetota;Thermoleophilia;Miltoncostaeales	2843198	source_cache
Bacteria;Bacillati;Actinomycetota;Thermoleophilia;Miltoncostaeales;Miltoncostaeaceae	2843199	source_cache
Bacteria;Bacillati;Actinomycetota;Thermoleophilia;Miltoncostaeales;Miltoncostaeaceae;Miltoncostaea	2843200	source_cache
Bacteria;Bacillati;Actinomycetota;Thermoleophilia;Miltoncostaeales;Miltoncostaeaceae;Miltoncostaea;Miltoncostaea marina	2843215	source_cache
Bacteria;Bacillati;Actinomycetota;Thermoleophilia;Solirubrobacterales	588673	source_cache
Bacteria;Bacillati;Actinomycetota;Thermoleophilia;Solirubrobacterales;Conexibacteraceae	320583	source_cache
Bacteria;Bacillati;Actinomycetota;Thermoleophilia;Solirubrobacterales;Conexibacteraceae;Conexibacter	191494	source_cache
Bacteria;Bacillati;Actinomycetota;Thermoleophilia;Solirubrobacterales;Conexibacteraceae;Conexibacter;Conexibacter arvalis	912552	source_cache
Bacteria;Bacillati;Actinomycetota;Thermoleophilia;Solirubrobacterales;Parviterribacteraceae	0	unresolved
Bacteria;Bacillati;Actinomycetota;Thermoleophilia;Solirubrobacterales;Parviterribacteraceae;Parviterribacter	0	unresolved
Bacteria;Bacillati;Actinomycetota;Thermoleophilia;Solirubrobacterales;Parviterribacteraceae;Parviterribacter;Parviterribacter kavangonensis	1640865	assignment
Bacteria;Bacillati;Actinomycetota;Thermoleophilia;Solirubrobacterales;Patulibacteraceae	361606	source_cache
Bacteria;Bacillati;Actinomycetota;Thermoleophilia;Solirubrobacterales;Patulibacteraceae;Patulibacter	361607	source_cache
Bacteria;Bacillati;Actinomycetota;Thermoleophilia;Solirubrobacterales;Patulibacteraceae;Patulibacter;Patulibacter brassicae	1705717	assignment
Bacteria;Bacillati;Bacillota	1239	source_cache
Bacteria;Bacillati;Bacillota;Bacilli	91061	source_cache
Bacteria;Bacillati;Bacillota;Bacilli;Bacillales	0	unresolved
Bacteria;Bacillati;Bacillota;Bacilli;Bacillales;Alicyclobacillaceae	186823	source_cache
Bacteria;Bacillati;Bacillota;Bacilli;Bacillales;Alicyclobacillaceae;Alicyclobacillus	0	unresolved
Bacteria;Bacillati;Bacillota;Bacilli;Bacillales;Alicyclobacillaceae;Alicyclobacillus;Alicyclobacillus pomorum	204470	assignment
Bacteria;Bacillati;Bacillota;Bacilli;Bacillales;Anoxybacillaceae	3120669	source_cache
Bacteria;Bacillati;Bacillota;Bacilli;Bacillales;Anoxybacillaceae;Geobacillus	129337	source_cache
Bacteria;Bacillati;Bacillota;Bacilli;Bacillales;Anoxybacillaceae;Geobacillus;Geobacillus kaustophilus	1220595	assignment
Bacteria;Bacillati;Bacillota;Bacilli;Bacillales;Anoxybacillaceae;Geobacillus;Geobacillus proteiniphilus	860353	assignment
Bacteria;Bacillati;Bacillota;Bacilli;Bacillales;Bacillaceae	186817	source_cache
Bacteria;Bacillati;Bacillota;Bacilli;Bacillales;Bacillaceae;Bacillus	1386	source_cache
Bacteria;Bacillati;Bacillota;Bacilli;Bacillales;Bacillaceae;Bacillus;Bacillus aequororis	1463663	assignment
Bacteria;Bacillati;Bacillota;Bacilli;Bacillales;Bacillaceae;Bacillus;Bacillus haikouensis	1510468	assignment
Bacteria;Bacillati;Bacillota;Bacilli;Bacillales;Bacillaceae;Bacillus;Bacillus nitratireducens	2026193	assignment
Bacteria;Bacillati;Bacillota;Bacilli;Bacillales;Bacillaceae;Bacillus;Bacillus salipaludis	2547811	source_cache
Bacteria;Bacillati;Bacillota;Bacilli;Bacillales;Bacillaceae;Bacillus;Bacillus timonensis	1033734	assignment
Bacteria;Bacillati;Bacillota;Bacilli;Bacillales;Bacillaceae;Cytobacillus	0	unresolved
Bacteria;Bacillati;Bacillota;Bacilli;Bacillales;Bacillaceae;Cytobacillus;Cytobacillus firmus	1399	assignment
Bacteria;Bacillati;Bacillota;Bacilli;Bacillales;Bacillaceae;Fictibacillus	0	unresolved
Bacteria;Bacillati;Bacillota;Bacilli;Bacillales;Bacillaceae;Fictibacillus;Fictibacillus halophilus	1610490	assignment
Bacteria;Bacillati;Bacillota;Bacilli;Bacillales;Bacillaceae;Fictibacillus;Fictibacillus nanhaiensis	742169	assignment
Bacteria;Bacillati;Bacillota;Bacilli;Bacillales;Bacillaceae;Fictibacillus;Fictibacillus phosphorivorans	1221500	assignment
Bacteria;Bacillati;Bacillota;Bacilli;Bacillales;Bacillaceae;Gottfriedia	0	unresolved
Bacteria;Bacillati;Bacillota;Bacilli;Bacillales;Bacillaceae;Gottfriedia;Gottfriedia acidiceleris	371036	assignment
Bacteria;Bacillati;Bacillota;Bacilli;Bacillales;Bacillaceae;Mesobacillus	0	unresolved
Bacteria;Bacillati;Bacillota;Bacilli;Bacillales;Bacillaceae;Mesobacillus;Mesobacillus thioparans	370439	assignment
Bacteria;Bacillati;Bacillota;Bacilli;Bacillales;Bacillaceae;Neobacillus	2675232	source_cache
Bacteria;Bacillati;Bacillota;Bacilli;Bacillales;Bacillaceae;Neobacillus;Neobacillus endophyticus	2738405	assignment
Bacteria;Bacillati;Bacillota;Bacilli;Bacillales;Bacillaceae;Neobacillus;Neobacillus niacini	86668	assignment
Bacteria;Bacillati;Bacillota;Bacilli;Bacillales;Bacillaceae;Peribacillus	2675229	source_cache
Bacteria;Bacillati;Bacillota;Bacilli;Bacillales;Bacillaceae;Peribacillus;Peribacillus simplex	1349754	assignment
Bacteria;Bacillati;Bacillota;Bacilli;Bacillales;Bacillaceae;Priestia	2800373	source_cache
Bacteria;Bacillati;Bacillota;Bacilli;Bacillales;Bacillaceae;Priestia;Priestia flexa	86664	source_cache
Bacteria;Bacillati;Bacillota;Bacilli;Bacillales;Bacillaceae;Rossellomorea	0	unresolved
Bacteria;Bacillati;Bacillota;Bacilli;Bacillales;Bacillaceae;Rossellomorea;Rossellomorea vietnamensis	218284	assignment
Bacteria;Bacillati;Bacillota;Bacilli;Bacillales;Bacillaceae;Sutcliffiella	0	unresolved
Bacteria;Bacillati;Bacillota;Bacilli;Bacillales;Bacillaceae;Sutcliffiella;Sutcliffiella horikoshii	79883	assignment
Bacteria;Bacillati;Bacillota;Bacilli;Bacillales;Caryophanaceae	186818	source_cache
Bacteria;Bacillati;Bacillota;Bacilli;Bacillales;Caryophanaceae;Jeotgalibacillus	157226	source_cache
Bacteria;Bacillati;Bacillota;Bacilli;Bacillales;Caryophanaceae;Jeotgalibacillus;Jeotgalibacillus malaysiensis	1508404	source_cache
Bacteria;Bacillati;Bacillota;Bacilli;Bacillales;Paenibacillaceae	186822	source_cache
Bacteria;Bacillati;Bacillota;Bacilli;Bacillales;Paenibacillaceae;Aneurinibacillus	0	unresolved
Bacteria;Bacillati;Bacillota;Bacilli;Bacillales;Paenibacillaceae;Aneurinibacillus;Aneurinibacillus migulanus	47500	assignment
Bacteria;Bacillati;Bacillota;Bacilli;Bacillales;Paenibacillaceae;Brevibacillus	55080	source_cache
Bacteria;Bacillati;Bacillota;Bacilli;Bacillales;Paenibacillaceae;Brevibacillus;Brevibacillus formosus	54913	source_cache
Bacteria;Bacillati;Bacillota;Bacilli;Bacillales;Paenibacillaceae;Paenibacillus	44249	source_cache
Bacteria;Bacillati;Bacillota;Bacilli;Bacillales;Paenibacillaceae;Paenibacillus;Paenibacillus marinum	1033264	source_cache
Bacteria;Bacillati;Bacillota;Bacilli;Bacillales;Paenibacillaceae;Xylanibacillus	1975703	source_cache
Bacteria;Bacillati;Bacillota;Bacilli;Bacillales;Paenibacillaceae;Xylanibacillus;Xylanibacillus composti	1572762	source_cache
Bacteria;Bacillati;Bacillota;Bacilli;Bacillales;Sporolactobacillaceae	186821	source_cache
Bacteria;Bacillati;Bacillota;Bacilli;Bacillales;Sporolactobacillaceae;Sporolactobacillus	0	unresolved
Bacteria;Bacillati;Bacillota;Bacilli;Bacillales;Sporolactobacillaceae;Sporolactobacillus;Sporolactobacillus terrae	269673	assignment
Bacteria;Bacillati;Bacillota;Bacilli;Bacillales;Staphylococcaceae	90964	source_cache
Bacteria;Bacillati;Bacillota;Bacilli;Bacillales;Staphylococcaceae;Mammaliicoccus	0	unresolved
Bacteria;Bacillati;Bacillota;Bacilli;Bacillales;Staphylococcaceae;Mammaliicoccus;Mammaliicoccus sciuri	1296	assignment
Bacteria;Bacillati;Bacillota;Bacillota_Incertae_sedis	0	unresolved
Bacteria;Bacillati;Bacillota;Bacillota_Incertae_sedis;Bacillota_Incertae_sedis	0	unresolved
Bacteria;Bacillati;Bacillota;Bacillota_Incertae_sedis;Bacillota_Incertae_sedis;Bacillota_Incertae_sedis	0	unresolved
Bacteria;Bacillati;Bacillota;Bacillota_Incertae_sedis;Bacillota_Incertae_sedis;Bacillota_Incertae_sedis;Capillibacterium	2820263	source_cache
Bacteria;Bacillati;Bacillota;Bacillota_Incertae_sedis;Bacillota_Incertae_sedis;Bacillota_Incertae_sedis;Capillibacterium;Capillibacterium thermochitinicola	2699427	source_cache
Bacteria;Bacillati;Bacillota;Clostridia	186801	source_cache
Bacteria;Bacillati;Bacillota;Clostridia;Christensenellales	3082768	source_cache
Bacteria;Bacillati;Bacillota;Clostridia;Christensenellales;Christensenellaceae	990719	source_cache
Bacteria;Bacillati;Bacillota;Clostridia;Christensenellales;Christensenellaceae;Guopingia	2944148	source_cache
Bacteria;Bacillati;Bacillota;Clostridia;Christensenellales;Christensenellaceae;Guopingia;Guopingia tenuis	2763656	source_cache
Bacteria;Bacillati;Bacillota;Clostridia;Eubacteriales	186802	source_cache
Bacteria;Bacillati;Bacillota;Clostridia;Eubacteriales;Clostridiaceae	31979	source_cache
Bacteria;Bacillati;Bacillota;Clostridia;Eubacteriales;Clostridiaceae;Clostridium	1485	source_cache
Bacteria;Bacillati;Bacillota;Clostridia;Eubacteriales;Clostridiaceae;Clostridium;Clostridium butyricum	1492	source_cache
Bacteria;Bacillati;Bacillota;Clostridia;Eubacteriales;Clostridiaceae;Clostridium;Clostridium cavendishii	349931	source_cache
Bacteria;Bacillati;Bacillota;Clostridia;Eubacteriales;Clostridiaceae;Clostridium;Clostridium disporicum	84024	source_cache
Bacteria;Bacillati;Bacillota;Clostridia;Eubacteriales;Clostridiaceae;Clostridium;Clostridium hydrogeniproducens	702461	assignment
Bacteria;Bacillati;Bacillota;Clostridia;Eubacteriales;Clostridiaceae;Clostridium;Clostridium hydrogenum	2855764	assignment
Bacteria;Bacillati;Bacillota;Clostridia;Eubacteriales;Clostridiaceae;Clostridium;Clostridium paraputrificum	29363	source_cache
Bacteria;Bacillati;Bacillota;Clostridia;Eubacteriales;Clostridiaceae;Clostridium;Clostridium perfringens	1502	source_cache
Bacteria;Bacillati;Bacillota;Clostridia;Eubacteriales;Clostridiaceae;Clostridium;Clostridium quinii	36850	source_cache
Bacteria;Bacillati;Bacillota;Clostridia;Eubacteriales;Clostridiaceae;Clostridium;Clostridium saccharoperbutylacetonicum	36745	source_cache
Bacteria;Bacillati;Bacillota;Clostridia;Eubacteriales;Clostridiaceae;Clostridium;Clostridium saudiense	1414720	source_cache
Bacteria;Bacillati;Bacillota;Clostridia;Eubacteriales;Desulfotomaculaceae	2937910	source_cache
Bacteria;Bacillati;Bacillota;Clostridia;Eubacteriales;Desulfotomaculaceae;Cryptanaerobacter	290184	source_cache
Bacteria;Bacillati;Bacillota;Clostridia;Eubacteriales;Desulfotomaculaceae;Cryptanaerobacter;Cryptanaerobacter phenolicus	238083	source_cache
Bacteria;Bacillati;Bacillota;Clostridia;Eubacteriales;Desulfotomaculaceae;Pelotomaculum	191373	source_cache
Bacteria;Bacillati;Bacillota;Clostridia;Eubacteriales;Desulfotomaculaceae;Pelotomaculum;Pelotomaculum schinkii	78350	source_cache
Bacteria;Bacillati;Bacillota;Clostridia;Eubacteriales;Eubacteriaceae	186806	source_cache
Bacteria;Bacillati;Bacillota;Clostridia;Eubacteriales;Eubacteriaceae;Acetobacterium	33951	source_cache
Bacteria;Bacillati;Bacillota;Clostridia;Eubacteriales;Eubacteriaceae;Acetobacterium;Acetobacterium tundrae	132932	assignment
Bacteria;Bacillati;Bacillota;Clostridia;Eubacteriales;Oscillospiraceae	216572	source_cache
Bacteria;Bacillati;Bacillota;Clostridia;Eubacteriales;Oscillospiraceae;Acetivibrio	35829	source_cache
Bacteria;Bacillati;Bacillota;Clostridia;Eubacteriales;Oscillospiraceae;Acetivibrio;Acetivibrio saccincola	1677857	source_cache
Bacteria;Bacillati;Bacillota;Clostridia;Eubacteriales;Oscillospiraceae;Ercella	1649284	source_cache
Bacteria;Bacillati;Bacillota;Clostridia;Eubacteriales;Oscillospiraceae;Ercella;Ercella succinigenes	1337094	source_cache
Bacteria;Bacillati;Bacillota;Clostridia;Eubacteriales;Oscillospiraceae;Ruminiclostridium	1508657	source_cache
Bacteria;Bacillati;Bacillota;Clostridia;Eubacteriales;Oscillospiraceae;Ruminiclostridium;Ruminiclostridium papyrosolvens	29362	source_cache
Bacteria;Bacillati;Bacillota;Clostridia;Eubacteriales;Oscillospiraceae;Ruminococcoides	2893095	source_cache
Bacteria;Bacillati;Bacillota;Clostridia;Eubacteriales;Oscillospiraceae;Ruminococcoides;Ruminococcoides bili	2678306	source_cache
Bacteria;Bacillati;Bacillota;Clostridia;Eubacteriales;Oscillospiraceae;Ruthenibacterium	1905344	source_cache
Bacteria;Bacillati;Bacillota;Clostridia;Eubacteriales;Oscillospiraceae;Ruthenibacterium;Ruthenibacterium lactatiformans	1550024	source_cache
Bacteria;Bacillati;Bacillota;Clostridia;Eubacteriales;Proteinivoraceae	0	unresolved
Bacteria;Bacillati;Bacillota;Clostridia;Eubacteriales;Proteinivoraceae;Alkalicella	0	unresolved
Bacteria;Bacillati;Bacillota;Clostridia;Eubacteriales;Proteinivoraceae;Alkalicella;Alkalicella caledoniensis	2731377	assignment
Bacteria;Bacillati;Bacillota;Clostridia;Eubacteriales;Syntrophomonadaceae	68298	source_cache
Bacteria;Bacillati;Bacillota;Clostridia;Eubacteriales;Syntrophomonadaceae;Syntrophomonas	862	source_cache
Bacteria;Bacillati;Bacillota;Clostridia;Eubacteriales;Syntrophomonadaceae;Syntrophomonas;Syntrophomonas zehnderi	404335	source_cache
Bacteria;Bacillati;Bacillota;Clostridia;Lachnospirales	3085636	source_cache
Bacteria;Bacillati;Bacillota;Clostridia;Lachnospirales;Lachnospiraceae	186803	source_cache
Bacteria;Bacillati;Bacillota;Clostridia;Lachnospirales;Lachnospiraceae;Blautia	572511	source_cache
Bacteria;Bacillati;Bacillota;Clostridia;Lachnospirales;Lachnospiraceae;Blautia;Blautia wexlerae	418240	source_cache
Bacteria;Bacillati;Bacillota;Clostridia;Lachnospirales;Lachnospiraceae;Coprococcus	33042	source_cache
Bacteria;Bacillati;Bacillota;Clostridia;Lachnospirales;Lachnospiraceae;Coprococcus;Coprococcus eutactus	33043	assignment
Bacteria;Bacillati;Bacillota;Clostridia;Lachnospirales;Lachnospiraceae;Lachnospira	0	unresolved
Bacteria;Bacillati;Bacillota;Clostridia;Lachnospirales;Lachnospiraceae;Lachnospira;Lachnospira eligens	515620	assignment
Bacteria;Bacillati;Bacillota;Clostridia;Lachnospirales;Lachnospiraceae;Roseburia	841	source_cache
Bacteria;Bacillati;Bacillota;Clostridia;Lachnospirales;Lachnospiraceae;Roseburia;Roseburia faecis	301302	source_cache
Bacteria;Bacillati;Bacillota;Clostridia;Peptostreptococcales	3082720	source_cache
Bacteria;Bacillati;Bacillota;Clostridia;Peptostreptococcales;Peptostreptococcaceae	186804	source_cache
Bacteria;Bacillati;Bacillota;Clostridia;Peptostreptococcales;Peptostreptococcaceae;Intestinibacter	1505657	source_cache
Bacteria;Bacillati;Bacillota;Clostridia;Peptostreptococcales;Peptostreptococcaceae;Intestinibacter;Intestinibacter bartlettii	261299	source_cache
Bacteria;Bacillati;Bacillota;Clostridia;Peptostreptococcales;Peptostreptococcaceae;Romboutsia	1501226	source_cache
Bacteria;Bacillati;Bacillota;Clostridia;Peptostreptococcales;Peptostreptococcaceae;Romboutsia;Romboutsia ilealis	1115758	source_cache
Bacteria;Bacillati;Bacillota;Clostridia;Peptostreptococcales;Peptostreptococcaceae;Romboutsia;Romboutsia sedimentorum	1368474	source_cache
Bacteria;Bacillati;Bacillota;Clostridia;Peptostreptococcales;Peptostreptococcaceae;Romboutsia;Romboutsia timonensis	1776391	source_cache
Bacteria;Bacillati;Bacillota;Clostridia;Peptostreptococcales;Peptostreptococcaceae;Terrisporobacter	1505652	source_cache
Bacteria;Bacillati;Bacillota;Clostridia;Peptostreptococcales;Peptostreptococcaceae;Terrisporobacter;Terrisporobacter mayombei	1541	source_cache
Bacteria;Bacillati;Bacillota;Clostridia;Peptostreptococcales;Peptostreptococcaceae;Terrisporobacter;Terrisporobacter petrolearius	1460447	source_cache
Bacteria;Bacillati;Bacillota;Erysipelotrichia	526524	source_cache
Bacteria;Bacillati;Bacillota;Erysipelotrichia;Erysipelotrichales	526525	source_cache
Bacteria;Bacillati;Bacillota;Erysipelotrichia;Erysipelotrichales;Turicibacteraceae	2810281	source_cache
Bacteria;Bacillati;Bacillota;Erysipelotrichia;Erysipelotrichales;Turicibacteraceae;Turicibacter	191303	source_cache
Bacteria;Bacillati;Bacillota;Erysipelotrichia;Erysipelotrichales;Turicibacteraceae;Turicibacter;Turicibacter bilis	2735723	source_cache
Bacteria;Bacillati;Bacillota;Erysipelotrichia;Erysipelotrichales;Turicibacteraceae;Turicibacter;Turicibacter sanguinis	154288	source_cache
Bacteria;Bacillati;Bacillota;Negativicutes	909932	source_cache
Bacteria;Bacillati;Bacillota;Negativicutes;Selenomonadales	909929	source_cache
Bacteria;Bacillati;Bacillota;Negativicutes;Selenomonadales;Sporomusaceae	1843490	source_cache
Bacteria;Bacillati;Bacillota;Negativicutes;Selenomonadales;Sporomusaceae;Sporomusa	2375	source_cache
Bacteria;Bacillati;Bacillota;Negativicutes;Selenomonadales;Sporomusaceae;Sporomusa;Sporomusa ovata	2378	source_cache
Bacteria;Bacillati;Bacillota;Negativicutes;Selenomonadales;Sporomusaceae;Sporomusa;Sporomusa paucivorans	2376	source_cache
Bacteria;Bacillati;Chloroflexota	200795	source_cache
Bacteria;Bacillati;Chloroflexota;Anaerolineae	292625	source_cache
Bacteria;Bacillati;Chloroflexota;Anaerolineae;Aggregatilineales	2806304	source_cache
Bacteria;Bacillati;Chloroflexota;Anaerolineae;Aggregatilineales;Aggregatilineaceae	2806305	source_cache
Bacteria;Bacillati;Chloroflexota;Anaerolineae;Aggregatilineales;Aggregatilineaceae;Aggregatilinea	2806306	source_cache
Bacteria;Bacillati;Chloroflexota;Anaerolineae;Aggregatilineales;Aggregatilineaceae;Aggregatilinea;Aggregatilinea lenta	913108	source_cache
Bacteria;Bacillati;Chloroflexota;Anaerolineae;Anaerolineales	292629	source_cache
Bacteria;Bacillati;Chloroflexota;Anaerolineae;Anaerolineales;Anaerolineaceae	292628	source_cache
Bacteria;Bacillati;Chloroflexota;Anaerolineae;Anaerolineales;Anaerolineaceae;Anaerolinea	233189	source_cache
Bacteria;Bacillati;Chloroflexota;Anaerolineae;Anaerolineales;Anaerolineaceae;Anaerolinea;Anaerolinea thermophila	167964	source_cache
Bacteria;Bacillati;Chloroflexota;Anaerolineae;Anaerolineales;Anaerolineaceae;Bellilinea	475960	source_cache
Bacteria;Bacillati;Chloroflexota;Anaerolineae;Anaerolineales;Anaerolineaceae;Bellilinea;Bellilinea caldifistulae	360411	source_cache
Bacteria;Bacillati;Chloroflexota;Caldilineae	475962	source_cache
Bacteria;Bacillati;Chloroflexota;Caldilineae;Caldilineales	475963	source_cache
Bacteria;Bacillati;Chloroflexota;Caldilineae;Caldilineales;Caldilineaceae	475964	source_cache
Bacteria;Bacillati;Chloroflexota;Caldilineae;Caldilineales;Caldilineaceae;Caldilinea	233191	source_cache
Bacteria;Bacillati;Chloroflexota;Caldilineae;Caldilineales;Caldilineaceae;Caldilinea;Caldilinea aerophila	133453	source_cache
Bacteria;Bacillati;Chloroflexota;Caldilineae;Caldilineales;Caldilineaceae;Litorilinea	1215913	source_cache
Bacteria;Bacillati;Chloroflexota;Caldilineae;Caldilineales;Caldilineaceae;Litorilinea;Litorilinea aerophila	1204385	source_cache
Bacteria;Bacillati;Chloroflexota;Candidatus Thermofonsia	0	unresolved
Bacteria;Bacillati;Chloroflexota;Candidatus Thermofonsia;Phototrophicales	0	unresolved
Bacteria;Bacillati;Chloroflexota;Candidatus Thermofonsia;Phototrophicales;Phototrophicaceae	0	unresolved
Bacteria;Bacillati;Chloroflexota;Candidatus Thermofonsia;Phototrophicales;Phototrophicaceae;Phototrophicus	0	unresolved
Bacteria;Bacillati;Chloroflexota;Candidatus Thermofonsia;Phototrophicales;Phototrophicaceae;Phototrophicus;Phototrophicus methaneseepsis	2710758	assignment
Bacteria;Bacillati;Chloroflexota;Tepidiformia	0	unresolved
Bacteria;Bacillati;Chloroflexota;Tepidiformia;Tepidiformales	0	unresolved
Bacteria;Bacillati;Chloroflexota;Tepidiformia;Tepidiformales;Tepidiformaceae	0	unresolved
Bacteria;Bacillati;Chloroflexota;Tepidiformia;Tepidiformales;Tepidiformaceae;Tepidiforma	0	unresolved
Bacteria;Bacillati;Chloroflexota;Tepidiformia;Tepidiformales;Tepidiformaceae;Tepidiforma;Tepidiforma bonchosmolovskayae	2601677	assignment
Bacteria;Bacillati;Mycoplasmatota	544448	source_cache
Bacteria;Bacillati;Mycoplasmatota;Mollicutes	31969	source_cache
Bacteria;Bacillati;Mycoplasmatota;Mollicutes;Acholeplasmatales	186329	source_cache
Bacteria;Bacillati;Mycoplasmatota;Mollicutes;Acholeplasmatales;Acholeplasmataceae	2146	source_cache
Bacteria;Bacillati;Mycoplasmatota;Mollicutes;Acholeplasmatales;Acholeplasmataceae;Alteracholeplasma	0	unresolved
Bacteria;Bacillati;Mycoplasmatota;Mollicutes;Acholeplasmatales;Acholeplasmataceae;Alteracholeplasma;Alteracholeplasma palmae	38986	assignment
Bacteria;Bacillati;Mycoplasmatota;Mollicutes;Acholeplasmatales;Acholeplasmataceae;Mariniplasma	0	unresolved
Bacteria;Bacillati;Mycoplasmatota;Mollicutes;Acholeplasmatales;Acholeplasmataceae;Mariniplasma;Mariniplasma anaerobium	2735436	assignment
Bacteria;Bacillati;Mycoplasmatota;Mollicutes;Acholeplasmatales;Acholeplasmataceae;Paracholeplasma	2903107	source_cache
Bacteria;Bacillati;Mycoplasmatota;Mollicutes;Acholeplasmatales;Acholeplasmataceae;Paracholeplasma;Paracholeplasma morum	264637	assignment
Bacteria;Bacillati;Mycoplasmatota;Mollicutes;Acholeplasmatales;Acholeplasmataceae;Paracholeplasma;Paracholeplasma vituli	69473	source_cache
Bacteria;Bacteria_none	0	unresolved
Bacteria;Bacteria_none;Bacteria_none_none	0	unresolved
Bacteria;Bacteria_none;Bacteria_none_none;Deltaproteobacteria	0	unresolved
Bacteria;Bacteria_none;Bacteria_none_none;Deltaproteobacteria;Bradymonadales	0	unresolved
Bacteria;Bacteria_none;Bacteria_none_none;Deltaproteobacteria;Bradymonadales;Lujinxingiaceae	0	unresolved
Bacteria;Bacteria_none;Bacteria_none_none;Deltaproteobacteria;Bradymonadales;Lujinxingiaceae;Lujinxingia	0	unresolved
Bacteria;Bacteria_none;Bacteria_none_none;Deltaproteobacteria;Bradymonadales;Lujinxingiaceae;Lujinxingia;Lujinxingia vulgaris	0	unresolved
Bacteria;Pseudomonadati	3379134	source_cache
Bacteria;Pseudomonadati;Acidobacteriota	57723	source_cache
Bacteria;Pseudomonadati;Acidobacteriota;Blastocatellia	0	unresolved
Bacteria;Pseudomonadati;Acidobacteriota;Blastocatellia;Blastocatellales	0	unresolved
Bacteria;Pseudomonadati;Acidobacteriota;Blastocatellia;Blastocatellales;Blastocatellaceae	0	unresolved
Bacteria;Pseudomonadati;Acidobacteriota;Blastocatellia;Blastocatellales;Blastocatellaceae;Stenotrophobacter	0	unresolved
Bacteria;Pseudomonadati;Acidobacteriota;Blastocatellia;Blastocatellales;Blastocatellaceae;Stenotrophobacter;Stenotrophobacter namibiensis	1603871	assignment
Bacteria;Pseudomonadati;Acidobacteriota;Blastocatellia;Blastocatellales;Blastocatellaceae;Stenotrophobacter;Stenotrophobacter terrae	1458337	assignment
Bacteria;Pseudomonadati;Acidobacteriota;Blastocatellia;Blastocatellales;Blastocatellaceae;Tellurimicrobium	0	unresolved
Bacteria;Pseudomonadati;Acidobacteriota;Blastocatellia;Blastocatellales;Blastocatellaceae;Tellurimicrobium;Tellurimicrobium multivorans	1592105	assignment
Bacteria;Pseudomonadati;Acidobacteriota;Vicinamibacteria	1813735	source_cache
Bacteria;Pseudomonadati;Acidobacteriota;Vicinamibacteria;Vicinamibacterales	2910145	source_cache
Bacteria;Pseudomonadati;Acidobacteriota;Vicinamibacteria;Vicinamibacterales;Vicinamibacteraceae	2211325	source_cache
Bacteria;Pseudomonadati;Acidobacteriota;Vicinamibacteria;Vicinamibacterales;Vicinamibacteraceae;Luteitalea	0	unresolved
Bacteria;Pseudomonadati;Acidobacteriota;Vicinamibacteria;Vicinamibacterales;Vicinamibacteraceae;Luteitalea;Luteitalea pratensis	1855912	assignment
Bacteria;Pseudomonadati;Acidobacteriota;Vicinamibacteria;Vicinamibacterales;Vicinamibacteraceae;Vicinamibacter	1847386	source_cache
Bacteria;Pseudomonadati;Acidobacteriota;Vicinamibacteria;Vicinamibacterales;Vicinamibacteraceae;Vicinamibacter;Vicinamibacter silvestris	1612172	source_cache
Bacteria;Pseudomonadati;Bacteroidota	976	source_cache
Bacteria;Pseudomonadati;Bacteroidota;Bacteroidia	200643	source_cache
Bacteria;Pseudomonadati;Bacteroidota;Bacteroidia;Bacteroidales	171549	source_cache
Bacteria;Pseudomonadati;Bacteroidota;Bacteroidia;Bacteroidales;Dysgonomonadaceae	2005520	source_cache
Bacteria;Pseudomonadati;Bacteroidota;Bacteroidia;Bacteroidales;Dysgonomonadaceae;Proteiniphilum	294702	source_cache
Bacteria;Pseudomonadati;Bacteroidota;Bacteroidia;Bacteroidales;Dysgonomonadaceae;Proteiniphilum;Proteiniphilum saccharofermentans	1642647	source_cache
Bacteria;Pseudomonadati;Bacteroidota;Chitinophagia	0	unresolved
Bacteria;Pseudomonadati;Bacteroidota;Chitinophagia;Chitinophagales	0	unresolved
Bacteria;Pseudomonadati;Bacteroidota;Chitinophagia;Chitinophagales;Chitinophagaceae	0	unresolved
Bacteria;Pseudomonadati;Bacteroidota;Chitinophagia;Chitinophagales;Chitinophagaceae;Ferruginibacter	0	unresolved
Bacteria;Pseudomonadati;Bacteroidota;Chitinophagia;Chitinophagales;Chitinophagaceae;Ferruginibacter;Ferruginibacter alkalilentus	563170	assignment
Bacteria;Pseudomonadati;Bacteroidota;Chitinophagia;Chitinophagales;Chitinophagaceae;Ferruginibacter;Ferruginibacter profundus	1380048	assignment
Bacteria;Pseudomonadati;Bacteroidota;Chitinophagia;Chitinophagales;Chitinophagaceae;Flavihumibacter	0	unresolved
Bacteria;Pseudomonadati;Bacteroidota;Chitinophagia;Chitinophagales;Chitinophagaceae;Flavihumibacter;Flavihumibacter cheonanensis	1442385	assignment
Bacteria;Pseudomonadati;Bacteroidota;Chitinophagia;Chitinophagales;Chitinophagaceae;Flavipsychrobacter	0	unresolved
Bacteria;Pseudomonadati;Bacteroidota;Chitinophagia;Chitinophagales;Chitinophagaceae;Flavipsychrobacter;Flavipsychrobacter stenotrophus	2077091	assignment
Bacteria;Pseudomonadati;Bacteroidota;Chitinophagia;Chitinophagales;Chitinophagaceae;Flavitalea	0	unresolved
Bacteria;Pseudomonadati;Bacteroidota;Chitinophagia;Chitinophagales;Chitinophagaceae;Flavitalea;Flavitalea flava	1892851	assignment
Bacteria;Pseudomonadati;Bacteroidota;Chitinophagia;Chitinophagales;Chitinophagaceae;Flavitalea;Flavitalea gansuensis	708199	assignment
Bacteria;Pseudomonadati;Bacteroidota;Chitinophagia;Chitinophagales;Chitinophagaceae;Flavitalea;Flavitalea populi	796384	assignment
Bacteria;Pseudomonadati;Bacteroidota;Chitinophagia;Chitinophagales;Chitinophagaceae;Paraflavitalea	0	unresolved
Bacteria;Pseudomonadati;Bacteroidota;Chitinophagia;Chitinophagales;Chitinophagaceae;Paraflavitalea;Paraflavitalea devenefica	2716334	assignment
Bacteria;Pseudomonadati;Bacteroidota;Chitinophagia;Chitinophagales;Chitinophagaceae;Terrimonas	0	unresolved
Bacteria;Pseudomonadati;Bacteroidota;Chitinophagia;Chitinophagales;Chitinophagaceae;Terrimonas;Terrimonas arctica	1507286	assignment
Bacteria;Pseudomonadati;Bacteroidota;Chitinophagia;Chitinophagales;Chitinophagaceae;Terrimonas;Terrimonas soli	2024524	assignment
Bacteria;Pseudomonadati;Bacteroidota;Chitinophagia;Chitinophagales;Chitinophagaceae;Terrimonas;Terrimonas terrae	1864941	assignment
Bacteria;Pseudomonadati;Bacteroidota;Cytophagia	0	unresolved
Bacteria;Pseudomonadati;Bacteroidota;Cytophagia;Cytophagales	0	unresolved
Bacteria;Pseudomonadati;Bacteroidota;Cytophagia;Cytophagales;Cyclobacteriaceae	0	unresolved
Bacteria;Pseudomonadati;Bacteroidota;Cytophagia;Cytophagales;Cyclobacteriaceae;Algoriphagus	0	unresolved
Bacteria;Pseudomonadati;Bacteroidota;Cytophagia;Cytophagales;Cyclobacteriaceae;Algoriphagus;Algoriphagus aquatilis	490186	assignment
Bacteria;Pseudomonadati;Bacteroidota;Cytophagia;Cytophagales;Cyclobacteriaceae;Algoriphagus;Algoriphagus lacus	2056311	assignment
Bacteria;Pseudomonadati;Bacteroidota;Cytophagia;Cytophagales;Cyclobacteriaceae;Algoriphagus;Algoriphagus marincola	264027	assignment
Bacteria;Pseudomonadati;Bacteroidota;Cytophagia;Cytophagales;Cyclobacteriaceae;Algoriphagus;Algoriphagus olei	568072	assignment
Bacteria;Pseudomonadati;Bacteroidota;Cytophagia;Cytophagales;Cyclobacteriaceae;Algoriphagus;Algoriphagus sanaruensis	1727163	assignment
Bacteria;Pseudomonadati;Bacteroidota;Cytophagia;Cytophagales;Cyclobacteriaceae;Algoriphagus;Algoriphagus taiwanensis	1445656	assignment
Bacteria;Pseudomonadati;Bacteroidota;Cytophagia;Cytophagales;Cyclobacteriaceae;Aquiflexum	0	unresolved
Bacteria;Pseudomonadati;Bacteroidota;Cytophagia;Cytophagales;Cyclobacteriaceae;Aquiflexum;Aquiflexum balticum	280473	assignment
Bacteria;Pseudomonadati;Bacteroidota;Cytophagia;Cytophagales;Cyclobacteriaceae;Cecembia	0	unresolved
Bacteria;Pseudomonadati;Bacteroidota;Cytophagia;Cytophagales;Cyclobacteriaceae;Cecembia;Cecembia calidifontis	1187080	assignment
Bacteria;Pseudomonadati;Bacteroidota;Cytophagia;Cytophagales;Cyclobacteriaceae;Cecembia;Cecembia lonarensis	1225176	assignment
Bacteria;Pseudomonadati;Bacteroidota;Cytophagia;Cytophagales;Cyclobacteriaceae;Cognataquiflexum	0	unresolved
Bacteria;Pseudomonadati;Bacteroidota;Cytophagia;Cytophagales;Cyclobacteriaceae;Cognataquiflexum;Cognataquiflexum aquatile	2249427	assignment
Bacteria;Pseudomonadati;Bacteroidota;Cytophagia;Cytophagales;Cyclobacteriaceae;Cyclobacterium	0	unresolved
Bacteria;Pseudomonadati;Bacteroidota;Cytophagia;Cytophagales;Cyclobacteriaceae;Cyclobacterium;Cyclobacterium xiamenense	1297121	assignment
Bacteria;Pseudomonadati;Bacteroidota;Cytophagia;Cytophagales;Cyclobacteriaceae;Echinicola	0	unresolved
Bacteria;Pseudomonadati;Bacteroidota;Cytophagia;Cytophagales;Cyclobacteriaceae;Echinicola;Echinicola sediminis	1928082	assignment
Bacteria;Pseudomonadati;Bacteroidota;Cytophagia;Cytophagales;Cyclobacteriaceae;Fontibacter	0	unresolved
Bacteria;Pseudomonadati;Bacteroidota;Cytophagia;Cytophagales;Cyclobacteriaceae;Fontibacter;Fontibacter flavus	654838	assignment
Bacteria;Pseudomonadati;Bacteroidota;Cytophagia;Cytophagales;Cytophagaceae	0	unresolved
Bacteria;Pseudomonadati;Bacteroidota;Cytophagia;Cytophagales;Cytophagaceae;Sporocytophaga	0	unresolved
Bacteria;Pseudomonadati;Bacteroidota;Cytophagia;Cytophagales;Cytophagaceae;Sporocytophaga;Sporocytophaga myxococcoides	153721	assignment
Bacteria;Pseudomonadati;Bacteroidota;Cytophagia;Cytophagales;Hymenobacteraceae	0	unresolved
Bacteria;Pseudomonadati;Bacteroidota;Cytophagia;Cytophagales;Hymenobacteraceae;Adhaeribacter	0	unresolved
Bacteria;Pseudomonadati;Bacteroidota;Cytophagia;Cytophagales;Hymenobacteraceae;Adhaeribacter;Adhaeribacter aquaticus	299567	assignment
Bacteria;Pseudomonadati;Bacteroidota;Cytophagia;Cytophagales;Hymenobacteraceae;Adhaeribacter;Adhaeribacter pallidiroseus	2072847	assignment
Bacteria;Pseudomonadati;Bacteroidota;Cytophagia;Cytophagales;Hymenobacteraceae;Adhaeribacter;Adhaeribacter swui	2086471	assignment
Bacteria;Pseudomonadati;Bacteroidota;Cytophagia;Cytophagales;Spirosomataceae	0	unresolved
Bacteria;Pseudomonadati;Bacteroidota;Cytophagia;Cytophagales;Spirosomataceae;Arundinibacter	0	unresolved
Bacteria;Pseudomonadati;Bacteroidota;Cytophagia;Cytophagales;Spirosomataceae;Arundinibacter;Arundinibacter roseus	2070510	assignment
Bacteria;Pseudomonadati;Bacteroidota;Cytophagia;Cytophagales;Spirosomataceae;Dyadobacter	0	unresolved
Bacteria;Pseudomonadati;Bacteroidota;Cytophagia;Cytophagales;Spirosomataceae;Dyadobacter;Dyadobacter flavus	2705330	assignment
Bacteria;Pseudomonadati;Bacteroidota;Cytophagia;Cytophagales;Spirosomataceae;Runella	0	unresolved
Bacteria;Pseudomonadati;Bacteroidota;Cytophagia;Cytophagales;Spirosomataceae;Runella;Runella zeae	94255	assignment
Bacteria;Pseudomonadati;Bacteroidota;Flavobacteriia	0	unresolved
Bacteria;Pseudomonadati;Bacteroidota;Flavobacteriia;Flavobacteriales	0	unresolved
Bacteria;Pseudomonadati;Bacteroidota;Flavobacteriia;Flavobacteriales;Crocinitomicaceae	0	unresolved
Bacteria;Pseudomonadati;Bacteroidota;Flavobacteriia;Flavobacteriales;Crocinitomicaceae;Crocinitomix	0	unresolved
Bacteria;Pseudomonadati;Bacteroidota;Flavobacteriia;Flavobacteriales;Crocinitomicaceae;Crocinitomix;Crocinitomix algicola	1740263	assignment
Bacteria;Pseudomonadati;Bacteroidota;Flavobacteriia;Flavobacteriales;Crocinitomicaceae;Crocinitomix;Crocinitomix catalasitica	184607	assignment
Bacteria;Pseudomonadati;Bacteroidota;Flavobacteriia;Flavobacteriales;Crocinitomicaceae;Fluviicola	0	unresolved
Bacteria;Pseudomonadati;Bacteroidota;Flavobacteriia;Flavobacteriales;Crocinitomicaceae;Fluviicola;Fluviicola taffensis	191579	assignment
Bacteria;Pseudomonadati;Bacteroidota;Flavobacteriia;Flavobacteriales;Crocinitomicaceae;Putridiphycobacter	0	unresolved
Bacteria;Pseudomonadati;Bacteroidota;Flavobacteriia;Flavobacteriales;Crocinitomicaceae;Putridiphycobacter;Putridiphycobacter roseus	2219161	assignment
Bacteria;Pseudomonadati;Bacteroidota;Flavobacteriia;Flavobacteriales;Flavobacteriaceae	0	unresolved
Bacteria;Pseudomonadati;Bacteroidota;Flavobacteriia;Flavobacteriales;Flavobacteriaceae;Aequorivita	0	unresolved
Bacteria;Pseudomonadati;Bacteroidota;Flavobacteriia;Flavobacteriales;Flavobacteriaceae;Aequorivita;Aequorivita aquimaris	1548749	assignment
Bacteria;Pseudomonadati;Bacteroidota;Flavobacteriia;Flavobacteriales;Flavobacteriaceae;Allomuricauda	0	unresolved
Bacteria;Pseudomonadati;Bacteroidota;Flavobacteriia;Flavobacteriales;Flavobacteriaceae;Allomuricauda;Muricauda brasiliensis	2162892	assignment
Bacteria;Pseudomonadati;Bacteroidota;Flavobacteriia;Flavobacteriales;Flavobacteriaceae;Flagellimonas	0	unresolved
Bacteria;Pseudomonadati;Bacteroidota;Flavobacteriia;Flavobacteriales;Flavobacteriaceae;Flagellimonas;Flagellimonas chongwuensis	2697365	assignment
Bacteria;Pseudomonadati;Bacteroidota;Flavobacteriia;Flavobacteriales;Flavobacteriaceae;Flagellimonas;Flagellimonas marina	1775168	assignment
Bacteria;Pseudomonadati;Bacteroidota;Flavobacteriia;Flavobacteriales;Flavobacteriaceae;Flagellimonas;Flagellimonas marinaquae	254955	assignment
Bacteria;Pseudomonadati;Bacteroidota;Flavobacteriia;Flavobacteriales;Flavobacteriaceae;Flavobacterium	0	unresolved
Bacteria;Pseudomonadati;Bacteroidota;Flavobacteriia;Flavobacteriales;Flavobacteriaceae;Flavobacterium;Flavobacterium agri	2743471	assignment
Bacteria;Pseudomonadati;Bacteroidota;Flavobacteriia;Flavobacteriales;Flavobacteriaceae;Flavobacterium;Flavobacterium aquaticum	1236486	assignment
Bacteria;Pseudomonadati;Bacteroidota;Flavobacteriia;Flavobacteriales;Flavobacteriaceae;Flavobacterium;Flavobacterium aurantiibacter	2023067	assignment
Bacteria;Pseudomonadati;Bacteroidota;Flavobacteriia;Flavobacteriales;Flavobacteriaceae;Flavobacterium;Flavobacterium caeni	490189	assignment
Bacteria;Pseudomonadati;Bacteroidota;Flavobacteriia;Flavobacteriales;Flavobacteriaceae;Flavobacterium;Flavobacterium celericrescens	2709780	assignment
Bacteria;Pseudomonadati;Bacteroidota;Flavobacteriia;Flavobacteriales;Flavobacteriaceae;Flavobacterium;Flavobacterium cheniae	295428	assignment
Bacteria;Pseudomonadati;Bacteroidota;Flavobacteriia;Flavobacteriales;Flavobacteriaceae;Flavobacterium;Flavobacterium cheonhonense	706185	assignment
Bacteria;Pseudomonadati;Bacteroidota;Flavobacteriia;Flavobacteriales;Flavobacteriaceae;Flavobacterium;Flavobacterium cucumis	416016	assignment
Bacteria;Pseudomonadati;Bacteroidota;Flavobacteriia;Flavobacteriales;Flavobacteriaceae;Flavobacterium;Flavobacterium filum	1121889	assignment
Bacteria;Pseudomonadati;Bacteroidota;Flavobacteriia;Flavobacteriales;Flavobacteriaceae;Flavobacterium;Flavobacterium haoranii	683124	assignment
Bacteria;Pseudomonadati;Bacteroidota;Flavobacteriia;Flavobacteriales;Flavobacteriaceae;Flavobacterium;Flavobacterium indicum	1094466	assignment
Bacteria;Pseudomonadati;Bacteroidota;Flavobacteriia;Flavobacteriales;Flavobacteriaceae;Flavobacterium;Flavobacterium koreense	706187	assignment
Bacteria;Pseudomonadati;Bacteroidota;Flavobacteriia;Flavobacteriales;Flavobacteriaceae;Flavobacterium;Flavobacterium lacus	1353778	assignment
Bacteria;Pseudomonadati;Bacteroidota;Flavobacteriia;Flavobacteriales;Flavobacteriaceae;Flavobacterium;Flavobacterium longum	1299340	assignment
Bacteria;Pseudomonadati;Bacteroidota;Flavobacteriia;Flavobacteriales;Flavobacteriaceae;Flavobacterium;Flavobacterium luticocti	1852971	assignment
Bacteria;Pseudomonadati;Bacteroidota;Flavobacteriia;Flavobacteriales;Flavobacteriaceae;Flavobacterium;Flavobacterium macacae	2488993	assignment
Bacteria;Pseudomonadati;Bacteroidota;Flavobacteriia;Flavobacteriales;Flavobacteriaceae;Flavobacterium;Flavobacterium orientale	1756020	assignment
Bacteria;Pseudomonadati;Bacteroidota;Flavobacteriia;Flavobacteriales;Flavobacteriaceae;Flavobacterium;Flavobacterium profundi	1774945	assignment
Bacteria;Pseudomonadati;Bacteroidota;Flavobacteriia;Flavobacteriales;Flavobacteriaceae;Flavobacterium;Flavobacterium proteolyticum	2911683	assignment
Bacteria;Pseudomonadati;Bacteroidota;Flavobacteriia;Flavobacteriales;Flavobacteriaceae;Flavobacterium;Flavobacterium qiangtangense	1442595	assignment
Bacteria;Pseudomonadati;Bacteroidota;Flavobacteriia;Flavobacteriales;Flavobacteriaceae;Flavobacterium;Flavobacterium salilacus	2691899	assignment
Bacteria;Pseudomonadati;Bacteroidota;Flavobacteriia;Flavobacteriales;Flavobacteriaceae;Flavobacterium;Flavobacterium sasangense	503361	assignment
Bacteria;Pseudomonadati;Bacteroidota;Flavobacteriia;Flavobacteriales;Flavobacteriaceae;Flavobacterium;Flavobacterium solisilvae	1852019	assignment
Bacteria;Pseudomonadati;Bacteroidota;Flavobacteriia;Flavobacteriales;Flavobacteriaceae;Flavobacterium;Flavobacterium suzhouense	1529638	assignment
Bacteria;Pseudomonadati;Bacteroidota;Flavobacteriia;Flavobacteriales;Flavobacteriaceae;Flavobacterium;Flavobacterium yanchengense	1241321	assignment
Bacteria;Pseudomonadati;Bacteroidota;Flavobacteriia;Flavobacteriales;Flavobacteriaceae;Flavobacterium;Flavobacterium zaozhuangense	2292701	assignment
Bacteria;Pseudomonadati;Bacteroidota;Flavobacteriia;Flavobacteriales;Flavobacteriaceae;Jejuia	0	unresolved
Bacteria;Pseudomonadati;Bacteroidota;Flavobacteriia;Flavobacteriales;Flavobacteriaceae;Jejuia;Jejuia pallidilutea	504487	assignment
Bacteria;Pseudomonadati;Bacteroidota;Flavobacteriia;Flavobacteriales;Flavobacteriaceae;Maribacter	0	unresolved
Bacteria;Pseudomonadati;Bacteroidota;Flavobacteriia;Flavobacteriales;Flavobacteriaceae;Maribacter;Maribacter flavus	1658664	assignment
Bacteria;Pseudomonadati;Bacteroidota;Flavobacteriia;Flavobacteriales;Flavobacteriaceae;Paenimyroides	0	unresolved
Bacteria;Pseudomonadati;Bacteroidota;Flavobacteriia;Flavobacteriales;Flavobacteriaceae;Paenimyroides;Paenimyroides naphthae	2057005	assignment
Bacteria;Pseudomonadati;Bacteroidota;Flavobacteriia;Flavobacteriales;Flavobacteriaceae;Paenimyroides;Paenimyroides tangerinum	2488728	assignment
Bacteria;Pseudomonadati;Bacteroidota;Flavobacteriia;Flavobacteriales;Flavobacteriaceae;Paucihalobacter	0	unresolved
Bacteria;Pseudomonadati;Bacteroidota;Flavobacteriia;Flavobacteriales;Flavobacteriaceae;Paucihalobacter;Paucihalobacter ruber	2567861	assignment
Bacteria;Pseudomonadati;Bacteroidota;Flavobacteriia;Flavobacteriales;Flavobacteriaceae;Winogradskyella	0	unresolved
Bacteria;Pseudomonadati;Bacteroidota;Flavobacteriia;Flavobacteriales;Flavobacteriaceae;Winogradskyella;Winogradskyella aquimaris	864074	assignment
Bacteria;Pseudomonadati;Bacteroidota;Flavobacteriia;Flavobacteriales;Flavobacteriaceae;Winogradskyella;Winogradskyella poriferorum	307627	assignment
Bacteria;Pseudomonadati;Bacteroidota;Flavobacteriia;Flavobacteriales;Vicingaceae	0	unresolved
Bacteria;Pseudomonadati;Bacteroidota;Flavobacteriia;Flavobacteriales;Vicingaceae;Vicingus	0	unresolved
Bacteria;Pseudomonadati;Bacteroidota;Flavobacteriia;Flavobacteriales;Vicingaceae;Vicingus;Vicingus serpentipes	1926625	assignment
Bacteria;Pseudomonadati;Bacteroidota;Saprospiria	1937959	source_cache
Bacteria;Pseudomonadati;Bacteroidota;Saprospiria;Saprospirales	1936988	source_cache
Bacteria;Pseudomonadati;Bacteroidota;Saprospiria;Saprospirales;Haliscomenobacteraceae	1937961	source_cache
Bacteria;Pseudomonadati;Bacteroidota;Saprospiria;Saprospirales;Haliscomenobacteraceae;Haliscomenobacter	2349	source_cache
Bacteria;Pseudomonadati;Bacteroidota;Saprospiria;Saprospirales;Haliscomenobacteraceae;Haliscomenobacter;Haliscomenobacter hydrossis	2350	source_cache
Bacteria;Pseudomonadati;Bacteroidota;Saprospiria;Saprospirales;Lewinellaceae	0	unresolved
Bacteria;Pseudomonadati;Bacteroidota;Saprospiria;Saprospirales;Lewinellaceae;Flavilitoribacter	0	unresolved
Bacteria;Pseudomonadati;Bacteroidota;Saprospiria;Saprospirales;Lewinellaceae;Flavilitoribacter;Flavilitoribacter nigricans	70997	assignment
Bacteria;Pseudomonadati;Bacteroidota;Sphingobacteriia	0	unresolved
Bacteria;Pseudomonadati;Bacteroidota;Sphingobacteriia;Sphingobacteriales	0	unresolved
Bacteria;Pseudomonadati;Bacteroidota;Sphingobacteriia;Sphingobacteriales;Sphingobacteriaceae	0	unresolved
Bacteria;Pseudomonadati;Bacteroidota;Sphingobacteriia;Sphingobacteriales;Sphingobacteriaceae;Solitalea	0	unresolved
Bacteria;Pseudomonadati;Bacteroidota;Sphingobacteriia;Sphingobacteriales;Sphingobacteriaceae;Solitalea;Solitalea canadensis	929556	assignment
Bacteria;Pseudomonadati;Bdellovibrionota	3018035	source_cache
Bacteria;Pseudomonadati;Bdellovibrionota;Bacteriovoracia	3031419	source_cache
Bacteria;Pseudomonadati;Bdellovibrionota;Bacteriovoracia;Bacteriovoracales	2024979	source_cache
Bacteria;Pseudomonadati;Bdellovibrionota;Bacteriovoracia;Bacteriovoracales;Halobacteriovoraceae	1652132	source_cache
Bacteria;Pseudomonadati;Bdellovibrionota;Bacteriovoracia;Bacteriovoracales;Halobacteriovoraceae;Halobacteriovorax	1652133	source_cache
Bacteria;Pseudomonadati;Bdellovibrionota;Bacteriovoracia;Bacteriovoracales;Halobacteriovoraceae;Halobacteriovorax;Halobacteriovorax marinus	97084	source_cache
Bacteria;Pseudomonadati;Bdellovibrionota;Bdellovibrionia	3031418	source_cache
Bacteria;Pseudomonadati;Bdellovibrionota;Bdellovibrionia;Bdellovibrionales	213481	source_cache
Bacteria;Pseudomonadati;Bdellovibrionota;Bdellovibrionia;Bdellovibrionales;Pseudobdellovibrionaceae	213483	source_cache
Bacteria;Pseudomonadati;Bdellovibrionota;Bdellovibrionia;Bdellovibrionales;Pseudobdellovibrionaceae;Bdellovibrio	958	source_cache
Bacteria;Pseudomonadati;Bdellovibrionota;Bdellovibrionia;Bdellovibrionales;Pseudobdellovibrionaceae;Bdellovibrio;Bdellovibrio bacteriovorus	959	source_cache
Bacteria;Pseudomonadati;Bdellovibrionota;Bdellovibrionia;Bdellovibrionales;Pseudobdellovibrionaceae;Pseudobdellovibrio	0	unresolved
Bacteria;Pseudomonadati;Bdellovibrionota;Bdellovibrionia;Bdellovibrionales;Pseudobdellovibrionaceae;Pseudobdellovibrio;Pseudobdellovibrio exovorus	1184267	assignment
Bacteria;Pseudomonadati;Bdellovibrionota;Oligoflexia	1553900	source_cache
Bacteria;Pseudomonadati;Bdellovibrionota;Oligoflexia;Oligoflexales	1553901	source_cache
Bacteria;Pseudomonadati;Bdellovibrionota;Oligoflexia;Oligoflexales;Oligoflexaceae	1553902	source_cache
Bacteria;Pseudomonadati;Bdellovibrionota;Oligoflexia;Oligoflexales;Oligoflexaceae;Oligoflexus	1553903	source_cache
Bacteria;Pseudomonadati;Bdellovibrionota;Oligoflexia;Oligoflexales;Oligoflexaceae;Oligoflexus;Oligoflexus tunisiensis	708132	source_cache
Bacteria;Pseudomonadati;Bdellovibrionota;Oligoflexia;Silvanigrellales	2024973	source_cache
Bacteria;Pseudomonadati;Bdellovibrionota;Oligoflexia;Silvanigrellales;Silvanigrellaceae	2024974	source_cache
Bacteria;Pseudomonadati;Bdellovibrionota;Oligoflexia;Silvanigrellales;Silvanigrellaceae;Fluviispira	2698753	source_cache
Bacteria;Pseudomonadati;Bdellovibrionota;Oligoflexia;Silvanigrellales;Silvanigrellaceae;Fluviispira;Fluviispira sanaruensis	2493639	source_cache
Bacteria;Pseudomonadati;Bdellovibrionota;Oligoflexia;Silvanigrellales;Silvanigrellaceae;Silvanigrella	0	unresolved
Bacteria;Pseudomonadati;Bdellovibrionota;Oligoflexia;Silvanigrellales;Silvanigrellaceae;Silvanigrella;Silvanigrella aquatica	1915309	assignment
Bacteria;Pseudomonadati;Gemmatimonadota	0	unresolved
Bacteria;Pseudomonadati;Gemmatimonadota;Gemmatimonadia	0	unresolved
Bacteria;Pseudomonadati;Gemmatimonadota;Gemmatimonadia;Gemmatimonadales	0	unresolved
Bacteria;Pseudomonadati;Gemmatimonadota;Gemmatimonadia;Gemmatimonadales;Gemmatimonadaceae	0	unresolved
Bacteria;Pseudomonadati;Gemmatimonadota;Gemmatimonadia;Gemmatimonadales;Gemmatimonadaceae;Gemmatimonas	0	unresolved
Bacteria;Pseudomonadati;Gemmatimonadota;Gemmatimonadia;Gemmatimonadales;Gemmatimonadaceae;Gemmatimonas;Gemmatimonas aurantiaca	379066	assignment
Bacteria;Pseudomonadati;Gemmatimonadota;Gemmatimonadia;Gemmatimonadales;Gemmatimonadaceae;Gemmatimonas;Gemmatimonas phototrophica	1379270	assignment
Bacteria;Pseudomonadati;Myxococcota	2818505	source_cache
Bacteria;Pseudomonadati;Myxococcota;Myxococcota_Incertae_sedis	0	unresolved
Bacteria;Pseudomonadati;Myxococcota;Myxococcota_Incertae_sedis;Polyangiales	3031712	source_cache
Bacteria;Pseudomonadati;Myxococcota;Myxococcota_Incertae_sedis;Polyangiales;Polyangiaceae	49	source_cache
Bacteria;Pseudomonadati;Myxococcota;Myxococcota_Incertae_sedis;Polyangiales;Polyangiaceae;Polyangium	0	unresolved
Bacteria;Pseudomonadati;Myxococcota;Myxococcota_Incertae_sedis;Polyangiales;Polyangiaceae;Polyangium;Polyangium fumosum	0	unresolved
Bacteria;Pseudomonadati;Myxococcota;Myxococcota_Incertae_sedis;Polyangiales;Polyangiaceae;Polyangium;Polyangium jinanense	0	unresolved
Bacteria;Pseudomonadati;Myxococcota;Myxococcota_Incertae_sedis;Polyangiales;Sandaracinaceae	0	unresolved
Bacteria;Pseudomonadati;Myxococcota;Myxococcota_Incertae_sedis;Polyangiales;Sandaracinaceae;Sandaracinus	0	unresolved
Bacteria;Pseudomonadati;Myxococcota;Myxococcota_Incertae_sedis;Polyangiales;Sandaracinaceae;Sandaracinus;Sandaracinus amylolyticus	0	unresolved
Bacteria;Pseudomonadati;Planctomycetota	203682	source_cache
Bacteria;Pseudomonadati;Planctomycetota;Planctomycetia	203683	source_cache
Bacteria;Pseudomonadati;Planctomycetota;Planctomycetia;Isosphaerales	0	unresolved
Bacteria;Pseudomonadati;Planctomycetota;Planctomycetia;Isosphaerales;Isosphaeraceae	0	unresolved
Bacteria;Pseudomonadati;Planctomycetota;Planctomycetia;Isosphaerales;Isosphaeraceae;Aquisphaera	0	unresolved
Bacteria;Pseudomonadati;Planctomycetota;Planctomycetia;Isosphaerales;Isosphaeraceae;Aquisphaera;Aquisphaera giovannonii	406548	assignment
Bacteria;Pseudomonadati;Planctomycetota;Planctomycetia;Isosphaerales;Isosphaeraceae;Paludisphaera	0	unresolved
Bacteria;Pseudomonadati;Planctomycetota;Planctomycetia;Isosphaerales;Isosphaeraceae;Paludisphaera;Paludisphaera borealis	1387353	assignment
Bacteria;Pseudomonadati;Planctomycetota;Planctomycetia;Isosphaerales;Isosphaeraceae;Paludisphaera;Paludisphaera soli	2712865	assignment
Bacteria;Pseudomonadati;Planctomycetota;Planctomycetia;Isosphaerales;Isosphaeraceae;Singulisphaera	0	unresolved
Bacteria;Pseudomonadati;Planctomycetota;Planctomycetia;Isosphaerales;Isosphaeraceae;Singulisphaera;Singulisphaera rosea	643672	assignment
Bacteria;Pseudomonadati;Planctomycetota;Planctomycetia;Isosphaerales;Isosphaeraceae;Tautonia	0	unresolved
Bacteria;Pseudomonadati;Planctomycetota;Planctomycetia;Isosphaerales;Isosphaeraceae;Tautonia;Tautonia rosea	2728037	assignment
Bacteria;Pseudomonadati;Planctomycetota;Planctomycetia;Pirellulales	2691354	source_cache
Bacteria;Pseudomonadati;Planctomycetota;Planctomycetia;Pirellulales;Lacipirellulaceae	2691359	source_cache
Bacteria;Pseudomonadati;Planctomycetota;Planctomycetia;Pirellulales;Lacipirellulaceae;Botrimarina	2795782	source_cache
Bacteria;Pseudomonadati;Planctomycetota;Planctomycetia;Pirellulales;Lacipirellulaceae;Botrimarina;Botrimarina mediterranea	2528022	source_cache
Bacteria;Pseudomonadati;Planctomycetota;Planctomycetia;Pirellulales;Lacipirellulaceae;Lacipirellula	2691417	source_cache
Bacteria;Pseudomonadati;Planctomycetota;Planctomycetia;Pirellulales;Lacipirellulaceae;Lacipirellula;Lacipirellula limnantheis	2528024	source_cache
Bacteria;Pseudomonadati;Planctomycetota;Planctomycetia;Pirellulales;Pirellulaceae	2691357	source_cache
Bacteria;Pseudomonadati;Planctomycetota;Planctomycetia;Pirellulales;Pirellulaceae;Anatilimnocola	2807414	source_cache
Bacteria;Pseudomonadati;Planctomycetota;Planctomycetia;Pirellulales;Pirellulaceae;Anatilimnocola;Anatilimnocola aggregata	2528021	source_cache
Bacteria;Pseudomonadati;Planctomycetota;Planctomycetia;Pirellulales;Pirellulaceae;Aureliella	2795605	source_cache
Bacteria;Pseudomonadati;Planctomycetota;Planctomycetia;Pirellulales;Pirellulaceae;Aureliella;Aureliella helgolandensis	2527968	source_cache
Bacteria;Pseudomonadati;Planctomycetota;Planctomycetia;Pirellulales;Pirellulaceae;Bremerella	2714594	source_cache
Bacteria;Pseudomonadati;Planctomycetota;Planctomycetia;Pirellulales;Pirellulaceae;Bremerella;Bremerella volcania	2527984	source_cache
Bacteria;Pseudomonadati;Planctomycetota;Planctomycetia;Pirellulales;Pirellulaceae;Lignipirellula	2795775	source_cache
Bacteria;Pseudomonadati;Planctomycetota;Planctomycetia;Pirellulales;Pirellulaceae;Lignipirellula;Lignipirellula cremea	2528010	source_cache
Bacteria;Pseudomonadati;Planctomycetota;Planctomycetia;Pirellulales;Pirellulaceae;Novipirellula	0	unresolved
Bacteria;Pseudomonadati;Planctomycetota;Planctomycetia;Pirellulales;Pirellulaceae;Novipirellula;Novipirellula aureliae	2527966	assignment
Bacteria;Pseudomonadati;Planctomycetota;Planctomycetia;Pirellulales;Pirellulaceae;Novipirellula;Novipirellula caenicola	1536901	assignment
Bacteria;Pseudomonadati;Planctomycetota;Planctomycetia;Pirellulales;Pirellulaceae;Novipirellula;Novipirellula galeiformis	2528004	assignment
Bacteria;Pseudomonadati;Planctomycetota;Planctomycetia;Pirellulales;Pirellulaceae;Novipirellula;Novipirellula rosea	1031540	assignment
Bacteria;Pseudomonadati;Planctomycetota;Planctomycetia;Pirellulales;Pirellulaceae;Rhodopirellula	0	unresolved
Bacteria;Pseudomonadati;Planctomycetota;Planctomycetia;Pirellulales;Pirellulaceae;Rhodopirellula;Rhodopirellula baltica	243090	assignment
Bacteria;Pseudomonadati;Planctomycetota;Planctomycetia;Pirellulales;Pirellulaceae;Roseiconus	0	unresolved
Bacteria;Pseudomonadati;Planctomycetota;Planctomycetia;Pirellulales;Pirellulaceae;Roseiconus;Roseiconus nitratireducens	2605748	assignment
Bacteria;Pseudomonadati;Planctomycetota;Planctomycetia;Pirellulales;Pirellulaceae;Roseimaritima	1579506	source_cache
Bacteria;Pseudomonadati;Planctomycetota;Planctomycetia;Pirellulales;Pirellulaceae;Roseimaritima;Roseimaritima multifibrata	1930274	source_cache
Bacteria;Pseudomonadati;Planctomycetota;Planctomycetia;Pirellulales;Pirellulaceae;Roseimaritima;Roseimaritima sediminicola	2662066	assignment
Bacteria;Pseudomonadati;Planctomycetota;Planctomycetia;Pirellulales;Pirellulaceae;Roseimaritima;Roseimaritima ulvae	980254	assignment
Bacteria;Pseudomonadati;Planctomycetota;Planctomycetia;Pirellulales;Pirellulaceae;Rubripirellula	0	unresolved
Bacteria;Pseudomonadati;Planctomycetota;Planctomycetia;Pirellulales;Pirellulaceae;Rubripirellula;Rubripirellula lacrimiformis	1930273	assignment
Bacteria;Pseudomonadati;Planctomycetota;Planctomycetia;Pirellulales;Thermoguttaceae	2691358	source_cache
Bacteria;Pseudomonadati;Planctomycetota;Planctomycetia;Pirellulales;Thermoguttaceae;Thermostilla	1755820	source_cache
Bacteria;Pseudomonadati;Planctomycetota;Planctomycetia;Pirellulales;Thermoguttaceae;Thermostilla;Thermostilla marina	1742923	source_cache
Bacteria;Pseudomonadati;Planctomycetota;Planctomycetia;Planctomycetales	0	unresolved
Bacteria;Pseudomonadati;Planctomycetota;Planctomycetia;Planctomycetales;Planctomycetaceae	0	unresolved
Bacteria;Pseudomonadati;Planctomycetota;Planctomycetia;Planctomycetales;Planctomycetaceae;Fuerstiella	0	unresolved
Bacteria;Pseudomonadati;Planctomycetota;Planctomycetia;Planctomycetales;Planctomycetaceae;Fuerstiella;Fuerstiella marisgermanici	1891926	assignment
Bacteria;Pseudomonadati;Planctomycetota;Planctomycetia;Planctomycetales;Planctomycetaceae;Gimesia	0	unresolved
Bacteria;Pseudomonadati;Planctomycetota;Planctomycetia;Planctomycetales;Planctomycetaceae;Gimesia;Gimesia panareensis	2527978	assignment
Bacteria;Pseudomonadati;Planctomycetota;Planctomycetia;Planctomycetales;Planctomycetaceae;Planctopirus	0	unresolved
Bacteria;Pseudomonadati;Planctomycetota;Planctomycetia;Planctomycetales;Planctomycetaceae;Planctopirus;Planctopirus ephydatiae	2528019	assignment
Bacteria;Pseudomonadati;Planctomycetota;Planctomycetia;Planctomycetales;Planctomycetaceae;Planctopirus;Planctopirus hydrillae	1841610	assignment
Bacteria;Pseudomonadati;Planctomycetota;Planctomycetia;Planctomycetales;Planctomycetaceae;Polystyrenella	0	unresolved
Bacteria;Pseudomonadati;Planctomycetota;Planctomycetia;Planctomycetales;Planctomycetaceae;Polystyrenella;Polystyrenella longa	2528007	assignment
Bacteria;Pseudomonadati;Planctomycetota;Planctomycetia;Planctomycetales;Planctomycetaceae;Rubinisphaera	0	unresolved
Bacteria;Pseudomonadati;Planctomycetota;Planctomycetia;Planctomycetales;Planctomycetaceae;Rubinisphaera;Rubinisphaera italica	2527969	assignment
Bacteria;Pseudomonadati;Pseudomonadota	1224	source_cache
Bacteria;Pseudomonadati;Pseudomonadota;Alphaproteobacteria	28211	source_cache
Bacteria;Pseudomonadati;Pseudomonadota;Alphaproteobacteria;Acetobacterales	3120395	source_cache
Bacteria;Pseudomonadati;Pseudomonadota;Alphaproteobacteria;Acetobacterales;Acetobacteraceae	433	source_cache
Bacteria;Pseudomonadati;Pseudomonadota;Alphaproteobacteria;Acetobacterales;Acetobacteraceae;Neoroseomonas	2870716	source_cache
Bacteria;Pseudomonadati;Pseudomonadota;Alphaproteobacteria;Acetobacterales;Acetobacteraceae;Neoroseomonas;Neoroseomonas eburnea	1346889	assignment
Bacteria;Pseudomonadati;Pseudomonadota;Alphaproteobacteria;Acetobacterales;Acetobacteraceae;Neoroseomonas;Neoroseomonas oryzicola	535904	assignment
Bacteria;Pseudomonadati;Pseudomonadota;Alphaproteobacteria;Caulobacterales	204458	source_cache
Bacteria;Pseudomonadati;Pseudomonadota;Alphaproteobacteria;Caulobacterales;Caulobacteraceae	76892	source_cache
Bacteria;Pseudomonadati;Pseudomonadota;Alphaproteobacteria;Caulobacterales;Caulobacteraceae;Brevundimonas	41275	source_cache
Bacteria;Pseudomonadati;Pseudomonadota;Alphaproteobacteria;Caulobacterales;Caulobacteraceae;Brevundimonas;Brevundimonas alba	74314	assignment
Bacteria;Pseudomonadati;Pseudomonadota;Alphaproteobacteria;Caulobacterales;Caulobacteraceae;Brevundimonas;Brevundimonas albigilva	1312364	assignment
Bacteria;Pseudomonadati;Pseudomonadota;Alphaproteobacteria;Caulobacterales;Caulobacteraceae;Brevundimonas;Brevundimonas aurantiaca	74316	assignment
Bacteria;Pseudomonadati;Pseudomonadota;Alphaproteobacteria;Caulobacterales;Caulobacteraceae;Brevundimonas;Brevundimonas aveniformis	370977	source_cache
Bacteria;Pseudomonadati;Pseudomonadota;Alphaproteobacteria;Caulobacterales;Caulobacteraceae;Brevundimonas;Brevundimonas bullata	13160	assignment
Bacteria;Pseudomonadati;Pseudomonadota;Alphaproteobacteria;Caulobacterales;Caulobacteraceae;Brevundimonas;Brevundimonas canariensis	1904756	assignment
Bacteria;Pseudomonadati;Pseudomonadota;Alphaproteobacteria;Caulobacterales;Caulobacteraceae;Brevundimonas;Brevundimonas fluminis	2487274	assignment
Bacteria;Pseudomonadati;Pseudomonadota;Alphaproteobacteria;Caulobacterales;Caulobacteraceae;Brevundimonas;Brevundimonas halotolerans	69670	assignment
Bacteria;Pseudomonadati;Pseudomonadota;Alphaproteobacteria;Caulobacterales;Caulobacteraceae;Brevundimonas;Brevundimonas humi	2072566	assignment
Bacteria;Pseudomonadati;Pseudomonadota;Alphaproteobacteria;Caulobacterales;Caulobacteraceae;Brevundimonas;Brevundimonas intermedia	74315	assignment
Bacteria;Pseudomonadati;Pseudomonadota;Alphaproteobacteria;Caulobacterales;Caulobacteraceae;Brevundimonas;Brevundimonas kwangchunensis	322163	assignment
Bacteria;Pseudomonadati;Pseudomonadota;Alphaproteobacteria;Caulobacterales;Caulobacteraceae;Brevundimonas;Brevundimonas lenta	424796	assignment
Bacteria;Pseudomonadati;Pseudomonadota;Alphaproteobacteria;Caulobacterales;Caulobacteraceae;Brevundimonas;Brevundimonas lutea	2293980	assignment
Bacteria;Pseudomonadati;Pseudomonadota;Alphaproteobacteria;Caulobacterales;Caulobacteraceae;Brevundimonas;Brevundimonas olei	657642	assignment
Bacteria;Pseudomonadati;Pseudomonadota;Alphaproteobacteria;Caulobacterales;Caulobacteraceae;Brevundimonas;Brevundimonas poindexterae	74325	assignment
Bacteria;Pseudomonadati;Pseudomonadota;Alphaproteobacteria;Caulobacterales;Caulobacteraceae;Brevundimonas;Brevundimonas staleyi	74326	source_cache
Bacteria;Pseudomonadati;Pseudomonadota;Alphaproteobacteria;Caulobacterales;Caulobacteraceae;Brevundimonas;Brevundimonas viscosa	871741	assignment
Bacteria;Pseudomonadati;Pseudomonadota;Alphaproteobacteria;Caulobacterales;Caulobacteraceae;Caulobacter	0	unresolved
Bacteria;Pseudomonadati;Pseudomonadota;Alphaproteobacteria;Caulobacterales;Caulobacteraceae;Caulobacter;Caulobacter daechungensis	1249558	assignment
Bacteria;Pseudomonadati;Pseudomonadota;Alphaproteobacteria;Caulobacterales;Caulobacteraceae;Caulobacter;Caulobacter fusiformis	69396	assignment
Bacteria;Pseudomonadati;Pseudomonadota;Alphaproteobacteria;Caulobacterales;Caulobacteraceae;Caulobacter;Caulobacter mirabilis	69666	assignment
Bacteria;Pseudomonadati;Pseudomonadota;Alphaproteobacteria;Caulobacterales;Caulobacteraceae;Phenylobacterium	0	unresolved
Bacteria;Pseudomonadati;Pseudomonadota;Alphaproteobacteria;Caulobacterales;Caulobacteraceae;Phenylobacterium;Phenylobacterium koreense	266125	assignment
Bacteria;Pseudomonadati;Pseudomonadota;Alphaproteobacteria;Caulobacterales;Caulobacteraceae;Phenylobacterium;Phenylobacterium kunshanense	1445034	assignment
Bacteria;Pseudomonadati;Pseudomonadota;Alphaproteobacteria;Caulobacterales;Caulobacteraceae;Phenylobacterium;Phenylobacterium mobile	162292	assignment
Bacteria;Pseudomonadati;Pseudomonadota;Alphaproteobacteria;Geminicoccales	3108222	source_cache
Bacteria;Pseudomonadati;Pseudomonadota;Alphaproteobacteria;Geminicoccales;Geminicoccaceae	2066434	source_cache
Bacteria;Pseudomonadati;Pseudomonadota;Alphaproteobacteria;Geminicoccales;Geminicoccaceae;Tistrella	171436	source_cache
Bacteria;Pseudomonadati;Pseudomonadota;Alphaproteobacteria;Geminicoccales;Geminicoccaceae;Tistrella;Tistrella mobilis	171437	assignment
Bacteria;Pseudomonadati;Pseudomonadota;Alphaproteobacteria;Hyphomicrobiales	356	source_cache
Bacteria;Pseudomonadati;Pseudomonadota;Alphaproteobacteria;Hyphomicrobiales;Aestuariivirgaceae	0	unresolved
Bacteria;Pseudomonadati;Pseudomonadota;Alphaproteobacteria;Hyphomicrobiales;Aestuariivirgaceae;Aestuariivirga	0	unresolved
Bacteria;Pseudomonadati;Pseudomonadota;Alphaproteobacteria;Hyphomicrobiales;Aestuariivirgaceae;Aestuariivirga;Aestuariivirga litoralis	2650924	assignment
Bacteria;Pseudomonadati;Pseudomonadota;Alphaproteobacteria;Hyphomicrobiales;Ahrensiaceae	0	unresolved
Bacteria;Pseudomonadati;Pseudomonadota;Alphaproteobacteria;Hyphomicrobiales;Ahrensiaceae;Ahrensia	0	unresolved
Bacteria;Pseudomonadati;Pseudomonadota;Alphaproteobacteria;Hyphomicrobiales;Ahrensiaceae;Ahrensia;Ahrensia marina	1514904	assignment
Bacteria;Pseudomonadati;Pseudomonadota;Alphaproteobacteria;Hyphomicrobiales;Ahrensiaceae;Oceaniradius	0	unresolved
Bacteria;Pseudomonadati;Pseudomonadota;Alphaproteobacteria;Hyphomicrobiales;Ahrensiaceae;Oceaniradius;Oceaniradius stylonematis	2184161	assignment
Bacteria;Pseudomonadati;Pseudomonadota;Alphaproteobacteria;Hyphomicrobiales;Ahrensiaceae;Oricola	0	unresolved
Bacteria;Pseudomonadati;Pseudomonadota;Alphaproteobacteria;Hyphomicrobiales;Ahrensiaceae;Oricola;Oricola thermophila	2742145	assignment
Bacteria;Pseudomonadati;Pseudomonadota;Alphaproteobacteria;Hyphomicrobiales;Beijerinckiaceae	45404	source_cache
Bacteria;Pseudomonadati;Pseudomonadota;Alphaproteobacteria;Hyphomicrobiales;Beijerinckiaceae;Beijerinckia	532	source_cache
Bacteria;Pseudomonadati;Pseudomonadota;Alphaproteobacteria;Hyphomicrobiales;Beijerinckiaceae;Beijerinckia;Beijerinckia indica	395963	assignment
Bacteria;Pseudomonadati;Pseudomonadota;Alphaproteobacteria;Hyphomicrobiales;Boseaceae	0	unresolved
Bacteria;Pseudomonadati;Pseudomonadota;Alphaproteobacteria;Hyphomicrobiales;Boseaceae;Bosea	0	unresolved
Bacteria;Pseudomonadati;Pseudomonadota;Alphaproteobacteria;Hyphomicrobiales;Boseaceae;Bosea;Bosea lupini	1036779	assignment
Bacteria;Pseudomonadati;Pseudomonadota;Alphaproteobacteria;Hyphomicrobiales;Boseaceae;Bosea;Bosea psychrotolerans	1871628	assignment
Bacteria;Pseudomonadati;Pseudomonadota;Alphaproteobacteria;Hyphomicrobiales;Boseaceae;Bosea;Bosea thiooxidans	53254	assignment
Bacteria;Pseudomonadati;Pseudomonadota;Alphaproteobacteria;Hyphomicrobiales;Boseaceae;Bosea;Bosea vaviloviae	1526658	assignment
Bacteria;Pseudomonadati;Pseudomonadota;Alphaproteobacteria;Hyphomicrobiales;Boseaceae;Bosea;Bosea vestrisii	1212487	assignment
Bacteria;Pseudomonadati;Pseudomonadota;Alphaproteobacteria;Hyphomicrobiales;Chelatococcaceae	2036754	source_cache
Bacteria;Pseudomonadati;Pseudomonadota;Alphaproteobacteria;Hyphomicrobiales;Chelatococcaceae;Chelatococcus	0	unresolved
Bacteria;Pseudomonadati;Pseudomonadota;Alphaproteobacteria;Hyphomicrobiales;Chelatococcaceae;Chelatococcus;Chelatococcus asaccharovorans	28210	assignment
Bacteria;Pseudomonadati;Pseudomonadota;Alphaproteobacteria;Hyphomicrobiales;Devosiaceae	2831106	source_cache
Bacteria;Pseudomonadati;Pseudomonadota;Alphaproteobacteria;Hyphomicrobiales;Devosiaceae;Devosia	46913	source_cache
Bacteria;Pseudomonadati;Pseudomonadota;Alphaproteobacteria;Hyphomicrobiales;Devosiaceae;Devosia;Devosia confluentis	1849014	assignment
Bacteria;Pseudomonadati;Pseudomonadota;Alphaproteobacteria;Hyphomicrobiales;Devosiaceae;Devosia;Devosia crocina	429728	assignment
Bacteria;Pseudomonadati;Pseudomonadota;Alphaproteobacteria;Hyphomicrobiales;Devosiaceae;Devosia;Devosia enhydra	665118	assignment
Bacteria;Pseudomonadati;Pseudomonadota;Alphaproteobacteria;Hyphomicrobiales;Devosiaceae;Devosia;Devosia humi	1591105	assignment
Bacteria;Pseudomonadati;Pseudomonadota;Alphaproteobacteria;Hyphomicrobiales;Devosiaceae;Devosia;Devosia indica	2079253	assignment
Bacteria;Pseudomonadati;Pseudomonadota;Alphaproteobacteria;Hyphomicrobiales;Devosiaceae;Devosia;Devosia insulae	1116389	assignment
Bacteria;Pseudomonadati;Pseudomonadota;Alphaproteobacteria;Hyphomicrobiales;Devosiaceae;Devosia;Devosia lucknowensis	1096929	source_cache
Bacteria;Pseudomonadati;Pseudomonadota;Alphaproteobacteria;Hyphomicrobiales;Devosiaceae;Devosia;Devosia marina	2683198	assignment
Bacteria;Pseudomonadati;Pseudomonadota;Alphaproteobacteria;Hyphomicrobiales;Devosiaceae;Devosia;Devosia mishustinii	616951	assignment
Bacteria;Pseudomonadati;Pseudomonadota;Alphaproteobacteria;Hyphomicrobiales;Devosiaceae;Devosia;Devosia riboflavina	46914	assignment
Bacteria;Pseudomonadati;Pseudomonadota;Alphaproteobacteria;Hyphomicrobiales;Devosiaceae;Devosia;Devosia salina	2860336	assignment
Bacteria;Pseudomonadati;Pseudomonadota;Alphaproteobacteria;Hyphomicrobiales;Devosiaceae;Devosia;Devosia sediminis	2798801	source_cache
Bacteria;Pseudomonadati;Pseudomonadota;Alphaproteobacteria;Hyphomicrobiales;Devosiaceae;Devosia;Devosia subaequoris	395930	assignment
Bacteria;Pseudomonadati;Pseudomonadota;Alphaproteobacteria;Hyphomicrobiales;Devosiaceae;Devosia;Devosia yakushimensis	470028	assignment
Bacteria;Pseudomonadati;Pseudomonadota;Alphaproteobacteria;Hyphomicrobiales;Hyphomicrobiaceae	45401	source_cache
Bacteria;Pseudomonadati;Pseudomonadota;Alphaproteobacteria;Hyphomicrobiales;Hyphomicrobiaceae;Filomicrobium	0	unresolved
Bacteria;Pseudomonadati;Pseudomonadota;Alphaproteobacteria;Hyphomicrobiales;Hyphomicrobiaceae;Filomicrobium;Filomicrobium fusiforme	66850	assignment
Bacteria;Pseudomonadati;Pseudomonadota;Alphaproteobacteria;Hyphomicrobiales;Hyphomicrobiaceae;Filomicrobium;Filomicrobium insigne	418854	assignment
Bacteria;Pseudomonadati;Pseudomonadota;Alphaproteobacteria;Hyphomicrobiales;Hyphomicrobiaceae;Hyphomicrobium	81	source_cache
Bacteria;Pseudomonadati;Pseudomonadota;Alphaproteobacteria;Hyphomicrobiales;Hyphomicrobiaceae;Hyphomicrobium;Hyphomicrobium aestuarii	53398	assignment
Bacteria;Pseudomonadati;Pseudomonadota;Alphaproteobacteria;Hyphomicrobiales;Hyphomicrobiaceae;Hyphomicrobium;Hyphomicrobium album	2665159	source_cache
Bacteria;Pseudomonadati;Pseudomonadota;Alphaproteobacteria;Hyphomicrobiales;Hyphomicrobiaceae;Hyphomicrobium;Hyphomicrobium denitrificans	53399	source_cache
Bacteria;Pseudomonadati;Pseudomonadota;Alphaproteobacteria;Hyphomicrobiales;Hyphomicrobiaceae;Hyphomicrobium;Hyphomicrobium facile	51670	assignment
Bacteria;Pseudomonadati;Pseudomonadota;Alphaproteobacteria;Hyphomicrobiales;Hyphomicrobiaceae;Hyphomicrobium;Hyphomicrobium hollandicum	53400	assignment
Bacteria;Pseudomonadati;Pseudomonadota;Alphaproteobacteria;Hyphomicrobiales;Hyphomicrobiaceae;Hyphomicrobium;Hyphomicrobium methylovorum	84	assignment
Bacteria;Pseudomonadati;Pseudomonadota;Alphaproteobacteria;Hyphomicrobiales;Hyphomicrobiaceae;Hyphomicrobium;Hyphomicrobium nitrativorans	1029756	assignment
Bacteria;Pseudomonadati;Pseudomonadota;Alphaproteobacteria;Hyphomicrobiales;Hyphomicrobiaceae;Hyphomicrobium;Hyphomicrobium sulfonivorans	121290	source_cache
Bacteria;Pseudomonadati;Pseudomonadota;Alphaproteobacteria;Hyphomicrobiales;Hyphomicrobiaceae;Hyphomicrobium;Hyphomicrobium vulgare	83	source_cache
Bacteria;Pseudomonadati;Pseudomonadota;Alphaproteobacteria;Hyphomicrobiales;Hyphomicrobiaceae;Hyphomicrobium;Hyphomicrobium zavarzinii	48292	source_cache
Bacteria;Pseudomonadati;Pseudomonadota;Alphaproteobacteria;Hyphomicrobiales;Hyphomicrobiaceae;Methyloceanibacter	0	unresolved
Bacteria;Pseudomonadati;Pseudomonadota;Alphaproteobacteria;Hyphomicrobiales;Hyphomicrobiaceae;Methyloceanibacter;Methyloceanibacter caenitepidi	1384459	assignment
Bacteria;Pseudomonadati;Pseudomonadota;Alphaproteobacteria;Hyphomicrobiales;Hyphomicrobiaceae;Methylothermalis	0	unresolved
Bacteria;Pseudomonadati;Pseudomonadota;Alphaproteobacteria;Hyphomicrobiales;Hyphomicrobiaceae;Methylothermalis;Methylothermalis aethiopiae	1751901	assignment
Bacteria;Pseudomonadati;Pseudomonadota;Alphaproteobacteria;Hyphomicrobiales;Hyphomicrobiaceae;Pedomicrobium	47494	source_cache
Bacteria;Pseudomonadati;Pseudomonadota;Alphaproteobacteria;Hyphomicrobiales;Hyphomicrobiaceae;Pedomicrobium;Pedomicrobium manganicum	47498	source_cache
Bacteria;Pseudomonadati;Pseudomonadota;Alphaproteobacteria;Hyphomicrobiales;Hyphomicrobiales_Incertae_sedis	0	unresolved
Bacteria;Pseudomonadati;Pseudomonadota;Alphaproteobacteria;Hyphomicrobiales;Hyphomicrobiales_Incertae_sedis;Pseudorhodoplanes	1734920	source_cache
Bacteria;Pseudomonadati;Pseudomonadota;Alphaproteobacteria;Hyphomicrobiales;Hyphomicrobiales_Incertae_sedis;Pseudorhodoplanes;Pseudorhodoplanes sinuspersici	1235591	source_cache
Bacteria;Pseudomonadati;Pseudomonadota;Alphaproteobacteria;Hyphomicrobiales;Kaistiaceae	2831111	source_cache
Bacteria;Pseudomonadati;Pseudomonadota;Alphaproteobacteria;Hyphomicrobiales;Kaistiaceae;Bauldia	1145345	source_cache
Bacteria;Pseudomonadati;Pseudomonadota;Alphaproteobacteria;Hyphomicrobiales;Kaistiaceae;Bauldia;Bauldia consociata	616952	assignment
Bacteria;Pseudomonadati;Pseudomonadota;Alphaproteobacteria;Hyphomicrobiales;Methylobacteriaceae	119045	source_cache
Bacteria;Pseudomonadati;Pseudomonadota;Alphaproteobacteria;Hyphomicrobiales;Methylobacteriaceae;Methylobacterium	407	source_cache
Bacteria;Pseudomonadati;Pseudomonadota;Alphaproteobacteria;Hyphomicrobiales;Methylobacteriaceae;Methylobacterium;Methylobacterium dankookense	560405	assignment
Bacteria;Pseudomonadati;Pseudomonadota;Alphaproteobacteria;Hyphomicrobiales;Methylobacteriaceae;Microvirga	186650	source_cache
Bacteria;Pseudomonadati;Pseudomonadota;Alphaproteobacteria;Hyphomicrobiales;Methylobacteriaceae;Microvirga;Microvirga subterranea	186651	source_cache
Bacteria;Pseudomonadati;Pseudomonadota;Alphaproteobacteria;Hyphomicrobiales;Methylocystaceae	31993	source_cache
Bacteria;Pseudomonadati;Pseudomonadota;Alphaproteobacteria;Hyphomicrobiales;Methylocystaceae;Methylocystis	133	source_cache
Bacteria;Pseudomonadati;Pseudomonadota;Alphaproteobacteria;Hyphomicrobiales;Methylocystaceae;Methylocystis;Methylocystis silviterrae	2743612	assignment
Bacteria;Pseudomonadati;Pseudomonadota;Alphaproteobacteria;Hyphomicrobiales;Nitrobacteraceae	0	unresolved
Bacteria;Pseudomonadati;Pseudomonadota;Alphaproteobacteria;Hyphomicrobiales;Nitrobacteraceae;Afipia	0	unresolved
Bacteria;Pseudomonadati;Pseudomonadota;Alphaproteobacteria;Hyphomicrobiales;Nitrobacteraceae;Afipia;Afipia broomeae	56946	assignment
Bacteria;Pseudomonadati;Pseudomonadota;Alphaproteobacteria;Hyphomicrobiales;Nitrobacteraceae;Afipia;Afipia carboxidovorans	40137	assignment
Bacteria;Pseudomonadati;Pseudomonadota;Alphaproteobacteria;Hyphomicrobiales;Nitrobacteraceae;Bradyrhizobium	0	unresolved
Bacteria;Pseudomonadati;Pseudomonadota;Alphaproteobacteria;Hyphomicrobiales;Nitrobacteraceae;Bradyrhizobium;Bradyrhizobium oligotrophicum	1245469	assignment
Bacteria;Pseudomonadati;Pseudomonadota;Alphaproteobacteria;Hyphomicrobiales;Nitrobacteraceae;Nitrobacter	0	unresolved
Bacteria;Pseudomonadati;Pseudomonadota;Alphaproteobacteria;Hyphomicrobiales;Nitrobacteraceae;Nitrobacter;Nitrobacter hamburgensis	323097	assignment
Bacteria;Pseudomonadati;Pseudomonadota;Alphaproteobacteria;Hyphomicrobiales;Nitrobacteraceae;Variibacter	0	unresolved
Bacteria;Pseudomonadati;Pseudomonadota;Alphaproteobacteria;Hyphomicrobiales;Nitrobacteraceae;Variibacter;Variibacter gotjawalensis	1333996	assignment
Bacteria;Pseudomonadati;Pseudomonadota;Alphaproteobacteria;Hyphomicrobiales;Notoacmeibacteraceae	0	unresolved
Bacteria;Pseudomonadati;Pseudomonadota;Alphaproteobacteria;Hyphomicrobiales;Notoacmeibacteraceae;Zhengella	0	unresolved
Bacteria;Pseudomonadati;Pseudomonadota;Alphaproteobacteria;Hyphomicrobiales;Notoacmeibacteraceae;Zhengella;Zhengella mangrovi	1982044	assignment
Bacteria;Pseudomonadati;Pseudomonadota;Alphaproteobacteria;Hyphomicrobiales;Parvibaculaceae	2813035	source_cache
Bacteria;Pseudomonadati;Pseudomonadota;Alphaproteobacteria;Hyphomicrobiales;Parvibaculaceae;Parvibaculum	256616	source_cache
Bacteria;Pseudomonadati;Pseudomonadota;Alphaproteobacteria;Hyphomicrobiales;Parvibaculaceae;Parvibaculum;Parvibaculum lavamentivorans	256618	source_cache
Bacteria;Pseudomonadati;Pseudomonadota;Alphaproteobacteria;Hyphomicrobiales;Phreatobacteraceae	0	unresolved
Bacteria;Pseudomonadati;Pseudomonadota;Alphaproteobacteria;Hyphomicrobiales;Phreatobacteraceae;Phreatobacter	0	unresolved
Bacteria;Pseudomonadati;Pseudomonadota;Alphaproteobacteria;Hyphomicrobiales;Phreatobacteraceae;Phreatobacter;Phreatobacter oligotrophus	1122261	assignment
Bacteria;Pseudomonadati;Pseudomonadota;Alphaproteobacteria;Hyphomicrobiales;Phyllobacteriaceae	69277	source_cache
Bacteria;Pseudomonadati;Pseudomonadota;Alphaproteobacteria;Hyphomicrobiales;Phyllobacteriaceae;Aminobacter	31988	source_cache
Bacteria;Pseudomonadati;Pseudomonadota;Alphaproteobacteria;Hyphomicrobiales;Phyllobacteriaceae;Aminobacter;Aminobacter aganoensis	83264	source_cache
Bacteria;Pseudomonadati;Pseudomonadota;Alphaproteobacteria;Hyphomicrobiales;Phyllobacteriaceae;Aminobacter;Aminobacter anthyllidis	1035067	assignment
Bacteria;Pseudomonadati;Pseudomonadota;Alphaproteobacteria;Hyphomicrobiales;Phyllobacteriaceae;Aquamicrobium	69278	source_cache
Bacteria;Pseudomonadati;Pseudomonadota;Alphaproteobacteria;Hyphomicrobiales;Phyllobacteriaceae;Aquamicrobium;Aquamicrobium terrae	1324945	assignment
Bacteria;Pseudomonadati;Pseudomonadota;Alphaproteobacteria;Hyphomicrobiales;Phyllobacteriaceae;Aquibium	0	unresolved
Bacteria;Pseudomonadati;Pseudomonadota;Alphaproteobacteria;Hyphomicrobiales;Phyllobacteriaceae;Aquibium;Aquibium carbonis	2495581	assignment
Bacteria;Pseudomonadati;Pseudomonadota;Alphaproteobacteria;Hyphomicrobiales;Phyllobacteriaceae;Aquibium;Aquibium microcysteis	675281	assignment
Bacteria;Pseudomonadati;Pseudomonadota;Alphaproteobacteria;Hyphomicrobiales;Phyllobacteriaceae;Aquibium;Aquibium oceanicum	1670800	assignment
Bacteria;Pseudomonadati;Pseudomonadota;Alphaproteobacteria;Hyphomicrobiales;Phyllobacteriaceae;Chelativorans	0	unresolved
Bacteria;Pseudomonadati;Pseudomonadota;Alphaproteobacteria;Hyphomicrobiales;Phyllobacteriaceae;Chelativorans;Chelativorans alearense	2681495	assignment
Bacteria;Pseudomonadati;Pseudomonadota;Alphaproteobacteria;Hyphomicrobiales;Phyllobacteriaceae;Mesorhizobium	68287	source_cache
Bacteria;Pseudomonadati;Pseudomonadota;Alphaproteobacteria;Hyphomicrobiales;Phyllobacteriaceae;Mesorhizobium;Mesorhizobium amorphae	71433	assignment
Bacteria;Pseudomonadati;Pseudomonadota;Alphaproteobacteria;Hyphomicrobiales;Phyllobacteriaceae;Mesorhizobium;Mesorhizobium atlanticum	2233532	source_cache
Bacteria;Pseudomonadati;Pseudomonadota;Alphaproteobacteria;Hyphomicrobiales;Phyllobacteriaceae;Mesorhizobium;Mesorhizobium australicum	754035	assignment
Bacteria;Pseudomonadati;Pseudomonadota;Alphaproteobacteria;Hyphomicrobiales;Phyllobacteriaceae;Mesorhizobium;Mesorhizobium carmichaelinearum	1208188	assignment
Bacteria;Pseudomonadati;Pseudomonadota;Alphaproteobacteria;Hyphomicrobiales;Phyllobacteriaceae;Mesorhizobium;Mesorhizobium comanense	2502215	source_cache
Bacteria;Pseudomonadati;Pseudomonadota;Alphaproteobacteria;Hyphomicrobiales;Phyllobacteriaceae;Mesorhizobium;Mesorhizobium delmotii	1631247	assignment
Bacteria;Pseudomonadati;Pseudomonadota;Alphaproteobacteria;Hyphomicrobiales;Phyllobacteriaceae;Mesorhizobium;Mesorhizobium erdmanii	1777866	assignment
Bacteria;Pseudomonadati;Pseudomonadota;Alphaproteobacteria;Hyphomicrobiales;Phyllobacteriaceae;Mesorhizobium;Mesorhizobium gobiense	410756	assignment
Bacteria;Pseudomonadati;Pseudomonadota;Alphaproteobacteria;Hyphomicrobiales;Phyllobacteriaceae;Mesorhizobium;Mesorhizobium hankyongi	2707057	assignment
Bacteria;Pseudomonadati;Pseudomonadota;Alphaproteobacteria;Hyphomicrobiales;Phyllobacteriaceae;Mesorhizobium;Mesorhizobium helmanticense	1776423	source_cache
Bacteria;Pseudomonadati;Pseudomonadota;Alphaproteobacteria;Hyphomicrobiales;Phyllobacteriaceae;Mesorhizobium;Mesorhizobium jarvisii	1777867	assignment
Bacteria;Pseudomonadati;Pseudomonadota;Alphaproteobacteria;Hyphomicrobiales;Phyllobacteriaceae;Mesorhizobium;Mesorhizobium mediterraneum	43617	assignment
Bacteria;Pseudomonadati;Pseudomonadota;Alphaproteobacteria;Hyphomicrobiales;Phyllobacteriaceae;Mesorhizobium;Mesorhizobium muleiense	1004279	assignment
Bacteria;Pseudomonadati;Pseudomonadota;Alphaproteobacteria;Hyphomicrobiales;Phyllobacteriaceae;Mesorhizobium;Mesorhizobium sediminum	1849104	assignment
Bacteria;Pseudomonadati;Pseudomonadota;Alphaproteobacteria;Hyphomicrobiales;Phyllobacteriaceae;Mesorhizobium;Mesorhizobium tamadayense	425306	assignment
Bacteria;Pseudomonadati;Pseudomonadota;Alphaproteobacteria;Hyphomicrobiales;Phyllobacteriaceae;Mesorhizobium;Mesorhizobium terrae	2725666	assignment
Bacteria;Pseudomonadati;Pseudomonadota;Alphaproteobacteria;Hyphomicrobiales;Phyllobacteriaceae;Mesorhizobium;Mesorhizobium tianshanense	39844	assignment
Bacteria;Pseudomonadati;Pseudomonadota;Alphaproteobacteria;Hyphomicrobiales;Phyllobacteriaceae;Nitratireductor	245876	source_cache
Bacteria;Pseudomonadati;Pseudomonadota;Alphaproteobacteria;Hyphomicrobiales;Phyllobacteriaceae;Nitratireductor;Nitratireductor aquibiodomus	1231185	assignment
Bacteria;Pseudomonadati;Pseudomonadota;Alphaproteobacteria;Hyphomicrobiales;Phyllobacteriaceae;Oryzicola	0	unresolved
Bacteria;Pseudomonadati;Pseudomonadota;Alphaproteobacteria;Hyphomicrobiales;Phyllobacteriaceae;Oryzicola;Oryzicola mucosus	2767425	assignment
Bacteria;Pseudomonadati;Pseudomonadota;Alphaproteobacteria;Hyphomicrobiales;Pleomorphomonadaceae	0	unresolved
Bacteria;Pseudomonadati;Pseudomonadota;Alphaproteobacteria;Hyphomicrobiales;Pleomorphomonadaceae;Chthonobacter	0	unresolved
Bacteria;Pseudomonadati;Pseudomonadota;Alphaproteobacteria;Hyphomicrobiales;Pleomorphomonadaceae;Chthonobacter;Chthonobacter rhizosphaerae	2735553	assignment
Bacteria;Pseudomonadati;Pseudomonadota;Alphaproteobacteria;Hyphomicrobiales;Reyranellaceae	2844375	source_cache
Bacteria;Pseudomonadati;Pseudomonadota;Alphaproteobacteria;Hyphomicrobiales;Reyranellaceae;Reyranella	445219	source_cache
Bacteria;Pseudomonadati;Pseudomonadota;Alphaproteobacteria;Hyphomicrobiales;Reyranellaceae;Reyranella;Reyranella aquatilis	2035356	source_cache
Bacteria;Pseudomonadati;Pseudomonadota;Alphaproteobacteria;Hyphomicrobiales;Reyranellaceae;Reyranella;Reyranella massiliensis	1205680	assignment
Bacteria;Pseudomonadati;Pseudomonadota;Alphaproteobacteria;Hyphomicrobiales;Reyranellaceae;Reyranella;Reyranella soli	1230389	assignment
Bacteria;Pseudomonadati;Pseudomonadota;Alphaproteobacteria;Hyphomicrobiales;Rhabdaerophilaceae	0	unresolved
Bacteria;Pseudomonadati;Pseudomonadota;Alphaproteobacteria;Hyphomicrobiales;Rhabdaerophilaceae;Rhabdaerophilum	0	unresolved
Bacteria;Pseudomonadati;Pseudomonadota;Alphaproteobacteria;Hyphomicrobiales;Rhabdaerophilaceae;Rhabdaerophilum;Rhabdaerophilum calidifontis	2604328	assignment
Bacteria;Pseudomonadati;Pseudomonadota;Alphaproteobacteria;Hyphomicrobiales;Rhizobiaceae	82115	source_cache
Bacteria;Pseudomonadati;Pseudomonadota;Alphaproteobacteria;Hyphomicrobiales;Rhizobiaceae;Agrobacterium	357	source_cache
Bacteria;Pseudomonadati;Pseudomonadota;Alphaproteobacteria;Hyphomicrobiales;Rhizobiaceae;Agrobacterium;Agrobacterium tumefaciens	358	source_cache
Bacteria;Pseudomonadati;Pseudomonadota;Alphaproteobacteria;Hyphomicrobiales;Rhizobiaceae;Hoeflea	0	unresolved
Bacteria;Pseudomonadati;Pseudomonadota;Alphaproteobacteria;Hyphomicrobiales;Rhizobiaceae;Hoeflea;Hoeflea alexandrii	288436	assignment
Bacteria;Pseudomonadati;Pseudomonadota;Alphaproteobacteria;Hyphomicrobiales;Rhizobiaceae;Hoeflea;Hoeflea anabaenae	369795	assignment
Bacteria;Pseudomonadati;Pseudomonadota;Alphaproteobacteria;Hyphomicrobiales;Rhizobiaceae;Hoeflea;Hoeflea phototrophica	244596	assignment
Bacteria;Pseudomonadati;Pseudomonadota;Alphaproteobacteria;Hyphomicrobiales;Rhizobiaceae;Mycoplana	13159	source_cache
Bacteria;Pseudomonadati;Pseudomonadota;Alphaproteobacteria;Hyphomicrobiales;Rhizobiaceae;Mycoplana;Mycoplana azooxidifex	1636188	assignment
Bacteria;Pseudomonadati;Pseudomonadota;Alphaproteobacteria;Hyphomicrobiales;Rhizobiaceae;Mycoplana;Mycoplana ramosa	40837	assignment
Bacteria;Pseudomonadati;Pseudomonadota;Alphaproteobacteria;Hyphomicrobiales;Rhizobiaceae;Pseudohoeflea	0	unresolved
Bacteria;Pseudomonadati;Pseudomonadota;Alphaproteobacteria;Hyphomicrobiales;Rhizobiaceae;Pseudohoeflea;Pseudohoeflea suaedae	877384	assignment
Bacteria;Pseudomonadati;Pseudomonadota;Alphaproteobacteria;Hyphomicrobiales;Rhizobiaceae;Rhizobium	379	source_cache
Bacteria;Pseudomonadati;Pseudomonadota;Alphaproteobacteria;Hyphomicrobiales;Rhizobiaceae;Rhizobium;Rhizobium cauense	1166683	assignment
Bacteria;Pseudomonadati;Pseudomonadota;Alphaproteobacteria;Hyphomicrobiales;Rhizobiaceae;Rhizobium;Rhizobium lemnae	1214924	assignment
Bacteria;Pseudomonadati;Pseudomonadota;Alphaproteobacteria;Hyphomicrobiales;Rhizobiaceae;Rhizobium;Rhizobium nepotum	1368418	assignment
Bacteria;Pseudomonadati;Pseudomonadota;Alphaproteobacteria;Hyphomicrobiales;Rhizobiaceae;Rhizobium;Rhizobium rhizolycopersici	2746702	assignment
Bacteria;Pseudomonadati;Pseudomonadota;Alphaproteobacteria;Hyphomicrobiales;Rhizobiaceae;Rhizobium;Rhizobium rosettiformans	1368430	source_cache
Bacteria;Pseudomonadati;Pseudomonadota;Alphaproteobacteria;Hyphomicrobiales;Rhizobiaceae;Shinella	0	unresolved
Bacteria;Pseudomonadati;Pseudomonadota;Alphaproteobacteria;Hyphomicrobiales;Rhizobiaceae;Shinella;Shinella curvata	1817964	assignment
Bacteria;Pseudomonadati;Pseudomonadota;Alphaproteobacteria;Hyphomicrobiales;Rhizobiaceae;Shinella;Shinella granuli	323621	assignment
Bacteria;Pseudomonadati;Pseudomonadota;Alphaproteobacteria;Hyphomicrobiales;Rhizobiaceae;Shinella;Shinella zoogloeoides	352475	assignment
Bacteria;Pseudomonadati;Pseudomonadota;Alphaproteobacteria;Hyphomicrobiales;Rhizobiaceae;Sinorhizobium	0	unresolved
Bacteria;Pseudomonadati;Pseudomonadota;Alphaproteobacteria;Hyphomicrobiales;Rhizobiaceae;Sinorhizobium;Sinorhizobium arboris	935557	assignment
Bacteria;Pseudomonadati;Pseudomonadota;Alphaproteobacteria;Hyphomicrobiales;Rhizobiaceae;Sinorhizobium;Sinorhizobium garamanticum	680247	assignment
Bacteria;Pseudomonadati;Pseudomonadota;Alphaproteobacteria;Hyphomicrobiales;Rhizobiaceae;Sinorhizobium;Sinorhizobium kostiense	76747	assignment
Bacteria;Pseudomonadati;Pseudomonadota;Alphaproteobacteria;Hyphomicrobiales;Salaquimonadaceae	0	unresolved
Bacteria;Pseudomonadati;Pseudomonadota;Alphaproteobacteria;Hyphomicrobiales;Salaquimonadaceae;Salaquimonas	0	unresolved
Bacteria;Pseudomonadati;Pseudomonadota;Alphaproteobacteria;Hyphomicrobiales;Salaquimonadaceae;Salaquimonas;Salaquimonas pukyongi	2712698	assignment
Bacteria;Pseudomonadati;Pseudomonadota;Alphaproteobacteria;Hyphomicrobiales;Salinarimonadaceae	0	unresolved
Bacteria;Pseudomonadati;Pseudomonadota;Alphaproteobacteria;Hyphomicrobiales;Salinarimonadaceae;Salinarimonas	0	unresolved
Bacteria;Pseudomonadati;Pseudomonadota;Alphaproteobacteria;Hyphomicrobiales;Salinarimonadaceae;Salinarimonas;Salinarimonas ramus	690164	assignment
Bacteria;Pseudomonadati;Pseudomonadota;Alphaproteobacteria;Hyphomicrobiales;Salinarimonadaceae;Salinarimonas;Salinarimonas rosea	552063	assignment
Bacteria;Pseudomonadati;Pseudomonadota;Alphaproteobacteria;Hyphomicrobiales;Segnochrobactraceae	0	unresolved
Bacteria;Pseudomonadati;Pseudomonadota;Alphaproteobacteria;Hyphomicrobiales;Segnochrobactraceae;Pseudoxanthobacter	0	unresolved
Bacteria;Pseudomonadati;Pseudomonadota;Alphaproteobacteria;Hyphomicrobiales;Segnochrobactraceae;Pseudoxanthobacter;Pseudoxanthobacter soli	433840	assignment
Bacteria;Pseudomonadati;Pseudomonadota;Alphaproteobacteria;Hyphomicrobiales;Xanthobacteraceae	335928	source_cache
Bacteria;Pseudomonadati;Pseudomonadota;Alphaproteobacteria;Hyphomicrobiales;Xanthobacteraceae;Ancylobacter	99	source_cache
Bacteria;Pseudomonadati;Pseudomonadota;Alphaproteobacteria;Hyphomicrobiales;Xanthobacteraceae;Ancylobacter;Ancylobacter dichloromethanicus	518825	assignment
Bacteria;Pseudomonadati;Pseudomonadota;Alphaproteobacteria;Hyphomicrobiales;Xanthobacteraceae;Ancylobacter;Ancylobacter novellus	639283	assignment
Bacteria;Pseudomonadati;Pseudomonadota;Alphaproteobacteria;Hyphomicrobiales;Xanthobacteraceae;Ancylobacter;Ancylobacter polymorphus	223390	assignment
Bacteria;Pseudomonadati;Pseudomonadota;Alphaproteobacteria;Hyphomicrobiales;Xanthobacteraceae;Ancylobacter;Ancylobacter rudongensis	177413	assignment
Bacteria;Pseudomonadati;Pseudomonadota;Alphaproteobacteria;Hyphomicrobiales;Xanthobacteraceae;Pseudolabrys	0	unresolved
Bacteria;Pseudomonadati;Pseudomonadota;Alphaproteobacteria;Hyphomicrobiales;Xanthobacteraceae;Pseudolabrys;Pseudolabrys taiwanensis	331696	assignment
Bacteria;Pseudomonadati;Pseudomonadota;Alphaproteobacteria;Hyphomicrobiales;Xanthobacteraceae;Xanthobacter	279	source_cache
Bacteria;Pseudomonadati;Pseudomonadota;Alphaproteobacteria;Hyphomicrobiales;Xanthobacteraceae;Xanthobacter;Xanthobacter agilis	47492	assignment
Bacteria;Pseudomonadati;Pseudomonadota;Alphaproteobacteria;Hyphomonadales	0	unresolved
Bacteria;Pseudomonadati;Pseudomonadota;Alphaproteobacteria;Hyphomonadales;Hyphomonadaceae	0	unresolved
Bacteria;Pseudomonadati;Pseudomonadota;Alphaproteobacteria;Hyphomonadales;Hyphomonadaceae;Asprobacter	0	unresolved
Bacteria;Pseudomonadati;Pseudomonadota;Alphaproteobacteria;Hyphomonadales;Hyphomonadaceae;Asprobacter;Asprobacter aquaticus	1348470	assignment
Bacteria;Pseudomonadati;Pseudomonadota;Alphaproteobacteria;Hyphomonadales;Hyphomonadaceae;Hyphomonas	0	unresolved
Bacteria;Pseudomonadati;Pseudomonadota;Alphaproteobacteria;Hyphomonadales;Hyphomonadaceae;Hyphomonas;Hyphomonas neptunium	81032	assignment
Bacteria;Pseudomonadati;Pseudomonadota;Alphaproteobacteria;Hyphomonadales;Hyphomonadaceae;Hyphomonas;Hyphomonas polymorpha	74319	assignment
Bacteria;Pseudomonadati;Pseudomonadota;Alphaproteobacteria;Maricaulales	0	unresolved
Bacteria;Pseudomonadati;Pseudomonadota;Alphaproteobacteria;Maricaulales;Maricaulaceae	0	unresolved
Bacteria;Pseudomonadati;Pseudomonadota;Alphaproteobacteria;Maricaulales;Maricaulaceae;Glycocaulis	0	unresolved
Bacteria;Pseudomonadati;Pseudomonadota;Alphaproteobacteria;Maricaulales;Maricaulaceae;Glycocaulis;Glycocaulis abyssi	1433403	assignment
Bacteria;Pseudomonadati;Pseudomonadota;Alphaproteobacteria;Maricaulales;Maricaulaceae;Hyphobacterium	0	unresolved
Bacteria;Pseudomonadati;Pseudomonadota;Alphaproteobacteria;Maricaulales;Maricaulaceae;Hyphobacterium;Hyphobacterium vulgare	1736751	assignment
Bacteria;Pseudomonadati;Pseudomonadota;Alphaproteobacteria;Micropepsales	0	unresolved
Bacteria;Pseudomonadati;Pseudomonadota;Alphaproteobacteria;Micropepsales;Micropepsaceae	0	unresolved
Bacteria;Pseudomonadati;Pseudomonadota;Alphaproteobacteria;Micropepsales;Micropepsaceae;Rhizomicrobium	0	unresolved
Bacteria;Pseudomonadati;Pseudomonadota;Alphaproteobacteria;Micropepsales;Micropepsaceae;Rhizomicrobium;Rhizomicrobium electricum	480070	assignment
Bacteria;Pseudomonadati;Pseudomonadota;Alphaproteobacteria;Rhodobacterales	204455	source_cache
Bacteria;Pseudomonadati;Pseudomonadota;Alphaproteobacteria;Rhodobacterales;Paracoccaceae	31989	source_cache
Bacteria;Pseudomonadati;Pseudomonadota;Alphaproteobacteria;Rhodobacterales;Paracoccaceae;Aliigemmobacter	0	unresolved
Bacteria;Pseudomonadati;Pseudomonadota;Alphaproteobacteria;Rhodobacterales;Paracoccaceae;Aliigemmobacter;Aliigemmobacter aestuarii	1445661	assignment
Bacteria;Pseudomonadati;Pseudomonadota;Alphaproteobacteria;Rhodobacterales;Paracoccaceae;Arenibacterium	0	unresolved
Bacteria;Pseudomonadati;Pseudomonadota;Alphaproteobacteria;Rhodobacterales;Paracoccaceae;Arenibacterium;Arenibacterium halophilum	2583821	assignment
Bacteria;Pseudomonadati;Pseudomonadota;Alphaproteobacteria;Rhodobacterales;Paracoccaceae;Cereibacter	0	unresolved
Bacteria;Pseudomonadati;Pseudomonadota;Alphaproteobacteria;Rhodobacterales;Paracoccaceae;Cereibacter;Cereibacter sphaeroides	1063	assignment
Bacteria;Pseudomonadati;Pseudomonadota;Alphaproteobacteria;Rhodobacterales;Paracoccaceae;Defluviimonas	0	unresolved
Bacteria;Pseudomonadati;Pseudomonadota;Alphaproteobacteria;Rhodobacterales;Paracoccaceae;Defluviimonas;Defluviimonas aestuarii	1130726	assignment
Bacteria;Pseudomonadati;Pseudomonadota;Alphaproteobacteria;Rhodobacterales;Paracoccaceae;Defluviimonas;Defluviimonas aquaemixtae	1542388	assignment
Bacteria;Pseudomonadati;Pseudomonadota;Alphaproteobacteria;Rhodobacterales;Paracoccaceae;Frigidibacter	1775705	source_cache
Bacteria;Pseudomonadati;Pseudomonadota;Alphaproteobacteria;Rhodobacterales;Paracoccaceae;Frigidibacter;Frigidibacter mobilis	1335048	assignment
Bacteria;Pseudomonadati;Pseudomonadota;Alphaproteobacteria;Rhodobacterales;Paracoccaceae;Frigidibacter;Frigidibacter oleivorans	2487129	assignment
Bacteria;Pseudomonadati;Pseudomonadota;Alphaproteobacteria;Rhodobacterales;Paracoccaceae;Fuscovulum	0	unresolved
Bacteria;Pseudomonadati;Pseudomonadota;Alphaproteobacteria;Rhodobacterales;Paracoccaceae;Fuscovulum;Fuscovulum blasticum	1075	assignment
Bacteria;Pseudomonadati;Pseudomonadota;Alphaproteobacteria;Rhodobacterales;Paracoccaceae;Gemmobacter	204456	source_cache
Bacteria;Pseudomonadati;Pseudomonadota;Alphaproteobacteria;Rhodobacterales;Paracoccaceae;Gemmobacter;Gemmobacter aquaticus	490185	assignment
Bacteria;Pseudomonadati;Pseudomonadota;Alphaproteobacteria;Rhodobacterales;Paracoccaceae;Gemmobacter;Gemmobacter caeni	589035	source_cache
Bacteria;Pseudomonadati;Pseudomonadota;Alphaproteobacteria;Rhodobacterales;Paracoccaceae;Gemmobacter;Gemmobacter lutimaris	2306023	assignment
Bacteria;Pseudomonadati;Pseudomonadota;Alphaproteobacteria;Rhodobacterales;Paracoccaceae;Gemmobacter;Gemmobacter megaterium	1086013	source_cache
Bacteria;Pseudomonadati;Pseudomonadota;Alphaproteobacteria;Rhodobacterales;Paracoccaceae;Gemmobacter;Gemmobacter nanjingensis	488454	assignment
Bacteria;Pseudomonadati;Pseudomonadota;Alphaproteobacteria;Rhodobacterales;Paracoccaceae;Gemmobacter;Gemmobacter nectariphilus	1121271	assignment
Bacteria;Pseudomonadati;Pseudomonadota;Alphaproteobacteria;Rhodobacterales;Paracoccaceae;Gemmobacter;Gemmobacter straminiformis	2045119	assignment
Bacteria;Pseudomonadati;Pseudomonadota;Alphaproteobacteria;Rhodobacterales;Paracoccaceae;Paracoccus	265	source_cache
Bacteria;Pseudomonadati;Pseudomonadota;Alphaproteobacteria;Rhodobacterales;Paracoccaceae;Paracoccus;Paracoccus binzhouensis	2796149	assignment
Bacteria;Pseudomonadati;Pseudomonadota;Alphaproteobacteria;Rhodobacterales;Paracoccaceae;Paracoccus;Paracoccus communis	1282439	assignment
Bacteria;Pseudomonadati;Pseudomonadota;Alphaproteobacteria;Rhodobacterales;Paracoccaceae;Paracoccus;Paracoccus denitrificans	266	assignment
Bacteria;Pseudomonadati;Pseudomonadota;Alphaproteobacteria;Rhodobacterales;Paracoccaceae;Paracoccus;Paracoccus fontiphilus	1815556	assignment
Bacteria;Pseudomonadati;Pseudomonadota;Alphaproteobacteria;Rhodobacterales;Paracoccaceae;Paracoccus;Paracoccus haematequi	2491866	assignment
Bacteria;Pseudomonadati;Pseudomonadota;Alphaproteobacteria;Rhodobacterales;Paracoccaceae;Paracoccus;Paracoccus homiensis	364199	assignment
Bacteria;Pseudomonadati;Pseudomonadota;Alphaproteobacteria;Rhodobacterales;Paracoccaceae;Paracoccus;Paracoccus pueri	2665493	assignment
Bacteria;Pseudomonadati;Pseudomonadota;Alphaproteobacteria;Rhodobacterales;Paracoccaceae;Paracoccus;Paracoccus speluncae	1571208	assignment
Bacteria;Pseudomonadati;Pseudomonadota;Alphaproteobacteria;Rhodobacterales;Paracoccaceae;Paracoccus;Paracoccus sulfuroxidans	384678	assignment
Bacteria;Pseudomonadati;Pseudomonadota;Alphaproteobacteria;Rhodobacterales;Paracoccaceae;Paracoccus;Paracoccus versutus	34007	assignment
Bacteria;Pseudomonadati;Pseudomonadota;Alphaproteobacteria;Rhodobacterales;Paracoccaceae;Pararhodobacter	0	unresolved
Bacteria;Pseudomonadati;Pseudomonadota;Alphaproteobacteria;Rhodobacterales;Paracoccaceae;Pararhodobacter;Pararhodobacter aggregans	404875	assignment
Bacteria;Pseudomonadati;Pseudomonadota;Alphaproteobacteria;Rhodobacterales;Paracoccaceae;Pararhodobacter;Pararhodobacter marinus	2184063	assignment
Bacteria;Pseudomonadati;Pseudomonadota;Alphaproteobacteria;Rhodobacterales;Paracoccaceae;Pseudotabrizicola	0	unresolved
Bacteria;Pseudomonadati;Pseudomonadota;Alphaproteobacteria;Rhodobacterales;Paracoccaceae;Pseudotabrizicola;Pseudotabrizicola algicola	2709381	assignment
Bacteria;Pseudomonadati;Pseudomonadota;Alphaproteobacteria;Rhodobacterales;Paracoccaceae;Pseudothioclava	0	unresolved
Bacteria;Pseudomonadati;Pseudomonadota;Alphaproteobacteria;Rhodobacterales;Paracoccaceae;Pseudothioclava;Pseudothioclava arenosa	1795308	assignment
Bacteria;Pseudomonadati;Pseudomonadota;Alphaproteobacteria;Rhodobacterales;Paracoccaceae;Szabonella	0	unresolved
Bacteria;Pseudomonadati;Pseudomonadota;Alphaproteobacteria;Rhodobacterales;Paracoccaceae;Szabonella;Szabonella alba	2804194	assignment
Bacteria;Pseudomonadati;Pseudomonadota;Alphaproteobacteria;Rhodobacterales;Paracoccaceae;Tabrizicola	1443919	source_cache
Bacteria;Pseudomonadati;Pseudomonadota;Alphaproteobacteria;Rhodobacterales;Paracoccaceae;Tabrizicola;Tabrizicola oligotrophica	2710650	assignment
Bacteria;Pseudomonadati;Pseudomonadota;Alphaproteobacteria;Rhodobacterales;Paracoccaceae;Tabrizicola;Tabrizicola piscis	2494374	assignment
Bacteria;Pseudomonadati;Pseudomonadota;Alphaproteobacteria;Rhodobacterales;Paracoccaceae;Tabrizicola;Tabrizicola soli	2185115	source_cache
Bacteria;Pseudomonadati;Pseudomonadota;Alphaproteobacteria;Rhodobacterales;Paracoccaceae;Xinfangfangia	0	unresolved
Bacteria;Pseudomonadati;Pseudomonadota;Alphaproteobacteria;Rhodobacterales;Paracoccaceae;Xinfangfangia;Xinfangfangia pollutisoli	2865960	assignment
Bacteria;Pseudomonadati;Pseudomonadota;Alphaproteobacteria;Rhodobacterales;Rhodobacterales_Incertae_sedis	0	unresolved
Bacteria;Pseudomonadati;Pseudomonadota;Alphaproteobacteria;Rhodobacterales;Rhodobacterales_Incertae_sedis;Rhodobacter	1060	source_cache
Bacteria;Pseudomonadati;Pseudomonadota;Alphaproteobacteria;Rhodobacterales;Rhodobacterales_Incertae_sedis;Rhodobacter;Rhodobacter amnigenus	0	unresolved
Bacteria;Pseudomonadati;Pseudomonadota;Alphaproteobacteria;Rhodobacterales;Rhodobacterales_Incertae_sedis;Rhodobacter;Rhodobacter ruber	0	unresolved
Bacteria;Pseudomonadati;Pseudomonadota;Alphaproteobacteria;Rhodobacterales;Rhodobacterales_Incertae_sedis;Rhodobacter;Rhodobacter sediminis	1783356	source_cache
Bacteria;Pseudomonadati;Pseudomonadota;Alphaproteobacteria;Rhodobacterales;Roseobacteraceae	2854170	source_cache
Bacteria;Pseudomonadati;Pseudomonadota;Alphaproteobacteria;Rhodobacterales;Roseobacteraceae;Marivita	0	unresolved
Bacteria;Pseudomonadati;Pseudomonadota;Alphaproteobacteria;Rhodobacterales;Roseobacteraceae;Marivita;Marivita cryptomonadis	505252	assignment
Bacteria;Pseudomonadati;Pseudomonadota;Alphaproteobacteria;Rhodobacterales;Roseobacteraceae;Marivita;Marivita geojedonensis	1123756	assignment
Bacteria;Pseudomonadati;Pseudomonadota;Alphaproteobacteria;Rhodobacterales;Roseobacteraceae;Marivita;Marivita lacus	1323742	assignment
Bacteria;Pseudomonadati;Pseudomonadota;Alphaproteobacteria;Rhodobacterales;Roseobacteraceae;Marivita;Marivita roseacus	692487	assignment
Bacteria;Pseudomonadati;Pseudomonadota;Alphaproteobacteria;Rhodobacterales;Roseobacteraceae;Ponticoccus	0	unresolved
Bacteria;Pseudomonadati;Pseudomonadota;Alphaproteobacteria;Rhodobacterales;Roseobacteraceae;Ponticoccus;Ponticoccus alexandrii	1943633	assignment
Bacteria;Pseudomonadati;Pseudomonadota;Alphaproteobacteria;Rhodobacterales;Roseobacteraceae;Primorskyibacter	0	unresolved
Bacteria;Pseudomonadati;Pseudomonadota;Alphaproteobacteria;Rhodobacterales;Roseobacteraceae;Primorskyibacter;Primorskyibacter aestuariivivens	1888912	assignment
Bacteria;Pseudomonadati;Pseudomonadota;Alphaproteobacteria;Rhodobacterales;Roseobacteraceae;Roseovarius	0	unresolved
Bacteria;Pseudomonadati;Pseudomonadota;Alphaproteobacteria;Rhodobacterales;Roseobacteraceae;Roseovarius;Roseovarius atlanticus	1641875	assignment
Bacteria;Pseudomonadati;Pseudomonadota;Alphaproteobacteria;Rhodobacterales;Roseobacteraceae;Roseovarius;Roseovarius tolerans	74031	assignment
Bacteria;Pseudomonadati;Pseudomonadota;Alphaproteobacteria;Rhodobacterales;Roseobacteraceae;Seohaeicola	0	unresolved
Bacteria;Pseudomonadati;Pseudomonadota;Alphaproteobacteria;Rhodobacterales;Roseobacteraceae;Seohaeicola;Seohaeicola nanhaiensis	1387282	assignment
Bacteria;Pseudomonadati;Pseudomonadota;Alphaproteobacteria;Rhodobacterales;Roseobacteraceae;Seohaeicola;Seohaeicola saemankumensis	481181	assignment
Bacteria;Pseudomonadati;Pseudomonadota;Alphaproteobacteria;Rhodobacterales;Roseobacteraceae;Seohaeicola;Seohaeicola westpacificensis	1245752	assignment
Bacteria;Pseudomonadati;Pseudomonadota;Alphaproteobacteria;Rhodobacterales;Roseobacteraceae;Seohaeicola;Seohaeicola zhoushanensis	1569283	assignment
Bacteria;Pseudomonadati;Pseudomonadota;Alphaproteobacteria;Rhodobacterales;Roseobacteraceae;Thalassovita	0	unresolved
Bacteria;Pseudomonadati;Pseudomonadota;Alphaproteobacteria;Rhodobacterales;Roseobacteraceae;Thalassovita;Thalassobius vesicularis	1294297	assignment
Bacteria;Pseudomonadati;Pseudomonadota;Alphaproteobacteria;Rhodospirillales	204441	source_cache
Bacteria;Pseudomonadati;Pseudomonadota;Alphaproteobacteria;Rhodospirillales;Azospirillaceae	2829815	source_cache
Bacteria;Pseudomonadati;Pseudomonadota;Alphaproteobacteria;Rhodospirillales;Azospirillaceae;Azospirillum	0	unresolved
Bacteria;Pseudomonadati;Pseudomonadota;Alphaproteobacteria;Rhodospirillales;Azospirillaceae;Azospirillum;Azospirillum fermentarium	1233114	assignment
Bacteria;Pseudomonadati;Pseudomonadota;Alphaproteobacteria;Rhodospirillales;Dongiaceae	3031144	source_cache
Bacteria;Pseudomonadati;Pseudomonadota;Alphaproteobacteria;Rhodospirillales;Dongiaceae;Dongia	1146845	source_cache
Bacteria;Pseudomonadati;Pseudomonadota;Alphaproteobacteria;Rhodospirillales;Dongiaceae;Dongia;Dongia mobilis	578943	source_cache
Bacteria;Pseudomonadati;Pseudomonadota;Alphaproteobacteria;Rhodospirillales;Dongiaceae;Hypericibacter	2705399	source_cache
Bacteria;Pseudomonadati;Pseudomonadota;Alphaproteobacteria;Rhodospirillales;Dongiaceae;Hypericibacter;Hypericibacter terrae	2602015	source_cache
Bacteria;Pseudomonadati;Pseudomonadota;Alphaproteobacteria;Rhodospirillales;Novispirillaceae	0	unresolved
Bacteria;Pseudomonadati;Pseudomonadota;Alphaproteobacteria;Rhodospirillales;Novispirillaceae;Haematospirillum	0	unresolved
Bacteria;Pseudomonadati;Pseudomonadota;Alphaproteobacteria;Rhodospirillales;Novispirillaceae;Haematospirillum;Haematospirillum jordaniae	1549855	assignment
Bacteria;Pseudomonadati;Pseudomonadota;Alphaproteobacteria;Rhodospirillales;Oceanibaculaceae	0	unresolved
Bacteria;Pseudomonadati;Pseudomonadota;Alphaproteobacteria;Rhodospirillales;Oceanibaculaceae;Oceanibaculum	0	unresolved
Bacteria;Pseudomonadati;Pseudomonadota;Alphaproteobacteria;Rhodospirillales;Oceanibaculaceae;Oceanibaculum;Oceanibaculum nanhaiense	1909734	assignment
Bacteria;Pseudomonadati;Pseudomonadota;Alphaproteobacteria;Rhodospirillales;Stellaceae	0	unresolved
Bacteria;Pseudomonadati;Pseudomonadota;Alphaproteobacteria;Rhodospirillales;Stellaceae;Stella	0	unresolved
Bacteria;Pseudomonadati;Pseudomonadota;Alphaproteobacteria;Rhodospirillales;Stellaceae;Stella;Stella humosa	94	assignment
Bacteria;Pseudomonadati;Pseudomonadota;Alphaproteobacteria;Rhodospirillales;Stellaceae;Stella;Stella vacuolata	217070	assignment
Bacteria;Pseudomonadati;Pseudomonadota;Alphaproteobacteria;Rickettsiales	0	unresolved
Bacteria;Pseudomonadati;Pseudomonadota;Alphaproteobacteria;Rickettsiales;Rickettsiaceae	0	unresolved
Bacteria;Pseudomonadati;Pseudomonadota;Alphaproteobacteria;Rickettsiales;Rickettsiaceae;Rickettsia	0	unresolved
Bacteria;Pseudomonadati;Pseudomonadota;Alphaproteobacteria;Rickettsiales;Rickettsiaceae;Rickettsia;Rickettsia bellii	33990	assignment
Bacteria;Pseudomonadati;Pseudomonadota;Alphaproteobacteria;Rickettsiales;Rickettsiaceae;Rickettsia;Rickettsia conorii	369822	assignment
Bacteria;Pseudomonadati;Pseudomonadota;Alphaproteobacteria;Sneathiellales	0	unresolved
Bacteria;Pseudomonadati;Pseudomonadota;Alphaproteobacteria;Sneathiellales;Sneathiellaceae	0	unresolved
Bacteria;Pseudomonadati;Pseudomonadota;Alphaproteobacteria;Sneathiellales;Sneathiellaceae;Sneathiella	0	unresolved
Bacteria;Pseudomonadati;Pseudomonadota;Alphaproteobacteria;Sneathiellales;Sneathiellaceae;Sneathiella;Sneathiella litorea	2606216	assignment
Bacteria;Pseudomonadati;Pseudomonadota;Alphaproteobacteria;Sphingomonadales	204457	source_cache
Bacteria;Pseudomonadati;Pseudomonadota;Alphaproteobacteria;Sphingomonadales;Erythrobacteraceae	335929	source_cache
Bacteria;Pseudomonadati;Pseudomonadota;Alphaproteobacteria;Sphingomonadales;Erythrobacteraceae;Altererythrobacter	0	unresolved
Bacteria;Pseudomonadati;Pseudomonadota;Alphaproteobacteria;Sphingomonadales;Erythrobacteraceae;Altererythrobacter;Altererythrobacter epoxidivorans	361183	assignment
Bacteria;Pseudomonadati;Pseudomonadota;Alphaproteobacteria;Sphingomonadales;Erythrobacteraceae;Altererythrobacter;Altererythrobacter ishigakiensis	476157	assignment
Bacteria;Pseudomonadati;Pseudomonadota;Alphaproteobacteria;Sphingomonadales;Erythrobacteraceae;Erythrobacter	1041	source_cache
Bacteria;Pseudomonadati;Pseudomonadota;Alphaproteobacteria;Sphingomonadales;Erythrobacteraceae;Erythrobacter;Erythrobacter colymbi	1161202	assignment
Bacteria;Pseudomonadati;Pseudomonadota;Alphaproteobacteria;Sphingomonadales;Erythrobacteraceae;Erythrobacter;Erythrobacter dokdonensis	328225	assignment
Bacteria;Pseudomonadati;Pseudomonadota;Alphaproteobacteria;Sphingomonadales;Erythrobacteraceae;Erythrobacter;Erythrobacter donghaensis	267135	source_cache
Bacteria;Pseudomonadati;Pseudomonadota;Alphaproteobacteria;Sphingomonadales;Erythrobacteraceae;Erythrobacter;Erythrobacter ramosus	35811	assignment
Bacteria;Pseudomonadati;Pseudomonadota;Alphaproteobacteria;Sphingomonadales;Erythrobacteraceae;Erythrobacter;Erythrobacter sanguineus	198312	assignment
Bacteria;Pseudomonadati;Pseudomonadota;Alphaproteobacteria;Sphingomonadales;Erythrobacteraceae;Qipengyuania	0	unresolved
Bacteria;Pseudomonadati;Pseudomonadota;Alphaproteobacteria;Sphingomonadales;Erythrobacteraceae;Qipengyuania;Qipengyuania proteolytica	2867239	assignment
Bacteria;Pseudomonadati;Pseudomonadota;Alphaproteobacteria;Sphingomonadales;Erythrobacteraceae;Tsuneonella	2800686	source_cache
Bacteria;Pseudomonadati;Pseudomonadota;Alphaproteobacteria;Sphingomonadales;Erythrobacteraceae;Tsuneonella;Tsuneonella dongtanensis	692370	assignment
Bacteria;Pseudomonadati;Pseudomonadota;Alphaproteobacteria;Sphingomonadales;Erythrobacteraceae;Tsuneonella;Tsuneonella rigui	1708790	assignment
Bacteria;Pseudomonadati;Pseudomonadota;Alphaproteobacteria;Sphingomonadales;Erythrobacteraceae;Tsuneonella;Tsuneonella troitsensis	292222	assignment
Bacteria;Pseudomonadati;Pseudomonadota;Alphaproteobacteria;Sphingomonadales;Sphingomonadaceae	41297	source_cache
Bacteria;Pseudomonadati;Pseudomonadota;Alphaproteobacteria;Sphingomonadales;Sphingomonadaceae;Novosphingobium	165696	source_cache
Bacteria;Pseudomonadati;Pseudomonadota;Alphaproteobacteria;Sphingomonadales;Sphingomonadaceae;Novosphingobium;Novosphingobium acidiphilum	505248	assignment
Bacteria;Pseudomonadati;Pseudomonadota;Alphaproteobacteria;Sphingomonadales;Sphingomonadaceae;Novosphingobium;Novosphingobium aquiterrae	624388	assignment
Bacteria;Pseudomonadati;Pseudomonadota;Alphaproteobacteria;Sphingomonadales;Sphingomonadaceae;Novosphingobium;Novosphingobium arvoryzae	1256514	assignment
Bacteria;Pseudomonadati;Pseudomonadota;Alphaproteobacteria;Sphingomonadales;Sphingomonadaceae;Novosphingobium;Novosphingobium endophyticum	1955250	assignment
Bacteria;Pseudomonadati;Pseudomonadota;Alphaproteobacteria;Sphingomonadales;Sphingomonadaceae;Novosphingobium;Novosphingobium fontis	1737443	assignment
Bacteria;Pseudomonadati;Pseudomonadota;Alphaproteobacteria;Sphingomonadales;Sphingomonadaceae;Novosphingobium;Novosphingobium ginsenosidimutans	1176536	assignment
Bacteria;Pseudomonadati;Pseudomonadota;Alphaproteobacteria;Sphingomonadales;Sphingomonadaceae;Novosphingobium;Novosphingobium marinum	1514948	assignment
Bacteria;Pseudomonadati;Pseudomonadota;Alphaproteobacteria;Sphingomonadales;Sphingomonadaceae;Novosphingobium;Novosphingobium naphthae	1776118	assignment
Bacteria;Pseudomonadati;Pseudomonadota;Alphaproteobacteria;Sphingomonadales;Sphingomonadaceae;Novosphingobium;Novosphingobium naphthalenivorans	273168	assignment
Bacteria;Pseudomonadati;Pseudomonadota;Alphaproteobacteria;Sphingomonadales;Sphingomonadaceae;Novosphingobium;Novosphingobium panipatense	428991	assignment
Bacteria;Pseudomonadati;Pseudomonadota;Alphaproteobacteria;Sphingomonadales;Sphingomonadaceae;Novosphingobium;Novosphingobium soli	574956	assignment
Bacteria;Pseudomonadati;Pseudomonadota;Alphaproteobacteria;Sphingomonadales;Sphingomonadaceae;Sphingobium	165695	source_cache
Bacteria;Pseudomonadati;Pseudomonadota;Alphaproteobacteria;Sphingomonadales;Sphingomonadaceae;Sphingobium;Sphingobium baderi	1114964	assignment
Bacteria;Pseudomonadati;Pseudomonadota;Alphaproteobacteria;Sphingomonadales;Sphingomonadaceae;Sphingobium;Sphingobium herbicidovorans	76947	assignment
Bacteria;Pseudomonadati;Pseudomonadota;Alphaproteobacteria;Sphingomonadales;Sphingomonadaceae;Sphingobium;Sphingobium subterraneum	627688	assignment
Bacteria;Pseudomonadati;Pseudomonadota;Alphaproteobacteria;Sphingomonadales;Sphingomonadaceae;Sphingomonas	13687	source_cache
Bacteria;Pseudomonadati;Pseudomonadota;Alphaproteobacteria;Sphingomonadales;Sphingomonadaceae;Sphingomonas;Sphingomonas daechungensis	1176646	source_cache
Bacteria;Pseudomonadati;Pseudomonadota;Alphaproteobacteria;Sphingomonadales;Sphingomonadaceae;Sphingomonas;Sphingomonas koreensis	93064	assignment
Bacteria;Pseudomonadati;Pseudomonadota;Alphaproteobacteria;Sphingomonadales;Sphingomonadaceae;Sphingopyxis	0	unresolved
Bacteria;Pseudomonadati;Pseudomonadota;Alphaproteobacteria;Sphingomonadales;Sphingomonadaceae;Sphingopyxis;Sphingopyxis alaskensis	317655	assignment
Bacteria;Pseudomonadati;Pseudomonadota;Alphaproteobacteria;Sphingomonadales;Sphingomonadaceae;Sphingopyxis;Sphingopyxis microcysteis	2484145	assignment
Bacteria;Pseudomonadati;Pseudomonadota;Alphaproteobacteria;Sphingomonadales;Sphingomonadaceae;Sphingopyxis;Sphingopyxis solisilvae	1886788	assignment
Bacteria;Pseudomonadati;Pseudomonadota;Alphaproteobacteria;Sphingomonadales;Sphingomonadaceae;Sphingopyxis;Sphingopyxis terrae	429001	assignment
Bacteria;Pseudomonadati;Pseudomonadota;Alphaproteobacteria;Sphingomonadales;Sphingomonadaceae;Sphingorhabdus	0	unresolved
Bacteria;Pseudomonadati;Pseudomonadota;Alphaproteobacteria;Sphingomonadales;Sphingomonadaceae;Sphingorhabdus;Sphingorhabdus buctiana	1508805	assignment
Bacteria;Pseudomonadati;Pseudomonadota;Betaproteobacteria	28216	source_cache
Bacteria;Pseudomonadati;Pseudomonadota;Betaproteobacteria;Burkholderiales	80840	source_cache
Bacteria;Pseudomonadati;Pseudomonadota;Betaproteobacteria;Burkholderiales;Alcaligenaceae	506	source_cache
Bacteria;Pseudomonadati;Pseudomonadota;Betaproteobacteria;Burkholderiales;Alcaligenaceae;Achromobacter	222	source_cache
Bacteria;Pseudomonadati;Pseudomonadota;Betaproteobacteria;Burkholderiales;Alcaligenaceae;Achromobacter;Achromobacter animicus	1389935	assignment
Bacteria;Pseudomonadati;Pseudomonadota;Betaproteobacteria;Burkholderiales;Alcaligenaceae;Achromobacter;Achromobacter denitrificans	32002	assignment
Bacteria;Pseudomonadati;Pseudomonadota;Betaproteobacteria;Burkholderiales;Alcaligenaceae;Achromobacter;Achromobacter insuavis	1287735	assignment
Bacteria;Pseudomonadati;Pseudomonadota;Betaproteobacteria;Burkholderiales;Alcaligenaceae;Bordetella	517	source_cache
Bacteria;Pseudomonadati;Pseudomonadota;Betaproteobacteria;Burkholderiales;Alcaligenaceae;Bordetella;Bordetella avium	521	assignment
Bacteria;Pseudomonadati;Pseudomonadota;Betaproteobacteria;Burkholderiales;Alcaligenaceae;Bordetella;Bordetella bronchiseptica	518	assignment
Bacteria;Pseudomonadati;Pseudomonadota;Betaproteobacteria;Burkholderiales;Alcaligenaceae;Bordetella;Bordetella hinzii	398518	assignment
Bacteria;Pseudomonadati;Pseudomonadota;Betaproteobacteria;Burkholderiales;Alcaligenaceae;Bordetella;Bordetella holmesii	1247649	assignment
Bacteria;Pseudomonadati;Pseudomonadota;Betaproteobacteria;Burkholderiales;Alcaligenaceae;Bordetella;Bordetella trematum	123899	assignment
Bacteria;Pseudomonadati;Pseudomonadota;Betaproteobacteria;Burkholderiales;Alcaligenaceae;Kerstersia	0	unresolved
Bacteria;Pseudomonadati;Pseudomonadota;Betaproteobacteria;Burkholderiales;Alcaligenaceae;Kerstersia;Kerstersia gyiorum	206506	assignment
Bacteria;Pseudomonadati;Pseudomonadota;Betaproteobacteria;Burkholderiales;Alcaligenaceae;Orrella	1921582	source_cache
Bacteria;Pseudomonadati;Pseudomonadota;Betaproteobacteria;Burkholderiales;Alcaligenaceae;Orrella;Orrella dioscoreae	1851544	source_cache
Bacteria;Pseudomonadati;Pseudomonadota;Betaproteobacteria;Burkholderiales;Alcaligenaceae;Parapusillimonas	1403714	source_cache
Bacteria;Pseudomonadati;Pseudomonadota;Betaproteobacteria;Burkholderiales;Alcaligenaceae;Parapusillimonas;Parapusillimonas granuli	380911	source_cache
Bacteria;Pseudomonadati;Pseudomonadota;Betaproteobacteria;Burkholderiales;Alcaligenaceae;Pigmentiphaga	0	unresolved
Bacteria;Pseudomonadati;Pseudomonadota;Betaproteobacteria;Burkholderiales;Alcaligenaceae;Pigmentiphaga;Pigmentiphaga soli	1007095	assignment
Bacteria;Pseudomonadati;Pseudomonadota;Betaproteobacteria;Burkholderiales;Alcaligenaceae;Pollutimonas	2987599	source_cache
Bacteria;Pseudomonadati;Pseudomonadota;Betaproteobacteria;Burkholderiales;Alcaligenaceae;Pollutimonas;Pollutimonas bauzanensis	658167	assignment
Bacteria;Pseudomonadati;Pseudomonadota;Betaproteobacteria;Burkholderiales;Alcaligenaceae;Saccharedens	0	unresolved
Bacteria;Pseudomonadati;Pseudomonadota;Betaproteobacteria;Burkholderiales;Alcaligenaceae;Saccharedens;Saccharedens versatilis	1680761	assignment
Bacteria;Pseudomonadati;Pseudomonadota;Betaproteobacteria;Burkholderiales;Alcaligenaceae;Sheuella	0	unresolved
Bacteria;Pseudomonadati;Pseudomonadota;Betaproteobacteria;Burkholderiales;Alcaligenaceae;Sheuella;Sheuella amnicola	2707330	assignment
Bacteria;Pseudomonadati;Pseudomonadota;Betaproteobacteria;Burkholderiales;Alcaligenaceae;Verticiella	0	unresolved
Bacteria;Pseudomonadati;Pseudomonadota;Betaproteobacteria;Burkholderiales;Alcaligenaceae;Verticiella;Verticiella sediminum	1247510	assignment
Bacteria;Pseudomonadati;Pseudomonadota;Betaproteobacteria;Burkholderiales;Alcaligenaceae;Zwartia	0	unresolved
Bacteria;Pseudomonadati;Pseudomonadota;Betaproteobacteria;Burkholderiales;Alcaligenaceae;Zwartia;Zwartia panacis	2683345	assignment
Bacteria;Pseudomonadati;Pseudomonadota;Betaproteobacteria;Burkholderiales;Burkholderiaceae	119060	source_cache
Bacteria;Pseudomonadati;Pseudomonadota;Betaproteobacteria;Burkholderiales;Burkholderiaceae;Burkholderia	0	unresolved
Bacteria;Pseudomonadati;Pseudomonadota;Betaproteobacteria;Burkholderiales;Burkholderiaceae;Burkholderia;Burkholderia rinojensis	1410040	assignment
Bacteria;Pseudomonadati;Pseudomonadota;Betaproteobacteria;Burkholderiales;Burkholderiaceae;Limnobacter	0	unresolved
Bacteria;Pseudomonadati;Pseudomonadota;Betaproteobacteria;Burkholderiales;Burkholderiaceae;Limnobacter;Limnobacter alexandrii	2570352	assignment
Bacteria;Pseudomonadati;Pseudomonadota;Betaproteobacteria;Burkholderiales;Comamonadaceae	80864	source_cache
Bacteria;Pseudomonadati;Pseudomonadota;Betaproteobacteria;Burkholderiales;Comamonadaceae;Acidovorax	12916	source_cache
Bacteria;Pseudomonadati;Pseudomonadota;Betaproteobacteria;Burkholderiales;Comamonadaceae;Acidovorax;Acidovorax delafieldii	47920	assignment
Bacteria;Pseudomonadati;Pseudomonadota;Betaproteobacteria;Burkholderiales;Comamonadaceae;Acidovorax;Acidovorax radicis	758826	source_cache
Bacteria;Pseudomonadati;Pseudomonadota;Betaproteobacteria;Burkholderiales;Comamonadaceae;Acidovorax;Acidovorax soli	592050	assignment
Bacteria;Pseudomonadati;Pseudomonadota;Betaproteobacteria;Burkholderiales;Comamonadaceae;Caenimonas	0	unresolved
Bacteria;Pseudomonadati;Pseudomonadota;Betaproteobacteria;Burkholderiales;Comamonadaceae;Caenimonas;Caenimonas soli	2735555	assignment
Bacteria;Pseudomonadati;Pseudomonadota;Betaproteobacteria;Burkholderiales;Comamonadaceae;Curvibacter	281915	source_cache
Bacteria;Pseudomonadati;Pseudomonadota;Betaproteobacteria;Burkholderiales;Comamonadaceae;Curvibacter;Curvibacter lanceolatus	86182	assignment
Bacteria;Pseudomonadati;Pseudomonadota;Betaproteobacteria;Burkholderiales;Comamonadaceae;Delftia	80865	source_cache
Bacteria;Pseudomonadati;Pseudomonadota;Betaproteobacteria;Burkholderiales;Comamonadaceae;Delftia;Delftia lacustris	558537	source_cache
Bacteria;Pseudomonadati;Pseudomonadota;Betaproteobacteria;Burkholderiales;Comamonadaceae;Delftia;Delftia tsuruhatensis	180282	assignment
Bacteria;Pseudomonadati;Pseudomonadota;Betaproteobacteria;Burkholderiales;Comamonadaceae;Hydrogenophaga	47420	source_cache
Bacteria;Pseudomonadati;Pseudomonadota;Betaproteobacteria;Burkholderiales;Comamonadaceae;Hydrogenophaga;Hydrogenophaga atypica	249409	source_cache
Bacteria;Pseudomonadati;Pseudomonadota;Betaproteobacteria;Burkholderiales;Comamonadaceae;Hydrogenophaga;Hydrogenophaga bisanensis	439611	source_cache
Bacteria;Pseudomonadati;Pseudomonadota;Betaproteobacteria;Burkholderiales;Comamonadaceae;Hydrogenophaga;Hydrogenophaga flava	65657	source_cache
Bacteria;Pseudomonadati;Pseudomonadota;Betaproteobacteria;Burkholderiales;Comamonadaceae;Hydrogenophaga;Hydrogenophaga laconesensis	1805971	source_cache
Bacteria;Pseudomonadati;Pseudomonadota;Betaproteobacteria;Burkholderiales;Comamonadaceae;Hydrogenophaga;Hydrogenophaga luteola	1591122	assignment
Bacteria;Pseudomonadati;Pseudomonadota;Betaproteobacteria;Burkholderiales;Comamonadaceae;Hydrogenophaga;Hydrogenophaga pseudoflava	47421	source_cache
Bacteria;Pseudomonadati;Pseudomonadota;Betaproteobacteria;Burkholderiales;Comamonadaceae;Hydrogenophaga;Hydrogenophaga taeniospiralis	65656	source_cache
Bacteria;Pseudomonadati;Pseudomonadota;Betaproteobacteria;Burkholderiales;Comamonadaceae;Ottowia	219181	source_cache
Bacteria;Pseudomonadati;Pseudomonadota;Betaproteobacteria;Burkholderiales;Comamonadaceae;Ottowia;Ottowia pentelensis	511108	source_cache
Bacteria;Pseudomonadati;Pseudomonadota;Betaproteobacteria;Burkholderiales;Comamonadaceae;Paracidovorax	3051137	source_cache
Bacteria;Pseudomonadati;Pseudomonadota;Betaproteobacteria;Burkholderiales;Comamonadaceae;Paracidovorax;Paracidovorax cattleyae	80868	assignment
Bacteria;Pseudomonadati;Pseudomonadota;Betaproteobacteria;Burkholderiales;Comamonadaceae;Paracidovorax;Paracidovorax wautersii	1177982	source_cache
Bacteria;Pseudomonadati;Pseudomonadota;Betaproteobacteria;Burkholderiales;Comamonadaceae;Pseudacidovorax	433923	source_cache
Bacteria;Pseudomonadati;Pseudomonadota;Betaproteobacteria;Burkholderiales;Comamonadaceae;Pseudacidovorax;Pseudacidovorax intermedius	433924	source_cache
Bacteria;Pseudomonadati;Pseudomonadota;Betaproteobacteria;Burkholderiales;Comamonadaceae;Ramlibacter	0	unresolved
Bacteria;Pseudomonadati;Pseudomonadota;Betaproteobacteria;Burkholderiales;Comamonadaceae;Ramlibacter;Ramlibacter ginsenosidimutans	502333	assignment
Bacteria;Pseudomonadati;Pseudomonadota;Betaproteobacteria;Burkholderiales;Comamonadaceae;Ramlibacter;Ramlibacter tataouinensis	365046	assignment
Bacteria;Pseudomonadati;Pseudomonadota;Betaproteobacteria;Burkholderiales;Comamonadaceae;Rhodoferax	28065	source_cache
Bacteria;Pseudomonadati;Pseudomonadota;Betaproteobacteria;Burkholderiales;Comamonadaceae;Rhodoferax;Rhodoferax aquaticus	2527691	source_cache
Bacteria;Pseudomonadati;Pseudomonadota;Betaproteobacteria;Burkholderiales;Comamonadaceae;Rhodoferax;Rhodoferax ferrireducens	192843	source_cache
Bacteria;Pseudomonadati;Pseudomonadota;Betaproteobacteria;Burkholderiales;Comamonadaceae;Serpentinimonas	2490452	source_cache
Bacteria;Pseudomonadati;Pseudomonadota;Betaproteobacteria;Burkholderiales;Comamonadaceae;Serpentinimonas;Serpentinimonas raichei	1458425	source_cache
Bacteria;Pseudomonadati;Pseudomonadota;Betaproteobacteria;Burkholderiales;Comamonadaceae;Simplicispira	352450	source_cache
Bacteria;Pseudomonadati;Pseudomonadota;Betaproteobacteria;Burkholderiales;Comamonadaceae;Simplicispira;Simplicispira lacusdiani	2213010	source_cache
Bacteria;Pseudomonadati;Pseudomonadota;Betaproteobacteria;Burkholderiales;Comamonadaceae;Tibeticola	1940136	source_cache
Bacteria;Pseudomonadati;Pseudomonadota;Betaproteobacteria;Burkholderiales;Comamonadaceae;Tibeticola;Tibeticola sediminis	1917811	source_cache
Bacteria;Pseudomonadati;Pseudomonadota;Betaproteobacteria;Burkholderiales;Oxalobacteraceae	75682	source_cache
Bacteria;Pseudomonadati;Pseudomonadota;Betaproteobacteria;Burkholderiales;Oxalobacteraceae;Herbaspirillum	0	unresolved
Bacteria;Pseudomonadati;Pseudomonadota;Betaproteobacteria;Burkholderiales;Oxalobacteraceae;Herbaspirillum;Herbaspirillum hiltneri	1262470	assignment
Bacteria;Pseudomonadati;Pseudomonadota;Betaproteobacteria;Burkholderiales;Oxalobacteraceae;Herbaspirillum;Herbaspirillum lusitanum	213312	assignment
Bacteria;Pseudomonadati;Pseudomonadota;Betaproteobacteria;Burkholderiales;Oxalobacteraceae;Herminiimonas	0	unresolved
Bacteria;Pseudomonadati;Pseudomonadota;Betaproteobacteria;Burkholderiales;Oxalobacteraceae;Herminiimonas;Herminiimonas saxobsidens	427333	assignment
Bacteria;Pseudomonadati;Pseudomonadota;Betaproteobacteria;Burkholderiales;Oxalobacteraceae;Lacisediminimonas	0	unresolved
Bacteria;Pseudomonadati;Pseudomonadota;Betaproteobacteria;Burkholderiales;Oxalobacteraceae;Lacisediminimonas;Lacisediminimonas profundi	2603856	assignment
Bacteria;Pseudomonadati;Pseudomonadota;Betaproteobacteria;Burkholderiales;Oxalobacteraceae;Massilia	0	unresolved
Bacteria;Pseudomonadati;Pseudomonadota;Betaproteobacteria;Burkholderiales;Oxalobacteraceae;Massilia;Massilia arenosa	2561931	assignment
Bacteria;Pseudomonadati;Pseudomonadota;Betaproteobacteria;Burkholderiales;Oxalobacteraceae;Massilia;Massilia horti	2562153	assignment
Bacteria;Pseudomonadati;Pseudomonadota;Betaproteobacteria;Burkholderiales;Oxalobacteraceae;Massilia;Massilia soli	2792854	assignment
Bacteria;Pseudomonadati;Pseudomonadota;Betaproteobacteria;Burkholderiales;Oxalobacteraceae;Noviherbaspirillum	1344552	source_cache
Bacteria;Pseudomonadati;Pseudomonadota;Betaproteobacteria;Burkholderiales;Oxalobacteraceae;Noviherbaspirillum;Noviherbaspirillum arenae	2678755	assignment
Bacteria;Pseudomonadati;Pseudomonadota;Betaproteobacteria;Burkholderiales;Oxalobacteraceae;Oxalicibacterium	0	unresolved
Bacteria;Pseudomonadati;Pseudomonadota;Betaproteobacteria;Burkholderiales;Oxalobacteraceae;Oxalicibacterium;Oxalicibacterium solurbis	69280	assignment
Bacteria;Pseudomonadati;Pseudomonadota;Betaproteobacteria;Burkholderiales;Oxalobacteraceae;Undibacterium	0	unresolved
Bacteria;Pseudomonadati;Pseudomonadota;Betaproteobacteria;Burkholderiales;Oxalobacteraceae;Undibacterium;Undibacterium crateris	2528175	assignment
Bacteria;Pseudomonadati;Pseudomonadota;Betaproteobacteria;Burkholderiales;Oxalobacteraceae;Undibacterium;Undibacterium luofuense	2828733	assignment
Bacteria;Pseudomonadati;Pseudomonadota;Betaproteobacteria;Burkholderiales;Oxalobacteraceae;Undibacterium;Undibacterium squillarum	1131567	assignment
Bacteria;Pseudomonadati;Pseudomonadota;Betaproteobacteria;Burkholderiales;Sphaerotilaceae	2975441	source_cache
Bacteria;Pseudomonadati;Pseudomonadota;Betaproteobacteria;Burkholderiales;Sphaerotilaceae;Caldimonas	196013	source_cache
Bacteria;Pseudomonadati;Pseudomonadota;Betaproteobacteria;Burkholderiales;Sphaerotilaceae;Caldimonas;Caldimonas brevitalea	413882	source_cache
Bacteria;Pseudomonadati;Pseudomonadota;Betaproteobacteria;Burkholderiales;Sphaerotilaceae;Caldimonas;Caldimonas caldifontis	1452508	assignment
Bacteria;Pseudomonadati;Pseudomonadota;Betaproteobacteria;Burkholderiales;Sphaerotilaceae;Caldimonas;Caldimonas hydrothermale	391358	assignment
Bacteria;Pseudomonadati;Pseudomonadota;Betaproteobacteria;Burkholderiales;Sphaerotilaceae;Caldimonas;Caldimonas meghalayensis	1263962	assignment
Bacteria;Pseudomonadati;Pseudomonadota;Betaproteobacteria;Burkholderiales;Sphaerotilaceae;Ideonella	36862	source_cache
Bacteria;Pseudomonadati;Pseudomonadota;Betaproteobacteria;Burkholderiales;Sphaerotilaceae;Ideonella;Ideonella dechloratans	36863	source_cache
Bacteria;Pseudomonadati;Pseudomonadota;Betaproteobacteria;Burkholderiales;Sphaerotilaceae;Inhella	0	unresolved
Bacteria;Pseudomonadati;Pseudomonadota;Betaproteobacteria;Burkholderiales;Sphaerotilaceae;Inhella;Inhella proteolytica	2795029	assignment
Bacteria;Pseudomonadati;Pseudomonadota;Betaproteobacteria;Burkholderiales;Sphaerotilaceae;Roseateles	93681	source_cache
Bacteria;Pseudomonadati;Pseudomonadota;Betaproteobacteria;Burkholderiales;Sphaerotilaceae;Roseateles;Roseateles chitinivorans	2917965	source_cache
Bacteria;Pseudomonadati;Pseudomonadota;Betaproteobacteria;Burkholderiales;Sphaerotilaceae;Roseateles;Roseateles chitosanitabidus	65048	assignment
Bacteria;Pseudomonadati;Pseudomonadota;Betaproteobacteria;Burkholderiales;Sphaerotilaceae;Roseateles;Roseateles puraquae	431059	assignment
Bacteria;Pseudomonadati;Pseudomonadota;Betaproteobacteria;Burkholderiales;Sphaerotilaceae;Roseateles;Roseateles saccharophilus	304	source_cache
Bacteria;Pseudomonadati;Pseudomonadota;Betaproteobacteria;Burkholderiales;Sphaerotilaceae;Rubrivivax	0	unresolved
Bacteria;Pseudomonadati;Pseudomonadota;Betaproteobacteria;Burkholderiales;Sphaerotilaceae;Rubrivivax;Rubrivivax albus	2499835	assignment
Bacteria;Pseudomonadati;Pseudomonadota;Betaproteobacteria;Burkholderiales;Sphaerotilaceae;Rubrivivax;Rubrivivax gelatinosus	28068	assignment
Bacteria;Pseudomonadati;Pseudomonadota;Betaproteobacteria;Burkholderiales;Thiobacteraceae	0	unresolved
Bacteria;Pseudomonadati;Pseudomonadota;Betaproteobacteria;Burkholderiales;Thiobacteraceae;Thiobacter	0	unresolved
Bacteria;Pseudomonadati;Pseudomonadota;Betaproteobacteria;Burkholderiales;Thiobacteraceae;Thiobacter;Thiobacter subterraneus	279810	assignment
Bacteria;Pseudomonadati;Pseudomonadota;Betaproteobacteria;Neisseriales	206351	source_cache
Bacteria;Pseudomonadati;Pseudomonadota;Betaproteobacteria;Neisseriales;Chromobacteriaceae	0	unresolved
Bacteria;Pseudomonadati;Pseudomonadota;Betaproteobacteria;Neisseriales;Chromobacteriaceae;Chromobacterium	0	unresolved
Bacteria;Pseudomonadati;Pseudomonadota;Betaproteobacteria;Neisseriales;Chromobacteriaceae;Chromobacterium;Chromobacterium vaccinii	1108595	assignment
Bacteria;Pseudomonadati;Pseudomonadota;Betaproteobacteria;Neisseriales;Chromobacteriaceae;Paludibacterium	0	unresolved
Bacteria;Pseudomonadati;Pseudomonadota;Betaproteobacteria;Neisseriales;Chromobacteriaceae;Paludibacterium;Paludibacterium paludis	1225769	assignment
Bacteria;Pseudomonadati;Pseudomonadota;Betaproteobacteria;Nitrosomonadales	32003	source_cache
Bacteria;Pseudomonadati;Pseudomonadota;Betaproteobacteria;Nitrosomonadales;Gallionellaceae	0	unresolved
Bacteria;Pseudomonadati;Pseudomonadota;Betaproteobacteria;Nitrosomonadales;Gallionellaceae;Sideroxyarcus	0	unresolved
Bacteria;Pseudomonadati;Pseudomonadota;Betaproteobacteria;Nitrosomonadales;Gallionellaceae;Sideroxyarcus;Sideroxyarcus emersonii	2764705	assignment
Bacteria;Pseudomonadati;Pseudomonadota;Betaproteobacteria;Nitrosomonadales;Methylophilaceae	32011	source_cache
Bacteria;Pseudomonadati;Pseudomonadota;Betaproteobacteria;Nitrosomonadales;Methylophilaceae;Methylobacillus	404	source_cache
Bacteria;Pseudomonadati;Pseudomonadota;Betaproteobacteria;Nitrosomonadales;Methylophilaceae;Methylobacillus;Methylobacillus arboreus	755170	assignment
Bacteria;Pseudomonadati;Pseudomonadota;Betaproteobacteria;Nitrosomonadales;Methylophilaceae;Methylobacillus;Methylobacillus flagellatus	405	assignment
Bacteria;Pseudomonadati;Pseudomonadota;Betaproteobacteria;Nitrosomonadales;Methylophilaceae;Methylobacillus;Methylobacillus glycogenes	406	source_cache
Bacteria;Pseudomonadati;Pseudomonadota;Betaproteobacteria;Nitrosomonadales;Methylophilaceae;Methylobacillus;Methylobacillus methanolivorans	1848927	assignment
Bacteria;Pseudomonadati;Pseudomonadota;Betaproteobacteria;Nitrosomonadales;Methylophilaceae;Methylobacillus;Methylobacillus rhizosphaerae	551994	assignment
Bacteria;Pseudomonadati;Pseudomonadota;Betaproteobacteria;Nitrosomonadales;Methylophilaceae;Methylophilus	0	unresolved
Bacteria;Pseudomonadati;Pseudomonadota;Betaproteobacteria;Nitrosomonadales;Methylophilaceae;Methylophilus;Methylophilus aquaticus	1971610	assignment
Bacteria;Pseudomonadati;Pseudomonadota;Betaproteobacteria;Nitrosomonadales;Methylophilaceae;Methylophilus;Methylophilus flavus	640084	assignment
Bacteria;Pseudomonadati;Pseudomonadota;Betaproteobacteria;Nitrosomonadales;Methylophilaceae;Methylophilus;Methylophilus glucosoxydans	752553	assignment
Bacteria;Pseudomonadati;Pseudomonadota;Betaproteobacteria;Nitrosomonadales;Methylophilaceae;Methylophilus;Methylophilus leisingeri	45393	assignment
Bacteria;Pseudomonadati;Pseudomonadota;Betaproteobacteria;Nitrosomonadales;Methylophilaceae;Methylophilus;Methylophilus luteus	640108	assignment
Bacteria;Pseudomonadati;Pseudomonadota;Betaproteobacteria;Nitrosomonadales;Methylophilaceae;Methylophilus;Methylophilus methylotrophus	17	assignment
Bacteria;Pseudomonadati;Pseudomonadota;Betaproteobacteria;Nitrosomonadales;Methylophilaceae;Methylophilus;Methylophilus rhizosphaerae	492660	assignment
Bacteria;Pseudomonadati;Pseudomonadota;Betaproteobacteria;Nitrosomonadales;Methylophilaceae;Methyloradius	2872156	source_cache
Bacteria;Pseudomonadati;Pseudomonadota;Betaproteobacteria;Nitrosomonadales;Methylophilaceae;Methyloradius;Methyloradius palustris	2778876	source_cache
Bacteria;Pseudomonadati;Pseudomonadota;Betaproteobacteria;Nitrosomonadales;Methylophilaceae;Methylotenera	359407	source_cache
Bacteria;Pseudomonadati;Pseudomonadota;Betaproteobacteria;Nitrosomonadales;Methylophilaceae;Methylotenera;Methylotenera mobilis	583345	assignment
Bacteria;Pseudomonadati;Pseudomonadota;Betaproteobacteria;Nitrosomonadales;Methylophilaceae;Methylotenera;Methylotenera oryzisoli	2080758	source_cache
Bacteria;Pseudomonadati;Pseudomonadota;Betaproteobacteria;Nitrosomonadales;Methylophilaceae;Methylotenera;Methylotenera versatilis	1055487	assignment
Bacteria;Pseudomonadati;Pseudomonadota;Betaproteobacteria;Nitrosomonadales;Methylophilaceae;Methylovorus	81682	source_cache
Bacteria;Pseudomonadati;Pseudomonadota;Betaproteobacteria;Nitrosomonadales;Methylophilaceae;Methylovorus;Methylovorus glucosotrophus	266009	source_cache
Bacteria;Pseudomonadati;Pseudomonadota;Betaproteobacteria;Nitrosomonadales;Methylophilaceae;Methylovorus;Methylovorus mays	184077	assignment
Bacteria;Pseudomonadati;Pseudomonadota;Betaproteobacteria;Nitrosomonadales;Methylophilaceae;Methylovorus;Methylovorus menthalis	1002227	source_cache
Bacteria;Pseudomonadati;Pseudomonadota;Betaproteobacteria;Nitrosomonadales;Methylophilaceae;Pseudomethylobacillus	2676063	source_cache
Bacteria;Pseudomonadati;Pseudomonadota;Betaproteobacteria;Nitrosomonadales;Methylophilaceae;Pseudomethylobacillus;Pseudomethylobacillus aquaticus	2676064	source_cache
Bacteria;Pseudomonadati;Pseudomonadota;Betaproteobacteria;Nitrosomonadales;Nitrosomonadaceae	0	unresolved
Bacteria;Pseudomonadati;Pseudomonadota;Betaproteobacteria;Nitrosomonadales;Nitrosomonadaceae;Nitrosospira	0	unresolved
Bacteria;Pseudomonadati;Pseudomonadota;Betaproteobacteria;Nitrosomonadales;Nitrosomonadaceae;Nitrosospira;Nitrosospira multiformis	1231	assignment
Bacteria;Pseudomonadati;Pseudomonadota;Betaproteobacteria;Nitrosomonadales;Sterolibacteriaceae	2008793	source_cache
Bacteria;Pseudomonadati;Pseudomonadota;Betaproteobacteria;Nitrosomonadales;Sterolibacteriaceae;Denitratisoma	311181	source_cache
Bacteria;Pseudomonadati;Pseudomonadota;Betaproteobacteria;Nitrosomonadales;Sterolibacteriaceae;Denitratisoma;Denitratisoma oestradiolicum	311182	source_cache
Bacteria;Pseudomonadati;Pseudomonadota;Betaproteobacteria;Nitrosomonadales;Sterolibacteriaceae;Georgfuchsia	690621	source_cache
Bacteria;Pseudomonadati;Pseudomonadota;Betaproteobacteria;Nitrosomonadales;Sterolibacteriaceae;Georgfuchsia;Georgfuchsia toluolica	424218	source_cache
Bacteria;Pseudomonadati;Pseudomonadota;Betaproteobacteria;Nitrosomonadales;Sterolibacteriaceae;Methyloversatilis	378210	source_cache
Bacteria;Pseudomonadati;Pseudomonadota;Betaproteobacteria;Nitrosomonadales;Sterolibacteriaceae;Methyloversatilis;Methyloversatilis discipulorum	1119528	assignment
Bacteria;Pseudomonadati;Pseudomonadota;Betaproteobacteria;Nitrosomonadales;Sterolibacteriaceae;Sterolibacterium	157591	source_cache
Bacteria;Pseudomonadati;Pseudomonadota;Betaproteobacteria;Nitrosomonadales;Sterolibacteriaceae;Sterolibacterium;Sterolibacterium denitrificans	157592	source_cache
Bacteria;Pseudomonadati;Pseudomonadota;Betaproteobacteria;Nitrosomonadales;Sterolibacteriaceae;Sulfurisoma	1499082	source_cache
Bacteria;Pseudomonadati;Pseudomonadota;Betaproteobacteria;Nitrosomonadales;Sterolibacteriaceae;Sulfurisoma;Sulfurisoma sediminicola	1381557	source_cache
Bacteria;Pseudomonadati;Pseudomonadota;Betaproteobacteria;Nitrosomonadales;Sulfuricellaceae	0	unresolved
Bacteria;Pseudomonadati;Pseudomonadota;Betaproteobacteria;Nitrosomonadales;Sulfuricellaceae;Sulfuricella	0	unresolved
Bacteria;Pseudomonadati;Pseudomonadota;Betaproteobacteria;Nitrosomonadales;Sulfuricellaceae;Sulfuricella;Sulfuricella denitrificans	1163617	assignment
Bacteria;Pseudomonadati;Pseudomonadota;Betaproteobacteria;Nitrosomonadales;Sulfuricellaceae;Sulfurimicrobium	0	unresolved
Bacteria;Pseudomonadati;Pseudomonadota;Betaproteobacteria;Nitrosomonadales;Sulfuricellaceae;Sulfurimicrobium;Sulfurimicrobium lacus	2715678	assignment
Bacteria;Pseudomonadati;Pseudomonadota;Betaproteobacteria;Nitrosomonadales;Usitatibacteraceae	0	unresolved
Bacteria;Pseudomonadati;Pseudomonadota;Betaproteobacteria;Nitrosomonadales;Usitatibacteraceae;Usitatibacter	0	unresolved
Bacteria;Pseudomonadati;Pseudomonadota;Betaproteobacteria;Nitrosomonadales;Usitatibacteraceae;Usitatibacter;Usitatibacter palustris	2732487	assignment
Bacteria;Pseudomonadati;Pseudomonadota;Betaproteobacteria;Rhodocyclales	206389	source_cache
Bacteria;Pseudomonadati;Pseudomonadota;Betaproteobacteria;Rhodocyclales;Azonexaceae	2008795	source_cache
Bacteria;Pseudomonadati;Pseudomonadota;Betaproteobacteria;Rhodocyclales;Azonexaceae;Dechloromonas	73029	source_cache
Bacteria;Pseudomonadati;Pseudomonadota;Betaproteobacteria;Rhodocyclales;Azonexaceae;Dechloromonas;Dechloromonas agitata	73030	source_cache
Bacteria;Pseudomonadati;Pseudomonadota;Betaproteobacteria;Rhodocyclales;Rhodocyclaceae	75787	source_cache
Bacteria;Pseudomonadati;Pseudomonadota;Betaproteobacteria;Rhodocyclales;Rhodocyclaceae;Azospira	146937	source_cache
Bacteria;Pseudomonadati;Pseudomonadota;Betaproteobacteria;Rhodocyclales;Rhodocyclaceae;Azospira;Azospira oryzae	146939	source_cache
Bacteria;Pseudomonadati;Pseudomonadota;Betaproteobacteria;Rhodocyclales;Rhodocyclaceae;Azospira;Azospira restricta	404405	source_cache
Bacteria;Pseudomonadati;Pseudomonadota;Betaproteobacteria;Rhodocyclales;Zoogloeaceae	2008794	source_cache
Bacteria;Pseudomonadati;Pseudomonadota;Betaproteobacteria;Rhodocyclales;Zoogloeaceae;Pseudothauera	0	unresolved
Bacteria;Pseudomonadati;Pseudomonadota;Betaproteobacteria;Rhodocyclales;Zoogloeaceae;Pseudothauera;Pseudothauera rhizosphaerae	2565932	assignment
Bacteria;Pseudomonadati;Pseudomonadota;Gammaproteobacteria	1236	source_cache
Bacteria;Pseudomonadati;Pseudomonadota;Gammaproteobacteria;Alteromonadales	0	unresolved
Bacteria;Pseudomonadati;Pseudomonadota;Gammaproteobacteria;Alteromonadales;Alteromonadaceae	0	unresolved
Bacteria;Pseudomonadati;Pseudomonadota;Gammaproteobacteria;Alteromonadales;Alteromonadaceae;Alishewanella	0	unresolved
Bacteria;Pseudomonadati;Pseudomonadota;Gammaproteobacteria;Alteromonadales;Alteromonadaceae;Alishewanella;Alishewanella aestuarii	1197174	assignment
Bacteria;Pseudomonadati;Pseudomonadota;Gammaproteobacteria;Alteromonadales;Alteromonadaceae;Alishewanella;Alishewanella jeotgali	1129374	assignment
Bacteria;Pseudomonadati;Pseudomonadota;Gammaproteobacteria;Alteromonadales;Idiomarinaceae	0	unresolved
Bacteria;Pseudomonadati;Pseudomonadota;Gammaproteobacteria;Alteromonadales;Idiomarinaceae;Idiomarina	0	unresolved
Bacteria;Pseudomonadati;Pseudomonadota;Gammaproteobacteria;Alteromonadales;Idiomarinaceae;Idiomarina;Idiomarina aquatica	1327752	assignment
Bacteria;Pseudomonadati;Pseudomonadota;Gammaproteobacteria;Alteromonadales;Idiomarinaceae;Idiomarina;Idiomarina fontislapidosi	263723	assignment
Bacteria;Pseudomonadati;Pseudomonadota;Gammaproteobacteria;Cellvibrionales	0	unresolved
Bacteria;Pseudomonadati;Pseudomonadota;Gammaproteobacteria;Cellvibrionales;Cellvibrionaceae	0	unresolved
Bacteria;Pseudomonadati;Pseudomonadota;Gammaproteobacteria;Cellvibrionales;Cellvibrionaceae;Cellvibrio	0	unresolved
Bacteria;Pseudomonadati;Pseudomonadota;Gammaproteobacteria;Cellvibrionales;Cellvibrionaceae;Cellvibrio;Cellvibrio fibrivorans	126350	assignment
Bacteria;Pseudomonadati;Pseudomonadota;Gammaproteobacteria;Cellvibrionales;Cellvibrionaceae;Cellvibrio;Cellvibrio fontiphilus	1815559	assignment
Bacteria;Pseudomonadati;Pseudomonadota;Gammaproteobacteria;Cellvibrionales;Cellvibrionaceae;Cellvibrio;Cellvibrio mixtus	39650	assignment
Bacteria;Pseudomonadati;Pseudomonadota;Gammaproteobacteria;Cellvibrionales;Porticoccaceae	0	unresolved
Bacteria;Pseudomonadati;Pseudomonadota;Gammaproteobacteria;Cellvibrionales;Porticoccaceae;Porticoccus	0	unresolved
Bacteria;Pseudomonadati;Pseudomonadota;Gammaproteobacteria;Cellvibrionales;Porticoccaceae;Porticoccus;Porticoccus hydrocarbonoclasticus	1415778	assignment
Bacteria;Pseudomonadati;Pseudomonadota;Gammaproteobacteria;Chromatiales	135613	source_cache
Bacteria;Pseudomonadati;Pseudomonadota;Gammaproteobacteria;Chromatiales;Chromatiaceae	1046	source_cache
Bacteria;Pseudomonadati;Pseudomonadota;Gammaproteobacteria;Chromatiales;Chromatiaceae;Lamprocystis	0	unresolved
Bacteria;Pseudomonadati;Pseudomonadota;Gammaproteobacteria;Chromatiales;Chromatiaceae;Lamprocystis;Lamprocystis purpurea	61598	assignment
Bacteria;Pseudomonadati;Pseudomonadota;Gammaproteobacteria;Chromatiales;Chromatiaceae;Rheinheimera	0	unresolved
Bacteria;Pseudomonadati;Pseudomonadota;Gammaproteobacteria;Chromatiales;Chromatiaceae;Rheinheimera;Rheinheimera aestuarii	1586751	assignment
Bacteria;Pseudomonadati;Pseudomonadota;Gammaproteobacteria;Chromatiales;Chromatiaceae;Rheinheimera;Rheinheimera aquimaris	412437	assignment
Bacteria;Pseudomonadati;Pseudomonadota;Gammaproteobacteria;Chromatiales;Chromatiaceae;Rheinheimera;Rheinheimera japonica	1550609	assignment
Bacteria;Pseudomonadati;Pseudomonadota;Gammaproteobacteria;Chromatiales;Chromatiaceae;Rheinheimera;Rheinheimera lutimaris	2740584	assignment
Bacteria;Pseudomonadati;Pseudomonadota;Gammaproteobacteria;Chromatiales;Chromatiaceae;Rheinheimera;Rheinheimera nanhaiensis	562729	assignment
Bacteria;Pseudomonadati;Pseudomonadota;Gammaproteobacteria;Chromatiales;Chromatiaceae;Rheinheimera;Rheinheimera pleomorphica	2703963	assignment
Bacteria;Pseudomonadati;Pseudomonadota;Gammaproteobacteria;Chromatiales;Chromatiaceae;Rheinheimera;Rheinheimera sediminis	2761104	assignment
Bacteria;Pseudomonadati;Pseudomonadota;Gammaproteobacteria;Chromatiales;Chromatiaceae;Thiococcus	0	unresolved
Bacteria;Pseudomonadati;Pseudomonadota;Gammaproteobacteria;Chromatiales;Chromatiaceae;Thiococcus;Thiococcus pfennigii	1057	assignment
Bacteria;Pseudomonadati;Pseudomonadota;Gammaproteobacteria;Chromatiales;Chromatiaceae;Thioflavicoccus	156885	source_cache
Bacteria;Pseudomonadati;Pseudomonadota;Gammaproteobacteria;Chromatiales;Chromatiaceae;Thioflavicoccus;Thioflavicoccus mobilis	80679	source_cache
Bacteria;Pseudomonadati;Pseudomonadota;Gammaproteobacteria;Enterobacterales	91347	source_cache
Bacteria;Pseudomonadati;Pseudomonadota;Gammaproteobacteria;Enterobacterales;Yersiniaceae	0	unresolved
Bacteria;Pseudomonadati;Pseudomonadota;Gammaproteobacteria;Enterobacterales;Yersiniaceae;Serratia	0	unresolved
Bacteria;Pseudomonadati;Pseudomonadota;Gammaproteobacteria;Enterobacterales;Yersiniaceae;Serratia;Serratia marcescens	615	assignment
Bacteria;Pseudomonadati;Pseudomonadota;Gammaproteobacteria;Gammaproteobacteria_Incertae_sedis	0	unresolved
Bacteria;Pseudomonadati;Pseudomonadota;Gammaproteobacteria;Gammaproteobacteria_Incertae_sedis;Gammaproteobacteria_Incertae_sedis	0	unresolved
Bacteria;Pseudomonadati;Pseudomonadota;Gammaproteobacteria;Gammaproteobacteria_Incertae_sedis;Gammaproteobacteria_Incertae_sedis;Acidibacter	0	unresolved
Bacteria;Pseudomonadati;Pseudomonadota;Gammaproteobacteria;Gammaproteobacteria_Incertae_sedis;Gammaproteobacteria_Incertae_sedis;Acidibacter;Acidibacter ferrireducens	0	unresolved
Bacteria;Pseudomonadati;Pseudomonadota;Gammaproteobacteria;Legionellales	118969	source_cache
Bacteria;Pseudomonadati;Pseudomonadota;Gammaproteobacteria;Legionellales;Coxiellaceae	118968	source_cache
Bacteria;Pseudomonadati;Pseudomonadota;Gammaproteobacteria;Legionellales;Coxiellaceae;Aquicella	0	unresolved
Bacteria;Pseudomonadati;Pseudomonadota;Gammaproteobacteria;Legionellales;Coxiellaceae;Aquicella;Aquicella siphonis	254247	assignment
Bacteria;Pseudomonadati;Pseudomonadota;Gammaproteobacteria;Legionellales;Legionellaceae	444	source_cache
Bacteria;Pseudomonadati;Pseudomonadota;Gammaproteobacteria;Legionellales;Legionellaceae;Legionella	445	source_cache
Bacteria;Pseudomonadati;Pseudomonadota;Gammaproteobacteria;Legionellales;Legionellaceae;Legionella;Legionella birminghamensis	28083	assignment
Bacteria;Pseudomonadati;Pseudomonadota;Gammaproteobacteria;Legionellales;Legionellaceae;Legionella;Legionella lytica	96232	assignment
Bacteria;Pseudomonadati;Pseudomonadota;Gammaproteobacteria;Legionellales;Legionellaceae;Legionella;Legionella norrlandica	1498499	source_cache
Bacteria;Pseudomonadati;Pseudomonadota;Gammaproteobacteria;Legionellales;Legionellaceae;Legionella;Legionella oakridgensis	29423	assignment
Bacteria;Pseudomonadati;Pseudomonadota;Gammaproteobacteria;Legionellales;Legionellaceae;Legionella;Legionella pneumophila	91890	assignment
Bacteria;Pseudomonadati;Pseudomonadota;Gammaproteobacteria;Legionellales;Legionellaceae;Legionella;Legionella saoudiensis	1750561	assignment
Bacteria;Pseudomonadati;Pseudomonadota;Gammaproteobacteria;Legionellales;Legionellaceae;Legionella;Legionella taurinensis	70611	source_cache
Bacteria;Pseudomonadati;Pseudomonadota;Gammaproteobacteria;Legionellales;Legionellaceae;Legionella;Legionella tunisiensis	1034944	source_cache
Bacteria;Pseudomonadati;Pseudomonadota;Gammaproteobacteria;Lysobacterales	135614	source_cache
Bacteria;Pseudomonadati;Pseudomonadota;Gammaproteobacteria;Lysobacterales;Lysobacteraceae	32033	source_cache
Bacteria;Pseudomonadati;Pseudomonadota;Gammaproteobacteria;Lysobacterales;Lysobacteraceae;Arenimonas	0	unresolved
Bacteria;Pseudomonadati;Pseudomonadota;Gammaproteobacteria;Lysobacterales;Lysobacteraceae;Arenimonas;Arenimonas aestuarii	1708347	assignment
Bacteria;Pseudomonadati;Pseudomonadota;Gammaproteobacteria;Lysobacterales;Lysobacteraceae;Arenimonas;Arenimonas alkanexedens	1429246	assignment
Bacteria;Pseudomonadati;Pseudomonadota;Gammaproteobacteria;Lysobacterales;Lysobacteraceae;Arenimonas;Arenimonas aquatica	706174	assignment
Bacteria;Pseudomonadati;Pseudomonadota;Gammaproteobacteria;Lysobacterales;Lysobacteraceae;Arenimonas;Arenimonas caeni	2058085	assignment
Bacteria;Pseudomonadati;Pseudomonadota;Gammaproteobacteria;Lysobacterales;Lysobacteraceae;Arenimonas;Arenimonas donghaensis	375061	assignment
Bacteria;Pseudomonadati;Pseudomonadota;Gammaproteobacteria;Lysobacterales;Lysobacteraceae;Arenimonas;Arenimonas halophila	2185278	assignment
Bacteria;Pseudomonadati;Pseudomonadota;Gammaproteobacteria;Lysobacterales;Lysobacteraceae;Arenimonas;Arenimonas maotaiensis	1446479	assignment
Bacteria;Pseudomonadati;Pseudomonadota;Gammaproteobacteria;Lysobacterales;Lysobacteraceae;Arenimonas;Arenimonas metalli	1384056	assignment
Bacteria;Pseudomonadati;Pseudomonadota;Gammaproteobacteria;Lysobacterales;Lysobacteraceae;Arenimonas;Arenimonas soli	2269504	assignment
Bacteria;Pseudomonadati;Pseudomonadota;Gammaproteobacteria;Lysobacterales;Lysobacteraceae;Arenimonas;Arenimonas taoyuanensis	1329367	assignment
Bacteria;Pseudomonadati;Pseudomonadota;Gammaproteobacteria;Lysobacterales;Lysobacteraceae;Coralloluteibacterium	0	unresolved
Bacteria;Pseudomonadati;Pseudomonadota;Gammaproteobacteria;Lysobacterales;Lysobacteraceae;Coralloluteibacterium;Coralloluteibacterium stylophorae	1776034	assignment
Bacteria;Pseudomonadati;Pseudomonadota;Gammaproteobacteria;Lysobacterales;Lysobacteraceae;Lysobacter	0	unresolved
Bacteria;Pseudomonadati;Pseudomonadota;Gammaproteobacteria;Lysobacterales;Lysobacteraceae;Lysobacter;Lysobacter brunescens	262323	assignment
Bacteria;Pseudomonadati;Pseudomonadota;Gammaproteobacteria;Lysobacterales;Lysobacteraceae;Lysobacter;Lysobacter firmicutimachus	1792846	assignment
Bacteria;Pseudomonadati;Pseudomonadota;Gammaproteobacteria;Lysobacterales;Lysobacteraceae;Noviluteimonas	0	unresolved
Bacteria;Pseudomonadati;Pseudomonadota;Gammaproteobacteria;Lysobacterales;Lysobacteraceae;Noviluteimonas;Noviluteimonas gilva	2682097	assignment
Bacteria;Pseudomonadati;Pseudomonadota;Gammaproteobacteria;Lysobacterales;Lysobacteraceae;Pseudomarimonas	0	unresolved
Bacteria;Pseudomonadati;Pseudomonadota;Gammaproteobacteria;Lysobacterales;Lysobacteraceae;Pseudomarimonas;Pseudomarimonas arenosa	2774145	assignment
Bacteria;Pseudomonadati;Pseudomonadota;Gammaproteobacteria;Lysobacterales;Lysobacteraceae;Pseudoxanthomonas	0	unresolved
Bacteria;Pseudomonadati;Pseudomonadota;Gammaproteobacteria;Lysobacterales;Lysobacteraceae;Pseudoxanthomonas;Pseudoxanthomonas mexicana	128785	assignment
Bacteria;Pseudomonadati;Pseudomonadota;Gammaproteobacteria;Lysobacterales;Lysobacteraceae;Pseudoxanthomonas;Pseudoxanthomonas taiwanensis	176598	assignment
Bacteria;Pseudomonadati;Pseudomonadota;Gammaproteobacteria;Lysobacterales;Lysobacteraceae;Silanimonas	0	unresolved
Bacteria;Pseudomonadati;Pseudomonadota;Gammaproteobacteria;Lysobacterales;Lysobacteraceae;Silanimonas;Silanimonas mangrovi	1184255	assignment
Bacteria;Pseudomonadati;Pseudomonadota;Gammaproteobacteria;Lysobacterales;Lysobacteraceae;Thermomonas	141948	source_cache
Bacteria;Pseudomonadati;Pseudomonadota;Gammaproteobacteria;Lysobacterales;Lysobacteraceae;Thermomonas;Thermomonas aquatica	2202149	assignment
Bacteria;Pseudomonadati;Pseudomonadota;Gammaproteobacteria;Lysobacterales;Lysobacteraceae;Thermomonas;Thermomonas koreensis	341470	source_cache
Bacteria;Pseudomonadati;Pseudomonadota;Gammaproteobacteria;Lysobacterales;Rhodanobacteraceae	1775411	source_cache
Bacteria;Pseudomonadati;Pseudomonadota;Gammaproteobacteria;Lysobacterales;Rhodanobacteraceae;Ahniella	0	unresolved
Bacteria;Pseudomonadati;Pseudomonadota;Gammaproteobacteria;Lysobacterales;Rhodanobacteraceae;Ahniella;Ahniella affigens	2021234	assignment
Bacteria;Pseudomonadati;Pseudomonadota;Gammaproteobacteria;Lysobacterales;Rhodanobacteraceae;Aquimonas	0	unresolved
Bacteria;Pseudomonadati;Pseudomonadota;Gammaproteobacteria;Lysobacterales;Rhodanobacteraceae;Aquimonas;Aquimonas voraii	265719	assignment
Bacteria;Pseudomonadati;Pseudomonadota;Gammaproteobacteria;Lysobacterales;Rhodanobacteraceae;Chiayiivirga	0	unresolved
Bacteria;Pseudomonadati;Pseudomonadota;Gammaproteobacteria;Lysobacterales;Rhodanobacteraceae;Chiayiivirga;Chiayiivirga flava	659595	assignment
Bacteria;Pseudomonadati;Pseudomonadota;Gammaproteobacteria;Lysobacterales;Rhodanobacteraceae;Dyella	231454	source_cache
Bacteria;Pseudomonadati;Pseudomonadota;Gammaproteobacteria;Lysobacterales;Rhodanobacteraceae;Dyella;Dyella jiangningensis	1379159	assignment
Bacteria;Pseudomonadati;Pseudomonadota;Gammaproteobacteria;Lysobacterales;Rhodanobacteraceae;Frateuria	0	unresolved
Bacteria;Pseudomonadati;Pseudomonadota;Gammaproteobacteria;Lysobacterales;Rhodanobacteraceae;Frateuria;Frateuria defendens	2219559	assignment
Bacteria;Pseudomonadati;Pseudomonadota;Gammaproteobacteria;Lysobacterales;Rhodanobacteraceae;Fulvimonas	0	unresolved
Bacteria;Pseudomonadati;Pseudomonadota;Gammaproteobacteria;Lysobacterales;Rhodanobacteraceae;Fulvimonas;Fulvimonas soli	155197	assignment
Bacteria;Pseudomonadati;Pseudomonadota;Gammaproteobacteria;Lysobacterales;Rhodanobacteraceae;Pseudofulvimonas	0	unresolved
Bacteria;Pseudomonadati;Pseudomonadota;Gammaproteobacteria;Lysobacterales;Rhodanobacteraceae;Pseudofulvimonas;Pseudofulvimonas gallinarii	634155	assignment
Bacteria;Pseudomonadati;Pseudomonadota;Gammaproteobacteria;Lysobacterales;Rhodanobacteraceae;Tahibacter	0	unresolved
Bacteria;Pseudomonadati;Pseudomonadota;Gammaproteobacteria;Lysobacterales;Rhodanobacteraceae;Tahibacter;Tahibacter caeni	1453545	assignment
Bacteria;Pseudomonadati;Pseudomonadota;Gammaproteobacteria;Methylococcales	135618	source_cache
Bacteria;Pseudomonadati;Pseudomonadota;Gammaproteobacteria;Methylococcales;Methylococcaceae	403	source_cache
Bacteria;Pseudomonadati;Pseudomonadota;Gammaproteobacteria;Methylococcales;Methylococcaceae;Methyloparacoccus	0	unresolved
Bacteria;Pseudomonadati;Pseudomonadota;Gammaproteobacteria;Methylococcales;Methylococcaceae;Methyloparacoccus;Methyloparacoccus murrellii	1262636	assignment
Bacteria;Pseudomonadati;Pseudomonadota;Gammaproteobacteria;Moraxellales	2887326	source_cache
Bacteria;Pseudomonadati;Pseudomonadota;Gammaproteobacteria;Moraxellales;Moraxellaceae	468	source_cache
Bacteria;Pseudomonadati;Pseudomonadota;Gammaproteobacteria;Moraxellales;Moraxellaceae;Psychrobacter	0	unresolved
Bacteria;Pseudomonadati;Pseudomonadota;Gammaproteobacteria;Moraxellales;Moraxellaceae;Psychrobacter;Psychrobacter faecalis	180588	assignment
Bacteria;Pseudomonadati;Pseudomonadota;Gammaproteobacteria;Oceanospirillales	0	unresolved
Bacteria;Pseudomonadati;Pseudomonadota;Gammaproteobacteria;Oceanospirillales;Alcanivoracaceae	0	unresolved
Bacteria;Pseudomonadati;Pseudomonadota;Gammaproteobacteria;Oceanospirillales;Alcanivoracaceae;Alcanivorax	0	unresolved
Bacteria;Pseudomonadati;Pseudomonadota;Gammaproteobacteria;Oceanospirillales;Alcanivoracaceae;Alcanivorax;Alcanivorax jadensis	1177181	assignment
Bacteria;Pseudomonadati;Pseudomonadota;Gammaproteobacteria;Oceanospirillales;Alcanivoracaceae;Alcanivorax;Alcanivorax nanhaiticus	1177154	assignment
Bacteria;Pseudomonadati;Pseudomonadota;Gammaproteobacteria;Oceanospirillales;Halomonadaceae	0	unresolved
Bacteria;Pseudomonadati;Pseudomonadota;Gammaproteobacteria;Oceanospirillales;Halomonadaceae;Vreelandella	0	unresolved
Bacteria;Pseudomonadati;Pseudomonadota;Gammaproteobacteria;Oceanospirillales;Halomonadaceae;Vreelandella;Vreelandella aquamarina	115555	assignment
Bacteria;Pseudomonadati;Pseudomonadota;Gammaproteobacteria;Oceanospirillales;Halomonadaceae;Vreelandella;Vreelandella hamiltonii	502829	assignment
Bacteria;Pseudomonadati;Pseudomonadota;Gammaproteobacteria;Oceanospirillales;Halomonadaceae;Vreelandella;Vreelandella piezotolerans	2609667	assignment
Bacteria;Pseudomonadati;Pseudomonadota;Gammaproteobacteria;Pseudomonadales	72274	source_cache
Bacteria;Pseudomonadati;Pseudomonadota;Gammaproteobacteria;Pseudomonadales;Marinobacteraceae	0	unresolved
Bacteria;Pseudomonadati;Pseudomonadota;Gammaproteobacteria;Pseudomonadales;Marinobacteraceae;Marinobacter	0	unresolved
Bacteria;Pseudomonadati;Pseudomonadota;Gammaproteobacteria;Pseudomonadales;Marinobacteraceae;Marinobacter;Marinobacter adhaerens	225937	assignment
Bacteria;Pseudomonadati;Pseudomonadota;Gammaproteobacteria;Pseudomonadales;Marinobacteraceae;Marinobacter;Marinobacter alkaliphilus	254719	assignment
Bacteria;Pseudomonadati;Pseudomonadota;Gammaproteobacteria;Pseudomonadales;Marinobacteraceae;Marinobacter;Marinobacter denitrificans	2597703	assignment
Bacteria;Pseudomonadati;Pseudomonadota;Gammaproteobacteria;Pseudomonadales;Marinobacteraceae;Marinobacter;Marinobacter guineae	432303	assignment
Bacteria;Pseudomonadati;Pseudomonadota;Gammaproteobacteria;Pseudomonadales;Marinobacteraceae;Marinobacter;Marinobacter nauticus	351348	assignment
Bacteria;Pseudomonadati;Pseudomonadota;Gammaproteobacteria;Pseudomonadales;Marinobacteraceae;Marinobacter;Marinobacter salsuginis	1260625	assignment
Bacteria;Pseudomonadati;Pseudomonadota;Gammaproteobacteria;Pseudomonadales;Perlucidibacaceae	0	unresolved
Bacteria;Pseudomonadati;Pseudomonadota;Gammaproteobacteria;Pseudomonadales;Perlucidibacaceae;Perlucidibaca	0	unresolved
Bacteria;Pseudomonadati;Pseudomonadota;Gammaproteobacteria;Pseudomonadales;Perlucidibacaceae;Perlucidibaca;Perlucidibaca piscinae	392589	assignment
Bacteria;Pseudomonadati;Pseudomonadota;Gammaproteobacteria;Pseudomonadales;Pseudohongiellaceae	0	unresolved
Bacteria;Pseudomonadati;Pseudomonadota;Gammaproteobacteria;Pseudomonadales;Pseudohongiellaceae;Pseudohongiella	0	unresolved
Bacteria;Pseudomonadati;Pseudomonadota;Gammaproteobacteria;Pseudomonadales;Pseudohongiellaceae;Pseudohongiella;Pseudohongiella acticola	1524254	assignment
Bacteria;Pseudomonadati;Pseudomonadota;Gammaproteobacteria;Pseudomonadales;Pseudohongiellaceae;Pseudohongiella;Pseudohongiella nitratireducens	1768907	assignment
Bacteria;Pseudomonadati;Pseudomonadota;Gammaproteobacteria;Pseudomonadales;Pseudohongiellaceae;Pseudohongiella;Pseudohongiella spirulinae	1249552	assignment
Bacteria;Pseudomonadati;Pseudomonadota;Gammaproteobacteria;Pseudomonadales;Pseudomonadaceae	135621	source_cache
Bacteria;Pseudomonadati;Pseudomonadota;Gammaproteobacteria;Pseudomonadales;Pseudomonadaceae;Aquipseudomonas	0	unresolved
Bacteria;Pseudomonadati;Pseudomonadota;Gammaproteobacteria;Pseudomonadales;Pseudomonadaceae;Aquipseudomonas;Aquipseudomonas guryensis	2759165	assignment
Bacteria;Pseudomonadati;Pseudomonadota;Gammaproteobacteria;Pseudomonadales;Pseudomonadaceae;Ectopseudomonas	0	unresolved
Bacteria;Pseudomonadati;Pseudomonadota;Gammaproteobacteria;Pseudomonadales;Pseudomonadaceae;Ectopseudomonas;Ectopseudomonas composti	658457	assignment
Bacteria;Pseudomonadati;Pseudomonadota;Gammaproteobacteria;Pseudomonadales;Pseudomonadaceae;Ectopseudomonas;Ectopseudomonas oleovorans	301	assignment
Bacteria;Pseudomonadati;Pseudomonadota;Gammaproteobacteria;Pseudomonadales;Pseudomonadaceae;Pseudomonas	286	source_cache
Bacteria;Pseudomonadati;Pseudomonadota;Gammaproteobacteria;Pseudomonadales;Pseudomonadaceae;Pseudomonas;Pseudomonas anguilliseptica	53406	assignment
Bacteria;Pseudomonadati;Pseudomonadota;Gammaproteobacteria;Pseudomonadales;Pseudomonadaceae;Pseudomonas;Pseudomonas ceruminis	2740516	assignment
Bacteria;Pseudomonadati;Pseudomonadota;Gammaproteobacteria;Pseudomonadales;Pseudomonadaceae;Pseudomonas;Pseudomonas glareae	1577705	assignment
Bacteria;Pseudomonadati;Pseudomonadota;Gammaproteobacteria;Pseudomonadales;Pseudomonadaceae;Pseudomonas;Pseudomonas leptonychotis	2448482	source_cache
Bacteria;Pseudomonadati;Pseudomonadota;Gammaproteobacteria;Pseudomonadales;Pseudomonadaceae;Pseudomonas;Pseudomonas oryzihabitans	47885	assignment
Bacteria;Pseudomonadati;Pseudomonadota;Gammaproteobacteria;Pseudomonadales;Pseudomonadaceae;Pseudomonas;Pseudomonas peli	592361	source_cache
Bacteria;Pseudomonadati;Pseudomonadota;Gammaproteobacteria;Pseudomonadales;Pseudomonadaceae;Pseudomonas;Pseudomonas punonensis	1220495	assignment
Bacteria;Pseudomonadati;Pseudomonadota;Gammaproteobacteria;Pseudomonadales;Pseudomonadaceae;Pseudomonas;Pseudomonas sichuanensis	2213015	assignment
Bacteria;Pseudomonadati;Pseudomonadota;Gammaproteobacteria;Pseudomonadales;Pseudomonadaceae;Pseudomonas;Pseudomonas tianjinensis	2282554	source_cache
Bacteria;Pseudomonadati;Pseudomonadota;Gammaproteobacteria;Pseudomonadales;Pseudomonadaceae;Pseudomonas;Pseudomonas wayambapalatensis	485895	source_cache
Bacteria;Pseudomonadati;Pseudomonadota;Gammaproteobacteria;Pseudomonadales;Pseudomonadaceae;Stutzerimonas	0	unresolved
Bacteria;Pseudomonadati;Pseudomonadota;Gammaproteobacteria;Pseudomonadales;Pseudomonadaceae;Stutzerimonas;Stutzerimonas balearica	74829	assignment
Bacteria;Pseudomonadati;Pseudomonadota;Gammaproteobacteria;Thiotrichales	0	unresolved
Bacteria;Pseudomonadati;Pseudomonadota;Gammaproteobacteria;Thiotrichales;Piscirickettsiaceae	0	unresolved
Bacteria;Pseudomonadati;Pseudomonadota;Gammaproteobacteria;Thiotrichales;Piscirickettsiaceae;Methylophaga	0	unresolved
Bacteria;Pseudomonadati;Pseudomonadota;Gammaproteobacteria;Thiotrichales;Piscirickettsiaceae;Methylophaga;Methylophaga frappieri	754477	assignment
Bacteria;Pseudomonadati;Pseudomonadota;Gammaproteobacteria;Thiotrichales;Piscirickettsiaceae;Methylophaga;Methylophaga thalassica	40223	assignment
Bacteria;Pseudomonadati;Thermodesulfobacteriota	200940	source_cache
Bacteria;Pseudomonadati;Thermodesulfobacteriota;Desulfomonilia	0	unresolved
Bacteria;Pseudomonadati;Thermodesulfobacteriota;Desulfomonilia;Desulfomonilales	0	unresolved
Bacteria;Pseudomonadati;Thermodesulfobacteriota;Desulfomonilia;Desulfomonilales;Desulfomonilaceae	0	unresolved
Bacteria;Pseudomonadati;Thermodesulfobacteriota;Desulfomonilia;Desulfomonilales;Desulfomonilaceae;Desulfomonile	0	unresolved
Bacteria;Pseudomonadati;Thermodesulfobacteriota;Desulfomonilia;Desulfomonilales;Desulfomonilaceae;Desulfomonile;Desulfomonile limimaris	117208	assignment
Bacteria;Pseudomonadati;Thermodesulfobacteriota;Desulfomonilia;Desulfomonilales;Desulfomonilaceae;Desulfomonile;Desulfomonile tiedjei	706587	assignment
Bacteria;Pseudomonadati;Verrucomicrobiota	74201	source_cache
Bacteria;Pseudomonadati;Verrucomicrobiota;Opitutia	414999	source_cache
Bacteria;Pseudomonadati;Verrucomicrobiota;Opitutia;Opitutales	415000	source_cache
Bacteria;Pseudomonadati;Verrucomicrobiota;Opitutia;Opitutales;Opitutaceae	134623	source_cache
Bacteria;Pseudomonadati;Verrucomicrobiota;Opitutia;Opitutales;Opitutaceae;Lacunisphaera	0	unresolved
Bacteria;Pseudomonadati;Verrucomicrobiota;Opitutia;Opitutales;Opitutaceae;Lacunisphaera;Lacunisphaera anatis	1848773	assignment
Bacteria;Pseudomonadati;Verrucomicrobiota;Opitutia;Opitutales;Opitutaceae;Oleiharenicola	2100741	source_cache
Bacteria;Pseudomonadati;Verrucomicrobiota;Opitutia;Opitutales;Opitutaceae;Oleiharenicola;Oleiharenicola lentus	2508720	source_cache
Bacteria;Pseudomonadati;Verrucomicrobiota;Opitutia;Opitutales;Opitutaceae;Opitutus	178440	source_cache
Bacteria;Pseudomonadati;Verrucomicrobiota;Opitutia;Opitutales;Opitutaceae;Opitutus;Opitutus terrae	107709	source_cache
Bacteria;Pseudomonadati;Verrucomicrobiota;Opitutia;Puniceicoccales	415001	source_cache
Bacteria;Pseudomonadati;Verrucomicrobiota;Opitutia;Puniceicoccales;Cerasicoccaceae	3056374	source_cache
Bacteria;Pseudomonadati;Verrucomicrobiota;Opitutia;Puniceicoccales;Cerasicoccaceae;Cerasicoccus	0	unresolved
Bacteria;Pseudomonadati;Verrucomicrobiota;Opitutia;Puniceicoccales;Cerasicoccaceae;Cerasicoccus;Cerasicoccus frondis	490090	assignment
Bacteria;Pseudomonadati;Verrucomicrobiota;Spartobacteria	134549	source_cache
Bacteria;Pseudomonadati;Verrucomicrobiota;Spartobacteria;Chthoniobacterales	1836787	source_cache
Bacteria;Pseudomonadati;Verrucomicrobiota;Spartobacteria;Chthoniobacterales;Chthoniobacteraceae	1836792	source_cache
Bacteria;Pseudomonadati;Verrucomicrobiota;Spartobacteria;Chthoniobacterales;Chthoniobacteraceae;Chthoniobacter	295577	source_cache
Bacteria;Pseudomonadati;Verrucomicrobiota;Spartobacteria;Chthoniobacterales;Chthoniobacteraceae;Chthoniobacter;Chthoniobacter flavus	191863	source_cache
Bacteria;Pseudomonadati;Verrucomicrobiota;Terrimicrobiia	2762271	source_cache
Bacteria;Pseudomonadati;Verrucomicrobiota;Terrimicrobiia;Terrimicrobiales	2762272	source_cache
Bacteria;Pseudomonadati;Verrucomicrobiota;Terrimicrobiia;Terrimicrobiales;Terrimicrobiaceae	2762316	source_cache
Bacteria;Pseudomonadati;Verrucomicrobiota;Terrimicrobiia;Terrimicrobiales;Terrimicrobiaceae;Terrimicrobium	1649503	source_cache
Bacteria;Pseudomonadati;Verrucomicrobiota;Terrimicrobiia;Terrimicrobiales;Terrimicrobiaceae;Terrimicrobium;Terrimicrobium sacchariphilum	690879	source_cache
Bacteria;Pseudomonadati;Verrucomicrobiota;Verrucomicrobiia	203494	source_cache
Bacteria;Pseudomonadati;Verrucomicrobiota;Verrucomicrobiia;Verrucomicrobiales	48461	source_cache
Bacteria;Pseudomonadati;Verrucomicrobiota;Verrucomicrobiia;Verrucomicrobiales;Verrucomicrobiaceae	203557	source_cache
Bacteria;Pseudomonadati;Verrucomicrobiota;Verrucomicrobiia;Verrucomicrobiales;Verrucomicrobiaceae;Brevifollis	0	unresolved
Bacteria;Pseudomonadati;Verrucomicrobiota;Verrucomicrobiia;Verrucomicrobiales;Verrucomicrobiaceae;Brevifollis;Brevifollis gellanilyticus	748831	assignment
Bacteria;Pseudomonadati;Verrucomicrobiota;Verrucomicrobiia;Verrucomicrobiales;Verrucomicrobiaceae;Haloferula	0	unresolved
Bacteria;Pseudomonadati;Verrucomicrobiota;Verrucomicrobiia;Verrucomicrobiales;Verrucomicrobiaceae;Haloferula;Haloferula helveola	490095	assignment
Bacteria;Pseudomonadati;Verrucomicrobiota;Verrucomicrobiia;Verrucomicrobiales;Verrucomicrobiaceae;Luteolibacter	0	unresolved
Bacteria;Pseudomonadati;Verrucomicrobiota;Verrucomicrobiia;Verrucomicrobiales;Verrucomicrobiaceae;Luteolibacter;Luteolibacter flavescens	1859460	assignment
Bacteria;Pseudomonadati;Verrucomicrobiota;Verrucomicrobiia;Verrucomicrobiales;Verrucomicrobiaceae;Prosthecobacter	48463	source_cache
Bacteria;Pseudomonadati;Verrucomicrobiota;Verrucomicrobiia;Verrucomicrobiales;Verrucomicrobiaceae;Prosthecobacter;Prosthecobacter fluviatilis	445931	assignment
Bacteria;Pseudomonadati;Verrucomicrobiota;Verrucomicrobiia;Verrucomicrobiales;Verrucomicrobiaceae;Prosthecobacter;Prosthecobacter vanneervenii	48466	assignment
Bacteria;Thermotogati	3384194	source_cache
Bacteria;Thermotogati;Deinococcota	1297	source_cache
Bacteria;Thermotogati;Deinococcota;Deinococci	188787	source_cache
Bacteria;Thermotogati;Deinococcota;Deinococci;Thermales	0	unresolved
Bacteria;Thermotogati;Deinococcota;Deinococci;Thermales;Thermaceae	0	unresolved
Bacteria;Thermotogati;Deinococcota;Deinococci;Thermales;Thermaceae;Allomeiothermus	0	unresolved
Bacteria;Thermotogati;Deinococcota;Deinococci;Thermales;Thermaceae;Allomeiothermus;Allomeiothermus silvanus	52022	assignment
Bacteria;Thermotogati;Synergistota	508458	source_cache
Bacteria;Thermotogati;Synergistota;Synergistia	649775	source_cache
Bacteria;Thermotogati;Synergistota;Synergistia;Synergistales	649776	source_cache
Bacteria;Thermotogati;Synergistota;Synergistia;Synergistales;Aminobacteriaceae	3029087	source_cache
Bacteria;Thermotogati;Synergistota;Synergistia;Synergistales;Aminobacteriaceae;Aminobacterium	81466	source_cache
Bacteria;Thermotogati;Synergistota;Synergistia;Synergistales;Aminobacteriaceae;Aminobacterium;Aminobacterium colombiense	81468	source_cache
Bacteria;Thermotogati;Synergistota;Synergistia;Synergistales;Synergistaceae	649777	source_cache
Bacteria;Thermotogati;Synergistota;Synergistia;Synergistales;Synergistaceae;Cloacibacillus	508459	source_cache
Bacteria;Thermotogati;Synergistota;Synergistia;Synergistales;Synergistaceae;Cloacibacillus;Cloacibacillus porcorum	1197717	source_cache
