reference	startpos	ref length	number of reads	covbases	% coverage	meandepth	meanbaseq	meanmapq	taxid	superkingdom	kingdom	phylum	class	order	family	genus	species	mean	sd	Coefficient of Variance	pcreads
NG_041947.1	1	1641	37	1424	86.7764	28.8391	35.5	1.3	394503	Bacteria	Bacillati	Bacillota	Clostridia	Eubacteriales	Oscillospiraceae	Ruminiclostridium	Ruminiclostridium cellulolyticum	28.839122486288847	13.503233375768787	0.4682262222849779	0.04
NG_042070.1	1	1721	16	1473	85.5898	12.8338	38.8	1.12	86170	Bacteria	Bacillati	Bacillota	Clostridia	Eubacteriales	Syntrophomonadaceae	Syntrophothermus	Syntrophothermus lipocalidus	12.833817547937246	5.613778590500924	0.43742078843899534	0.02
NG_042882.1	1	1760	1	1080	61.3636	0.613636	33.9	0.0	287948	Bacteria	Pseudomonadati	Campylobacterota	Epsilonproteobacteria	Campylobacterales	Helicobacteraceae	Helicobacter	Helicobacter mastomyrinus	0.6136363636363636	0.4869155746733768	0.7934920476158733	0.0
NG_042883.1	1	1614	1	689	42.689	0.42689	42.3	1.0	76936	Bacteria	Pseudomonadati	Campylobacterota	Epsilonproteobacteria	Campylobacterales	Helicobacteraceae	Helicobacter	Helicobacter typhlonius	0.42688971499380424	0.4946260064193065	1.1586739831070545	0.0
NR_024691.1	1	1529	2	1486	97.1877	1.77894	35.8	10.0	86664	Bacteria	Bacillati	Bacillota	Bacilli	Bacillales	Bacillaceae	Priestia	Priestia flexa	1.778940483976455	0.4779520046615427	0.26867228497334517	0.0
NR_024693.1	1	1526	2	1524	99.8689	1.95872	42.0	1.0	72360	Bacteria	Bacillati	Bacillota	Bacilli	Bacillales	Bacillaceae	Bacillus	Bacillus mojavensis	1.9587155963302751	0.20542938850707632	0.10487964097082585	0.0
NR_024695.1	1	1526	1	1277	83.6828	0.836828	38.5	1.0	86668	Bacteria	Bacillati	Bacillota	Bacilli	Bacillales	Bacillaceae	Neobacillus	Neobacillus niacini	0.8368283093053736	0.36952224567742076	0.4415747430726265	0.0
NR_024727.1	1	1472	1	1243	84.4429	0.844429	39.7	1.0	1048339	Bacteria	Bacillati	Actinomycetota	Actinomycetes	Sporichthyales	Sporichthyaceae	Sporichthya	Sporichthya polymorpha	0.8444293478260869	0.3624478229429673	0.42922220062111655	0.0
NR_024749.1	1	1465	5	1361	92.901	4.48942	36.8	1.0	84025	Bacteria	Bacillati	Bacillota	Clostridia	Eubacteriales	Clostridiaceae	Clostridium	Clostridium haemolyticum	4.489419795221843	1.3908737173058114	0.3098114635628727	0.01
NR_024750.1	1	1315	9	1311	99.6958	8.53232	40.1	28.6	116085	Bacteria	Bacillati	Bacillota	Clostridia	Lachnospirales	Lachnospiraceae	Coprococcus	Coprococcus catus	8.532319391634982	1.1807635687186713	0.13838717405214374	0.01
NR_024777.1	1	1506	1	1346	89.3758	0.893758	27.2	1.0	698762	Bacteria	Bacillati	Bacillota	Clostridia	Moorellales	Moorellaceae	Thermanaeromonas	Thermanaeromonas toyohensis	0.8937583001328021	0.30814672004830124	0.34477634501689575	0.0
NR_024782.1	1	1521	16	1521	100.0	14.2262	35.7	7.69	164759	Bacteria	Pseudomonadati	Pseudomonadota	Betaproteobacteria	Burkholderiales	Comamonadaceae	Diaphorobacter	Diaphorobacter nitroreducens	14.226166995397765	3.0440766630990757	0.21397729016423395	0.02
NR_024814.1	1	1383	9	1336	96.6016	7.80622	39.6	4.44	227924	Bacteria	Thermotogati	Deinococcota	Deinococci	Thermales	Thermaceae	Oceanithermus	Oceanithermus desulfurans	7.8062183658712945	2.0946625905093113	0.2683325641602795	0.01
NR_024815.1	1	1490	1	1460	97.9866	0.979866	31.5	1.0	228603	Bacteria	Pseudomonadati	Bacteroidota	Bacteroidia	Bacteroidales	Prevotellaceae	Hoylesella	Hoylesella shahii	0.9798657718120806	0.14045939286212472	0.14334554477025058	0.0
NR_024829.1	1	1447	120	1447	100.0	113.79	37.9	6.72	253314	Bacteria	Bacillati	Bacillota	Clostridia	Eubacteriales	Oscillospiraceae	Acetivibrio	Acetivibrio straminisolvens	113.78991015894955	10.526044071392585	0.09250419529015433	0.13
NR_024852.1	1	1436	4	1406	97.9109	3.80014	41.2	4.5	146939	Bacteria	Pseudomonadati	Pseudomonadota	Betaproteobacteria	Rhodocyclales	Rhodocyclaceae	Azospira	Azospira oryzae	3.800139275766017	0.7600945422727271	0.20001754859879717	0.0
NR_024853.1	1	1475	2	1473	99.8644	1.91932	39.0	30.5	146940	Bacteria	Pseudomonadati	Pseudomonadota	Betaproteobacteria	Rhodocyclales	Azonexaceae	Azonexus	Azonexus fungiphilus	1.919322033898305	0.2772740454751747	0.14446457685478017	0.0
NR_024855.1	1	1485	1	1452	97.7778	0.977778	24.9	43.0	65401	Bacteria	Pseudomonadati	Pseudomonadota	Betaproteobacteria	Rhodocyclales	Rhodocyclaceae	Propionivibrio	Propionivibrio pelophilus	0.9777777777777777	0.14740554623801733	0.15075567228888137	0.0
NR_024858.1	1	1547	1	1277	82.5469	0.825469	38.2	1.0	66835	Bacteria	Pseudomonadati	Thermodesulfobacteriota	Desulfobacteria	Desulfobacterales	Desulfobacteraceae	Desulfocella	Desulfocella halophila	0.8254686489980607	0.3795657499292806	0.45981849267078867	0.0
NR_024874.1	1	1416	17	1416	100.0	16.1532	35.4	4.06	70584	Bacteria	Pseudomonadati	Pseudomonadota	Betaproteobacteria	Burkholderiales	unclassified Burkholderiales family	Aquabacterium	Aquabacterium parvum	16.153248587570623	1.8521908421124766	0.11466367474451392	0.02
NR_024875.1	1	1416	93	1416	100.0	89.9901	38.5	23.2	70586	Bacteria	Pseudomonadati	Pseudomonadota	Betaproteobacteria	Burkholderiales	unclassified Burkholderiales family	Aquabacterium	Aquabacterium commune	89.99011299435028	6.396606046473701	0.0710812091865613	0.1
NR_024884.1	1	1506	23	1506	100.0	18.6813	38.2	7.52	73030	Bacteria	Pseudomonadati	Pseudomonadota	Betaproteobacteria	Rhodocyclales	Azonexaceae	Dechloromonas	Dechloromonas agitata	18.681274900398407	5.97643735189375	0.31991592563986593	0.03
NR_024886.1	1	1525	3	1515	99.3443	2.8223	34.9	4.0	76009	Bacteria	Bacillati	Bacillota	Clostridia	Eubacteriales	Eubacteriales Family XII. Incertae Sedis	Fusibacter	Fusibacter paucivorans	2.822295081967213	0.4877798261800819	0.17283090960144631	0.0
NR_024889.1	1	1519	1	1466	96.5109	0.965109	37.5	1.0	43354	Bacteria	Bacillati	Actinomycetota	Actinomycetes	Pseudonocardiales	Pseudonocardiaceae	Prauserella	Prauserella rugosa	0.9651086240947993	0.18350468057421168	0.19013888798924117	0.0
NR_024917.1	1	1514	1	1253	82.7609	0.827609	35.5	1.0	1286820	Bacteria	Bacillati	Bacillota	Clostridia	Lachnospirales	Lachnospiraceae	Lacrimispora	Lacrimispora indolis	0.8276089828269485	0.37771994171752776	0.45639903572253554	0.0
NR_024921.1	1	1530	13	1527	99.8039	10.7242	37.7	11.9	81464	Bacteria	Bacillati	Bacillota	Negativicutes	Selenomonadales	Sporomusaceae	Anaeromusa	Anaeromusa acidaminophila	10.724183006535947	3.8687287629166263	0.3607481111203339	0.01
NR_024926.1	1	1509	2	1493	98.9397	1.8118	35.2	6.0	81409	Bacteria	Bacillati	Bacillota	Clostridia	Eubacteriales	Eubacteriaceae	Eubacterium	Eubacterium aggregans	1.8117958913187542	0.4171203889880664	0.2302248233295509	0.0
NR_024934.1	1	1487	1	1242	83.5239	0.835239	39.5	1.0	887062	Bacteria	Pseudomonadati	Pseudomonadota	Betaproteobacteria	Burkholderiales	Comamonadaceae	Hylemonella	Hylemonella gracilis	0.8352387357094821	0.37096494454315626	0.4441424094490124	0.0
NR_024936.1	1	1510	2	1276	84.5033	1.64238	45.3	1.0	65655	Bacteria	Pseudomonadati	Pseudomonadota	Betaproteobacteria	Burkholderiales	Comamonadaceae	Hydrogenophaga	Hydrogenophaga palleronii	1.6423841059602649	0.7346159140696161	0.4472863025181937	0.0
NR_024943.1	1	1457	2	1336	91.6953	1.68977	35.3	1.0	28202	Bacteria	Pseudomonadati	Bdellovibrionota	Bacteriovoracia	Bacteriovoracales	Bacteriovoracaceae	Peredibacter	Peredibacter starrii	1.689773507206589	0.6165068784131056	0.3648458659008509	0.0
NR_024970.1	1	1490	1	1360	91.2752	0.912752	36.4	1.0	92003	Bacteria	Pseudomonadati	Pseudomonadota	Betaproteobacteria	Rhodocyclales	Rhodocyclaceae	Aromatoleum	Aromatoleum toluclasticum	0.912751677852349	0.282198604585619	0.3091734712004208	0.0
NR_024989.1	1	1371	44	1371	100.0	43.229	39.4	39.1	92485	Bacteria	Pseudomonadati	Thermodesulfobacteriota	Syntrophia	Syntrophales	Smithellaceae	Smithella	Smithella propionica	43.2290299051787	1.4296242128829464	0.0330709297899762	0.05
NR_025019.1	1	1481	2	1472	99.3923	1.94531	37.1	3.0	100174	Bacteria	Bacillati	Bacillota	Clostridia	Eubacteriales	Clostridiaceae	Clostridium	Clostridium peptidivorans	1.9453072248480756	0.25269631087901817	0.12990046387081775	0.0
NR_025024.1	1	1488	1	1434	96.371	0.96371	42.9	1.0	103815	Bacteria	Bacillati	Bacillota	Bacilli	Bacillales	Paenibacillaceae	Paenibacillus	Paenibacillus chinjuensis	0.9637096774193549	0.18701159073072998	0.19405386820594575	0.0
NR_025025.1	1	1491	286	1491	100.0	268.913	38.2	18.8	100176	Bacteria	Bacillati	Bacillota	Clostridia	Eubacteriales	Oscillospiraceae	Papillibacter	Papillibacter cinnamivorans	268.9128101945003	28.761661564296826	0.10695534193218233	0.32
NR_025039.1	1	1516	1	1491	98.3509	0.983509	33.9	1.0	105972	Bacteria	Pseudomonadati	Pseudomonadota	Gammaproteobacteria	Methylococcales	Methylococcaceae	Methylosarcina	Methylosarcina fibrata	0.9835092348284961	0.12735313045058164	0.12948849481092004	0.0
NR_025044.1	1	1480	1	1203	81.2838	0.812838	15.3	1.0	112729	Bacteria	Bacillati	Bacillota	Clostridia	Eubacteriales	Clostridiaceae	Caloramator	Caloramator viterbiensis	0.8128378378378378	0.3900416480543423	0.47985173659220837	0.0
NR_025076.1	1	1469	1	1237	84.2069	0.842069	40.8	11.0	119981	Bacteria	Bacillati	Actinomycetota	Actinomycetes	Propionibacteriales	Propionibacteriaceae	Propionibacterium	Propionibacterium australiense	0.8420694349897889	0.364675885747557	0.4330710397438652	0.0
NR_025079.1	1	1523	1	1452	95.3381	0.953381	35.8	1.0	117208	Bacteria	Pseudomonadati	Thermodesulfobacteriota	Desulfomonilia	Desulfomonilales	Desulfomonilaceae	Desulfomonile	Desulfomonile limimaris	0.953381483913329	0.21082037388389946	0.22112908362615624	0.0
NR_025080.1	1	1442	151	1442	100.0	147.06	38.6	33.1	117506	Bacteria	Pseudomonadati	Pseudomonadota	Betaproteobacteria	Burkholderiales	Comamonadaceae	Comamonas	Comamonas denitrificans	147.0603328710125	5.209997260696439	0.03542761776057014	0.17
NR_025082.1	1	1411	1	1400	99.2204	0.992204	40.2	60.0	121290	Bacteria	Pseudomonadati	Pseudomonadota	Alphaproteobacteria	Hyphomicrobiales	Hyphomicrobiaceae	Hyphomicrobium	Hyphomicrobium sulfonivorans	0.9922041105598866	0.08794949430184873	0.08864052604279184	0.0
NR_025085.1	1	1483	1	1468	98.9885	0.989885	38.1	31.0	119702	Bacteria	Bacillati	Bacillota	Bacilli	Bacillales	Paenibacillaceae	Paenibacillus	Paenibacillus granivorans	0.9898853674983142	0.10006161457343052	0.10108404251525713	0.0
NR_025096.1	1	1457	1	1135	77.8998	0.778998	31.9	0.0	123841	Bacteria	Pseudomonadati	Campylobacterota	Epsilonproteobacteria	Campylobacterales	Helicobacteraceae	Helicobacter	Helicobacter canadensis	0.7789979409746054	0.41492185882636906	0.5326353729603698	0.0
NR_025100.1	1	1518	29	1518	100.0	28.2029	38.6	3.07	160385	Bacteria	Bacillati	Bacillota	Clostridia	Eubacteriales	Oscillospiraceae	Thermoclostridium	Thermoclostridium stercorarium	28.202898550724637	2.168389997686426	0.076885359630197	0.03
NR_025104.1	1	1542	1	1287	83.463	0.83463	36.6	15.0	128780	Bacteria	Pseudomonadati	Pseudomonadota	Gammaproteobacteria	Lysobacterales	Lysobacteraceae	Stenotrophomonas	Stenotrophomonas acidaminiphila	0.8346303501945526	0.371513833832163	0.4451238009084657	0.0
NR_025125.1	1	1514	1	1321	87.2523	0.872523	33.7	2.0	142877	Bacteria	Bacillati	Bacillota	Clostridia	Eubacteriales	Desulfitobacteriaceae	Desulfitobacterium	Desulfitobacterium metallireducens	0.8725231175693527	0.33350641204691905	0.3822321785306854	0.0
NR_025130.1	1	1410	3	1410	100.0	2.95319	43.4	1.0	119858	Bacteria	Bacillati	Bacillota	Bacilli	Bacillales	Bacillaceae	Bacillus	Bacillus sonorensis	2.953191489361702	0.242490971240667	0.08211149602529791	0.0
NR_025142.1	1	1519	1	816	53.7196	0.537196	35.4	1.0	157842	Bacteria	Pseudomonadati	Thermodesulfobacteriota	Desulfobacteria	Desulfobacterales	Desulfofabaceae	Desulfofaba	Desulfofaba hansenii	0.5371955233706386	0.49861457363497064	0.9281808055778437	0.0
NR_025147.1	1	1522	2	1502	98.6859	1.95466	39.8	5.0	161482	Bacteria	Bacillati	Actinomycetota	Actinomycetes	Kitasatosporales	Streptomycetaceae	Streptomyces	Streptomyces thermospinosisporus	1.954664914586071	0.26374424046801936	0.13493066688817662	0.0
NR_025151.1	1	1523	35	1523	100.0	33.6921	39.8	3.97	165813	Bacteria	Bacillati	Bacillota	Tissierellia	Tissierellales	Sporanaerobacteraceae	Sporanaerobacter	Sporanaerobacter acetigenes	33.692055154300725	2.831973651921627	0.08405464252483069	0.04
NR_025180.1	1	1479	1	940	63.5565	0.635565	40.0	1.0	171283	Bacteria	Bacillati	Mycoplasmatota	unclassified Mycoplasmatota class	Mycoplasmoidales	Metamycoplasmataceae	Mycoplasmopsis	Mycoplasmopsis cricetuli	0.6355645706558486	0.4812714900998138	0.7572346104868346	0.0
NR_025211.1	1	1486	1	1332	89.6366	0.896366	24.0	1.0	181073	Bacteria	Bacillati	Bacillota	Bacilli	Lactobacillales	Carnobacteriaceae	Carnobacterium	Carnobacterium pleistocenium	0.8963660834454913	0.304785051953149	0.34002296336514964	0.0
NR_025220.1	1	1476	9	1465	99.2547	7.93293	38.6	9.89	185139	Bacteria	Bacillati	Actinomycetota	Rubrobacteria	Rubrobacterales	Rubrobacteraceae	Rubrobacter	Rubrobacter taiwanensis	7.932926829268292	1.4530501878134174	0.18316697217632627	0.01
NR_025258.1	1	1516	5	1516	100.0	4.73087	37.7	4.0	1220589	Bacteria	Bacillati	Bacillota	Bacilli	Bacillales	Bacillaceae	Lysinibacillus	Lysinibacillus odysseyi	4.730870712401056	0.633391034260886	0.13388466368370094	0.01
NR_025280.1	1	1484	2	1484	100.0	1.99191	41.6	1.0	75697	Bacteria	Pseudomonadati	Pseudomonadota	Betaproteobacteria	Burkholderiales	Alcaligenaceae	Castellaniella	Castellaniella defragrans	1.9919137466307277	0.08955928693172982	0.044961428216064636	0.0
NR_025289.1	1	1453	6	1425	98.073	5.46387	36.7	1.0	888727	Bacteria	Bacillati	Bacillota	Clostridia	Eubacteriales	Eubacteriales Family XIII. Incertae Sedis	unclassified Eubacteriales Family XIII. Incertae Sedis genus	[Eubacterium] sulci	5.463867859600826	1.251386859726951	0.2290294882457816	0.01
NR_025296.1	1	1517	3	1501	98.9453	2.27686	29.7	1.0	81858	Bacteria	Bacillati	Actinomycetota	Actinomycetes	Mycobacteriales	Mycobacteriaceae	Mycolicibacterium	Mycolicibacterium elephantis	2.27686222808174	0.7020630039908174	0.30834672178751305	0.0
NR_025298.1	1	1506	39	1503	99.8008	35.4389	38.3	14.9	82376	Bacteria	Bacillati	Bacillota	Negativicutes	Selenomonadales	Sporomusaceae	Anaeroarcus	Anaeroarcus burkinensis	35.43891102257636	5.9242047344579785	0.1671666697287612	0.04
NR_025299.1	1	1540	1	1481	96.1688	0.961688	32.6	1.0	160799	Bacteria	Bacillati	Bacillota	Bacilli	Bacillales	Paenibacillaceae	Paenibacillus	Paenibacillus borealis	0.9616883116883117	0.19194765653791426	0.19959445716974203	0.0
NR_025301.1	1	1470	1	1466	99.7279	0.997279	39.2	6.0	83263	Bacteria	Pseudomonadati	Pseudomonadota	Alphaproteobacteria	Hyphomicrobiales	Phyllobacteriaceae	Aminobacter	Aminobacter aminovorans	0.9972789115646259	0.05209303324918801	0.052235169765556866	0.0
NR_025314.1	1	1436	2	1434	99.8607	1.91086	40.5	2.0	1727	Bacteria	Bacillati	Actinomycetota	Actinomycetes	Mycobacteriales	Corynebacteriaceae	Corynebacterium	Corynebacterium variabile	1.9108635097493036	0.28978732145630137	0.15165254869214606	0.0
NR_025349.1	1	1503	1	1433	95.3426	0.953426	42.0	1.0	90731	Bacteria	Pseudomonadati	Thermodesulfobacteriota	Desulfovibrionia	Desulfovibrionales	Desulfomicrobiaceae	Desulfomicrobium	Desulfomicrobium macestii	0.9534264803725881	0.21072357935676167	0.22101712475450996	0.0
NR_025364.1	1	1423	1	1338	94.0267	0.940267	27.7	1.0	103621	Bacteria	Bacillati	Actinomycetota	Actinomycetes	Actinomycetales	Actinomycetaceae	Actinomyces	Actinomyces urogenitalis	0.9402670414617006	0.2369914179934794	0.25204692661040445	0.0
NR_025373.1	1	1503	1	1226	81.5702	0.815702	30.4	1.0	157838	Bacteria	Bacillati	Bacillota	Bacilli	Bacillales	Bacillaceae	Heyndrickxia	Heyndrickxia shackletonii	0.8157019294743846	0.38772708407609496	0.47532936979312457	0.0
NR_025375.1	1	1412	1	937	66.3598	0.663598	43.1	1.0	170994	Bacteria	Bacillati	Actinomycetota	Actinomycetes	Micrococcales	Brevibacteriaceae	Brevibacterium	Brevibacterium paucivorans	0.6635977337110481	0.4724783397412102	0.7119951074862207	0.0
NR_025376.1	1	1498	39	1498	100.0	34.3251	38.8	32.9	108437	Bacteria	Pseudomonadati	Pseudomonadota	Betaproteobacteria	Burkholderiales	Comamonadaceae	Comamonas	Comamonas nitrativorans	34.32510013351135	7.668301939118775	0.22340217244209193	0.04
NR_025390.1	1	1487	1	1348	90.6523	0.906523	39.4	1.0	115544	Bacteria	Bacillati	Bacillota	Clostridia	Lachnospirales	Lachnospiraceae	Parasporobacterium	Parasporobacterium paucivorans	0.9065232010759919	0.2910994451848532	0.3211163761052498	0.0
NR_025396.1	1	1499	4	1492	99.533	3.6978	30.3	1.0	119206	Bacteria	Bacillati	Bacillota	Bacilli	Lactobacillales	Aerococcaceae	Aerococcus	Aerococcus sanguinicola	3.6977985323549034	0.5588172103239362	0.15112159449315898	0.0
NR_025403.1	1	1473	1	1034	70.1969	0.701969	39.3	1.0	124225	Bacteria	Pseudomonadati	Pseudomonadota	Betaproteobacteria	Burkholderiales	Alcaligenaceae	Brackiella	Brackiella oedipodis	0.7019687712152071	0.4573932831315088	0.6515863694900507	0.0
NR_025404.1	1	1521	1	1198	78.764	0.78764	42.0	1.0	123899	Bacteria	Pseudomonadati	Pseudomonadota	Betaproteobacteria	Burkholderiales	Alcaligenaceae	Bordetella	Bordetella trematum	0.7876397107166337	0.4089784796524755	0.5192456323467574	0.0
NR_025407.1	1	1517	5	1516	99.9341	4.76533	40.4	8.6	52561	Bacteria	Pseudomonadati	Thermodesulfobacteriota	Desulfovibrionia	Desulfovibrionales	Desulfomicrobiaceae	Desulfomicrobium	Desulfomicrobium norvegicum	4.765326301911668	0.5214301131258586	0.1094217017031301	0.01
NR_025408.1	1	1488	1	1202	80.7796	0.807796	36.8	30.0	126156	Bacteria	Bacillati	Bacillota	Bacilli	Bacillales	Bacillaceae	Psychrobacillus	Psychrobacillus psychrotolerans	0.8077956989247311	0.39403274955698186	0.4877876300672122	0.0
NR_025410.1	1	1446	1	771	53.3195	0.533195	15.9	0.0	687861	Bacteria	Pseudomonadati	Pseudomonadota	Alphaproteobacteria	Hyphomicrobiales	Bartonellaceae	Bartonella	Bartonella schoenbuchensis	0.533195020746888	0.49889687371000196	0.9356742923277079	0.0
NR_025412.1	1	1466	2	1464	99.8636	1.92769	34.4	39.0	108981	Bacteria	Pseudomonadati	Pseudomonadota	Gammaproteobacteria	Moraxellales	Moraxellaceae	Acinetobacter	Acinetobacter schindleri	1.9276944065484312	0.2642082655172286	0.13705920638650287	0.0
NR_025415.1	1	1528	2	1510	98.822	1.93979	36.6	1.0	112900	Bacteria	Bacillati	Bacillota	Negativicutes	Selenomonadales	Sporomusaceae	Sporomusa	Sporomusa acidovorans	1.9397905759162304	0.2830979667170897	0.14594254154646188	0.0
NR_025418.1	1	1534	23	1534	100.0	22.1493	38.3	1.22	112903	Bacteria	Bacillati	Bacillota	Negativicutes	Selenomonadales	Sporomusaceae	Propionispora	Propionispora vibrioides	22.14928292046936	2.0076149378629795	0.09064017761078996	0.03
NR_025420.1	1	1476	1	627	42.4797	0.424797	43.8	0.0	126350	Bacteria	Pseudomonadati	Pseudomonadota	Gammaproteobacteria	Cellvibrionales	Cellvibrionaceae	Cellvibrio	Cellvibrio fibrivorans	0.4247967479674797	0.49431211889223575	1.1636438396888995	0.0
NR_025434.1	1	1482	1	1244	83.9406	0.839406	30.5	0.0	136857	Bacteria	Bacillati	Actinomycetota	Actinomycetes	Mycobacteriales	Corynebacteriaceae	Corynebacterium	Corynebacterium testudinoris	0.8394062078272605	0.36715586075714385	0.43739950614315687	0.0
NR_025435.1	1	1520	55	1520	100.0	44.5355	38.6	1.29	140314	Bacteria	Bacillati	Bacillota	Bacilli	Lactobacillales	Carnobacteriaceae	Trichococcus	Trichococcus palustris	44.535526315789475	15.110472178586518	0.3392903021161625	0.06
NR_025437.1	1	1490	1	1490	100.0	1.0	40.9	1.0	136093	Bacteria	Bacillati	Bacillota	Bacilli	Lactobacillales	Aerococcaceae	Globicatella	Globicatella sulfidifaciens	1.0	0.0	0.0	0.0
NR_025441.1	1	1500	1	1251	83.4	0.834	41.3	1.0	141949	Bacteria	Pseudomonadati	Pseudomonadota	Gammaproteobacteria	Lysobacterales	Lysobacteraceae	Thermomonas	Thermomonas haemolytica	0.834	0.37208063642172834	0.44613985182461435	0.0
NR_025450.1	1	1531	10	1304	85.1731	8.23645	41.0	9.3	157592	Bacteria	Pseudomonadati	Pseudomonadota	Betaproteobacteria	Nitrosomonadales	Sterolibacteriaceae	Sterolibacterium	Sterolibacterium denitrificans	8.236446766819073	3.608756882642823	0.4381448681464046	0.01
NR_025451.1	1	1430	2	1371	95.8741	1.87622	38.5	1.0	256821	Bacteria	Bacillati	Actinomycetota	Actinomycetes	Micrococcales	Microbacteriaceae	Gulosibacter	Gulosibacter molinativorax	1.8762237762237761	0.43700475137165906	0.23291718019436172	0.0
NR_025454.1	1	1510	22	1267	83.9073	17.449	38.4	0.955	167643	Bacteria	Fusobacteriati	Fusobacteriota	Fusobacteriia	Fusobacteriales	Fusobacteriaceae	Ilyobacter	Ilyobacter insuetus	17.449006622516556	8.329615778245799	0.4773690536340958	0.02
NR_025455.1	1	1531	8	1529	99.8694	7.75114	36.5	46.4	167645	Bacteria	Pseudomonadati	Pseudomonadota	Betaproteobacteria	Rhodocyclales	Rhodocyclaceae	Propionivibrio	Propionivibrio limicola	7.751143043762247	0.5646831679148369	0.07285159939981589	0.01
NR_025489.1	1	1513	1	1088	71.9101	0.719101	41.9	1.0	171401	Bacteria	Bacillati	Bacillota	Bacilli	Bacillales	Paenibacillaceae	Paenibacillus	Paenibacillus agarexedens	0.7191011235955056	0.44943820224719316	0.625000000000003	0.0
NR_025498.1	1	1434	128	1434	100.0	121.04	36.5	7.84	130788	Bacteria	Bacillati	Bacillota	Tissierellia	unclassified Tissierellia order	unclassified Tissierellia family	Sedimentibacter	Sedimentibacter saalensis	121.0397489539749	11.880469724946556	0.09815345642747557	0.14
NR_025525.1	1	1475	3	1475	100.0	2.91525	40.5	13.0	185008	Bacteria	Bacillati	Bacillota	Clostridia	Lachnospirales	Lachnospiraceae	Butyrivibrio	Butyrivibrio hungatei	2.9152542372881354	0.3018662625205872	0.10354714819020143	0.0
NR_025530.1	1	1345	17	1345	100.0	16.7353	39.8	47.4	225992	Bacteria	Pseudomonadati	Pseudomonadota	Betaproteobacteria	Burkholderiales	Comamonadaceae	Comamonas	Comamonas kerstersii	16.73531598513011	1.177159485395568	0.07033984219010347	0.02
NR_025542.1	1	1483	7	1481	99.8651	6.80782	35.2	1.14	223919	Bacteria	Bacillati	Bacillota	Clostridia	Eubacteriales	Clostridiaceae	Clostridium	Clostridium diolis	6.807821982467971	0.49558350536636914	0.07279619041782145	0.01
NR_025551.1	1	1532	8	1532	100.0	7.22128	39.5	1.0	56760	Bacteria	Bacillati	Bacillota	Clostridia	Eubacteriales	Desulfitobacteriaceae	Desulfosporosinus	Desulfosporosinus auripigmenti	7.221279373368146	1.3979624982429508	0.19358931097425658	0.01
NR_025567.1	1	1498	18	1498	100.0	17.2363	37.7	1.83	208479	Bacteria	Bacillati	Bacillota	Clostridia	Lachnospirales	Lachnospiraceae	Enterocloster	Enterocloster bolteae	17.236315086782376	1.8005236701679777	0.10446105568983852	0.02
NR_025568.1	1	1475	3	1465	99.322	2.66441	36.8	4.33	208480	Bacteria	Bacillati	Actinomycetota	Actinomycetes	Actinomycetales	Actinomycetaceae	Bowdeniella	Bowdeniella nasicola	2.664406779661017	0.7238697120021117	0.2716813804588078	0.0
NR_025576.1	1	1453	1	1423	97.9353	0.979353	39.8	1.0	215590	Bacteria	Pseudomonadati	Pseudomonadota	Alphaproteobacteria	Hyphomicrobiales	Brucellaceae	Brucella	Brucella gallinifaecis	0.9793530626290433	0.1421993015037596	0.14519717855584166	0.0
NR_025578.1	1	1497	1	1484	99.1316	0.991316	41.0	60.0	215691	Bacteria	Pseudomonadati	Pseudomonadota	Gammaproteobacteria	Lysobacterales	Lysobacteraceae	Thermomonas	Thermomonas brevis	0.991315965263861	0.09278266150978808	0.09359544762813528	0.0
NR_025583.1	1	1447	1	1251	86.4547	0.864547	39.7	1.0	217070	Bacteria	Pseudomonadati	Pseudomonadota	Alphaproteobacteria	Rhodospirillales	Stellaceae	Stella	Stella vacuolata	0.8645473393227368	0.3422064251189822	0.3958215005173199	0.0
NR_025594.1	1	1504	1	1254	83.3777	0.833777	40.9	5.0	225084	Bacteria	Bacillati	Bacillota	Erysipelotrichia	Erysipelotrichales	Erysipelotrichaceae	Erysipelothrix	Erysipelothrix inopinata	0.8337765957446809	0.37228105529705835	0.4464997664806824	0.0
NR_025606.1	1	1512	1	1498	99.0741	0.990741	46.8	60.0	241555	Bacteria	Bacillati	Bacillota	Tissierellia	Tissierellales	Peptoniphilaceae	Helcococcus	Helcococcus sueciensis	0.9907407407407407	0.09577852252582417	0.0966736489045702	0.0
NR_025631.1	1	1406	2	1406	100.0	1.94097	36.8	9.0	270351	Bacteria	Pseudomonadati	Pseudomonadota	Alphaproteobacteria	Hyphomicrobiales	Methylobacteriaceae	Methylobacterium	Methylobacterium aquaticum	1.9409672830725462	0.2356859250350274	0.1214270467567785	0.0
NR_025651.1	1	1497	1	1314	87.7756	0.877756	21.3	1.0	160404	Bacteria	Bacillati	Bacillota	Clostridia	Lachnospirales	Anaerotignaceae	Anaerotignum	Anaerotignum lactatifermentans	0.8777555110220441	0.32756796835538343	0.3731881648614985	0.0
NR_025670.1	1	1483	19	1483	100.0	17.8469	36.6	5.37	411467	Bacteria	Bacillati	Bacillota	Clostridia	Eubacteriales	Oscillospiraceae	Pseudoflavonifractor	Pseudoflavonifractor capillosus	17.84693189480782	2.430733420800171	0.13619895201748042	0.02
NR_025677.1	1	1489	2	897	60.2418	1.0094	23.7	1.0	215578	Bacteria	Bacillati	Mycoplasmatota	Mollicutes	Entomoplasmatales	unclassified Entomoplasmatales family	Williamsoniiplasma	Williamsoniiplasma somnilux	1.0094022834116856	0.8969272102227911	0.888572598816857	0.0
NR_025698.1	1	1516	2	1502	99.0765	1.95778	42.0	1.0	216932	Bacteria	Bacillati	Mycoplasmatota	Mollicutes	Entomoplasmatales	Spiroplasmataceae	Spiroplasma	Spiroplasma chinense	1.95778364116095	0.24270104012448845	0.12396724286682091	0.0
NR_025699.1	1	1515	5	1509	99.604	4.6099	37.2	0.8	216933	Bacteria	Bacillati	Mycoplasmatota	Mollicutes	Entomoplasmatales	Spiroplasmataceae	Spiroplasma	Spiroplasma chrysopicola	4.6099009900990096	0.6886402564026404	0.14938287348940438	0.01
NR_025700.1	1	1516	2	1125	74.2084	1.39974	36.3	1.0	216934	Bacteria	Bacillati	Mycoplasmatota	Mollicutes	Entomoplasmatales	Spiroplasmataceae	Spiroplasma	Spiroplasma corruscae	1.3997361477572559	0.8693551026468384	0.6210849837948195	0.0
NR_025701.1	1	1515	2	1424	93.9934	1.3637	33.3	1.0	216935	Bacteria	Bacillati	Mycoplasmatota	Mollicutes	Entomoplasmatales	Spiroplasmataceae	Spiroplasma	Spiroplasma culicicola	1.3636963696369637	0.5929193314028319	0.4347883770935578	0.0
NR_025702.1	1	1516	29	1474	97.2296	23.4967	41.5	0.931	216936	Bacteria	Bacillati	Mycoplasmatota	Mollicutes	Entomoplasmatales	Spiroplasmataceae	Spiroplasma	Spiroplasma diminutum	23.4967018469657	10.362588214571295	0.44102309686112356	0.03
NR_025704.1	1	1505	1	1015	67.4419	0.674419	31.4	1.0	216938	Bacteria	Bacillati	Mycoplasmatota	Mollicutes	Entomoplasmatales	Spiroplasmataceae	Spiroplasma	Spiroplasma helicoides	0.6744186046511628	0.468591666967671	0.6948083337796501	0.0
NR_025705.1	1	1515	3	1507	99.4719	2.61122	40.1	1.0	216939	Bacteria	Bacillati	Mycoplasmatota	Mollicutes	Entomoplasmatales	Spiroplasmataceae	Spiroplasma	Spiroplasma insolitum	2.611221122112211	0.6738928046515226	0.25807573282281515	0.0
NR_025706.1	1	1515	9	1511	99.736	7.53069	35.2	3.33	216940	Bacteria	Bacillati	Mycoplasmatota	Mollicutes	Entomoplasmatales	Spiroplasmataceae	Spiroplasma	Spiroplasma lampyridicola	7.53069306930693	1.6869373448541403	0.22400824589832788	0.01
NR_025707.1	1	1517	1	1480	97.561	0.97561	41.7	13.0	216941	Bacteria	Bacillati	Mycoplasmatota	Mollicutes	Entomoplasmatales	Spiroplasmataceae	Spiroplasma	Spiroplasma leptinotarsae	0.975609756097561	0.15425744683748424	0.15811388300842136	0.0
NR_025710.1	1	1516	3	1470	96.9657	2.61016	36.7	1.0	216944	Bacteria	Bacillati	Mycoplasmatota	Mollicutes	Entomoplasmatales	Spiroplasmataceae	Spiroplasma	Spiroplasma sabaudiense	2.6101583113456464	0.7073882441572081	0.27101354009156625	0.0
NR_025712.1	1	1516	1	1407	92.81	0.9281	38.0	1.0	216946	Bacteria	Bacillati	Mycoplasmatota	Mollicutes	Entomoplasmatales	Spiroplasmataceae	Spiroplasma	Spiroplasma turonicum	0.9281002638522428	0.2583218227127577	0.2783339610750112	0.0
NR_025713.1	1	1515	2	1505	99.3399	1.89835	37.4	1.0	216947	Bacteria	Bacillati	Mycoplasmatota	Mollicutes	Entomoplasmatales	Spiroplasmataceae	Spiroplasma	Spiroplasma velocicrescens	1.8983498349834984	0.32329356489209027	0.1703024168329335	0.0
NR_025729.1	1	1497	1	1229	82.0975	0.820975	43.9	17.0	229549	Bacteria	Bacillati	Bacillota	Bacilli	Lactobacillales	Streptococcaceae	Streptococcus	Streptococcus minor	0.8209752839011356	0.38337301303637283	0.466972661119162	0.0
NR_025739.1	1	1508	4	1507	99.9337	3.66048	37.0	40.8	228574	Bacteria	Bacillati	Bacillota	Bacilli	Bacillales	Paenibacillaceae	Paenibacillus	Paenibacillus lactis	3.660477453580902	0.6967927930463105	0.1903557123032312	0.0
NR_025752.1	1	1559	72	1559	100.0	65.6369	37.9	9.32	231025	Bacteria	Bacillati	Bacillota	Clostridia	Eubacteriales	Syntrophomonadaceae	Syntrophomonas	Syntrophomonas curvata	65.63694676074407	10.861496448927564	0.16547839265770925	0.08
NR_025756.1	1	1515	3	1503	99.2079	2.67261	39.9	6.0	2134	Bacteria	Bacillati	Mycoplasmatota	Mollicutes	Entomoplasmatales	Spiroplasmataceae	Spiroplasma	Spiroplasma melliferum	2.6726072607260725	0.6538099568049148	0.24463375760914943	0.0
NR_025757.1	1	1529	157	1529	100.0	150.012	39.0	32.2	238083	Bacteria	Bacillati	Bacillota	Clostridia	Eubacteriales	Desulfotomaculaceae	Cryptanaerobacter	Cryptanaerobacter phenolicus	150.0117724002616	11.181591316389905	0.074538092160895	0.17
NR_025758.1	1	1531	2	1508	98.4977	1.93142	37.4	1.0	697281	Bacteria	Bacillati	Bacillota	Clostridia	Thermoanaerobacterales	Thermoanaerobacterales Family IV. Incertae Sedis	Mahella	Mahella australiensis	1.9314173742651861	0.30647148469738894	0.15867698446794132	0.0
NR_025761.1	1	1494	4	1491	99.7992	3.68876	40.3	1.0	253256	Bacteria	Bacillati	Bacillota	Tissierellia	Tissierellales	Tissierellaceae	Soehngenia	Soehngenia saccharolytica	3.6887550200803214	0.7180364626337641	0.19465550266282772	0.0
NR_025788.1	1	1390	1	1345	96.7626	0.967626	40.9	1.0	926	Bacteria	Pseudomonadati	Pseudomonadota	Betaproteobacteria	Burkholderiales	unclassified Burkholderiales family	Thiomonas	Thiomonas intermedia	0.9676258992805755	0.17699157698046755	0.182913228254907	0.0
NR_025796.1	1	1435	3	1403	97.77	2.7338	32.4	1.0	259063	Bacteria	Bacillati	Bacillota	Clostridia	Lachnospirales	Lachnospiraceae	Anaerocolumna	Anaerocolumna jejuensis	2.7337979094076656	0.6955862848826805	0.25443954086327975	0.0
NR_025816.1	1	1440	1	1294	89.8611	0.898611	37.3	6.0	267135	Bacteria	Pseudomonadati	Pseudomonadota	Alphaproteobacteria	Sphingomonadales	Erythrobacteraceae	Erythrobacter	Erythrobacter donghaensis	0.8986111111111111	0.30184297589767584	0.33589944767592983	0.0
NR_025834.1	1	1452	4	1451	99.9311	3.78306	32.6	46.8	28220	Bacteria	Pseudomonadati	Pseudomonadota	Betaproteobacteria	Burkholderiales	Comamonadaceae	Brachymonas	Brachymonas denitrificans	3.7830578512396693	0.4365082013849994	0.1153850188259638	0.0
NR_025844.1	1	1436	1	669	46.5877	0.465877	37.9	1.0	34092	Bacteria	Pseudomonadati	Aquificota	Aquificia	Aquificales	Aquificaceae	Hydrogenobaculum	Hydrogenobaculum acidophilum	0.4658774373259053	0.49883429184104033	1.0707414694824124	0.0
NR_025895.1	1	1546	1	1449	93.7257	0.937257	35.7	1.0	28232	Bacteria	Pseudomonadati	Thermodesulfobacteriota	Desulfuromonadia	Geobacterales	Geobacteraceae	Geobacter	Geobacter metallireducens	0.9372574385510997	0.242499345219183	0.258732910772158	0.0
NR_025899.1	1	1519	5	1519	100.0	4.72811	38.6	2.4	29344	Bacteria	Bacillati	Bacillota	Clostridia	Eubacteriales	Clostridiaceae	Caloramator	Caloramator fervidus	4.728110599078341	0.6257107492163441	0.13233843331378817	0.01
NR_025905.1	1	1462	43	1458	99.7264	36.091	37.8	18.3	28198	Bacteria	Pseudomonadati	Campylobacterota	Epsilonproteobacteria	Campylobacterales	Arcobacteraceae	Aliarcobacter	Aliarcobacter cryaerophilus	36.09097127222982	10.686392027697014	0.29609599439956474	0.05
NR_025910.1	1	1472	1	1371	93.1386	0.931386	42.6	1.0	28139	Bacteria	Pseudomonadati	Bacteroidota	Bacteroidia	Bacteroidales	Rikenellaceae	Rikenella	Rikenella microfusus	0.9313858695652174	0.25279681868936055	0.27142007083204867	0.0
NR_025917.1	1	1464	659	1464	100.0	643.417	38.7	37.3	35830	Bacteria	Bacillati	Bacillota	Clostridia	Eubacteriales	Oscillospiraceae	Acetivibrio	Acetivibrio cellulolyticus	643.4166666666666	22.887403074398666	0.035571666480091184	0.73
NR_025918.1	1	1464	87	1461	99.7951	84.1592	38.4	46.2	398512	Bacteria	Bacillati	Bacillota	Clostridia	Eubacteriales	Oscillospiraceae	Pseudobacteroides	Pseudobacteroides cellulosolvens	84.15915300546447	5.779055677920184	0.06866817775061196	0.1
NR_025929.1	1	1407	3	1406	99.9289	2.79815	36.3	13.3	697329	Bacteria	Bacillati	Bacillota	Clostridia	Eubacteriales	Oscillospiraceae	Ruminococcus	Ruminococcus albus	2.7981520966595594	0.43372012324780695	0.15500234021073517	0.0
NR_025930.1	1	1380	37	1378	99.8551	34.6754	39.1	5.16	40518	Bacteria	Bacillati	Bacillota	Clostridia	Eubacteriales	Oscillospiraceae	Ruminococcus	Ruminococcus bromii	34.67536231884058	7.087167537832459	0.20438625767384422	0.04
NR_025931.1	1	1388	19	1388	100.0	18.3501	38.1	38.9	1265	Bacteria	Bacillati	Bacillota	Clostridia	Eubacteriales	Oscillospiraceae	Ruminococcus	Ruminococcus flavefaciens	18.35014409221902	1.2375693067605222	0.06744193944969003	0.02
NR_025967.1	1	1491	3	1445	96.9148	2.69551	39.1	0.667	37816	Bacteria	Pseudomonadati	Pseudomonadota	Alphaproteobacteria	Rickettsiales	Rickettsiaceae	Rickettsia	Rickettsia honei	2.6955063715627094	0.6611575994832501	0.24528140851692612	0.0
NR_025981.1	1	1477	1	1224	82.8707	0.828707	38.4	1.0	831	Bacteria	Bacillati	Bacillota	Clostridia	Lachnospirales	Lachnospiraceae	Butyrivibrio	Butyrivibrio fibrisolvens	0.8287068381855112	0.3767649327234226	0.45464199806576405	0.0
NR_025982.1	1	1472	1	1392	94.5652	0.945652	40.4	1.0	44671	Bacteria	Pseudomonadati	Thermodesulfobacteriota	Desulfuromonadia	Geobacterales	Geobacteraceae	Pelotalea	Pelotalea chapellei	0.9456521739130435	0.2267027566805892	0.23973165074269204	0.0
NR_025985.1	1	1458	106	1167	80.0412	77.2929	39.4	8.24	78580	Bacteria	Bacillati	Mycoplasmatota	unclassified Mycoplasmatota class	Mycoplasmoidales	Mycoplasmoidaceae	Mycoplasmoides	Mycoplasmoides alvi	77.29286694101509	44.709671161250846	0.578444983744365	0.12
NR_026013.1	1	1507	49	1507	100.0	46.3072	37.0	3.08	46867	Bacteria	Bacillati	Bacillota	Clostridia	Eubacteriales	Clostridiaceae	Clostridium	Clostridium chauvoei	46.307232913072326	3.44188178276569	0.07432708815114845	0.05
NR_026020.1	1	1507	37	1507	100.0	34.6437	38.7	1.54	1504	Bacteria	Bacillati	Bacillota	Clostridia	Eubacteriales	Clostridiaceae	Clostridium	Clostridium septicum	34.64366290643663	2.9236748404190895	0.08439277475696383	0.04
NR_026021.1	1	1468	1	1216	82.8338	0.828338	26.8	13.0	48465	Bacteria	Pseudomonadati	Verrucomicrobiota	Verrucomicrobiia	Verrucomicrobiales	Verrucomicrobiaceae	Prosthecobacter	Prosthecobacter dejongeii	0.8283378746594006	0.3770865153570842	0.4552327340001642	0.0
NR_026029.1	1	1422	1	1038	72.9958	0.729958	17.5	1.0	50960	Bacteria	Pseudomonadati	Campylobacterota	Epsilonproteobacteria	Campylobacterales	Helicobacteraceae	Helicobacter	Helicobacter trogontum	0.729957805907173	0.44398131436171817	0.6082287370157642	0.0
NR_026051.1	1	1539	1	1193	77.5179	0.775179	22.9	1.0	632518	Bacteria	Bacillati	Bacillota	unclassified Bacillota class	Caldicellulosiruptorales	Caldicellulosiruptoraceae	Caldicellulosiruptor	Caldicellulosiruptor owensensis	0.7751786874593892	0.41746459726320395	0.538539828321937	0.0
NR_026053.1	1	1486	4	1485	99.9327	3.30485	33.4	1.0	871738	Bacteria	Bacillati	Bacillota	Clostridia	Eubacteriales	Desulfitobacteriaceae	Dehalobacter	Dehalobacter restrictus	3.3048452220726783	1.1644420895056702	0.35234391060994213	0.0
NR_026059.1	1	1477	1	1455	98.5105	0.985105	41.1	1.0	56731	Bacteria	Pseudomonadati	Pseudomonadota	Alphaproteobacteria	Hyphomicrobiales	Rhizobiaceae	Rhizobium	Rhizobium giardinii	0.9851049424509141	0.12113296334893993	0.1229645270559342	0.0
NR_026061.1	1	1526	3	1515	99.2792	2.71494	32.2	0.667	57172	Bacteria	Bacillati	Bacillota	Clostridia	Eubacteriales	Peptococcaceae	Desulfohalotomaculum	Desulfohalotomaculum halophilum	2.7149410222804717	0.5460446027442328	0.20112576968083498	0.0
NR_026064.1	1	1491	1	1305	87.5252	0.875252	36.3	1.0	73780	Bacteria	Pseudomonadati	Pseudomonadota	Gammaproteobacteria	Methylococcales	Methylococcaceae	Methylocaldum	Methylocaldum szegediense	0.8752515090543259	0.3304335106378453	0.3775297811195612	0.0
NR_026076.1	1	1475	1	1288	87.322	0.87322	42.4	1.0	60035	Bacteria	Pseudomonadati	Thermodesulfobacteriota	Desulfuromonadia	Geobacterales	Geobacteraceae	Citrifermentans	Citrifermentans bremense	0.8732203389830508	0.3327259812058201	0.38103324711070236	0.0
NR_026077.1	1	1475	3	1218	82.5763	2.27661	33.1	1.0	60036	Bacteria	Pseudomonadati	Thermodesulfobacteriota	Desulfuromonadia	Geobacterales	Geobacteraceae	Geoanaerobacter	Geoanaerobacter pelophilus	2.2766101694915255	1.176937436479998	0.5169692432424053	0.0
NR_026099.2	1	1482	361	1482	100.0	324.951	37.5	7.77	29353	Bacteria	Bacillati	Bacillota	Clostridia	Eubacteriales	Oscillospiraceae	Acetivibrio	Acetivibrio aldrichii	324.9507422402159	72.93826260112716	0.2244594429860032	0.4
NR_026100.1	1	1499	13	1499	100.0	11.5277	38.2	1.54	1286362	Bacteria	Bacillati	Bacillota	Clostridia	Lachnospirales	Lachnospiraceae	Lacrimispora	Lacrimispora celerecrescens	11.52768512341561	2.880265844062633	0.249856394690387	0.01
NR_026102.1	1	1491	13	1424	95.5064	11.3709	34.5	1.38	588581	Bacteria	Bacillati	Bacillota	Clostridia	Eubacteriales	Oscillospiraceae	Ruminiclostridium	Ruminiclostridium papyrosolvens	11.370892018779342	2.841426880290876	0.24988601383235204	0.01
NR_026103.1	1	1489	5	1480	99.3956	4.55406	35.5	11.4	37658	Bacteria	Bacillati	Bacillota	Clostridia	Lachnospirales	Lachnospiraceae	Anaeromicropila	Anaeromicropila populeti	4.554063129617193	0.9716940536121722	0.2133685954621036	0.01
NR_026104.1	1	1487	7	1483	99.731	6.39139	36.1	1.0	1121303	Bacteria	Bacillati	Bacillota	Clostridia	Eubacteriales	Oscillospiraceae	Ruminiclostridium	Ruminiclostridium cellobioparum	6.391392064559516	1.305466706226872	0.2042538922726598	0.01
NR_026106.1	1	1489	2	1468	98.5897	1.91471	39.4	23.0	29322	Bacteria	Bacillati	Bacillota	Clostridia	Eubacteriales	Eubacteriaceae	Eubacterium	[Eubacterium] cellulosolvens	1.9147078576225656	0.3259206085247684	0.17021949705134343	0.0
NR_026108.1	1	1500	3	1440	96.0	2.60533	35.4	1.0	36863	Bacteria	Pseudomonadati	Pseudomonadota	Betaproteobacteria	Burkholderiales	Sphaerotilaceae	Ideonella	Ideonella dechloratans	2.6053333333333333	0.8279924852047704	0.31780673690050043	0.0
NR_026111.1	1	1511	147	1511	100.0	132.582	35.8	6.45	33025	Bacteria	Bacillati	Bacillota	Negativicutes	Acidaminococcales	Acidaminococcaceae	Phascolarctobacterium	Phascolarctobacterium faecium	132.58239576439445	22.586131805132556	0.17035543576440754	0.16
NR_026112.1	1	1503	4	1496	99.5343	3.80506	34.9	2.5	29373	Bacteria	Bacillati	Bacillota	Clostridia	Eubacteriales	Clostridiaceae	Clostridium	Clostridium thermopalmarium	3.8050565535595475	0.5626909790043927	0.14787979392264422	0.0
NR_026113.1	1	1517	2	1513	99.7363	1.98286	39.0	7.0	29351	Bacteria	Bacillati	Bacillota	Clostridia	Eubacteriales	Oscillospiraceae	Thermoclostridium	Thermoclostridium stercorarium	1.982860909690178	0.14872426884120035	0.07500489223141654	0.0
NR_026130.1	1	1530	4	1296	84.7059	2.94379	32.8	2.75	350	Bacteria	Pseudomonadati	Pseudomonadota	Betaproteobacteria	Rhodocyclales	Zoogloeaceae	Zoogloea	Zoogloea ramigera	2.943790849673203	1.3869527450639596	0.4711451376438406	0.0
NR_026131.1	1	1494	3	1285	86.0107	2.46185	22.0	1.0	40575	Bacteria	Bacillati	Bacillota	Clostridia	Eubacteriales	Clostridiaceae	Clostridium	Clostridium grantii	2.461847389558233	1.0595790193576515	0.4303999605547394	0.0
NR_026132.1	1	1483	2	1236	83.3446	1.65206	38.7	1.0	89584	Bacteria	Pseudomonadati	Pseudomonadota	Alphaproteobacteria	Acetobacterales	Acetobacteraceae	Gluconacetobacter	Gluconacetobacter liquefaciens	1.6520566419420095	0.7483230193997107	0.45296450521215137	0.0
NR_026134.1	1	1515	2	1498	98.8779	1.92013	44.4	3.5	33957	Bacteria	Bacillati	Bacillota	Clostridia	Eubacteriales	Clostridiaceae	Caloramator	Caloramator indicus	1.9201320132013202	0.3097278413508023	0.1613054931751342	0.0
NR_026135.1	1	1467	4	1467	100.0	3.89434	36.7	4.0	29363	Bacteria	Bacillati	Bacillota	Clostridia	Eubacteriales	Clostridiaceae	Clostridium	Clostridium paraputrificum	3.894342194955692	0.3661020380465714	0.09400869767448279	0.0
NR_026140.1	1	1505	2	1504	99.9336	1.95947	35.1	46.5	79880	Bacteria	Bacillati	Bacillota	Bacilli	Bacillales	Bacillaceae	Shouchella	Shouchella clausii	1.959468438538206	0.2005434058794971	0.10234582090493155	0.0
NR_026143.1	1	1506	13	1506	100.0	12.2749	40.0	37.5	79881	Bacteria	Bacillati	Bacillota	Bacilli	Bacillales	Bacillaceae	Alkalicoccobacillus	Alkalicoccobacillus gibsonii	12.274900398406375	1.532340872383335	0.12483529989231322	0.01
NR_026146.1	1	1461	8	1461	100.0	7.23135	42.3	1.0	1267	Bacteria	Bacillati	Bacillota	Clostridia	Eubacteriales	Clostridiaceae	Sarcina	Sarcina ventriculi	7.231348391512663	1.5525925512392276	0.21470304944254723	0.01
NR_026147.1	1	1399	17	1399	100.0	16.2009	38.9	4.65	35785	Bacteria	Bacillati	Bacillota	Clostridia	Eubacteriales	Clostridiaceae	Sarcina	Sarcina maxima	16.200857755539673	1.8485469383268598	0.11410179425189837	0.02
NR_026148.1	1	1461	1	1248	85.4209	0.854209	38.9	1.0	36844	Bacteria	Bacillati	Bacillota	Clostridia	Eubacteriales	Clostridiaceae	Clostridium	Clostridium homopropionicum	0.8542094455852156	0.3528961159579599	0.41312598190270783	0.0
NR_026149.1	1	1477	27	1458	98.7136	22.8362	39.0	5.52	36850	Bacteria	Bacillati	Bacillota	Clostridia	Eubacteriales	Clostridiaceae	Clostridium	Clostridium quinii	22.836154366960056	8.993729454658311	0.39383730334520217	0.03
NR_026167.1	1	1326	93	1326	100.0	85.5264	38.7	2.33	36834	Bacteria	Bacillati	Bacillota	Clostridia	Eubacteriales	Clostridiaceae	Clostridium	Clostridium celatum	85.52639517345399	16.541063126600182	0.19340302012090718	0.1
NR_026168.1	1	1503	1	804	53.493	0.53493	16.5	1.0	180163	Bacteria	Fusobacteriati	Fusobacteriota	Fusobacteriia	Fusobacteriales	Fusobacteriaceae	Cetobacterium	Cetobacterium ceti	0.5349301397205589	0.49877839301547705	0.9324178167938582	0.0
NR_026176.1	1	1486	1	1289	86.7429	0.867429	44.1	1.0	862422	Bacteria	Bacillati	Actinomycetota	Actinomycetes	Micrococcales	Cellulomonadaceae	Actinotalea	Actinotalea fermentans	0.8674293405114402	0.339110129207796	0.3909368906150386	0.0
NR_026196.1	1	1472	1	1177	79.9592	0.799592	41.8	1.0	37927	Bacteria	Bacillati	Actinomycetota	Actinomycetes	Micrococcales	Micrococcaceae	Sinomonas	Sinomonas atrocyanea	0.7995923913043478	0.4003053822677664	0.5006368077299509	0.0
NR_026199.1	1	1475	7	1475	100.0	6.82102	40.6	55.7	37923	Bacteria	Bacillati	Actinomycetota	Actinomycetes	Micrococcales	Micrococcaceae	Rothia	Rothia kristinae	6.8210169491525425	0.5315461773879809	0.07792770218142052	0.01
NR_026203.1	1	1516	1	1445	95.3166	0.953166	36.4	1.0	36818	Bacteria	Bacillati	Actinomycetota	Actinomycetes	Kitasatosporales	Streptomycetaceae	Streptomyces	Streptomyces subrutilus	0.9531662269129287	0.21128267980480622	0.22166404331078632	0.0
NR_026204.1	1	1482	32	1482	100.0	29.3151	36.8	3.03	47246	Bacteria	Bacillati	Bacillota	Clostridia	Eubacteriales	Oscillospiraceae	unclassified Oscillospiraceae genus	[Clostridium] viride	29.315114709851553	5.1548125798257045	0.17584146031307846	0.04
NR_026205.1	1	1505	9	1505	100.0	8.77143	39.4	42.7	40841	Bacteria	Bacillati	Bacillota	Negativicutes	Acidaminococcales	Acidaminococcaceae	Succiniclasticum	Succiniclasticum ruminis	8.771428571428572	0.7168459101169933	0.08172510375926632	0.01
NR_026207.1	1	1460	3	1454	99.589	2.77534	34.4	1.0	29430	Bacteria	Pseudomonadati	Pseudomonadota	Gammaproteobacteria	Moraxellales	Moraxellaceae	Acinetobacter	Acinetobacter haemolyticus	2.7753424657534245	0.5747616115525312	0.2070957435505172	0.0
NR_026208.1	1	1459	1	1383	94.791	0.94791	24.5	1.0	40215	Bacteria	Pseudomonadati	Pseudomonadota	Gammaproteobacteria	Moraxellales	Moraxellaceae	Acinetobacter	Acinetobacter junii	0.9479095270733379	0.22220948574923408	0.23442056378028384	0.0
NR_026209.1	1	1460	1	1373	94.0411	0.940411	42.9	7.0	28090	Bacteria	Pseudomonadati	Pseudomonadota	Gammaproteobacteria	Moraxellales	Moraxellaceae	Acinetobacter	Acinetobacter lwoffii	0.9404109589041096	0.23672386292294817	0.2517238454970898	0.0
NR_026210.1	1	1459	1	1264	86.6347	0.866347	41.8	1.0	40216	Bacteria	Pseudomonadati	Pseudomonadota	Gammaproteobacteria	Moraxellales	Moraxellaceae	Acinetobacter	Acinetobacter radioresistens	0.866346812885538	0.34027931569316394	0.39277493797177704	0.0
NR_026213.1	1	1317	34	1317	100.0	33.5619	38.6	14.0	1725	Bacteria	Bacillati	Actinomycetota	Actinomycetes	Mycobacteriales	Corynebacteriaceae	Corynebacterium	Corynebacterium xerosis	33.56188306757783	1.3975264323351704	0.041640286676442144	0.04
NR_026225.1	1	1426	1	1338	93.8289	0.938289	39.4	1.0	52770	Bacteria	Bacillati	Actinomycetota	Actinomycetes	Actinomycetales	Actinomycetaceae	Buchananella	Buchananella hordeovulneris	0.938288920056101	0.24063005331017337	0.2564562451571803	0.0
NR_026235.1	1	1486	1	998	67.1602	0.671602	44.0	1.0	43665	Bacteria	Bacillati	Actinomycetota	Actinomycetes	Micrococcales	Micrococcaceae	Paenarthrobacter	Paenarthrobacter ilicis	0.6716016150740243	0.46963058429364235	0.6992695874352229	0.0
NR_026249.1	1	1442	1	854	59.2233	0.592233	41.3	1.0	46429	Bacteria	Pseudomonadati	Pseudomonadota	Alphaproteobacteria	Sphingomonadales	Sphingomonadaceae	Sphingobium	Sphingobium chlorophenolicum	0.5922330097087378	0.4914194460133485	0.829773818678277	0.0
NR_026270.1	1	1514	1	1498	98.9432	0.989432	43.6	60.0	47847	Bacteria	Bacillati	Actinomycetota	Actinomycetes	Micrococcales	Dermabacteraceae	Brachybacterium	Brachybacterium nesterenkovii	0.9894319682959049	0.10225628787510557	0.10334847786576092	0.0
NR_026285.1	1	1460	1	1277	87.4658	0.874658	36.4	60.0	39692	Bacteria	Bacillati	Actinomycetota	Actinomycetes	Mycobacteriales	Mycobacteriaceae	Mycolicibacterium	Mycolicibacterium parafortuitum	0.8746575342465753	0.3311068287309648	0.3785559670690749	0.0
NR_026296.1	1	1478	1	1389	93.9783	0.939783	41.2	1.0	47490	Bacteria	Bacillati	Bacillota	Clostridia	Thermoanaerobacterales	Thermoanaerobacteraceae	Thermoanaerobacterium	Thermoanaerobacterium aotearoense	0.9397834912043301	0.23788753826993664	0.2531301523131507	0.0
NR_026297.1	1	1461	1	1456	99.6578	0.996578	43.1	60.0	1121927	Bacteria	Bacillati	Actinomycetota	Actinomycetes	Mycobacteriales	Gordoniaceae	Gordonia	Gordonia hirsuta	0.9965776865160849	0.0584003532038374	0.058600903867312114	0.0
NR_026315.1	1	1462	1	1223	83.6525	0.836525	32.3	1.0	46206	Bacteria	Bacillati	Bacillota	Clostridia	Lachnospirales	Lachnospiraceae	Pseudobutyrivibrio	Pseudobutyrivibrio ruminis	0.8365253077975376	0.3697982114772492	0.4420645831396061	0.0
NR_026322.1	1	1471	10	1471	100.0	9.39633	36.5	1.0	46609	Bacteria	Bacillati	Bacillota	Clostridia	Eubacteriales	Clostridiaceae	Clostridium	Clostridium pascui	9.396329027872195	1.122642609555809	0.11947672396589461	0.01
NR_026326.1	1	1469	1	1150	78.2845	0.782845	30.7	1.0	52692	Bacteria	Bacillati	Bacillota	Clostridia	Eubacteriales	Eubacteriaceae	Acetobacterium	Acetobacterium malicum	0.7828454731109599	0.4123086687672701	0.526679508190539	0.0
NR_026330.1	1	1474	1	1240	84.1248	0.841248	45.3	1.0	53442	Bacteria	Bacillati	Bacillota	Clostridia	Eubacteriales	Eubacteriaceae	Eubacterium	Eubacterium callanderi	0.841248303934871	0.3654443802572066	0.43440727137026014	0.0
NR_026333.1	1	1521	5	1291	84.8784	4.11374	39.4	11.8	47994	Bacteria	Pseudomonadati	Pseudomonadota	Betaproteobacteria	Burkholderiales	Sphaerotilaceae	Sphaerotilus	Sphaerotilus mobilis	4.113740959894806	1.814059130392114	0.44097553737037004	0.01
NR_026336.1	1	1464	61	1464	100.0	59.8941	38.0	17.0	52704	Bacteria	Bacillati	Bacillota	Clostridia	Eubacteriales	Clostridiaceae	Clostridium	Clostridium vincentii	59.89412568306011	2.25410819256011	0.037634879328368606	0.07
NR_026347.1	1	1332	1	1327	99.6246	0.996246	37.2	45.0	182773	Bacteria	Bacillati	Bacillota	Clostridia	Eubacteriales	Clostridiaceae	Clostridium	Clostridium isatidis	0.9962462462462462	0.061152784781315715	0.061383202207017734	0.0
NR_026350.1	1	1503	3	1009	67.1324	1.75649	33.0	1.0	53245	Bacteria	Pseudomonadati	Thermodesulfobacteriota	Desulfovibrionia	Desulfovibrionales	Desulfonatronovibrionaceae	Desulfonatronovibrio	Desulfonatronovibrio hydrogenovorans	1.7564870259481038	1.3119224646391623	0.7469013122547958	0.0
NR_026351.1	1	1510	2	1247	82.5828	1.63642	40.4	1.0	1121435	Bacteria	Pseudomonadati	Thermodesulfobacteriota	Desulfovibrionia	Desulfovibrionales	Desulfovibrionaceae	Desulfocurvibacter	Desulfocurvibacter africanus	1.6364238410596026	0.761401934888189	0.4652840638126934	0.0
NR_026354.1	1	1547	1	734	47.4467	0.474467	41.6	1.0	51195	Bacteria	Pseudomonadati	Thermodesulfobacteriota	Desulfobulbia	Desulfobulbales	Desulfocapsaceae	Desulfofustis	Desulfofustis glycolicus	0.4744667097608274	0.4993476254970708	1.0524397501961424	0.0
NR_026359.1	1	1480	1	1471	99.3919	0.993919	42.9	1.0	54006	Bacteria	Bacillati	Bacillota	Tissierellia	Tissierellales	Peptoniphilaceae	Aedoeadaptatus	Aedoeadaptatus ivorii	0.9939189189189189	0.07774381990850816	0.0782194789018301	0.0
NR_026370.1	1	1474	14	1474	100.0	13.483	38.6	19.0	161889	Bacteria	Bacillati	Actinomycetota	Actinomycetes	Mycobacteriales	Corynebacteriaceae	Corynebacterium	Corynebacterium lipophiloflavum	13.48303934871099	0.8520372201396268	0.06319326066648938	0.02
NR_026378.1	1	1481	1	1472	99.3923	0.993923	41.7	51.0	55504	Bacteria	Bacillati	Bacillota	Negativicutes	Selenomonadales	Sporomusaceae	Sporomusa	Sporomusa silvacetica	0.9939230249831195	0.07771772893957242	0.07819290527140405	0.0
NR_026393.1	1	1505	3	1498	99.5349	2.61993	36.8	10.7	178214	Bacteria	Bacillati	Bacillota	Bacilli	Lactobacillales	Aerococcaceae	Facklamia	Facklamia hominis	2.6199335548172757	0.5790368870074463	0.22101205045554315	0.0
NR_026409.1	1	1495	3	1487	99.4649	2.89498	40.9	3.33	29370	Bacteria	Bacillati	Bacillota	Clostridia	Lachnospirales	Lachnospiraceae	Lacrimispora	Lacrimispora sphenoides	2.8949832775919733	0.4142223843140962	0.14308282452624163	0.0
NR_026413.1	1	1509	5	1509	100.0	4.83632	40.4	23.4	58621	Bacteria	Pseudomonadati	Thermodesulfobacteriota	Desulfovibrionia	Desulfovibrionales	Desulfovibrionaceae	Desulfovibrio	Desulfovibrio intestinalis	4.836315440689198	0.4373014375498043	0.09042037123357834	0.01
NR_026422.1	1	1431	8	1431	100.0	7.56254	37.6	15.2	65553	Bacteria	Pseudomonadati	Campylobacterota	Epsilonproteobacteria	Campylobacterales	Sulfurospirillaceae	Sulfurospirillum	Sulfurospirillum deleyianum	7.562543675751223	1.2600822854844287	0.16662148868307314	0.01
NR_026429.1	1	1438	1	1273	88.5257	0.885257	40.5	34.0	48292	Bacteria	Pseudomonadati	Pseudomonadota	Alphaproteobacteria	Hyphomicrobiales	Hyphomicrobiaceae	Hyphomicrobium	Hyphomicrobium zavarzinii	0.8852573018080667	0.31871117238585733	0.3600209472826888	0.0
NR_026432.1	1	1497	1	1231	82.2311	0.822311	35.3	1.0	66863	Bacteria	Bacillati	Bacillota	Bacilli	Bacillales	Paenibacillaceae	Ammoniphilus	Ammoniphilus oxalaticus	0.822311289245157	0.382250484401426	0.46484888314292017	0.0
NR_026433.1	1	1497	1	1095	73.1463	0.731463	22.2	1.0	66864	Bacteria	Bacillati	Bacillota	Bacilli	Bacillales	Paenibacillaceae	Ammoniphilus	Ammoniphilus oxalivorans	0.7314629258517034	0.4431985040094005	0.6059069958923037	0.0
NR_026435.1	1	1481	1	1257	84.8751	0.848751	42.7	1.0	66229	Bacteria	Pseudomonadati	Pseudomonadota	Alphaproteobacteria	Acetobacterales	Acetobacteraceae	Komagataeibacter	Komagataeibacter intermedius	0.8487508440243079	0.3582915695245045	0.4221398683100964	0.0
NR_026438.1	1	1531	2	1305	85.2384	1.67603	42.5	3.0	182180	Bacteria	Pseudomonadati	Pseudomonadota	Betaproteobacteria	Rhodocyclales	Rhodocyclaceae	Aromatoleum	Aromatoleum anaerobium	1.6760287393860223	0.7171093065230287	0.4278621778202482	0.0
NR_026440.1	1	1436	1	1293	90.0418	0.900418	18.0	16.0	68035	Bacteria	Bacillati	Bacillota	Clostridia	Eubacteriales	Desulfallaceae	Sporotomaculum	Sporotomaculum hydroxybenzoicum	0.9004178272980501	0.2994420871920116	0.3325590388304166	0.0
NR_026446.1	1	1482	1	1422	95.9514	0.959514	33.4	1.0	69895	Bacteria	Bacillati	Bacillota	Clostridia	Peptostreptococcales	Tindalliaceae	Tindallia	Tindallia magadiensis	0.9595141700404858	0.19709573189697338	0.20541200750444064	0.0
NR_026453.1	1	1417	1	1365	96.3303	0.963303	17.9	60.0	89093	Bacteria	Bacillati	Bacillota	Bacilli	Lactobacillales	Aerococcaceae	Ignavigranum	Ignavigranum ruoffiae	0.963302752293578	0.1880174452469647	0.1951800145897062	0.0
NR_026455.1	1	1484	1	1316	88.6792	0.886792	20.3	1.0	89959	Bacteria	Bacillati	Bacillota	Clostridia	Peptostreptococcales	Natronincolaceae	Natronincola	Natronincola histidinovorans	0.8867924528301887	0.31684633252352107	0.35729480050524715	0.0
NR_026464.1	1	1530	20	1530	100.0	18.783	37.9	23.2	76259	Bacteria	Pseudomonadati	Pseudomonadota	Betaproteobacteria	Rhodocyclales	Azonexaceae	Ferribacterium	Ferribacterium limneticum	18.783006535947713	2.060832716068285	0.10971793637638236	0.02
NR_026473.1	1	1491	4	1481	99.3293	3.49698	35.5	8.0	82788	Bacteria	Pseudomonadati	Pseudomonadota	Betaproteobacteria	Rhodocyclales	Zoogloeaceae	Thauera	Thauera mechernichensis	3.4969818913480886	1.0470924959995196	0.29942748591010426	0.0
NR_026474.1	1	1491	4	1491	100.0	3.77062	37.3	19.5	33058	Bacteria	Pseudomonadati	Pseudomonadota	Betaproteobacteria	Rhodocyclales	Zoogloeaceae	Thauera	Thauera selenatis	3.7706237424547284	0.4629486747640678	0.12277774352067326	0.0
NR_026477.1	1	1496	1	1459	97.5267	0.975267	38.8	20.0	83767	Bacteria	Pseudomonadati	Pseudomonadota	Betaproteobacteria	Rhodocyclales	Rhodocyclaceae	Propionivibrio	Propionivibrio dicarboxylicus	0.9752673796791443	0.1553091040889825	0.15924771742091695	0.0
NR_026481.1	1	1385	1	1359	98.1227	0.981227	40.0	1.0	88132	Bacteria	Bacillati	Bacillota	Bacilli	Lactobacillales	Aerococcaceae	Eremococcus	Eremococcus coleocola	0.9812274368231046	0.13572086813996118	0.13831744104035779	0.0
NR_026482.1	1	1502	10	1502	100.0	9.44407	38.6	29.9	87458	Bacteria	Bacillati	Bacillota	Bacilli	Lactobacillales	Aerococcaceae	Ruoffia	Ruoffia tabacinasalis	9.444074567243675	0.8545337160910552	0.09048358417827035	0.01
NR_026487.1	1	1473	6	1471	99.8642	5.42702	39.6	1.5	82347	Bacteria	Bacillati	Bacillota	Bacilli	Lactobacillales	Aerococcaceae	Facklamia	Facklamia languida	5.427019687712152	1.2653415952356215	0.23315588813886298	0.01
NR_026490.1	1	1470	1	1469	99.932	0.99932	42.2	60.0	84031	Bacteria	Bacillati	Bacillota	Clostridia	Eubacteriales	Clostridiaceae	Clostridium	Clostridium sartagoforme	0.9993197278911564	0.026073153601002912	0.026090902514277932	0.0
NR_026491.1	1	1472	1131	1472	100.0	1095.6	38.6	23.1	84024	Bacteria	Bacillati	Bacillota	Clostridia	Eubacteriales	Clostridiaceae	Clostridium	Clostridium disporicum	1095.6039402173913	50.5563349223322	0.04614471805596167	1.26
NR_026494.1	1	1499	7	1499	100.0	6.68646	34.2	0.857	84030	Bacteria	Bacillati	Bacillota	Clostridia	Lachnospirales	Lachnospiraceae	Lacrimispora	Lacrimispora saccharolytica	6.686457638425617	0.8339986586010605	0.1247295210259393	0.01
NR_026497.1	1	1507	8	1505	99.8673	7.29131	41.0	35.4	83661	Bacteria	Bacillati	Bacillota	Clostridia	Eubacteriales	Peptococcaceae	Desulfonispora	Desulfonispora thiosulfatigenes	7.291307232913073	1.0536743700040259	0.1445110370946548	0.01
NR_026506.1	1	1526	2	1520	99.6068	1.93971	40.4	4.5	86669	Bacteria	Pseudomonadati	Pseudomonadota	Betaproteobacteria	Burkholderiales	Comamonadaceae	Acidovorax	Acidovorax defluvii	1.9397116644823067	0.25400265363828795	0.13094866535541466	0.0
NR_026513.1	1	1482	1	1030	69.5007	0.695007	45.6	1.0	33995	Bacteria	Pseudomonadati	Pseudomonadota	Alphaproteobacteria	Acetobacterales	Acetobacteraceae	Komagataeibacter	Komagataeibacter europaeus	0.6950067476383266	0.46040457032432147	0.6624461875928587	0.0
NR_026514.1	1	1514	2	1230	81.2417	1.59115	39.8	1.0	33942	Bacteria	Bacillati	Bacillota	Bacilli	Bacillales	Paenibacillaceae	Brevibacillus	Brevibacillus thermoruber	1.5911492734478203	0.7854024035138361	0.49360699000412944	0.0
NR_026515.1	1	1516	1	1514	99.8681	0.998681	43.7	10.0	33936	Bacteria	Bacillati	Bacillota	Bacilli	Bacillales	Bacillaceae	Aeribacillus	Aeribacillus pallidus	0.9986807387862797	0.03629766884484844	0.03634561820924058	0.0
NR_026520.1	1	1473	1	1371	93.0754	0.930754	37.5	1.0	29422	Bacteria	Pseudomonadati	Pseudomonadota	Gammaproteobacteria	Legionellales	Legionellaceae	Legionella	Legionella brunensis	0.9307535641547862	0.25387273774067953	0.272760425012415	0.0
NR_026522.1	1	1452	1	1391	95.7989	0.957989	38.3	1.0	40335	Bacteria	Pseudomonadati	Pseudomonadota	Gammaproteobacteria	Legionellales	Legionellaceae	Legionella	Legionella tucsonensis	0.9579889807162535	0.20061429047425114	0.20941189774882288	0.0
NR_026524.1	1	1474	1	1407	95.4545	0.954545	24.6	1.0	44752	Bacteria	Bacillati	Actinomycetota	Actinomycetes	Mycobacteriales	Nocardiaceae	Rhodococcus	Rhodococcus wratislaviensis	0.9545454545454546	0.20829889522526113	0.21821789023598784	0.0
NR_027188.1	1	1473	1	1244	84.4535	0.844535	40.6	1.0	40561	Bacteria	Pseudomonadati	Pseudomonadota	Betaproteobacteria	Rhodocyclales	Zoogloeaceae	Zoogloea	Zoogloea resiniphila	0.8445349626612356	0.3623474292775119	0.42904964897570336	0.0
NR_027203.1	1	1478	2	1366	92.4222	1.64073	36.1	1.0	114528	Bacteria	Bacillati	Bacillota	Clostridia	Peptostreptococcales	Anaerovoracaceae	Mogibacterium	Mogibacterium neglectum	1.6407307171853855	0.6178600344814038	0.37657613647979993	0.0
NR_027211.1	1	1496	1	1474	98.5294	0.985294	38.0	4.0	164330	Bacteria	Pseudomonadati	Pseudomonadota	Betaproteobacteria	Rhodocyclales	Zoogloeaceae	Thauera	Thauera aminoaromatica	0.9852941176470589	0.12037283488047636	0.12216944435630435	0.0
NR_027224.1	1	1511	8	1511	100.0	7.7088	38.5	15.9	164400	Bacteria	Pseudomonadati	Pseudomonadota	Betaproteobacteria	Rhodocyclales	Zoogloeaceae	Thauera	Thauera phenylacetica	7.7088021178027795	0.5492747952380428	0.07125293746606136	0.01
NR_027228.1	1	1423	1	1038	72.9445	0.729445	13.8	1.0	72026	Bacteria	Bacillati	Bacillota	Tissierellia	Tissierellales	Peptoniphilaceae	Helcococcus	Helcococcus ovis	0.7294448348559381	0.4442466294277672	0.6090201865854651	0.0
NR_027547.1	1	1549	2	1291	83.3441	1.46352	35.3	1.0	161493	Bacteria	Pseudomonadati	Myxococcota	Myxococcia	Myxococcales	Anaeromyxobacteraceae	Anaeromyxobacter	Anaeromyxobacter dehalogenans	1.4635248547449968	0.7627500930937904	0.5211733101906842	0.0
NR_027552.1	1	1517	16	1516	99.9341	15.8939	40.8	4.69	1423	Bacteria	Bacillati	Bacillota	Bacilli	Bacillales	Bacillaceae	Bacillus	Bacillus subtilis	15.893869479235333	0.6107761070727347	0.0384284083791356	0.02
NR_027553.1	1	1294	1	1292	99.8454	0.998454	38.5	60.0	959	Bacteria	Pseudomonadati	Bdellovibrionota	Bdellovibrionia	Bdellovibrionales	Pseudobdellovibrionaceae	Bdellovibrio	Bdellovibrio bacteriovorus	0.9984544049459042	0.039283663144169305	0.03934447376823148	0.0
NR_027557.1	1	1482	1	1470	99.1903	0.991903	42.0	1.0	536231	Bacteria	Bacillati	Bacillota	Clostridia	Lachnospirales	Lachnospiraceae	Roseburia	Roseburia intestinalis	0.9919028340080972	0.08961920494404364	0.09035079029052563	0.0
NR_027558.1	1	1365	8	1327	97.2161	7.45934	35.5	1.38	169435	Bacteria	Bacillati	Bacillota	Clostridia	Eubacteriales	Oscillospiraceae	Anaerotruncus	Anaerotruncus colihominis	7.4593406593406595	1.6269239738082248	0.21810560049579913	0.01
NR_027562.1	1	1462	136	1462	100.0	128.004	37.6	46.0	214853	Bacteria	Bacillati	Bacillota	Clostridia	Eubacteriales	Eubacteriaceae	Anaerofustis	Anaerofustis stercorihominis	128.00410396716828	14.206845409226771	0.11098742125385823	0.15
NR_027565.1	1	1456	1	1231	84.5467	0.845467	42.6	13.0	172901	Bacteria	Pseudomonadati	Lentisphaerota	Lentisphaeria	Victivallales	Victivallaceae	Victivallis	Victivallis vadensis	0.845467032967033	0.3614588899625441	0.42752570575586046	0.0
NR_027573.1	1	1429	345	1429	100.0	314.157	38.8	10.3	261299	Bacteria	Bacillati	Bacillota	Clostridia	Peptostreptococcales	Peptostreptococcaceae	Intestinibacter	Intestinibacter bartlettii	314.1574527641707	57.57318385967313	0.18326219337820937	0.38
NR_027605.1	1	1443	2	1442	99.9307	1.84685	33.1	1.0	431944	Bacteria	Pseudomonadati	Pseudomonadota	Alphaproteobacteria	Rhodospirillales	Rhodospirillaceae	Magnetospirillum	Magnetospirillum gryphiswaldense	1.8468468468468469	0.36205423104611106	0.19603912022496744	0.0
NR_028019.1	1	1481	2	1312	88.5888	1.7684	40.9	1.0	95149	Bacteria	Pseudomonadati	Campylobacterota	Epsilonproteobacteria	Campylobacterales	Helicobacteraceae	Helicobacter	Helicobacter pametensis	1.7683997299122214	0.6373270415094783	0.3603976130108963	0.0
NR_028020.1	1	1391	1	1242	89.2883	0.892883	36.6	12.0	29527	Bacteria	Pseudomonadati	Thermodesulfobacteriota	Syntrophobacteria	Syntrophobacterales	Syntrophobacteraceae	Syntrophobacter	Syntrophobacter wolinii	0.892882818116463	0.3092621723212619	0.34636367286543907	0.0
NR_028622.1	1	1441	2	1432	99.3754	1.85357	36.0	1.5	135719	Bacteria	Pseudomonadati	Pseudomonadota	Alphaproteobacteria	Sphingomonadales	Sphingomonadaceae	Sphingobium	Sphingobium amiense	1.8535739070090216	0.3707786640986935	0.20003446460734456	0.0
NR_028624.1	1	1530	1	1208	78.9542	0.789542	20.1	1.0	137993	Bacteria	Bacillati	Bacillota	Bacilli	Bacillales	Bacillaceae	Ectobacillus	Ectobacillus funiculus	0.7895424836601307	0.40763359792333625	0.5162908980320401	0.0
NR_028630.1	1	1418	2	1415	99.7884	1.98237	42.8	1.0	169176	Bacteria	Pseudomonadati	Pseudomonadota	Alphaproteobacteria	Sphingomonadales	Erythrobacteraceae	Caenibius	Caenibius tardaugens	1.9823695345557122	0.14680239725268512	0.0740540018869824	0.0
NR_028639.1	1	1493	3	1351	90.4889	2.47421	37.0	1.0	186192	Bacteria	Thermotogati	Deinococcota	Deinococci	Thermales	Thermaceae	Marinithermus	Marinithermus hydrothermalis	2.474212993971869	0.9410832994314587	0.3803566231865641	0.0
NR_028655.1	1	1484	2	1391	93.7332	1.68329	39.3	1.0	230310	Bacteria	Pseudomonadati	Pseudomonadota	Betaproteobacteria	Burkholderiales	Comamonadaceae	Curvibacter	Curvibacter gracilis	1.6832884097035041	0.5845872784213496	0.34728883954254713	0.0
NR_028678.1	1	1468	15	1462	99.5913	13.6587	38.7	56.1	146938	Bacteria	Pseudomonadati	Pseudomonadota	Betaproteobacteria	Rhodocyclales	Rhodocyclaceae	Azovibrio	Azovibrio restrictus	13.658719346049047	1.720611226302454	0.12597163633793837	0.02
NR_028683.1	1	1468	6	1462	99.5913	5.21458	38.8	7.5	65403	Bacteria	Bacillati	Bacillota	Clostridia	Peptostreptococcales	Acidaminobacteraceae	Acidaminobacter	Acidaminobacter hydrogenoformans	5.21457765667575	1.373009591859163	0.2633021660155782	0.01
NR_028684.1	1	1521	1	1334	87.7055	0.877055	16.9	1.0	66199	Bacteria	Bacillati	Bacillota	Clostridia	Eubacteriales	Syntrophomonadaceae	Syntrophomonas	Syntrophomonas sapovorans	0.8770545693622617	0.32837456010330796	0.37440607639964874	0.0
NR_028689.1	1	1517	3	1510	99.5386	2.86157	39.5	7.67	69473	Bacteria	Bacillati	Mycoplasmatota	Mollicutes	Acholeplasmatales	Acholeplasmataceae	Paracholeplasma	Paracholeplasma vituli	2.8615688859591297	0.4468666758734769	0.15616142531676214	0.0
NR_028691.1	1	1522	7	1232	80.9461	5.48292	40.4	4.57	74700	Bacteria	Bacillati	Mycoplasmatota	Mollicutes	Entomoplasmatales	Entomoplasmataceae	Entomoplasma	Entomoplasma freundtii	5.482917214191853	2.7576266061705526	0.5029487950379365	0.01
NR_028698.1	1	1467	2	1092	74.4376	1.20791	34.2	1.0	1031753	Bacteria	Pseudomonadati	Campylobacterota	Epsilonproteobacteria	Campylobacterales	Campylobacteraceae	Campylobacter	Campylobacter lanienae	1.2079072937968645	0.8221491925105254	0.6806393145671223	0.0
NR_028705.1	1	1513	1	1410	93.1923	0.931923	32.2	0.0	44007	Bacteria	Bacillati	Bacillota	Bacilli	Lactobacillales	Enterococcaceae	Enterococcus	Enterococcus pseudoavium	0.9319233311302049	0.2518774226193915	0.27027697902350306	0.0
NR_028711.1	1	1491	11	1401	93.9638	9.97183	35.3	2.45	80883	Bacteria	Pseudomonadati	Pseudomonadota	Betaproteobacteria	Burkholderiales	Comamonadaceae	Giesbergeria	Giesbergeria sinuosa	9.971830985915492	2.6518051128261257	0.2659296087721115	0.01
NR_028712.1	1	1512	3	1490	98.545	2.47553	39.3	1.0	80882	Bacteria	Pseudomonadati	Pseudomonadota	Betaproteobacteria	Burkholderiales	Comamonadaceae	Simplicispira	Simplicispira psychrophila	2.4755291005291005	0.8838253259695332	0.35702481775739625	0.0
NR_028713.1	1	1495	3	1491	99.7324	2.73712	38.6	1.0	80879	Bacteria	Pseudomonadati	Pseudomonadota	Betaproteobacteria	Burkholderiales	Comamonadaceae	Curvibacter	Curvibacter delicatus	2.737123745819398	0.4822533730215411	0.17618983203010846	0.0
NR_028715.1	1	1512	8	1509	99.8016	7.63228	39.4	47.8	80878	Bacteria	Pseudomonadati	Pseudomonadota	Betaproteobacteria	Burkholderiales	Comamonadaceae	Acidovorax	Acidovorax temperans	7.632275132275132	0.6703987666402778	0.08783734273484402	0.01
NR_028717.1	1	1513	3	1508	99.6695	2.77528	33.7	1.0	47421	Bacteria	Pseudomonadati	Pseudomonadota	Betaproteobacteria	Burkholderiales	Comamonadaceae	Hydrogenophaga	Hydrogenophaga pseudoflava	2.7752808988764044	0.5035206556237707	0.18143051963771495	0.0
NR_028718.1	1	1513	45	1506	99.5373	37.9075	38.1	5.69	65657	Bacteria	Pseudomonadati	Pseudomonadota	Betaproteobacteria	Burkholderiales	Comamonadaceae	Hydrogenophaga	Hydrogenophaga flava	37.907468605419695	12.376636348374563	0.32649598624491255	0.05
NR_028719.1	1	1519	7	1513	99.605	6.0237	33.6	1.0	32013	Bacteria	Pseudomonadati	Pseudomonadota	Betaproteobacteria	Burkholderiales	Comamonadaceae	Comamonas	Comamonas terrigena	6.023699802501646	1.8867101837288822	0.31321451028242314	0.01
NR_028721.1	1	1517	1	1241	81.8062	0.818062	14.7	1.0	79599	Bacteria	Bacillati	Bacillota	Clostridia	Eubacteriales	Heliobacteriaceae	Heliorestis	Heliorestis daurensis	0.8180619644034278	0.3857934509550853	0.471594411844371	0.0
NR_028725.2	1	1542	1	1013	65.6939	0.656939	40.3	1.0	1624	Bacteria	Bacillati	Bacillota	Bacilli	Lactobacillales	Lactobacillaceae	Ligilactobacillus	Ligilactobacillus salivarius	0.6569390402075227	0.4747316480483925	0.7226418571477011	0.0
NR_028726.1	1	1502	4	1501	99.9334	3.4494	42.2	4.75	94868	Bacteria	Bacillati	Bacillota	Clostridia	Lachnospirales	Lachnospiraceae	Lacrimispora	Lacrimispora algidixylanolytica	3.4494007989347537	0.6212260014033616	0.18009678712755242	0.0
NR_028730.1	1	1489	1	1289	86.5682	0.865682	32.8	1.0	84981	Bacteria	Pseudomonadati	Thermodesulfobacteriota	Desulfobacteria	Desulfobacterales	Desulfofabaceae	Desulfofaba	Desulfofaba gelida	0.8656816655473473	0.34099401678404334	0.3939023203967731	0.0
NR_028733.1	1	1465	2	1209	82.5256	1.62116	44.0	5.5	84110	Bacteria	Bacillati	Actinomycetota	Coriobacteriia	Eggerthellales	Eggerthellaceae	Slackia	Slackia heliotrinireducens	1.621160409556314	0.7647275395614158	0.4717161454557786	0.0
NR_028740.1	1	1533	1	1429	93.2159	0.932159	39.8	1.0	100134	Bacteria	Bacillati	Bacillota	Clostridia	Lachnospirales	Lachnospiraceae	Anaerocolumna	Anaerocolumna xylanovorans	0.9321591650358774	0.2514725751955803	0.26977428815593046	0.0
NR_028759.1	1	1527	1	1457	95.4158	0.954158	30.8	1.0	110505	Bacteria	Bacillati	Actinomycetota	Actinomycetes	Mycobacteriales	Mycobacteriaceae	Mycobacterium	Mycobacterium heckeshornense	0.954158480681074	0.20914127862633564	0.21918924671407997	0.0
NR_028771.1	1	1489	4	1468	98.5897	3.49295	39.3	0.75	194424	Bacteria	Pseudomonadati	Campylobacterota	Epsilonproteobacteria	Campylobacterales	Sulfurospirillaceae	Sulfurospirillum	Sulfurospirillum halorespirans	3.492948287441236	0.9279540371750958	0.26566498007185496	0.0
NR_028775.1	1	1521	1	1438	94.5431	0.945431	43.7	1.0	115783	Bacteria	Pseudomonadati	Thermodesulfobacteriota	Desulfuromonadia	Geobacterales	Geobacteraceae	Trichlorobacter	Trichlorobacter thiogenes	0.94543063773833	0.22713772686197337	0.24024790163912482	0.0
NR_028780.1	1	1524	1	1452	95.2756	0.952756	44.0	1.0	153026	Bacteria	Pseudomonadati	Thermodesulfobacteriota	Desulfobacteria	Desulfobacterales	Desulforegulaceae	Desulforegula	Desulforegula conservatrix	0.952755905511811	0.2121605289024744	0.22268088570755576	0.0
NR_028785.1	1	1529	3	1526	99.8038	2.6344	34.2	3.67	29347	Bacteria	Bacillati	Bacillota	Clostridia	Lachnospirales	Lachnospiraceae	Lachnoclostridium	[Clostridium] scindens	2.634401569653368	0.5606630181365432	0.21282367297189042	0.0
NR_028810.1	1	1506	1	1227	81.4741	0.814741	42.5	1.0	148604	Bacteria	Bacillati	Bacillota	Bacilli	Lactobacillales	Lactobacillaceae	Limosilactobacillus	Limosilactobacillus ingluviei	0.8147410358565738	0.3885075035928274	0.47684784059559737	0.0
NR_028816.1	1	1508	13	1508	100.0	11.5756	36.4	27.9	154288	Bacteria	Bacillati	Bacillota	Erysipelotrichia	Erysipelotrichales	Turicibacteraceae	Turicibacter	Turicibacter sanguinis	11.575596816976127	0.7384755440911034	0.06379589370356233	0.01
NR_028835.1	1	1546	1	1526	98.7063	0.987063	42.9	49.0	180295	Bacteria	Bacillati	Bacillota	Bacilli	Lactobacillales	Carnobacteriaceae	Atopostipes	Atopostipes suicloacalis	0.9870633893919794	0.11300112704746235	0.11448213788687862	0.0
NR_028840.1	1	1543	2	1505	97.5373	1.90797	44.1	1.0	187979	Bacteria	Bacillati	Bacillota	Negativicutes	Selenomonadales	Selenomonadaceae	Mitsuokella	Mitsuokella jalaludinii	1.9079714841218405	0.3644365058311651	0.19100731266898363	0.0
NR_028865.1	1	1507	3	1453	96.4167	2.73723	38.5	15.7	76853	Bacteria	Bacillati	Bacillota	Bacilli	Bacillales	Caryophanaceae	Solibacillus	Solibacillus silvestris	2.7372262773722627	0.6844279918817451	0.2500443597007975	0.0
NR_028868.1	1	1495	1	1422	95.1171	0.951171	34.5	1.0	78120	Bacteria	Bacillati	Bacillota	Negativicutes	Acidaminococcales	Acidaminococcaceae	Succinispira	Succinispira mobilis	0.9511705685618729	0.2155112945150572	0.22657481385373457	0.0
NR_028876.1	1	1467	1	1297	88.4117	0.884117	19.5	0.0	83264	Bacteria	Pseudomonadati	Pseudomonadota	Alphaproteobacteria	Hyphomicrobiales	Phyllobacteriaceae	Aminobacter	Aminobacter aganoensis	0.8841172460804363	0.32008427212779567	0.36203826307746817	0.0
NR_028882.1	1	1363	1	1290	94.6442	0.946442	44.8	1.0	88874	Bacteria	Bacillati	Actinomycetota	Actinomycetes	Propionibacteriales	Propionibacteriaceae	Luteococcus	Luteococcus peritonei	0.946441672780631	0.2251440268024708	0.23788473529594395	0.0
NR_028897.1	1	1519	1	1443	94.9967	0.949967	36.6	2.0	90733	Bacteria	Pseudomonadati	Thermodesulfobacteriota	Desulfobacteria	Desulfobacterales	Desulfobacteriaceae	Desulfobacterium	Desulfobacterium indolicum	0.9499670836076366	0.21801289794330947	0.2294952127345025	0.0
NR_028910.1	1	1500	16	1496	99.7333	13.8227	39.6	9.56	109325	Bacteria	Bacillati	Bacillota	Clostridia	Eubacteriales	Syntrophomonadaceae	Pelospora	Pelospora glutarica	13.822666666666667	4.074868450501096	0.2947961163186864	0.02
NR_028911.1	1	1488	26	1488	100.0	23.0255	37.7	4.73	109327	Bacteria	Bacillati	Bacillota	Clostridia	Peptostreptococcales	Anaerovoracaceae	Anaerovorax	Anaerovorax odorimutans	23.025537634408604	4.951039152485428	0.21502382402948794	0.03
NR_028913.1	1	1419	1	1294	91.191	0.91191	36.3	1.0	110845	Bacteria	Bacillati	Bacillota	Bacilli	Bacillales	Salinicoccaceae	Phocicoccus	Phocicoccus pinnipedialis	0.9119097956307258	0.28342604020000584	0.31080490807094924	0.0
NR_028920.1	1	1437	2	1432	99.6521	1.93459	34.1	1.0	119641	Bacteria	Bacillati	Bacillota	Clostridia	Eubacteriales	Clostridiaceae	Clostridium	Clostridium uliginosum	1.9345859429366736	0.2609482715838954	0.1348858511748409	0.0
NR_028925.1	1	1477	1	1378	93.2972	0.932972	42.8	1.0	136274	Bacteria	Bacillati	Actinomycetota	Actinomycetes	Micrococcales	Micrococcaceae	Arthrobacter	Arthrobacter roseus	0.932972241029113	0.25007006717763564	0.26803591380360514	0.0
NR_028927.1	1	1500	1	1408	93.8667	0.938667	45.1	20.0	2378	Bacteria	Bacillati	Bacillota	Negativicutes	Selenomonadales	Sporomusaceae	Sporomusa	Sporomusa ovata	0.9386666666666666	0.23994073342297612	0.25561867907277286	0.0
NR_028934.1	1	1478	1	724	48.9851	0.489851	37.0	1.0	132932	Bacteria	Bacillati	Bacillota	Clostridia	Eubacteriales	Eubacteriaceae	Acetobacterium	Acetobacterium tundrae	0.489851150202977	0.4998969902367855	1.0205079441574159	0.0
NR_028939.1	1	1515	10	1262	83.3003	6.42772	37.9	2.4	167644	Bacteria	Fusobacteriati	Fusobacteriota	Fusobacteriia	Fusobacteriales	Fusobacteriaceae	Ilyobacter	Ilyobacter tartaricus	6.427722772277228	3.7880161603925995	0.5893247569310729	0.01
NR_028945.2	1	1522	1	1464	96.1892	0.961892	40.7	1.0	152142	Bacteria	Bacillati	Actinomycetota	Actinomycetes	Mycobacteriales	Mycobacteriaceae	Mycolicibacterium	Mycolicibacterium holsaticum	0.961892247043364	0.191456397441381	0.19904141865149036	0.0
NR_028964.1	1	1435	1	1162	80.9756	0.809756	30.1	1.0	179628	Bacteria	Bacillati	Bacillota	Clostridia	Eubacteriales	Clostridiaceae	Clostridium	Clostridium colicanis	0.8097560975609757	0.3924935159003208	0.4847058479491913	0.0
NR_028991.1	1	1536	40	1532	99.7396	38.043	39.5	6.2	204936	Bacteria	Bacillati	Bacillota	Negativicutes	Selenomonadales	Sporomusaceae	Sporomusa	Sporomusa aerivorans	38.04296875	4.7158285701655975	0.12396058260215556	0.04
NR_028997.1	1	1428	2	1361	95.3081	1.7486	39.8	1.0	214851	Bacteria	Bacillati	Bacillota	Clostridia	Eubacteriales	Oscillospiraceae	Subdoligranulum	Subdoligranulum variabile	1.7485994397759104	0.531070478898147	0.3037119118408305	0.0
NR_029001.1	1	1525	4	1523	99.8689	3.7659	38.2	16.2	219182	Bacteria	Pseudomonadati	Pseudomonadota	Betaproteobacteria	Burkholderiales	Comamonadaceae	Ottowia	Ottowia thiooxydans	3.7659016393442624	0.48951423579553477	0.12998593236778522	0.0
NR_029002.1	1	1438	1	1434	99.7218	0.997218	44.0	1.0	220684	Bacteria	Bacillati	Bacillota	Bacilli	Bacillales	Bacillaceae	Neobacillus	Neobacillus drentensis	0.9972183588317107	0.052667861554273956	0.05281477330198462	0.0
NR_029023.1	1	1527	36	1523	99.738	32.9941	36.1	8.94	249409	Bacteria	Pseudomonadati	Pseudomonadota	Betaproteobacteria	Burkholderiales	Comamonadaceae	Hydrogenophaga	Hydrogenophaga atypica	32.99410609037328	4.145594149756365	0.1256465060275092	0.04
NR_029024.1	1	1502	6	1502	100.0	5.9241	39.5	3.83	249410	Bacteria	Pseudomonadati	Pseudomonadota	Betaproteobacteria	Burkholderiales	Comamonadaceae	Hydrogenophaga	Hydrogenophaga defluvii	5.924101198402131	0.3257149634706013	0.054981330089103525	0.01
NR_029033.1	1	1521	2	1494	98.2249	1.92899	38.8	6.0	148	Bacteria	Pseudomonadati	Spirochaetota	Spirochaetia	Spirochaetales	Spirochaetaceae	Sediminispirochaeta	Sediminispirochaeta bajacaliforniensis	1.9289940828402368	0.3185389073063878	0.16513213292877157	0.0
NR_029041.1	1	1497	1	1009	67.4015	0.674015	28.7	1.0	165096	Bacteria	Bacillati	Bacillota	Bacilli	Lactobacillales	Lactobacillaceae	Weissella	Weissella koreensis	0.6740146960587843	0.4687418111877449	0.6954474641705194	0.0
NR_029057.1	1	1549	1	1174	75.7908	0.757908	25.3	1.0	198484	Bacteria	Bacillati	Bacillota	Bacilli	Bacillales	Staphylococcaceae	Macrococcus	Macrococcus lamae	0.7579083279535184	0.4283495002590994	0.565173233306086	0.0
NR_029071.1	1	1547	8	1539	99.4829	7.34454	37.3	1.0	221028	Bacteria	Bacillati	Bacillota	Bacilli	Bacillales	Paenibacillaceae	Paenibacillus	Paenibacillus favisporus	7.34453781512605	1.338447746011288	0.1822371645026811	0.01
NR_029084.1	1	1550	1	1268	81.8065	0.818065	38.3	1.0	227942	Bacteria	Bacillati	Bacillota	Bacilli	Lactobacillales	Lactobacillaceae	Limosilactobacillus	Limosilactobacillus gastricus	0.8180645161290323	0.3857913472067569	0.47159036921961606	0.0
NR_029087.1	1	1490	1	1238	83.0872	0.830872	38.8	1.0	236510	Bacteria	Bacillati	Actinomycetota	Actinomycetes	Kitasatosporales	Streptomycetaceae	Streptantibioticus	Streptantibioticus ferralitis	0.8308724832214766	0.3748645086519312	0.4511697236602403	0.0
NR_029131.1	1	1419	1	1405	99.0134	0.990134	43.7	1.0	45462	Bacteria	Bacillati	Bacillota	Bacilli	Bacillales	Paenibacillaceae	Brevibacillus	Brevibacillus borstelensis	0.9901338971106413	0.09883705227866411	0.09982190546862946	0.0
NR_029133.1	1	1519	3	1500	98.7492	2.43055	39.0	0.667	1589	Bacteria	Bacillati	Bacillota	Bacilli	Lactobacillales	Lactobacillaceae	Lactiplantibacillus	Lactiplantibacillus pentosus	2.4305464121132325	0.5693641548269471	0.23425356207533388	0.0
NR_029137.1	1	1514	2	1272	84.0159	1.6288	34.9	0.5	78257	Bacteria	Bacillati	Actinomycetota	Actinomycetes	Bifidobacteriales	Bifidobacteriaceae	Bifidobacterium	Bifidobacterium pullorum	1.6287978863936592	0.7437029403662478	0.45659620912996723	0.0
NR_029146.1	1	1457	219	1449	99.4509	206.833	39.4	13.1	29345	Bacteria	Bacillati	Bacillota	Tissierellia	unclassified Tissierellia order	unclassified Tissierellia family	Sedimentibacter	Sedimentibacter hydroxybenzoicus	206.83321894303364	23.57045939468067	0.11395877081607712	0.24
NR_029150.1	1	1534	1	968	63.103	0.63103	32.5	1.0	31909	Bacteria	Bacillati	Bacillota	Clostridia	Halanaerobiales	Halothermotrichaceae	Halothermothrix	Halothermothrix orenii	0.6310299869621904	0.4825257946645834	0.7646638109663956	0.0
NR_029151.1	1	1544	1	1223	79.2098	0.792098	38.9	1.0	35841	Bacteria	Bacillati	Bacillota	Bacilli	Bacillales	Bacillaceae	Caldibacillus	Caldibacillus thermoamylovorans	0.792098445595855	0.40580598576226595	0.5123176140776277	0.0
NR_029161.2	1	1533	368	1527	99.6086	348.629	38.3	6.66	285	Bacteria	Pseudomonadati	Pseudomonadota	Betaproteobacteria	Burkholderiales	Comamonadaceae	Comamonas	Comamonas testosteroni	348.62883235485975	34.63685247893777	0.09935165787917927	0.41
NR_029165.1	1	1457	2	1386	95.127	1.6733	41.5	10.0	2122	Bacteria	Bacillati	Mycoplasmatota	unclassified Mycoplasmatota class	Mycoplasmoidales	Mycoplasmoidaceae	Mycoplasmoides	Mycoplasmoides pirum	1.6733013040494167	0.5634067743303888	0.3367037203442889	0.0
NR_029170.1	1	1459	1	1208	82.7964	0.827964	36.9	1.0	1098	Bacteria	Pseudomonadati	Chlorobiota	Chlorobiia	Chlorobiales	Chlorobiaceae	Prosthecochloris	Prosthecochloris vibrioformis	0.8279643591501028	0.3774114189147747	0.45583051340782804	0.0
NR_029175.1	1	1416	5	1122	79.2373	3.12429	34.2	1.0	33924	Bacteria	Bacillati	Mycoplasmatota	unclassified Mycoplasmatota class	Mycoplasmoidales	Mycoplasmoidaceae	Mycoplasmoides	[Mycoplasma] testudinis	3.1242937853107344	1.7373685158934686	0.5560835936946545	0.01
NR_029176.1	1	1441	1	1181	81.957	0.81957	31.5	6.0	34032	Bacteria	Pseudomonadati	Thermodesulfobacteriota	Desulfobulbia	Desulfobulbales	Desulfobulbaceae	Desulfobulbus	Desulfobulbus rhabdoformis	0.8195697432338653	0.38454541891620775	0.46920402087913243	0.0
NR_029208.1	1	1517	1	1432	94.3968	0.943968	38.4	1.0	59813	Bacteria	Bacillati	Actinomycetota	Actinomycetes	Mycobacteriales	Mycobacteriaceae	Mycolicibacterium	Mycolicibacterium novocastrense	0.9439683586025049	0.2299828179664639	0.24363403272005985	0.0
NR_029221.1	1	1393	1	1306	93.7545	0.937545	42.8	1.0	2741	Bacteria	Bacillati	Bacillota	Clostridia	Eubacteriales	Peptococcaceae	Peptococcus	Peptococcus niger	0.9375448671931084	0.24198034877437005	0.2581000197876704	0.0
NR_029229.1	1	1508	2	1507	99.9337	1.99072	41.1	9.0	1561	Bacteria	Bacillati	Bacillota	Clostridia	Eubacteriales	Clostridiaceae	Clostridium	Clostridium baratii	1.990716180371353	0.1025860140014188	0.051532214894783324	0.0
NR_029230.1	1	1503	22	1502	99.9335	21.0645	38.1	3.95	1520	Bacteria	Bacillati	Bacillota	Clostridia	Eubacteriales	Clostridiaceae	Clostridium	Clostridium beijerinckii	21.0645375914837	1.5902103731965864	0.07549229914448735	0.02
NR_029231.1	1	1503	1	1465	97.4717	0.974717	32.6	26.0	1509	Bacteria	Bacillati	Bacillota	Clostridia	Eubacteriales	Clostridiaceae	Clostridium	Clostridium sporogenes	0.9747172322022621	0.15698264060151443	0.16105454527240695	0.0
NR_029232.1	1	1504	4	1504	100.0	3.82114	35.4	1.0	29341	Bacteria	Bacillati	Bacillota	Clostridia	Eubacteriales	Clostridiaceae	Clostridium	Clostridium argentinense	3.8211436170212765	0.4647749061822378	0.12163240976128166	0.0
NR_029233.1	1	1533	3	1286	83.8878	2.25897	33.3	1.0	1459	Bacteria	Bacillati	Bacillota	Bacilli	Bacillales	Caryophanaceae	Sporosarcina	Sporosarcina globispora	2.258969341161122	1.1003732900262286	0.48711298111758833	0.0
NR_029235.1	1	1540	1	1104	71.6883	0.716883	24.2	1.0	309799	Bacteria	Pseudomonadati	Dictyoglomota	Dictyoglomia	Dictyoglomales	Dictyoglomaceae	Dictyoglomus	Dictyoglomus thermophilum	0.7168831168831169	0.4505127230290652	0.6284326027760511	0.0
NR_029238.1	1	1537	5	1535	99.8699	4.41965	37.6	1.0	29542	Bacteria	Pseudomonadati	Thermodesulfobacteriota	Desulfuromonadia	Desulfuromonadales	Syntrophotaleaceae	Syntrophotalea	Syntrophotalea acetylenica	4.419648666232921	0.8666174306834941	0.19608287810400862	0.01
NR_029239.3	1	1460	21	1460	100.0	19.6664	39.4	23.2	29356	Bacteria	Bacillati	Bacillota	Clostridia	Eubacteriales	Clostridiaceae	Clostridium	Clostridium chartatabidum	19.666438356164385	2.391846234728208	0.12162071196681586	0.02
NR_029247.1	1	1519	60	1498	98.6175	47.2725	39.8	1.0	1547	Bacteria	Bacillati	Bacillota	Erysipelotrichia	Erysipelotrichales	Coprobacillaceae	Thomasclavelia	Thomasclavelia ramosa	47.27254772876893	23.574083990077874	0.4986844399700348	0.07
NR_029248.1	1	1517	14	1516	99.9341	12.6493	35.8	1.07	500632	Bacteria	Bacillati	Bacillota	Clostridia	Lachnospirales	Lachnospiraceae	Tyzzerella	[Clostridium] nexile	12.649307844429796	2.5694611052286436	0.20313056942164012	0.02
NR_029250.1	1	1500	1	1445	96.3333	0.963333	41.2	1.0	29365	Bacteria	Bacillati	Bacillota	Clostridia	Eubacteriales	Clostridiaceae	Hathewaya	Hathewaya proteolytica	0.9633333333333334	0.18794207145346908	0.1950955759032551	0.0
NR_029260.1	1	1508	1	1245	82.5597	0.825597	39.9	1.0	1513	Bacteria	Bacillati	Bacillota	Clostridia	Eubacteriales	Clostridiaceae	Clostridium	Clostridium tetani	0.8255968169761273	0.37945581136018247	0.4596139466113696	0.0
NR_029261.2	1	1570	2	1065	67.8344	1.32675	37.8	1.0	1625	Bacteria	Bacillati	Bacillota	Bacilli	Lactobacillales	Lactobacillaceae	Fructilactobacillus	Fructilactobacillus sanfranciscensis	1.326751592356688	0.9291378214021264	0.7003103118585399	0.0
NR_029263.1	1	1385	5	1385	100.0	4.62816	35.2	44.4	36845	Bacteria	Bacillati	Bacillota	Clostridia	Eubacteriales	Clostridiaceae	Clostridium	Clostridium intestinale	4.628158844765343	0.7055744030973855	0.15245250363336643	0.01
NR_029269.1	1	1521	2	1269	83.432	1.41157	36.6	1.0	28446	Bacteria	Bacillati	Bacillota	Clostridia	Lachnospirales	Anaerotignaceae	Anaerotignum	Anaerotignum propionicum	1.4115713346482577	0.7573251071301326	0.5365121043059765	0.0
NR_029283.1	1	1511	1	595	39.3779	0.393779	15.3	1.0	309797	Bacteria	Pseudomonadati	Chrysiogenota	Chrysiogenia	Chrysiogenales	Chrysiogenaceae	Chrysiogenes	Chrysiogenes arsenatis	0.3937789543348776	0.48858682898519507	1.2407641993220668	0.0
NR_029287.1	1	1519	2	1493	98.2883	1.79263	40.9	1.0	42253	Bacteria	Pseudomonadati	Nitrospirota	Nitrospiria	Nitrospirales	Nitrospiraceae	Nitrospira	Nitrospira moscoviensis	1.792626728110599	0.4456485678796909	0.24860087205628004	0.0
NR_029289.1	1	1482	1	1351	91.1606	0.911606	44.9	1.0	40218	Bacteria	Pseudomonadati	Thermodesulfobacteriota	Syntrophobacteria	Syntrophobacterales	Syntrophobacteraceae	Desulforhabdus	Desulforhabdus amnigena	0.9116059379217274	0.28386713770278876	0.3113923745932886	0.0
NR_029294.1	1	1549	3	1545	99.7418	2.79923	36.3	7.33	43774	Bacteria	Pseudomonadati	Thermodesulfobacteriota	Syntrophia	Syntrophales	Syntrophaceae	Syntrophus	Syntrophus buswellii	2.7992253066494515	0.4619541046626917	0.16502926847843852	0.0
NR_029295.1	1	1548	12	1545	99.8062	10.2862	34.5	7.5	43775	Bacteria	Pseudomonadati	Thermodesulfobacteriota	Syntrophia	Syntrophales	Syntrophaceae	Syntrophus	Syntrophus gentianae	10.286175710594316	2.5797642462103147	0.2507991617869476	0.01
NR_029297.1	1	1481	1	1218	82.2417	0.822417	32.7	1.0	1272	Bacteria	Bacillati	Actinomycetota	Actinomycetes	Micrococcales	Micrococcaceae	Kocuria	Kocuria varians	0.8224172856178258	0.38216108375243274	0.4646802668615377	0.0
NR_029305.1	1	1454	3	1449	99.6561	2.86726	38.8	1.0	53332	Bacteria	Pseudomonadati	Thermodesulfobacteriota	Desulfobulbia	Desulfobulbales	Desulfobulbaceae	Desulfobulbus	Desulfobulbus elongatus	2.8672627235213204	0.44919437716083704	0.15666313849648766	0.0
NR_029308.2	1	1568	11	1315	83.8648	7.80038	36.2	1.0	53444	Bacteria	Bacillati	Bacillota	Bacilli	Lactobacillales	Lactobacillaceae	Fructilactobacillus	Fructilactobacillus lindneri	7.800382653061225	4.302535424382546	0.5515800462294033	0.01
NR_029315.1	1	1468	1	1360	92.6431	0.926431	41.0	1.0	52786	Bacteria	Bacillati	Bacillota	Clostridia	Eubacteriales	Oscillospiraceae	Anaerofilum	Anaerofilum agile	0.9264305177111717	0.26106898238699655	0.2818009309883169	0.0
NR_029325.1	1	1489	1	1440	96.7092	0.967092	37.7	14.0	55507	Bacteria	Bacillati	Bacillota	Negativicutes	Selenomonadales	Selenomonadaceae	Schwartzia	Schwartzia succinivorans	0.9670920080591001	0.17839578472407064	0.1844661968431536	0.0
NR_029338.2	1	1511	1	1249	82.6605	0.826605	36.2	1.0	58180	Bacteria	Pseudomonadati	Thermodesulfobacteriota	Desulfovibrionia	Desulfovibrionales	Desulfovibrionaceae	Oleidesulfovibrio	Oleidesulfovibrio alaskensis	0.8266048974189278	0.3785884850097411	0.45800416401098387	0.0
NR_029351.1	1	1502	3	1496	99.6005	2.65047	37.4	1.0	87650	Bacteria	Bacillati	Bacillota	Bacilli	Lactobacillales	Aerococcaceae	Hutsoniella	Hutsoniella sourekii	2.6504660452729696	0.7404494774171629	0.27936576615940184	0.0
NR_029355.1	1	1435	29	1433	99.8606	23.1944	38.1	9.34	84026	Bacteria	Bacillati	Bacillota	Clostridia	Eubacteriales	Oscillospiraceae	unclassified Oscillospiraceae genus	[Clostridium] methylpentosum	23.194425087108012	9.56411540159973	0.4123454392890162	0.03
NR_029356.1	1	1550	69	1500	96.7742	60.169	37.7	2.42	292800	Bacteria	Bacillati	Bacillota	Clostridia	Eubacteriales	Oscillospiraceae	Flavonifractor	Flavonifractor plautii	60.16903225806452	16.130070366592257	0.2680792720316742	0.08
NR_029357.1	1	1470	3	1433	97.483	2.59524	35.7	0.667	84035	Bacteria	Bacillati	Bacillota	Negativicutes	Selenomonadales	Selenomonadaceae	Propionispira	Propionispira arboris	2.5952380952380953	0.7649492743249453	0.294751096528878	0.0
NR_029361.1	1	1396	1	1187	85.0287	0.850287	41.4	1.0	173	Bacteria	Pseudomonadati	Spirochaetota	Spirochaetia	Leptospirales	Leptospiraceae	Leptospira	Leptospira interrogans	0.8502865329512894	0.3567903373593033	0.4196118879137215	0.0
NR_036764.1	1	1524	6	1521	99.8031	5.63123	36.1	1.17	149712	Bacteria	Pseudomonadati	Thermodesulfobacteriota	Syntrophobacteria	Syntrophobacterales	Syntrophobacteraceae	Desulfovirga	Desulfovirga adipica	5.631233595800525	0.784007338685546	0.13922479423872897	0.01
NR_036777.1	1	1418	1	1282	90.409	0.90409	25.9	1.0	33039	Bacteria	Bacillati	Bacillota	Clostridia	Lachnospirales	Lachnospiraceae	Mediterraneibacter	[Ruminococcus] torques	0.9040902679830748	0.2944674096082085	0.32570576195354106	0.0
NR_036779.1	1	1448	2	1371	94.6823	1.73964	40.6	6.0	44676	Bacteria	Pseudomonadati	Acidobacteriota	Holophagae	Holophagales	Holophagaceae	Geothrix	Geothrix fermentans	1.7396408839779005	0.5467411068197789	0.3142838914946566	0.0
NR_036793.2	1	1552	1133	1552	100.0	1063.78	37.4	11.5	43064	Bacteria	Bacillati	Bacillota	Bacilli	Lactobacillales	Carnobacteriaceae	Trichococcus	Trichococcus pasteurii	1063.7828608247423	86.79073297282386	0.08158688785936606	1.26
NR_036800.1	1	1481	1	1350	91.1546	0.911546	22.6	1.0	411470	Bacteria	Bacillati	Bacillota	Clostridia	Lachnospirales	Lachnospiraceae	Mediterraneibacter	Mediterraneibacter gnavus	0.9115462525320729	0.28395366175981523	0.31150768375280474	0.0
NR_036818.1	1	1457	2	1382	94.8524	1.84146	39.3	1.0	167964	Bacteria	Bacillati	Chloroflexota	Anaerolineae	Anaerolineales	Anaerolineaceae	Anaerolinea	Anaerolinea thermophila	1.8414550446122169	0.4861684093410381	0.26401318390230805	0.0
NR_036819.1	1	1445	2	1337	92.526	1.66644	27.6	1.0	1383	Bacteria	Bacillati	Actinomycetota	Coriobacteriia	Coriobacteriales	Atopobiaceae	Lancefieldella	Lancefieldella rimae	1.6664359861591695	0.609737674225037	0.36589324719899435	0.0
NR_036820.1	1	1470	3	1467	99.7959	2.72925	24.7	0.667	633147	Bacteria	Bacillati	Actinomycetota	Coriobacteriia	Coriobacteriales	Atopobiaceae	Olsenella	Olsenella uli	2.729251700680272	0.4936619907756254	0.18087814716853673	0.0
NR_036821.1	1	1437	3	1418	98.6778	2.69311	36.4	0.0	997349	Bacteria	Bacillati	Actinomycetota	Coriobacteriia	Coriobacteriales	Atopobiaceae	Olsenella	Olsenella profusa	2.693110647181628	0.5978748000654587	0.2220015730475618	0.0
NR_036827.1	1	1471	1	1220	82.9368	0.829368	26.8	1.0	64702	Bacteria	Bacillati	Actinomycetota	Actinomycetes	Propionibacteriales	Propionibacteriaceae	Propionibacterium	Propionibacterium cyclohexanicum	0.8293677770224337	0.3761872771098188	0.45358318412175697	0.0
NR_036845.1	1	1496	1	1426	95.3209	0.953209	42.8	6.0	1345	Bacteria	Bacillati	Bacillota	Bacilli	Lactobacillales	Streptococcaceae	Streptococcus	Streptococcus ferus	0.9532085561497327	0.21119186687151253	0.2215589290601562	0.0
NR_036846.1	1	1601	3	1419	88.6321	2.52592	41.1	1.0	190967	Bacteria	Bacillati	Bacillota	Clostridia	Eubacteriales	Peptococcaceae	Desulfofundulus	Desulfofundulus solfataricus	2.5259212991880076	0.9779499859108137	0.3871656596051466	0.0
NR_036860.1	1	1512	2	1254	82.9365	1.22884	38.9	24.0	77523	Bacteria	Bacillati	Bacillota	Bacilli	Bacillales	Bacillaceae	Bacillus	Bacillus horti	1.2288359788359788	0.7195414615545073	0.5855471958398358	0.0
NR_036867.1	1	1508	1	1491	98.8727	0.988727	40.4	1.0	53367	Bacteria	Bacillati	Actinomycetota	Actinomycetes	Micromonosporales	Micromonosporaceae	Asanoa	Asanoa ferruginea	0.9887267904509284	0.10557520682212365	0.10677894828153082	0.0
NR_036869.2	1	1507	13	1507	100.0	12.5063	37.5	4.38	84037	Bacteria	Bacillati	Bacillota	Clostridia	Lachnospirales	Lachnospiraceae	Syntrophococcus	Syntrophococcus sucromutans	12.50630391506304	0.9811393620590474	0.07845158479455533	0.01
NR_036875.1	1	1547	82	1547	100.0	77.0207	38.3	3.23	209080	Bacteria	Bacillati	Bacillota	Negativicutes	Selenomonadales	Sporomusaceae	Propionispora	Propionispora hippei	77.02068519715579	7.85680416802976	0.10200901417480372	0.09
NR_036880.1	1	1513	1	1492	98.612	0.98612	40.2	1.0	1405	Bacteria	Bacillati	Bacillota	Bacilli	Bacillales	Bacillaceae	Bacillus	Bacillus mycoides	0.9861202908129544	0.11699172133073629	0.1186383876497346	0.0
NR_036891.1	1	1501	1	1209	80.5463	0.805463	36.9	58.0	35839	Bacteria	Pseudomonadati	Acidobacteriota	Holophagae	Holophagales	Holophagaceae	Holophaga	Holophaga foetida	0.8054630246502332	0.3958438335651229	0.4914487958488416	0.0
NR_036896.1	1	1461	1	1257	86.037	0.86037	32.8	10.0	1184609	Bacteria	Bacillati	Actinomycetota	Actinomycetes	Micrococcales	Dermatophilaceae	Kineosphaera	Kineosphaera limosa	0.8603696098562629	0.34660315101286193	0.4028537817261665	0.0
NR_036924.1	1	1529	16	1529	100.0	14.5932	36.5	29.6	137591	Bacteria	Bacillati	Bacillota	Bacilli	Lactobacillales	Lactobacillaceae	Weissella	Weissella cibaria	14.593198168737738	2.490658710384043	0.1706725750986959	0.02
NR_036927.1	1	1516	1	1229	81.0686	0.810686	43.9	1.0	167642	Bacteria	Fusobacteriati	Fusobacteriota	Fusobacteriia	Fusobacteriales	Fusobacteriaceae	Ilyobacter	Ilyobacter polytropus	0.8106860158311345	0.3917578328087091	0.4832423714711172	0.0
NR_036928.1	1	1431	1	1284	89.7275	0.897275	42.9	1.0	154046	Bacteria	Bacillati	Bacillota	Clostridia	Lachnospirales	Lachnospiraceae	Hungatella	Hungatella hathewayi	0.8972746331236897	0.30359984498750575	0.33835777116598187	0.0
NR_036930.1	1	1483	1	1234	83.2097	0.832097	40.6	1.0	34073	Bacteria	Pseudomonadati	Pseudomonadota	Betaproteobacteria	Burkholderiales	Comamonadaceae	Variovorax	Variovorax paradoxus	0.8320971004720162	0.3737800367302681	0.4492024266377533	0.0
NR_036934.1	1	1481	4	1480	99.9325	3.83592	37.6	2.0	33033	Bacteria	Bacillati	Bacillota	Tissierellia	Tissierellales	Peptoniphilaceae	Parvimonas	Parvimonas micra	3.835921674544227	0.4568696639976417	0.11910296996664448	0.0
NR_036940.1	1	1525	5	1517	99.4754	4.89967	39.7	36.2	300825	Bacteria	Bacillati	Bacillota	Bacilli	Bacillales	Bacillaceae	Shouchella	Shouchella lehensis	4.899672131147541	0.46493421785048705	0.09489088359502044	0.01
NR_036942.1	1	1485	1	1362	91.7172	0.917172	28.0	1.0	1476	Bacteria	Bacillati	Bacillota	Bacilli	Bacillales	Caryophanaceae	Sporosarcina	Sporosarcina psychrophila	0.9171717171717172	0.27562249253644194	0.3005135105848871	0.0
NR_036950.1	1	1380	6	1380	100.0	5.66304	39.7	8.33	36745	Bacteria	Bacillati	Bacillota	Clostridia	Eubacteriales	Clostridiaceae	Clostridium	Clostridium saccharoperbutylacetonicum	5.663043478260869	0.7519613086481552	0.13278395469410803	0.01
NR_036951.1	1	1381	18	1381	100.0	16.8718	37.4	3.11	169679	Bacteria	Bacillati	Bacillota	Clostridia	Eubacteriales	Clostridiaceae	Clostridium	Clostridium saccharobutylicum	16.871832005792903	2.5497673879828047	0.15112569797443148	0.02
NR_036952.1	1	1524	1	353	23.1627	0.231627	38.4	1.0	340047	Bacteria	Bacillati	Mycoplasmatota	Mollicutes	Mycoplasmatales	Mycoplasmataceae	Mycoplasma	Mycoplasma capricolum	0.2316272965879265	0.4218721276207941	1.8213402903515306	0.0
NR_036969.1	1	1504	1	1485	98.7367	0.987367	44.0	60.0	159728	Bacteria	Pseudomonadati	Thermodesulfobacteriota	Desulfovibrionia	Desulfovibrionales	Desulfovibrionaceae	Desulfovibrio	Desulfovibrio cuneatus	0.9873670212765957	0.11168431658911881	0.11311327417510754	0.0
NR_036979.1	1	1497	19	1444	96.4596	15.8684	38.7	0.895	36848	Bacteria	Bacillati	Bacillota	Bacilli	Bacillales	Paenibacillaceae	Oxalophagus	Oxalophagus oxalicus	15.868403473613894	6.286261567247515	0.3961495923455917	0.02
NR_036987.1	1	1524	1	1471	96.5223	0.965223	42.7	17.0	1479	Bacteria	Bacillati	Bacillota	Bacilli	Bacillales	Bacillaceae	Bacillus	Bacillus smithii	0.9652230971128609	0.1832142732232302	0.18981546729585508	0.0
NR_036993.1	1	1500	2	1264	84.2667	1.61667	29.7	1.0	35517	Bacteria	Bacillati	Bacillota	Clostridia	Eubacteriales	Eubacteriales Family XIII. Incertae Sedis	unclassified Eubacteriales Family XIII. Incertae Sedis genus	[Eubacterium] brachy	1.6166666666666667	0.742331162996378	0.45917391525549156	0.0
NR_037003.1	1	1549	3	1548	99.9354	2.79987	38.2	1.0	160487	Bacteria	Bacillati	Bacillota	Bacilli	Bacillales	Paenibacillaceae	Paenibacillus	Paenibacillus turicensis	2.7998708844415754	0.4739569936994536	0.1692781607656107	0.0
NR_037008.1	1	1561	1	1222	78.2832	0.782832	32.2	1.0	1121425	Bacteria	Bacillati	Bacillota	Clostridia	Eubacteriales	Peptococcaceae	Desulfofundulus	Desulfofundulus australicus	0.7828315182575273	0.4123182415078722	0.5267011251994996	0.0
NR_037018.1	1	1516	6	1490	98.285	5.02309	41.1	1.0	905	Bacteria	Bacillati	Bacillota	Negativicutes	Acidaminococcales	Acidaminococcaceae	Acidaminococcus	Acidaminococcus fermentans	5.023087071240106	1.6105260519229456	0.3206247530814426	0.01
NR_037028.1	1	1332	1	1262	94.7447	0.947447	36.3	1.0	79681	Bacteria	Bacillati	Bacillota	Tissierellia	Tissierellales	Tissierellaceae	Tissierella	Tissierella creatinophila	0.9474474474474475	0.22313848115635126	0.23551541751209182	0.0
NR_037052.1	1	1423	1	1092	76.7393	0.767393	29.5	1.0	198	Bacteria	Pseudomonadati	Campylobacterota	Epsilonproteobacteria	Campylobacterales	Campylobacteraceae	Campylobacter	Campylobacter hyointestinalis	0.7673928320449754	0.42249387376738096	0.5505574930137208	0.0
NR_037059.1	1	1435	3	1112	77.4913	2.28084	32.7	0.0	945	Bacteria	Pseudomonadati	Pseudomonadota	Alphaproteobacteria	Rickettsiales	Anaplasmataceae	Ehrlichia	Ehrlichia chaffeensis	2.280836236933798	1.2521265525078709	0.5489769639012511	0.0
NR_037068.1	1	1441	9	1441	100.0	8.62179	39.2	7.67	29375	Bacteria	Bacillati	Bacillota	Clostridia	Lachnospirales	Lachnospiraceae	Lacrimispora	Lacrimispora xylanolytica	8.62179042331714	0.9405934388173885	0.10909490867159184	0.01
NR_037081.1	1	1450	4	1425	98.2759	3.90069	40.4	1.0	102134	Bacteria	Bacillati	Bacillota	Clostridia	Eubacteriales	Desulfallaceae	Desulfoscipio	Desulfoscipio gibsoniae	3.900689655172414	0.559371143427941	0.1434031396694686	0.0
NR_037086.1	1	1479	131	1479	100.0	124.13	37.9	8.71	1559	Bacteria	Bacillati	Bacillota	Clostridia	Eubacteriales	Clostridiaceae	Clostridium	Clostridium tertium	124.13049357674105	12.713832014889372	0.10242311658117523	0.15
NR_037089.1	1	1500	3	1500	100.0	2.94133	37.8	2.67	84112	Bacteria	Bacillati	Actinomycetota	Coriobacteriia	Eggerthellales	Eggerthellaceae	Eggerthella	Eggerthella lenta	2.941333333333333	0.24336164218892548	0.08273854562180151	0.0
NR_037091.1	1	1477	1	1390	94.1097	0.941097	24.7	1.0	132925	Bacteria	Bacillati	Bacillota	Clostridia	Eubacteriales	Clostridiaceae	Clostridium	Clostridium bowmanii	0.9410968178740691	0.23544340564426694	0.2501797914651671	0.0
NR_037096.1	1	1473	3	1472	99.9321	2.97556	41.8	1.0	150055	Bacteria	Bacillati	Bacillota	Bacilli	Lactobacillales	Streptococcaceae	Streptococcus	Streptococcus lutetiensis	2.975560081466395	0.16708060531155708	0.05615097687061911	0.0
NR_040796.1	1	1588	1	1210	76.1965	0.761965	43.4	1.0	643648	Bacteria	Bacillati	Bacillota	Clostridia	Eubacteriales	Syntrophomonadaceae	Syntrophothermus	Syntrophothermus lipocalidus	0.7619647355163728	0.4258808252854726	0.5589245872341575	0.0
NR_040797.1	1	1502	2	1496	99.6005	1.95273	37.6	4.0	1219356	Bacteria	Pseudomonadati	Pseudomonadota	Betaproteobacteria	Rhodocyclales	Zoogloeaceae	Thauera	Thauera butanivorans	1.9527296937416778	0.23027195213743473	0.11792310675432219	0.0
NR_040799.1	1	1505	1	1254	83.3223	0.833223	33.9	8.0	86175	Bacteria	Pseudomonadati	Pseudomonadota	Gammaproteobacteria	Pseudomonadales	Pseudomonadaceae	Halopseudomonas	Halopseudomonas pertucinogena	0.8332225913621263	0.37277701727159557	0.44739187479565495	0.0
NR_040816.1	1	1477	2	1465	99.1875	1.76303	36.5	11.5	1583	Bacteria	Bacillati	Bacillota	Bacilli	Lactobacillales	Lactobacillaceae	Weissella	Weissella confusa	1.7630331753554502	0.44391744992998916	0.25179188692265514	0.0
NR_040836.1	1	1587	5	1538	96.9124	4.68116	37.8	8.8	1120997	Bacteria	Bacillati	Bacillota	Negativicutes	Selenomonadales	Selenomonadaceae	Anaerovibrio	Anaerovibrio lipolyticus	4.681159420289855	1.0074288230134945	0.21520925321340903	0.01
NR_040840.1	1	1532	1	1211	79.047	0.79047	31.7	1.0	370438	Bacteria	Bacillati	Bacillota	Clostridia	Eubacteriales	Desulfotomaculaceae	Pelotomaculum	Pelotomaculum thermopropionicum	0.7904699738903395	0.4069732107499785	0.5148496770181396	0.0
NR_040843.1	1	1357	45	1347	99.2631	41.9705	40.0	46.7	116087	Bacteria	Bacillati	Bacillota	Tissierellia	Tissierellales	Peptoniphilaceae	Gallicola	Gallicola barnesae	41.97052321296979	7.193341150759928	0.1713903139653268	0.05
NR_040851.1	1	1547	1	1396	90.2392	0.902392	43.8	1.0	1418	Bacteria	Bacillati	Bacillota	Bacilli	Bacillales	Bacillaceae	Caldalkalibacillus	Caldalkalibacillus mannanilyticus	0.9023917259211377	0.2967842632455563	0.32888628598916586	0.0
NR_040855.1	1	1465	1	1209	82.5256	0.825256	42.6	1.0	1542	Bacteria	Bacillati	Bacillota	Clostridia	Eubacteriales	Clostridiaceae	Clostridium	Clostridium novyi	0.8252559726962457	0.37974801148316706	0.4601578468344415	0.0
NR_040878.1	1	1427	1	1334	93.4828	0.934828	31.2	1.0	926550	Bacteria	Bacillati	Chloroflexota	Caldilineae	Caldilineales	Caldilineaceae	Caldilinea	Caldilinea aerophila	0.9348283111422565	0.24682856364118697	0.2640362521109249	0.0
NR_040886.1	1	1504	2	1501	99.8005	1.95013	42.4	13.0	44252	Bacteria	Bacillati	Bacillota	Bacilli	Bacillales	Paenibacillaceae	Paenibacillus	Paenibacillus macerans	1.9501329787234043	0.22664876608471485	0.11622221077102322	0.0
NR_040890.1	1	1531	3	1521	99.3468	2.52515	35.2	8.67	46240	Bacteria	Bacillati	Bacillota	Bacilli	Bacillales	Paenibacillaceae	Paenibacillus	Paenibacillus apiarius	2.5251469627694316	0.6121893989433019	0.2424371365189331	0.0
NR_040891.1	1	1531	1	1501	98.0405	0.980405	42.8	1.0	59840	Bacteria	Bacillati	Bacillota	Bacilli	Bacillales	Paenibacillaceae	Paenibacillus	Paenibacillus curdlanolyticus	0.9804049640757675	0.13860400604369214	0.14137423934236687	0.0
NR_040896.1	1	1380	1	1148	83.1884	0.831884	45.4	0.0	180198	Bacteria	Pseudomonadati	Pseudomonadota	Alphaproteobacteria	Rhodospirillales	Novispirillaceae	Novispirillum	Novispirillum itersonii	0.8318840579710145	0.3739692127230429	0.44954487243710733	0.0
NR_040897.1	1	1486	106	1486	100.0	100.685	35.4	4.64	180194	Bacteria	Pseudomonadati	Pseudomonadota	Betaproteobacteria	Burkholderiales	Comamonadaceae	Giesbergeria	Giesbergeria giesbergeri	100.6850605652759	9.015935060949031	0.08954590691340789	0.12
NR_040900.1	1	1475	17	1472	99.7966	15.7254	35.9	0.941	180197	Bacteria	Pseudomonadati	Pseudomonadota	Betaproteobacteria	Burkholderiales	Comamonadaceae	Giesbergeria	Giesbergeria anulus	15.72542372881356	2.581524527919594	0.16416247806343615	0.02
NR_040902.1	1	1510	13	1343	88.9404	10.9583	40.2	24.5	182264	Bacteria	Bacillati	Bacillota	Clostridia	Eubacteriales	Desulfallaceae	Sporotomaculum	Sporotomaculum syntrophicum	10.958278145695365	4.148435556329535	0.3785663679251585	0.01
NR_040903.1	1	1461	6	1459	99.8631	5.65572	33.1	36.2	183670	Bacteria	Pseudomonadati	Pseudomonadota	Betaproteobacteria	Burkholderiales	Comamonadaceae	Macromonas	Macromonas bipunctata	5.655715263518139	0.646066801350082	0.1142325543715926	0.01
NR_040925.1	1	1447	4	1383	95.5771	3.73255	41.7	1.0	694427	Bacteria	Pseudomonadati	Bacteroidota	Bacteroidia	Bacteroidales	Paludibacteraceae	Paludibacter	Paludibacter propionicigenes	3.7325501036627506	0.8819376521024108	0.23628287031886472	0.0
NR_040948.1	1	1483	1	1448	97.6399	0.976399	38.7	1.0	947009	Bacteria	Bacillati	Bacillota	Clostridia	Eubacteriales	Desulfotomaculaceae	Pelotomaculum	Pelotomaculum terephthalicicum	0.9763991908293999	0.15180188067706135	0.15547112503044336	0.0
NR_040961.1	1	1540	6	1540	100.0	5.67662	36.2	27.2	51173	Bacteria	Bacillati	Bacillota	Bacilli	Bacillales	Caryophanaceae	Ureibacillus	Ureibacillus thermosphaericus	5.676623376623376	0.6236457752282332	0.10986210179037739	0.01
NR_040970.1	1	1428	1	1078	75.4902	0.754902	20.0	1.0	229919	Bacteria	Bacillati	Chloroflexota	Anaerolineae	Anaerolineales	Anaerolineaceae	Anaerolinea	Anaerolinea thermolimosa	0.7549019607843137	0.4301453131074583	0.5698028822981915	0.0
NR_040971.1	1	1426	100	1425	99.9299	95.122	38.7	36.5	229920	Bacteria	Bacillati	Chloroflexota	Anaerolineae	Anaerolineales	Anaerolineaceae	Leptolinea	Leptolinea tardivitalis	95.12201963534362	6.998936434101235	0.07357850959149215	0.11
NR_040972.1	1	1424	195	1424	100.0	188.055	38.0	26.9	229921	Bacteria	Bacillati	Chloroflexota	Anaerolineae	Anaerolineales	Anaerolineaceae	Levilinea	Levilinea saccharolytica	188.05547752808988	13.690617873182173	0.07280095242712195	0.22
NR_040979.1	1	1486	6	1486	100.0	5.47174	33.1	0.667	54913	Bacteria	Bacillati	Bacillota	Bacilli	Bacillales	Paenibacillaceae	Brevibacillus	Brevibacillus formosus	5.471736204576043	0.8047273350918366	0.147069833962178	0.01
NR_040981.1	1	1486	7	1486	100.0	6.94886	39.3	13.9	54914	Bacteria	Bacillati	Bacillota	Bacilli	Bacillales	Paenibacillaceae	Brevibacillus	Brevibacillus parabrevis	6.94885598923284	0.22631856081679722	0.03256918277878759	0.01
NR_040983.1	1	1487	10	1487	100.0	9.55548	40.6	19.4	51101	Bacteria	Bacillati	Bacillota	Bacilli	Bacillales	Paenibacillaceae	Brevibacillus	Brevibacillus agri	9.555480833893746	1.1157528365196732	0.11676574480292448	0.01
NR_040984.1	1	1486	1	1440	96.9044	0.969044	40.0	1.0	45462	Bacteria	Bacillati	Bacillota	Bacilli	Bacillales	Paenibacillaceae	Brevibacillus	Brevibacillus borstelensis	0.9690444145356663	0.17319739372431267	0.17873008824606154	0.0
NR_041000.1	1	1571	6	1474	93.8256	5.13877	34.0	13.5	258475	Bacteria	Bacillati	Bacillota	Clostridia	Eubacteriales	Desulfotomaculaceae	Pelotomaculum	Pelotomaculum propionicicum	5.138765117759389	1.7696337381966107	0.34436945406997094	0.01
NR_041006.2	1	1515	1	1483	97.8878	0.978878	35.4	27.0	29369	Bacteria	Bacillati	Bacillota	Clostridia	Eubacteriales	Clostridiaceae	Clostridium	Clostridium sardiniense	0.9788778877887789	0.14379140651289718	0.14689412061162455	0.0
NR_041011.1	1	1496	1	1477	98.7299	0.987299	37.9	60.0	265291	Bacteria	Pseudomonadati	Pseudomonadota	Betaproteobacteria	Burkholderiales	Comamonadaceae	Comamonas	Comamonas badia	0.9872994652406417	0.1119787085841977	0.11341919298710884	0.0
NR_041017.1	1	1467	126	1459	99.4547	119.991	38.6	22.3	266126	Bacteria	Pseudomonadati	Pseudomonadota	Betaproteobacteria	Rhodocyclales	Azonexaceae	Azonexus	Azonexus caeni	119.99113837764145	12.628099848884375	0.10524193719323387	0.14
NR_041019.1	1	1463	35	1463	100.0	33.6951	37.8	54.2	266128	Bacteria	Pseudomonadati	Pseudomonadota	Gammaproteobacteria	Lysobacterales	Lysobacteraceae	Stenotrophomonas	Stenotrophomonas koreensis	33.69514695830485	2.621749759226213	0.07780793366090452	0.04
NR_041023.1	1	1409	58	1164	82.6118	45.7502	34.1	3.78	1069081	Bacteria	Pseudomonadati	Campylobacterota	Epsilonproteobacteria	Nautiliales	Nitratiruptoraceae	Nitratiruptor	Nitratiruptor tergarcus	45.75017743080199	22.32360970718816	0.487945860777328	0.06
NR_041024.1	1	1439	4	1121	77.9013	3.09868	40.3	0.25	749222	Bacteria	Pseudomonadati	Campylobacterota	Epsilonproteobacteria	Campylobacterales	Sulfurovaceae	Nitratifractor	Nitratifractor salsuginis	3.098679638637943	1.660979116979495	0.5360280218285475	0.0
NR_041166.1	1	1455	1	1210	83.1615	0.831615	40.9	1.0	270689	Bacteria	Bacillati	Actinomycetota	Actinomycetes	Kitasatosporales	Streptomycetaceae	Streptomyces	Streptomyces aculeolatus	0.8316151202749141	0.37420771238051115	0.44997704257325927	0.0
NR_041235.1	1	1560	13	1357	86.9872	10.4929	37.1	0.923	720554	Bacteria	Bacillati	Bacillota	Clostridia	Eubacteriales	Oscillospiraceae	Acetivibrio	Acetivibrio clariflavus	10.492948717948718	4.561398966965261	0.4347108796179246	0.01
NR_041236.1	1	1438	1	1314	91.3769	0.913769	21.8	1.0	1122184	Bacteria	Bacillati	Bacillota	Clostridia	Lutisporales	Lutisporaceae	Lutispora	Lutispora thermophila	0.913769123783032	0.2807046707908889	0.3071943048685679	0.0
NR_041238.1	1	1386	1	1143	82.4675	0.824675	44.1	0.0	290306	Bacteria	Pseudomonadati	Pseudomonadota	Alphaproteobacteria	Rhodobacterales	Paracoccaceae	Paracoccus	Paracoccus koreensis	0.8246753246753247	0.38024457070019163	0.4610839676207048	0.0
NR_041254.1	1	1528	3	1512	98.9529	2.22971	38.8	1.0	929712	Bacteria	Bacillati	Actinomycetota	Thermoleophilia	Solirubrobacterales	Patulibacteraceae	Patulibacter	Patulibacter minatonensis	2.2297120418848166	0.7861576789281538	0.3525826044620543	0.0
NR_041277.1	1	1490	6	1485	99.6644	5.75034	39.2	11.8	484018	Bacteria	Pseudomonadati	Bacteroidota	Bacteroidia	Bacteroidales	Bacteroidaceae	Phocaeicola	Phocaeicola plebeius	5.750335570469798	0.7359989933858236	0.12799235529235262	0.01
NR_041278.1	1	1490	3	1478	99.1946	2.70604	38.3	26.3	470145	Bacteria	Pseudomonadati	Bacteroidota	Bacteroidia	Bacteroidales	Bacteroidaceae	Phocaeicola	Phocaeicola coprocola	2.706040268456376	0.5515357677217633	0.20381654114717937	0.0
NR_041306.1	1	1482	28	1482	100.0	26.3151	38.8	55.4	909663	Bacteria	Pseudomonadati	Thermodesulfobacteriota	Syntrophorhabdia	Syntrophorhabdales	Syntrophorhabdaceae	Syntrophorhabdus	Syntrophorhabdus aromaticivorans	26.315114709851553	2.900956311969122	0.1102391665001215	0.03
NR_041309.1	1	1479	1	1434	96.9574	0.969574	42.4	1.0	332095	Bacteria	Bacillati	Bacillota	Tissierellia	unclassified Tissierellia order	unclassified Tissierellia family	Dethiosulfatibacter	Dethiosulfatibacter aminovorans	0.9695740365111561	0.1717562931441474	0.17714613497921478	0.0
NR_041320.1	1	1455	28	1455	100.0	26.9643	37.1	16.4	947010	Bacteria	Bacillati	Bacillota	Clostridia	Eubacteriales	Desulfotomaculaceae	Pelotomaculum	Pelotomaculum isophthalicicum	26.96426116838488	2.0303778161024484	0.07529884848033702	0.03
NR_041337.1	1	1511	1	1443	95.4997	0.954997	42.2	1.0	349313	Bacteria	Bacillati	Actinomycetota	Actinomycetes	Micromonosporales	Micromonosporaceae	Krasilnikovia	Krasilnikovia cinnamomea	0.9549966909331569	0.2073113871447428	0.21708073872190323	0.0
NR_041340.1	1	1453	11	1452	99.9312	9.71094	36.0	1.0	351091	Bacteria	Bacillati	Bacillota	Clostridia	Eubacteriales	Oscillospiraceae	Oscillibacter	Oscillibacter valericigenes	9.710942876806607	2.283215637303486	0.23511781155223002	0.01
NR_041342.1	1	1488	2	1462	98.2527	1.95968	42.9	1.0	823	Bacteria	Pseudomonadati	Bacteroidota	Bacteroidia	Bacteroidales	Tannerellaceae	Parabacteroides	Parabacteroides distasonis	1.9596774193548387	0.271372265890265	0.13847802868474426	0.0
NR_041354.1	1	1425	13	1423	99.8596	12.4961	37.2	17.4	360411	Bacteria	Bacillati	Chloroflexota	Anaerolineae	Anaerolineales	Anaerolineaceae	Bellilinea	Bellilinea caldifistulae	12.496140350877193	1.2913283713903927	0.1033381776397658	0.01
NR_041355.1	1	1422	13	1422	100.0	12.0703	36.3	10.2	360412	Bacteria	Bacillati	Chloroflexota	Anaerolineae	Anaerolineales	Anaerolineaceae	Longilinea	Longilinea arvoryzae	12.070323488045007	1.7216597434712562	0.14263575828572164	0.01
NR_041365.1	1	1495	10	1495	100.0	9.59398	39.4	1.0	363832	Bacteria	Bacillati	Actinomycetota	Thermoleophilia	Solirubrobacterales	Solirubrobacteraceae	Solirubrobacter	Solirubrobacter soli	9.593979933110369	1.0379249363563774	0.1081850226488729	0.01
NR_041378.1	1	1499	1	1489	99.3329	0.993329	44.5	60.0	363870	Bacteria	Bacillati	Bacillota	Bacilli	Bacillales	Bacillaceae	Heyndrickxia	Heyndrickxia ginsengihumi	0.9933288859239493	0.0814039944538053	0.08195069690144671	0.0
NR_041381.1	1	1487	1	1440	96.8393	0.968393	44.2	1.0	363858	Bacteria	Bacillati	Bacillota	Bacilli	Bacillales	Paenibacillaceae	Paenibacillus	Paenibacillus massiliensis	0.968392737054472	0.17495211880575173	0.18066236157232837	0.0
NR_041384.1	1	1483	1	1389	93.6615	0.936615	36.1	1.0	363867	Bacteria	Bacillati	Actinomycetota	Actinomycetes	Propionibacteriales	Nocardioidaceae	Aeromicrobium	Aeromicrobium ginsengisoli	0.9366149696561025	0.24365419814195757	0.2601433951364457	0.0
NR_041392.1	1	1336	11	1336	100.0	10.8473	38.1	58.4	366522	Bacteria	Pseudomonadati	Campylobacterota	Epsilonproteobacteria	Campylobacterales	Sulfurospirillaceae	Sulfurospirillum	Sulfurospirillum cavolei	10.847305389221557	0.4435586050103648	0.0408911327831802	0.01
NR_041393.1	1	1510	1	1453	96.2252	0.962252	25.1	1.0	258723	Bacteria	Bacillati	Bacillota	Bacilli	Lactobacillales	Carnobacteriaceae	Marinilactibacillus	Marinilactibacillus piezotolerans	0.9622516556291391	0.19058700603167886	0.19806357818846185	0.0
NR_041396.1	1	1457	3	1303	89.4303	2.60673	36.6	1.0	358	Bacteria	Pseudomonadati	Pseudomonadota	Alphaproteobacteria	Hyphomicrobiales	Rhizobiaceae	Agrobacterium	Agrobacterium tumefaciens	2.606726149622512	0.9415498852966807	0.3612001534695271	0.0
NR_041449.1	1	1528	3	1527	99.9346	2.57984	38.5	12.3	717605	Bacteria	Bacillati	Bacillota	Bacilli	Bacillales	Paenibacillaceae	Thermobacillus	Thermobacillus composti	2.579842931937173	0.7494584267621467	0.29050544801942163	0.0
NR_041457.1	1	1530	1	1232	80.5229	0.805229	41.0	1.0	381742	Bacteria	Bacillati	Bacillota	Bacilli	Lactobacillales	Lactobacillaceae	Lacticaseibacillus	Lacticaseibacillus camelliae	0.8052287581699347	0.39602450073958645	0.49181614134055784	0.0
NR_041467.1	1	1514	1	1373	90.6869	0.906869	21.8	60.0	390841	Bacteria	Bacillati	Bacillota	Bacilli	Lactobacillales	Lactobacillaceae	Lentilactobacillus	Lentilactobacillus farraginis	0.9068692206076618	0.290615617822088	0.3204603389531254	0.0
NR_041494.1	1	1428	1	1346	94.2577	0.942577	36.1	0.0	1121021	Bacteria	Bacillati	Actinomycetota	Coriobacteriia	Eggerthellales	Eggerthellaceae	Adlercreutzia	Adlercreutzia equolifaciens	0.9425770308123249	0.23264903136988838	0.24682230074011932	0.0
NR_041497.1	1	1436	53	1433	99.7911	49.5097	37.7	28.5	396504	Bacteria	Bacillati	Bacillota	Clostridia	Eubacteriales	Oscillospiraceae	Ruminiclostridium	Ruminiclostridium sufflavum	49.50974930362117	9.139085591702813	0.18459163538996903	0.06
NR_041504.1	1	1483	1	1366	92.1106	0.921106	31.9	1.0	398048	Bacteria	Pseudomonadati	Bacteroidota	Sphingobacteriia	Sphingobacteriales	Sphingobacteriaceae	Olivibacter	Olivibacter ginsengisoli	0.921105866486851	0.26957345791148957	0.2926628390063975	0.0
NR_041510.1	1	1518	31	1466	96.5744	27.2563	38.2	2.0	398758	Bacteria	Bacillati	Bacillota	Bacilli	Lactobacillales	Carnobacteriaceae	Alkalibacterium	Alkalibacterium indicireducens	27.256258234519105	6.8788363614971715	0.2523764011299748	0.03
NR_041516.1	1	1458	1	1417	97.1879	0.971879	41.8	1.0	400772	Bacteria	Bacillati	Actinomycetota	Actinomycetes	Micrococcales	Microbacteriaceae	Microbacterium	Microbacterium ginsengisoli	0.9718792866941015	0.165317690490359	0.1701010534473842	0.0
NR_041517.1	1	1454	1	1342	92.2971	0.922971	32.8	1.0	400768	Bacteria	Bacillati	Actinomycetota	Actinomycetes	Propionibacteriales	Propionibacteriaceae	Microlunatus	Microlunatus panaciterrae	0.922971114167813	0.26663727530043396	0.2888901626578472	0.0
NR_041519.1	1	1469	1	1259	85.7046	0.857046	20.9	1.0	400777	Bacteria	Bacillati	Bacillota	Bacilli	Bacillales	Paenibacillaceae	Paenibacillus	Paenibacillus ginsengarvi	0.8570456092579987	0.3500263317374642	0.40841039024808173	0.0
NR_041521.1	1	1475	2	1467	99.4576	1.93831	35.6	30.5	101070	Bacteria	Bacillati	Bacillota	Bacilli	Bacillales	Caryophanaceae	Rummeliibacillus	Rummeliibacillus pycnus	1.9383050847457628	0.26217572411100254	0.13526029837835912	0.0
NR_041528.1	1	1571	41	1422	90.5156	34.2457	37.2	0.463	402877	Bacteria	Bacillati	Bacillota	Clostridia	Eubacteriales	Syntrophomonadaceae	Syntrophomonas	Syntrophomonas palmitatica	34.24570337364736	12.65764144749024	0.3696125411525496	0.05
NR_041547.1	1	1450	1	923	63.6552	0.636552	38.2	1.0	412593	Bacteria	Pseudomonadati	Thermosulfidibacterota	Thermosulfidibacteria	Thermosulfidibacterales	Thermosulfidibacteraceae	Thermosulfidibacter	Thermosulfidibacter takaii	0.636551724137931	0.48099233531830565	0.7556217618759948	0.0
NR_041557.1	1	1496	1	1108	74.0642	0.740642	32.8	1.0	415223	Bacteria	Pseudomonadati	Verrucomicrobiota	Opitutia	Puniceicoccales	Pelagicoccaceae	Pelagicoccus	Pelagicoccus litoralis	0.7406417112299465	0.4382825194053741	0.5917605135653787	0.0
NR_041577.1	1	1538	2	1303	84.7204	1.61769	38.5	1.0	40324	Bacteria	Pseudomonadati	Pseudomonadota	Gammaproteobacteria	Lysobacterales	Lysobacteraceae	Stenotrophomonas	Stenotrophomonas maltophilia	1.6176853055916776	0.7360311449599397	0.45499031388600775	0.0
NR_041579.1	1	1466	1	1236	84.3111	0.843111	39.2	19.0	429341	Bacteria	Bacillati	Bacillota	Bacilli	Bacillales	Paenibacillaceae	Paenibacillus	Paenibacillus montaniterrae	0.8431105047748977	0.36369655141768115	0.43137471228019464	0.0
NR_041580.1	1	1504	1	1195	79.4548	0.794548	43.6	1.0	429342	Bacteria	Bacillati	Bacillota	Bacilli	Bacillales	Paenibacillaceae	Paenibacillus	Paenibacillus septentrionalis	0.7945478723404256	0.40403162116315633	0.5085050696480227	0.0
NR_041590.1	1	1342	4	1311	97.69	3.56632	33.1	3.5	742816	Bacteria	Bacillati	Bacillota	Negativicutes	Selenomonadales	Selenomonadaceae	Megamonas	Megamonas funiformis	3.5663189269746645	0.8826855848226357	0.24750607079648498	0.0
NR_041609.1	1	1469	1	1387	94.418	0.94418	41.6	0.0	446660	Bacteria	Bacillati	Actinomycetota	Coriobacteriia	Eggerthellales	Eggerthellaceae	Adlercreutzia	Adlercreutzia equolifaciens	0.9441797140912185	0.2295743487191963	0.24314687690591158	0.0
NR_041610.1	1	1489	2	1489	100.0	1.99799	42.2	28.0	1605	Bacteria	Bacillati	Bacillota	Bacilli	Lactobacillales	Lactobacillaceae	Ligilactobacillus	Ligilactobacillus animalis	1.9979852249832102	0.04484100465446136	0.02244311123714049	0.0
NR_041611.1	1	1488	4	1488	100.0	3.98118	41.8	56.8	1623	Bacteria	Bacillati	Bacillota	Bacilli	Lactobacillales	Lactobacillaceae	Ligilactobacillus	Ligilactobacillus ruminis	3.9811827956989245	0.14073806572804737	0.03535081731994168	0.0
NR_041622.1	1	1453	1	1204	82.863	0.82863	29.1	1.0	454147	Bacteria	Pseudomonadati	Verrucomicrobiota	Verrucomicrobiia	Verrucomicrobiales	Verrucomicrobiaceae	Roseibacillus	Roseibacillus ponti	0.8286304198210599	0.3768315899287533	0.4547643689090354	0.0
NR_041633.1	1	1439	1	1393	96.8033	0.968033	39.9	47.0	1331058	Bacteria	Bacillati	Actinomycetota	Acidimicrobiia	Acidimicrobiales	Ilumatobacteraceae	Ilumatobacter	Ilumatobacter fluminis	0.9680333564975677	0.17591127651637414	0.18172026339344036	0.0
NR_041707.1	1	1506	1	1494	99.2032	0.992032	41.5	10.0	1139996	Bacteria	Bacillati	Bacillota	Bacilli	Lactobacillales	Enterococcaceae	Enterococcus	Enterococcus saccharolyticus	0.9920318725099602	0.08890802232837353	0.0896221429896456	0.0
NR_041723.1	1	1473	1	1439	97.6918	0.976918	30.4	28.0	85693	Bacteria	Bacillati	Actinomycetota	Actinomycetes	Mycobacteriales	Mycobacteriaceae	Mycolicibacterium	Mycolicibacterium monacense	0.9769178547182621	0.15016444269843024	0.15371245593800398	0.0
NR_041754.1	1	1371	1	1287	93.8731	0.938731	35.2	36.0	92945	Bacteria	Pseudomonadati	Pseudomonadota	Alphaproteobacteria	Rhodobacterales	Roseobacteraceae	Ketogulonicigenium	Ketogulonicigenium vulgare	0.9387308533916849	0.23982334807562772	0.2554761540106337	0.0
NR_041757.1	1	1481	1	1240	83.7272	0.837272	35.7	1.0	80867	Bacteria	Pseudomonadati	Pseudomonadota	Betaproteobacteria	Burkholderiales	Comamonadaceae	Paracidovorax	Paracidovorax avenae	0.837272113436867	0.3691172191835934	0.4408569367829853	0.0
NR_041768.1	1	1514	18	1302	85.9974	13.9293	37.9	1.39	420662	Bacteria	Pseudomonadati	Pseudomonadota	Betaproteobacteria	Burkholderiales	Sphaerotilaceae	Methylibium	Methylibium petroleiphilum	13.929326287978864	6.101705043168412	0.43804739131096665	0.02
NR_041769.1	1	1522	1	814	53.4823	0.534823	20.7	1.0	521	Bacteria	Pseudomonadati	Pseudomonadota	Betaproteobacteria	Burkholderiales	Alcaligenaceae	Bordetella	Bordetella avium	0.5348226018396847	0.49878591239239417	0.932619359534673	0.0
NR_041773.1	1	1471	1	1287	87.4915	0.874915	26.8	1.0	1646	Bacteria	Bacillati	Actinomycetota	Actinomycetes	Micrococcales	Micrococcaceae	Renibacterium	Renibacterium salmoninarum	0.8749150237933379	0.33081524289857733	0.37811128384134207	0.0
NR_041794.1	1	1434	4	1421	99.0934	3.62622	32.4	2.25	1178541	Bacteria	Bacillati	Bacillota	Bacilli	Bacillales	Bacillaceae	Bacillus	Bacillus safensis	3.6262203626220364	0.7903065602101337	0.21794223218102532	0.0
NR_041795.1	1	1504	7	1497	99.5346	6.59176	32.0	1.14	1550	Bacteria	Bacillati	Bacillota	Clostridia	Eubacteriales	Clostridiaceae	Clostridium	Clostridium subterminale	6.591755319148936	0.8703668239405502	0.13203870316790273	0.01
NR_041802.1	1	1503	5	1218	81.0379	3.73919	40.6	0.8	416555	Bacteria	Bacillati	Bacillota	Thermolithobacteria	Thermolithobacterales	Thermolithobacteraceae	Thermolithobacter	Thermolithobacter ferrireducens	3.739188290086494	1.9181109389174094	0.5129752208528231	0.01
NR_041813.1	1	1501	2	1241	82.6782	1.53564	35.6	1.0	138853	Bacteria	Bacillati	Mycoplasmatota	Mollicutes	Entomoplasmatales	Entomoplasmataceae	Mesoplasma	Mesoplasma lactucae	1.5356429047301798	0.7714695670403225	0.5023756269533728	0.0
NR_041834.1	1	1341	1	997	74.3475	0.743475	23.5	1.0	197	Bacteria	Pseudomonadati	Campylobacterota	Epsilonproteobacteria	Campylobacterales	Campylobacteraceae	Campylobacter	Campylobacter jejuni	0.7434750186428039	0.43671491306902316	0.5873968890928386	0.0
NR_041841.1	1	1483	58	1483	100.0	53.9312	37.9	1.03	382641	Bacteria	Bacillati	Bacillota	Bacilli	Lactobacillales	Carnobacteriaceae	Trichococcus	Trichococcus patagoniensis	53.93122049898854	9.170042127325415	0.17003216397628895	0.06
NR_041849.1	1	1529	135	1521	99.4768	115.824	38.6	1.85	897	Bacteria	Pseudomonadati	Thermodesulfobacteriota	Desulfobacteria	Desulfobacterales	Desulfococcaceae	Desulfococcus	Desulfococcus multivorans	115.82406801831262	30.616466182468496	0.26433595975603114	0.15
NR_041853.1	1	1523	1	1056	69.3368	0.693368	30.6	1.0	2296	Bacteria	Pseudomonadati	Thermodesulfobacteriota	Desulfobacteria	Desulfobacterales	Desulfobacteraceae	Desulforapulum	Desulforapulum autotrophicum	0.6933683519369666	0.46109508831604545	0.6650074048345996	0.0
NR_041882.1	1	1525	15	1523	99.8689	14.0761	37.1	12.9	180332	Bacteria	Bacillati	Bacillota	Clostridia	Lachnospirales	Lachnospiraceae	Robinsoniella	Robinsoniella peoriensis	14.076065573770492	1.6363045917590184	0.11624729816605343	0.02
NR_041885.1	1	1450	2	1448	99.8621	1.91172	41.1	35.5	181070	Bacteria	Bacillati	Bacillota	Clostridia	Peptostreptococcales	Filifactoraceae	Proteocatella	Proteocatella sphenisci	1.9117241379310346	0.2885166458535806	0.15091960190753675	0.0
NR_041886.1	1	1414	1	1360	96.181	0.96181	20.6	1.0	195105	Bacteria	Pseudomonadati	Pseudomonadota	Alphaproteobacteria	Rhodobacterales	Paracoccaceae	Haematobacter	Haematobacter massiliensis	0.9618104667609618	0.19165357494714605	0.19926334924651803	0.0
NR_041894.1	1	1439	198	1438	99.9305	177.821	37.2	6.85	187327	Bacteria	Bacillati	Bacillota	Negativicutes	Acidaminococcales	Acidaminococcaceae	Acidaminococcus	Acidaminococcus intestini	177.821403752606	42.913889090062405	0.24133140434413816	0.22
NR_041910.1	1	1492	1	1488	99.7319	0.997319	42.8	15.0	43767	Bacteria	Bacillati	Actinomycetota	Actinomycetes	Mycobacteriales	Nocardiaceae	Prescottella	Prescottella equi	0.9973190348525469	0.051708583168863204	0.051847584736521436	0.0
NR_041925.1	1	1344	1	1326	98.6607	0.986607	43.2	31.0	382514	Bacteria	Pseudomonadati	Pseudomonadota	Alphaproteobacteria	Rhodospirillales	Rhodospirillaceae	Telmatospirillum	Telmatospirillum siberiense	0.9866071428571429	0.11494993919271264	0.11651034560709335	0.0
NR_041928.1	1	1450	1	1228	84.6897	0.846897	35.0	1.0	29374	Bacteria	Bacillati	Bacillota	Clostridia	Peptostreptococcales	Filifactoraceae	Filifactor	Filifactor villosus	0.8468965517241379	0.36008718722262656	0.42518438230684735	0.0
NR_041951.1	1	1510	2	1479	97.947	1.90331	40.3	1.0	1009370	Bacteria	Bacillati	Bacillota	Negativicutes	Selenomonadales	Sporomusaceae	Acetonema	Acetonema longum	1.9033112582781457	0.35832894328411447	0.18826607667328213	0.0
NR_041990.1	1	1464	31	1464	100.0	29.6537	38.3	37.1	1863	Bacteria	Bacillati	Actinomycetota	Actinomycetes	Micrococcales	Dermatophilaceae	Dermatophilus	Dermatophilus congolensis	29.653688524590162	3.1483602378279896	0.1061709485218754	0.03
NR_041998.1	1	1489	6	1212	81.3969	3.35796	29.8	0.333	1122619	Bacteria	Pseudomonadati	Pseudomonadota	Betaproteobacteria	Burkholderiales	Alcaligenaceae	Oligella	Oligella ureolytica	3.3579583613163195	2.423609000350619	0.7217507603044143	0.01
NR_042007.1	1	1454	2	1435	98.6933	1.88858	30.6	1.0	622312	Bacteria	Bacillati	Bacillota	Clostridia	Lachnospirales	Lachnospiraceae	Roseburia	Roseburia inulinivorans	1.888583218707015	0.35374833241938675	0.18730884025411082	0.0
NR_042008.1	1	1485	1	1413	95.1515	0.951515	28.1	1.0	585394	Bacteria	Bacillati	Bacillota	Clostridia	Lachnospirales	Lachnospiraceae	Roseburia	Roseburia hominis	0.9515151515151515	0.21478842602023931	0.22573305919324513	0.0
NR_042018.1	1	1463	1	1342	91.7293	0.917293	37.7	22.0	29503	Bacteria	Pseudomonadati	Thermodesulfobacteriota	Desulfovibrionia	Desulfovibrionales	Desulfomicrobiaceae	Desulfomicrobium	Desulfomicrobium escambiense	0.9172932330827067	0.275438482466379	0.30027309973793775	0.0
NR_042023.1	1	1331	3	1330	99.9249	2.79189	35.0	20.7	960	Bacteria	Pseudomonadati	Bdellovibrionota	Bacteriovoracia	Bacteriovoracales	Bacteriovoracaceae	Bacteriovorax	Bacteriovorax stolpii	2.791885800150263	0.4581283310653567	0.16409279027125667	0.0
NR_042025.1	1	1365	17	1365	100.0	15.4403	39.9	4.53	134034	Bacteria	Bacillati	Actinomycetota	Actinomycetes	Mycobacteriales	Corynebacteriaceae	Corynebacterium	Corynebacterium freneyi	15.44029304029304	3.639464586753125	0.23571214466302978	0.02
NR_042044.1	1	1468	1	1147	78.1335	0.781335	13.6	1.0	1121426	Bacteria	Bacillati	Bacillota	Clostridia	Eubacteriales	Desulfallaceae	Desulfoscipio	Desulfoscipio geothermicus	0.7813351498637602	0.41334069900160614	0.5290184360369292	0.0
NR_042051.1	1	1461	3	1407	96.3039	2.79466	43.3	6.67	150055	Bacteria	Bacillati	Bacillota	Bacilli	Lactobacillales	Streptococcaceae	Streptococcus	Streptococcus lutetiensis	2.7946611909650922	0.6204358921731788	0.22200755289370913	0.0
NR_042055.1	1	1549	1	1054	68.0439	0.680439	42.3	1.0	71451	Bacteria	Bacillati	Bacillota	Bacilli	Lactobacillales	Enterococcaceae	Enterococcus	Enterococcus malodoratus	0.6804389928986443	0.4663065191928188	0.6853024651135449	0.0
NR_042058.1	1	1569	1	1521	96.9407	0.969407	38.6	60.0	1255	Bacteria	Bacillati	Bacillota	Bacilli	Lactobacillales	Lactobacillaceae	Pediococcus	Pediococcus pentosaceus	0.9694072657743786	0.17221155256899517	0.17764623667373663	0.0
NR_042060.1	1	1437	1246	1437	100.0	1212.03	40.1	2.85	82803	Bacteria	Bacillati	Bacillota	Bacilli	Lactobacillales	Carnobacteriaceae	Trichococcus	Trichococcus flocculiformis	1212.0299234516353	68.60583873667316	0.056604079989458114	1.39
NR_042061.1	1	1520	242	1520	100.0	222.845	38.0	4.2	157076	Bacteria	Bacillati	Bacillota	Bacilli	Lactobacillales	Carnobacteriaceae	Trichococcus	Trichococcus collinsii	222.84473684210528	33.66457373754687	0.15106739434191624	0.27
NR_042068.1	1	1528	1	1218	79.712	0.79712	37.6	1.0	86177	Bacteria	Pseudomonadati	Pseudomonadota	Gammaproteobacteria	Oceanospirillales	Halomonadaceae	Vreelandella	Vreelandella utahensis	0.7971204188481675	0.4021435772252107	0.5044953908046979	0.0
NR_042072.1	1	1515	1	1465	96.6997	0.966997	43.2	1.0	28031	Bacteria	Bacillati	Bacillota	Bacilli	Bacillales	Bacillaceae	Lysinibacillus	Lysinibacillus fusiformis	0.966996699669967	0.17864513006896307	0.18474223348428603	0.0
NR_042073.1	1	1515	3	1512	99.802	2.83564	39.3	1.0	1421	Bacteria	Bacillati	Bacillota	Bacilli	Bacillales	Bacillaceae	Lysinibacillus	Lysinibacillus sphaericus	2.8356435643564355	0.4013798374902859	0.14154805721549887	0.0
NR_042074.1	1	1296	1	1174	90.5864	0.905864	34.6	1.0	155865	Bacteria	Bacillati	Bacillota	Clostridia	Eubacteriales	Eubacteriaceae	Eubacterium	Eubacterium pyruvativorans	0.9058641975308642	0.29201755625754305	0.32236350333030306	0.0
NR_042084.1	1	1505	2	1487	98.804	1.91894	40.7	1.0	171685	Bacteria	Bacillati	Bacillota	Bacilli	Bacillales	Bacillaceae	Alkalicoccobacillus	Alkalicoccobacillus murimartini	1.918936877076412	0.3137071226577379	0.16347964667586412	0.0
NR_042090.1	1	1487	11	1487	100.0	10.191	37.8	6.55	281362	Bacteria	Pseudomonadati	Pseudomonadota	Betaproteobacteria	Rhodocyclales	Azonexaceae	Dechloromonas	Dechloromonas denitrificans	10.190988567585743	1.6131935951785168	0.15829608526002736	0.01
NR_042120.1	1	1490	4	1287	86.3758	3.37651	41.7	3.0	32040	Bacteria	Pseudomonadati	Pseudomonadota	Betaproteobacteria	Burkholderiales	Comamonadaceae	Paracidovorax	Paracidovorax konjaci	3.376510067114094	1.3945670835674429	0.4130202652584953	0.0
NR_042131.1	1	1345	8	1254	93.2342	6.64015	29.1	12.5	225991	Bacteria	Pseudomonadati	Pseudomonadota	Betaproteobacteria	Burkholderiales	Comamonadaceae	Comamonas	Comamonas aquatica	6.640148698884758	2.3610582924647416	0.3555731052922492	0.01
NR_042144.1	1	1425	57	1425	100.0	54.3439	37.8	9.26	1492	Bacteria	Bacillati	Bacillota	Clostridia	Eubacteriales	Clostridiaceae	Clostridium	Clostridium butyricum	54.343859649122805	7.392908350239336	0.1360394421370229	0.06
NR_042152.1	1	1456	1	1437	98.6951	0.986951	42.2	0.0	168384	Bacteria	Bacillati	Bacillota	Clostridia	Lachnospirales	Lachnospiraceae	Marvinbryantia	Marvinbryantia formatexigens	0.9869505494505495	0.1134863973778689	0.11498691341835568	0.0
NR_042170.1	1	1527	10	1517	99.3451	9.33595	37.8	1.0	41988	Bacteria	Bacillati	Actinomycetota	Actinomycetes	Micrococcales	Microbacteriaceae	Cryobacterium	Cryobacterium psychrophilum	9.335952848722986	1.519714624531999	0.1627808804475563	0.01
NR_042180.1	1	1431	1	1378	96.2963	0.962963	32.7	1.0	231434	Bacteria	Pseudomonadati	Pseudomonadota	Alphaproteobacteria	Hyphomicrobiales	Beijerinckiaceae	Beijerinckia	Beijerinckia mobilis	0.9629629629629629	0.18885257457750945	0.1961161351381829	0.0
NR_042202.1	1	1553	42	1553	100.0	38.5106	37.9	4.36	329936	Bacteria	Bacillati	Bacillota	Clostridia	Eubacteriales	Desulfitobacteriaceae	Desulfosporosinus	Desulfosporosinus lacus	38.510624597553125	5.922773813178626	0.15379583881262068	0.05
NR_042215.1	1	1508	1	1263	83.7533	0.837533	39.7	21.0	254786	Bacteria	Bacillati	Bacillota	Bacilli	Lactobacillales	Streptococcaceae	Streptococcus	Streptococcus castoreus	0.8375331564986738	0.36887852778935637	0.4404345367429528	0.0
NR_042217.1	1	1515	1	1119	73.8614	0.738614	39.2	1.0	255247	Bacteria	Bacillati	Bacillota	Bacilli	Bacillales	Bacillaceae	Fictibacillus	Fictibacillus arsenicus	0.7386138613861386	0.4393898327845072	0.5948843580594535	0.0
NR_042218.1	1	1460	78	1460	100.0	66.174	38.7	25.1	255507	Bacteria	Pseudomonadati	Campylobacterota	Epsilonproteobacteria	Campylobacterales	Arcobacteraceae	Aliarcobacter	Aliarcobacter cibarius	66.17397260273972	18.905855637053584	0.2856992695685743	0.09
NR_042224.1	1	1494	1	1455	97.3896	0.973896	38.7	1.0	258505	Bacteria	Bacillati	Actinomycetota	Actinomycetes	Mycobacteriales	Mycobacteriaceae	Mycolicibacterium	Mycolicibacterium fluoranthenivorans	0.9738955823293173	0.15944584362333425	0.16371964974107311	0.0
NR_042234.1	1	1374	1	1178	85.7351	0.857351	39.3	60.0	262668	Bacteria	Pseudomonadati	Pseudomonadota	Gammaproteobacteria	Moraxellales	Moraxellaceae	Acinetobacter	Acinetobacter beijerinckii	0.8573508005822417	0.3497147485068808	0.4079015827236453	0.0
NR_042237.1	1	1525	11	1522	99.8033	10.2374	35.1	7.09	263067	Bacteria	Pseudomonadati	Pseudomonadota	Betaproteobacteria	Burkholderiales	Comamonadaceae	Malikia	Malikia granosa	10.237377049180328	0.9996948741693341	0.09765146573842137	0.01
NR_042260.1	1	1500	1	1253	83.5333	0.835333	35.4	1.0	273376	Bacteria	Pseudomonadati	Spirochaetota	Spirochaetia	Spirochaetales	Sphaerochaetaceae	Parasphaerochaeta	Parasphaerochaeta coccoides	0.8353333333333334	0.37087943533654427	0.4439897470110266	0.0
NR_042261.1	1	1479	2	1291	87.2887	1.6741	40.4	6.0	273676	Bacteria	Bacillati	Actinomycetota	Actinomycetes	Propionibacteriales	Nocardioidaceae	Nocardioides	Nocardioides oleivorans	1.674104124408384	0.6884138160484096	0.4112132608786744	0.0
NR_042263.1	1	1495	1	1487	99.4649	0.994649	39.6	60.0	273678	Bacteria	Bacillati	Actinomycetota	Actinomycetes	Micrococcales	Microbacteriaceae	Microbacterium	Microbacterium hydrocarbonoxydans	0.9946488294314382	0.07295570945517627	0.07334820822830432	0.0
NR_042272.1	1	1523	6	1520	99.803	5.35062	34.5	17.3	198119	Bacteria	Bacillati	Bacillota	Bacilli	Bacillales	Paenibacillaceae	Paenibacillus	Paenibacillus barcinonensis	5.350623768877216	1.2296316642890968	0.22981090007513738	0.01
NR_042274.1	1	1534	1	764	49.8044	0.498044	45.2	1.0	279826	Bacteria	Bacillati	Bacillota	Bacilli	Bacillales	Bacillaceae	Mesobacillus	Mesobacillus foraminis	0.4980443285528031	0.49999617533456353	1.0039190222031682	0.0
NR_042287.1	1	1516	107	1514	99.8681	99.6154	36.8	6.17	283877	Bacteria	Bacillati	Actinomycetota	Actinomycetes	Micrococcales	Microbacteriaceae	Leucobacter	Leucobacter chromiireducens	99.61543535620052	11.296402362735215	0.11340012039642283	0.12
NR_042288.1	1	1519	28	1516	99.8025	26.8552	36.6	2.43	283878	Bacteria	Bacillati	Actinomycetota	Actinomycetes	Micrococcales	Microbacteriaceae	Leucobacter	Leucobacter aridicollis	26.855167873601054	2.2759203959232495	0.08474794894730507	0.03
NR_042315.1	1	1509	35	1503	99.6024	32.7449	39.7	1.0	69373	Bacteria	Bacillati	Actinomycetota	Actinomycetes	Micrococcales	Microbacteriaceae	Curtobacterium	Curtobacterium pusillum	32.74486414844268	5.583558457454722	0.1705170750485545	0.04
NR_042318.1	1	1376	1	1306	94.9128	0.949128	40.7	36.0	287609	Bacteria	Pseudomonadati	Pseudomonadota	Alphaproteobacteria	Acetobacterales	Acetobacteraceae	Neoroseomonas	Neoroseomonas lacus	0.9491279069767442	0.21973648576121435	0.23151409219558264	0.0
NR_042321.1	1	1449	1	1442	99.5169	0.995169	42.6	7.0	288436	Bacteria	Pseudomonadati	Pseudomonadota	Alphaproteobacteria	Hyphomicrobiales	Rhizobiaceae	Hoeflea	Hoeflea alexandrii	0.9951690821256038	0.06933671543191865	0.06967330142916098	0.0
NR_042336.1	1	1531	93	1531	100.0	87.8622	38.1	0.344	293386	Bacteria	Bacillati	Bacillota	Bacilli	Bacillales	Bacillaceae	Bacillus	Bacillus stratosphericus	87.86218158066623	7.62639715604028	0.08679954240651865	0.1
NR_042337.1	1	1506	108	1483	98.4728	103.276	39.2	2.73	1178544	Bacteria	Bacillati	Bacillota	Bacilli	Bacillales	Bacillaceae	Bacillus	Bacillus altitudinis	103.27622841965471	15.03614699490772	0.14559155795087264	0.12
NR_042339.1	1	1531	78	1531	100.0	74.5676	39.2	0.0128	293389	Bacteria	Bacillati	Bacillota	Bacilli	Bacillales	Bacillaceae	Bacillus	Bacillus aerophilus	74.5676028739386	4.353107488792272	0.05837799957377582	0.09
NR_042341.1	1	1529	1	1442	94.31	0.9431	23.4	4.0	293647	Bacteria	Pseudomonadati	Myxococcota	unclassified Myxococcota class	Polyangiales	Polyangiaceae	Byssovorax	Byssovorax cruenta	0.9431000654022237	0.2316513156460506	0.24562750459279567	0.0
NR_042347.1	1	1503	4	1501	99.8669	3.96873	38.2	33.2	296995	Bacteria	Bacillati	Bacillota	Bacilli	Bacillales	unclassified Bacillales family	Exiguobacterium	Exiguobacterium indicum	3.968729208250166	0.21815514019793872	0.05496851227451834	0.0
NR_042360.1	1	1333	1	974	73.0683	0.730683	29.7	1.0	310575	Bacteria	Pseudomonadati	Pseudomonadota	Betaproteobacteria	Burkholderiales	Alcaligenaceae	Advenella	Advenella kashmirensis	0.7306826706676669	0.4436051233401545	0.6071105024768234	0.0
NR_042366.1	1	1483	2	1400	94.4032	1.57788	27.5	8.5	307124	Bacteria	Thermotogati	Deinococcota	Deinococci	Thermales	Thermaceae	Calidithermus	Calidithermus timidus	1.5778826702629805	0.5965480332921262	0.3780686894753091	0.0
NR_042381.1	1	1445	1	1151	79.654	0.79654	27.1	4.0	312286	Bacteria	Bacillati	Actinomycetota	Actinomycetes	Actinomycetales	Actinomycetaceae	Trueperella	Trueperella bonasi	0.7965397923875432	0.40257192094177763	0.505400891191024	0.0
NR_042383.1	1	1433	1	1331	92.8821	0.928821	23.5	1.0	444060	Bacteria	Bacillati	Bacillota	Bacilli	Bacillales	Bacillaceae	Alkalicoccobacillus	Alkalicoccobacillus plakortidis	0.9288206559665039	0.25712418209195753	0.2768286648668483	0.0
NR_042390.1	1	1486	4	1479	99.5289	3.78533	40.3	3.75	321318	Bacteria	Bacillati	Actinomycetota	Actinomycetes	Mycobacteriales	Dietziaceae	Dietzia	Dietzia cinnamea	3.785329744279946	0.5792045575895639	0.1530129729027719	0.0
NR_042394.1	1	1474	1	1414	95.9294	0.959294	32.2	3.0	1590	Bacteria	Bacillati	Bacillota	Bacilli	Lactobacillales	Lactobacillaceae	Lactiplantibacillus	Lactiplantibacillus plantarum	0.9592944369063772	0.19760723728359136	0.2059922685686094	0.0
NR_042398.1	1	1534	1	1422	92.6988	0.926988	36.8	1.0	83460	Bacteria	Pseudomonadati	Myxococcota	Myxococcia	Myxococcales	Archangiaceae	Stigmatella	Stigmatella erecta	0.9269882659713168	0.2601557624247648	0.2806462303513286	0.0
NR_042414.1	1	1508	58	1508	100.0	56.0405	38.9	11.9	333963	Bacteria	Bacillati	Actinomycetota	Actinomycetes	Micrococcales	Microbacteriaceae	Leucobacter	Leucobacter iarius	56.040450928381965	3.54644557116509	0.06328367299715955	0.06
NR_042421.1	1	1526	111	1526	100.0	105.422	38.8	39.2	337097	Bacteria	Bacillati	Bacillota	Bacilli	Bacillales	Bacillaceae	Vulcanibacillus	Vulcanibacillus modesticaldus	105.42201834862385	8.98973567094586	0.08527379585180565	0.12
NR_042425.1	1	1514	157	1509	99.6697	148.33	39.3	7.61	340320	Bacteria	Bacillati	Actinomycetota	Actinomycetes	Micrococcales	Microbacteriaceae	Leucobacter	Leucobacter luti	148.32959048877146	15.457542616550432	0.10421078198635333	0.17
NR_042426.1	1	1525	1	1205	79.0164	0.790164	20.0	1.0	340321	Bacteria	Bacillati	Actinomycetota	Actinomycetes	Micrococcales	Microbacteriaceae	Leucobacter	Leucobacter alluvii	0.7901639344262295	0.407191467442886	0.5153253011206649	0.0
NR_042427.1	1	1518	222	1518	100.0	212.076	37.6	49.0	343013	Bacteria	Pseudomonadati	Pseudomonadota	Betaproteobacteria	Burkholderiales	Comamonadaceae	Paenacidovorax	Paenacidovorax caeni	212.0764163372859	14.214179853107678	0.06702385912869008	0.25
NR_042451.1	1	1497	1	1493	99.7328	0.997328	36.6	26.0	592361	Bacteria	Pseudomonadati	Pseudomonadota	Gammaproteobacteria	Pseudomonadales	Pseudomonadaceae	Pseudomonas	Pseudomonas peli	0.9973279893119572	0.05162238900831418	0.0517606941362668	0.0
NR_042480.1	1	1512	1	1335	88.2937	0.882937	41.9	8.0	162426	Bacteria	Bacillati	Actinomycetota	Actinomycetes	Micrococcales	Microbacteriaceae	Microbacterium	Microbacterium hominis	0.8829365079365079	0.3214959267073113	0.3641212293494043	0.0
NR_042481.1	1	1513	1	1493	98.6781	0.986781	25.0	1.0	362649	Bacteria	Bacillati	Actinomycetota	Actinomycetes	Micrococcales	Microbacteriaceae	Microbacterium	Microbacterium thalassium	0.9867812293456708	0.1142104844430573	0.11574043065126972	0.0
NR_042494.1	1	1519	1	1138	74.9177	0.749177	23.9	20.0	249	Bacteria	Pseudomonadati	Bacteroidota	Chitinophagia	Chitinophagales	Chitinophagaceae	Terrimonas	Terrimonas ferruginea	0.749177090190915	0.43348676764578475	0.5786172232459992	0.0
NR_042513.1	1	1580	6	1549	98.038	5.68861	39.8	1.0	380084	Bacteria	Bacillati	Bacillota	Negativicutes	Selenomonadales	Sporomusaceae	Pelosinus	Pelosinus propionicus	5.688607594936709	1.0283312451811104	0.18077029009636786	0.01
NR_042519.1	1	1387	1	1327	95.6741	0.956741	43.5	1.0	386305	Bacteria	Pseudomonadati	Pseudomonadota	Alphaproteobacteria	Hyphomicrobiales	Brucellaceae	Pseudochrobactrum	Pseudochrobactrum kiredjianiae	0.9567411679884643	0.20343919353097484	0.21263764990765796	0.0
NR_042537.1	1	1544	2	1535	99.4171	1.8899	29.2	0.5	394098	Bacteria	Bacillati	Bacillota	Bacilli	Bacillales	Caryophanaceae	Bhargavaea	Bhargavaea cecembensis	1.8898963730569949	0.33111757634574657	0.17520409111646082	0.0
NR_042569.1	1	1512	1	1253	82.8704	0.828704	42.6	1.0	405446	Bacteria	Pseudomonadati	Pseudomonadota	Gammaproteobacteria	Lysobacterales	Lysobacteraceae	Stenotrophomonas	Stenotrophomonas terrae	0.8287037037037037	0.3767676673647409	0.45464701760214543	0.0
NR_042574.1	1	1487	3	1275	85.7431	2.53194	41.8	1.0	110937	Bacteria	Bacillati	Actinomycetota	Actinomycetes	Micrococcales	Microbacteriaceae	Rathayibacter	Rathayibacter festucae	2.531943510423672	1.0636225809898192	0.4200814815224067	0.0
NR_042580.1	1	1521	1	666	43.787	0.43787	38.9	1.0	415229	Bacteria	Pseudomonadati	Pseudomonadota	Gammaproteobacteria	Lysobacterales	Lysobacteraceae	Pseudoxanthomonas	Pseudoxanthomonas spadix	0.4378698224852071	0.4961248240533641	1.1330418279056558	0.0
NR_042584.1	1	1527	1	96	6.28684	0.0628684	31.7	0.0	417203	Bacteria	Pseudomonadati	Pseudomonadota	Betaproteobacteria	Burkholderiales	Burkholderiaceae	Mycetohabitans	Mycetohabitans endofungorum	0.06286836935166994	0.24272605440440856	3.860861302870124	0.0
NR_042589.1	1	1387	1	1300	93.7275	0.937275	41.3	11.0	419475	Bacteria	Pseudomonadati	Pseudomonadota	Alphaproteobacteria	Hyphomicrobiales	Brucellaceae	Brucella	Brucella pseudogrignonensis	0.9372746935832732	0.24246822957174086	0.25869494955077277	0.0
NR_042648.1	1	1517	9	1516	99.9341	8.28873	37.0	14.0	459347	Bacteria	Bacillati	Bacillota	Bacilli	Bacillales	Caryophanaceae	Solibacillus	Solibacillus cecembensis	8.288727752142385	1.3448152947652465	0.1622462861586511	0.01
NR_042655.1	1	1459	1	1188	81.4256	0.814256	16.8	1.0	459519	Bacteria	Pseudomonadati	Pseudomonadota	Alphaproteobacteria	Hyphomicrobiales	Xanthobacteraceae	Ancylobacter	Ancylobacter oerskovii	0.8142563399588759	0.38889966931800063	0.47761331442336946	0.0
NR_042669.1	1	1518	11	1513	99.6706	10.4071	38.9	4.82	475957	Bacteria	Bacillati	Actinomycetota	Actinomycetes	Micrococcales	Microbacteriaceae	Leifsonia	Leifsonia kafniensis	10.40711462450593	1.5730778391570146	0.15115408025321864	0.01
NR_042683.1	1	1501	1	1171	78.0147	0.780147	24.0	1.0	488545	Bacteria	Pseudomonadati	Campylobacterota	Epsilonproteobacteria	Campylobacterales	Campylobacteraceae	Campylobacter	Campylobacter lari	0.7801465689540307	0.41414719593797045	0.5308581905233933	0.0
NR_042684.1	1	1497	2	1136	75.8851	1.49766	32.8	1.0	488546	Bacteria	Pseudomonadati	Campylobacterota	Epsilonproteobacteria	Campylobacterales	Campylobacteraceae	Campylobacter	Campylobacter peloridis	1.4976619906479627	0.8557408853759323	0.5713845251595765	0.0
NR_042688.1	1	1516	6	1492	98.4169	5.09499	31.1	1.0	494024	Bacteria	Bacillati	Actinomycetota	Actinomycetes	Micrococcales	Microbacteriaceae	Leifsonia	Leifsonia antarctica	5.094986807387863	1.5965666286835227	0.3133603067172735	0.01
NR_042694.1	1	1484	114	1484	100.0	111.645	39.7	12.9	501483	Bacteria	Bacillati	Actinomycetota	Actinomycetes	Micrococcales	Microbacteriaceae	Leucobacter	Leucobacter tardus	111.64487870619946	7.464193550722522	0.06685656912544119	0.13
NR_042700.1	1	1401	1	1307	93.2905	0.932905	39.2	1.0	505694	Bacteria	Pseudomonadati	Pseudomonadota	Gammaproteobacteria	Chromatiales	Ectothiorhodospiraceae	Ectothiorhodospira	Ectothiorhodospira variabilis	0.9329050678087081	0.25018633508954474	0.2681798435045541	0.0
NR_042703.1	1	1490	47	1486	99.7315	42.9879	37.5	19.7	394964	Bacteria	Bacillati	Actinomycetota	Actinomycetes	Mycobacteriales	Corynebacteriaceae	Corynebacterium	Corynebacterium hansenii	42.98791946308725	7.438417533515454	0.1730350672100485	0.05
NR_042708.1	1	1486	1	1479	99.5289	0.995289	39.2	1.0	515415	Bacteria	Bacillati	Actinomycetota	Actinomycetes	Micrococcales	Microbacteriaceae	Microbacterium	Microbacterium invictum	0.9952893674293405	0.06847220247256362	0.068796276453164	0.0
NR_042718.1	1	1448	1	1367	94.4061	0.944061	41.5	1.0	150336	Bacteria	Bacillati	Bacillota	Clostridia	Eubacteriales	Clostridiaceae	Clostridium	Clostridium thiosulfatireducens	0.944060773480663	0.22980432862710665	0.24342111766792277	0.0
NR_042719.1	1	1465	1	1287	87.8498	0.878498	40.0	1.0	159731	Bacteria	Bacillati	Bacillota	Clostridia	Thermosediminibacterales	Thermosediminibacteraceae	Thermovenabulum	Thermovenabulum ferriorganovorum	0.8784982935153584	0.32670941493315	0.37189533246081175	0.0
NR_042723.1	1	1413	1	1312	92.8521	0.928521	42.6	1.0	166954	Bacteria	Pseudomonadati	Pseudomonadota	Alphaproteobacteria	Hyphomicrobiales	Kaistiaceae	Kaistia	Kaistia adipata	0.9285208775654635	0.2576234800838706	0.27745577542569294	0.0
NR_042744.1	1	1562	2	1278	81.8182	1.51601	25.7	2.0	202261	Bacteria	Bacillati	Bacillota	Bacilli	Bacillales	Bacillaceae	Virgibacillus	Virgibacillus kekensis	1.5160051216389245	0.7831859292132962	0.51661166445573	0.0
NR_042745.1	1	1493	2	1483	99.3302	1.87609	35.4	1.0	204516	Bacteria	Pseudomonadati	Bacteroidota	Bacteroidia	Bacteroidales	Bacteroidaceae	Phocaeicola	Phocaeicola massiliensis	1.8760884125920965	0.34921820284929966	0.18614165542806296	0.0
NR_042754.2	1	1399	1	963	68.8349	0.688349	36.3	1.0	213224	Bacteria	Pseudomonadati	Thermodesulfobacteriota	Desulfuromonadia	Desulfuromonadales	Geothermobacteraceae	Geothermobacter	Geothermobacter ehrlichii	0.688348820586133	0.46316813554454783	0.6728683505989848	0.0
NR_042756.1	1	1339	20	1339	100.0	19.3107	37.4	17.8	343517	Bacteria	Bacillati	Bacillota	Bacilli	Bacillales	Paenibacillaceae	Paenibacillus	Paenibacillus barengoltzii	19.310679611650485	1.7888454647492007	0.09263503412225625	0.02
NR_042768.1	1	1493	4	1473	98.6604	3.46015	27.2	8.25	225196	Bacteria	Pseudomonadati	Thermodesulfobacteriota	Desulfuromonadia	Desulfuromonadales	Geopsychrobacteraceae	Geopsychrobacter	Geopsychrobacter electrodiphilus	3.460147354320161	0.941304465892803	0.27204172814129984	0.0
NR_042792.1	1	1512	1	1464	96.8254	0.968254	39.3	2.0	1894	Bacteria	Bacillati	Actinomycetota	Actinomycetes	Kitasatosporales	Streptomycetaceae	Kitasatospora	Kitasatospora aureofaciens	0.9682539682539683	0.1753231907490075	0.18107149208504056	0.0
NR_042805.1	1	1507	2	1226	81.3537	1.56868	30.2	11.0	60450	Bacteria	Bacillati	Actinomycetota	Actinomycetes	Propionibacteriales	Kribbellaceae	Kribbella	Kribbella sandramycini	1.5686794956867949	0.7862629780178324	0.5012260185587452	0.0
NR_042818.1	1	1501	14	1501	100.0	13.3504	36.5	58.2	228924	Bacteria	Bacillati	Bacillota	Clostridia	Eubacteriales	Eubacteriales Family XII. Incertae Sedis	Guggenheimella	Guggenheimella bovis	13.350433044636908	1.1402841664955436	0.08541177373670399	0.02
NR_042819.1	1	1511	103	1511	100.0	96.8511	36.9	21.0	337779	Bacteria	Pseudomonadati	Pseudomonadota	Betaproteobacteria	Rhodocyclales	Azonexaceae	Dechloromonas	Dechloromonas hortensis	96.85109199205824	9.01331817363332	0.09306367112899881	0.11
NR_042827.1	1	1440	14	1200	83.3333	10.4674	33.6	0.643	869212	Bacteria	Pseudomonadati	Spirochaetota	Spirochaetia	Leptospirales	Leptospiraceae	Turneriella	Turneriella parva	10.467361111111112	5.258357499430866	0.5023575133802459	0.02
NR_042828.1	1	1499	93	1496	99.7999	90.3015	38.3	0.946	663278	Bacteria	Bacillati	Bacillota	Clostridia	Eubacteriales	Oscillospiraceae	Ethanoligenens	Ethanoligenens harbinense	90.3015343562375	6.41731451603547	0.0710653984097248	0.1
NR_042832.1	1	1456	1	1442	99.0385	0.990385	40.9	25.0	301302	Bacteria	Bacillati	Bacillota	Clostridia	Lachnospirales	Lachnospiraceae	Roseburia	Roseburia faecis	0.9903846153846154	0.09758549581819238	0.09853292781642725	0.0
NR_042843.1	1	1506	1	1305	86.6534	0.866534	37.6	0.0	553174	Bacteria	Pseudomonadati	Bacteroidota	Bacteroidia	Bacteroidales	Prevotellaceae	Prevotella	Prevotella melaninogenica	0.8665338645418327	0.3400778236580996	0.3924576263824505	0.0
NR_042851.1	1	1421	1	1355	95.3554	0.953554	44.5	1.0	240521	Bacteria	Pseudomonadati	Pseudomonadota	Alphaproteobacteria	Hyphomicrobiales	Rhizobiaceae	Rhizobium	Rhizobium daejeonense	0.9535538353272344	0.210449325159185	0.22069999339572094	0.0
NR_042854.1	1	1494	3	1120	74.9665	2.11044	38.3	0.667	81459	Bacteria	Bacillati	Mycoplasmatota	Mollicutes	Entomoplasmatales	Entomoplasmataceae	Mesoplasma	Mesoplasma melaleucae	2.110441767068273	1.30460442655811	0.6181665122987049	0.0
NR_042856.1	1	1442	1	1328	92.0943	0.920943	35.8	1.0	242698	Bacteria	Bacillati	Bacillota	Clostridia	Thermoanaerobacterales	Thermoanaerobacteraceae	Thermoanaerobacterium	Thermoanaerobacterium aciditolerans	0.9209431345353676	0.26982749579599763	0.29299039829655765	0.0
NR_042891.1	1	1501	1	1201	80.0133	0.800133	29.2	1.0	244735	Bacteria	Bacillati	Actinomycetota	Actinomycetes	Micrococcales	Microbacteriaceae	Klugiella	Klugiella xanthotipulae	0.8001332445036642	0.3999000319376137	0.49979179678464464	0.0
NR_042910.1	1	1380	1	1378	99.8551	0.998551	37.3	33.0	928	Bacteria	Pseudomonadati	Pseudomonadota	Betaproteobacteria	Burkholderiales	unclassified Burkholderiales family	Thiomonas	Thiomonas perometabolis	0.9985507246376811	0.03804175289393198	0.038096965887972525	0.0
NR_042930.1	1	1533	47	1533	100.0	43.4123	36.8	5.06	258515	Bacteria	Bacillati	Bacillota	Clostridia	Eubacteriales	Oscillospiraceae	Acetanaerobacterium	Acetanaerobacterium elongatum	43.412263535551205	6.668042068436493	0.15359812010207427	0.05
NR_042951.1	1	1434	1	1389	96.8619	0.968619	42.0	1.0	39481	Bacteria	Bacillati	Bacillota	Clostridia	Eubacteriales	Clostridiaceae	Clostridium	Clostridium combesii	0.9686192468619247	0.17434449079498515	0.17999280043197172	0.0
NR_042953.1	1	1390	7	1390	100.0	6.71799	38.4	42.7	264463	Bacteria	Bacillati	Bacillota	Clostridia	Lachnospirales	Lachnospiraceae	Anaerosporobacter	Anaerosporobacter mobilis	6.717985611510791	0.7430495010051699	0.11060599768656952	0.01
NR_042954.1	1	1561	5	1559	99.8719	4.205	37.7	1.0	264446	Bacteria	Bacillati	Bacillota	Clostridia	Eubacteriales	Syntrophomonadaceae	Syntrophomonas	Syntrophomonas erecta	4.204996796925048	0.9875590706337571	0.23485370342158665	0.01
NR_042970.1	1	1429	1	1335	93.422	0.93422	31.5	1.0	265477	Bacteria	Bacillati	Bacillota	Clostridia	Eubacteriales	Desulfallaceae	Desulfotruncus	Desulfotruncus alcoholivorax	0.9342197340797761	0.24789760494141172	0.2653525673867246	0.0
NR_042971.1	1	1533	4	1321	86.1709	3.32616	37.8	8.5	577650	Bacteria	Pseudomonadati	Thermodesulfobacteriota	Desulfobulbia	Desulfobulbales	Desulfobulbaceae	Desulfobulbus	Desulfobulbus propionicus	3.326157860404436	1.4153480459562884	0.42552040683486764	0.0
NR_042987.1	1	1411	3	1407	99.7165	2.98299	38.7	51.7	285070	Bacteria	Pseudomonadati	Bacteroidota	Bacteroidia	Bacteroidales	Dysgonomonadaceae	Petrimonas	Petrimonas sulfuriphila	2.9829907866761163	0.18365487554069962	0.06156736264859281	0.0
NR_043015.1	1	1505	1	1465	97.3422	0.973422	44.3	48.0	152268	Bacteria	Bacillati	Bacillota	Bacilli	Bacillales	Bacillaceae	Metabacillus	Metabacillus litoralis	0.973421926910299	0.16084675663667755	0.16523847695440252	0.0
NR_043020.2	1	1558	1	1481	95.0578	0.950578	43.7	0.0	33938	Bacteria	Bacillati	Bacillota	Bacilli	Bacillales	Anoxybacillaceae	Geobacillus	Geobacillus thermocatenulatus	0.9505776636713735	0.21674816954347328	0.22801731812878553	0.0
NR_043026.1	1	1429	1	1342	93.9118	0.939118	32.0	26.0	279572	Bacteria	Bacillati	Actinomycetota	Actinomycetes	Micrococcales	Microbacteriaceae	Agromyces	Agromyces italicus	0.9391182645206438	0.2391132571907683	0.2546146382456095	0.0
NR_043035.1	1	1440	6	1368	95.0	5.14236	41.0	4.33	28197	Bacteria	Pseudomonadati	Campylobacterota	Epsilonproteobacteria	Campylobacterales	Arcobacteraceae	Aliarcobacter	Aliarcobacter butzleri	5.142361111111111	1.8340559129484149	0.3566563828015824	0.01
NR_043042.1	1	1443	2	1352	93.6937	1.70894	41.8	1.0	281456	Bacteria	Bacillati	Bacillota	Clostridia	Eubacteriales	Thermincolaceae	Thermincola	Thermincola ferriacetica	1.708939708939709	0.5766023969377209	0.33740359236866635	0.0
NR_043056.1	1	1488	1	1284	86.2903	0.862903	31.2	1.0	282060	Bacteria	Bacillati	Actinomycetota	Actinomycetes	Micrococcales	Ornithinimicrobiaceae	Ornithinimicrobium	Ornithinimicrobium kibberense	0.8629032258064516	0.3439494856796145	0.3985956656474037	0.0
NR_043065.1	1	1438	1	1133	78.79	0.7879	20.2	1.0	282305	Bacteria	Bacillati	Actinomycetota	Actinomycetes	Mycobacteriales	Dietziaceae	Dietzia	Dietzia papillomatosis	0.7878998609179416	0.40879538901928764	0.5188418088347181	0.0
NR_043069.1	1	1517	14	1465	96.5722	12.0073	37.7	2.79	293256	Bacteria	Pseudomonadati	Thermodesulfobacteriota	Desulfovibrionia	Desulfovibrionales	Desulfovibrionaceae	Alkalidesulfovibrio	Alkalidesulfovibrio alkalitolerans	12.007251153592618	3.856944206741283	0.3212179171905861	0.02
NR_043073.1	1	1554	16	1553	99.9356	14.8005	39.6	2.06	283702	Bacteria	Pseudomonadati	Thermodesulfobacteriota	Syntrophobacteria	Syntrophobacterales	Syntrophobacteraceae	Syntrophobacterium	Syntrophobacterium sulfatireducens	14.8005148005148	2.4667883533099078	0.16666909134972158	0.02
NR_043101.1	1	1495	4	1495	100.0	3.80268	40.0	3.75	286803	Bacteria	Bacillati	Bacillota	Clostridia	Peptostreptococcales	Tepidibacteraceae	Sporacetigenium	Sporacetigenium mesophilum	3.802675585284281	0.43645677160996776	0.11477623105662302	0.0
NR_043111.1	1	1447	11	1130	78.0926	6.87008	38.2	1.73	432331	Bacteria	Pseudomonadati	Aquificota	Aquificia	Aquificales	Hydrogenothermaceae	Sulfurihydrogenibium	Sulfurihydrogenibium yellowstonense	6.87007601935038	4.03556873200862	0.5874125294453751	0.01
NR_043116.1	1	1358	1	802	59.0574	0.590574	18.8	4.0	391592	Bacteria	Pseudomonadati	Campylobacterota	Epsilonproteobacteria	Nautiliales	Nautiliaceae	Caminibacter	Caminibacter mediatlanticus	0.5905743740795287	0.4917278543667241	0.8326264666209617	0.0
NR_043129.1	1	1525	12	1524	99.9344	9.89705	34.8	2.42	305977	Bacteria	Pseudomonadati	Pseudomonadota	Betaproteobacteria	Burkholderiales	Alcaligenaceae	Pusillimonas	Pusillimonas noertemannii	9.897049180327869	2.684605380081328	0.2712531110199447	0.01
NR_043142.1	1	1465	1	1352	92.2867	0.922867	44.3	1.0	292800	Bacteria	Bacillati	Bacillota	Clostridia	Eubacteriales	Oscillospiraceae	Flavonifractor	Flavonifractor plautii	0.9228668941979522	0.2668025295820433	0.28910185343024664	0.0
NR_043154.1	1	1523	10	1523	100.0	9.27249	36.6	14.8	294710	Bacteria	Pseudomonadati	Bacteroidota	Bacteroidia	Bacteroidales	Dysgonomonadaceae	Proteiniphilum	Proteiniphilum acetatigenes	9.272488509520683	0.7618261178556104	0.08215983412364358	0.01
NR_043166.1	1	1547	1	1447	93.5359	0.935359	39.8	1.0	297318	Bacteria	Bacillati	Bacillota	Bacilli	Bacillales	Paenibacillaceae	Paenibacillus	Paenibacillus rhizosphaerae	0.9353587588881707	0.2458917466271539	0.26288495648390264	0.0
NR_043169.1	1	1485	1	713	48.0135	0.480135	34.0	10.0	296745	Bacteria	Bacillati	Bacillota	Bacilli	Bacillales	Bacillaceae	Caldalkalibacillus	Caldalkalibacillus thermarum	0.48013468013468014	0.49960521321004037	1.040552232281781	0.0
NR_043178.1	1	1515	2	1485	98.0198	1.9505	40.5	1.0	1276259	Bacteria	Bacillati	Mycoplasmatota	Mollicutes	Entomoplasmatales	Spiroplasmataceae	Spiroplasma	Spiroplasma phoeniceum	1.9504950495049505	0.29437759895680776	0.15092455581034306	0.0
NR_043186.1	1	1479	213	1479	100.0	203.933	37.7	26.5	314200	Bacteria	Pseudomonadati	Pseudomonadota	Betaproteobacteria	Burkholderiales	Comamonadaceae	Giesbergeria	Giesbergeria voronezhensis	203.93306288032454	13.757003827521686	0.06745842794306878	0.24
NR_043187.1	1	1491	114	1489	99.8659	103.281	37.8	4.24	314202	Bacteria	Pseudomonadati	Pseudomonadota	Betaproteobacteria	Burkholderiales	Comamonadaceae	Giesbergeria	Giesbergeria kuznetsovii	103.28101945003354	17.96989159466013	0.17399026162163134	0.13
NR_043199.1	1	1510	1	1178	78.0132	0.780132	42.0	1.0	2121	Bacteria	Bacillati	Mycoplasmatota	unclassified Mycoplasmatota class	Mycoplasmoidales	Metamycoplasmataceae	Metamycoplasma	Metamycoplasma orale	0.7801324503311259	0.4141567460171106	0.5308800394616613	0.0
NR_043207.1	1	1473	1	1238	84.0462	0.840462	13.5	1.0	302168	Bacteria	Bacillati	Actinomycetota	Actinomycetes	Propionibacteriales	Nocardioidaceae	Aeromicrobium	Aeromicrobium alkaliterrae	0.8404616429056347	0.3661773746560495	0.43568600393244017	0.0
NR_043213.1	1	1516	1	1283	84.6306	0.846306	26.9	1.0	304413	Bacteria	Pseudomonadati	Thermodesulfobacteriota	Desulfuromonadia	Desulfuromonadales	Desulfuromonadaceae	Desulfuromonas	Desulfuromonas svalbardensis	0.8463060686015831	0.3606551078935571	0.4261520994283964	0.0
NR_043214.1	1	1491	3	1153	77.3307	2.21462	30.2	4.0	304417	Bacteria	Pseudomonadati	Thermodesulfobacteriota	Desulfuromonadia	Desulfuromonadales	Geopsychrobacteraceae	Desulfuromusa	Desulfuromusa ferrireducens	2.214621059691482	1.2547218023958895	0.5665627520812451	0.0
NR_043238.1	1	1482	1	1445	97.5034	0.975034	44.1	1.0	319707	Bacteria	Bacillati	Actinomycetota	Actinomycetes	Mycobacteriales	Mycobacteriaceae	Mycolicibacterium	Mycolicibacterium aubagnense	0.975033738191633	0.15602226629453395	0.16001730010276768	0.0
NR_043242.1	1	1434	1	1390	96.9317	0.969317	28.3	1.0	1408	Bacteria	Bacillati	Bacillota	Bacilli	Bacillales	Bacillaceae	Bacillus	Bacillus pumilus	0.9693165969316597	0.17245849310627082	0.17791761087366356	0.0
NR_043249.1	1	1492	353	1492	100.0	340.728	38.0	50.7	311182	Bacteria	Pseudomonadati	Pseudomonadota	Betaproteobacteria	Nitrosomonadales	Sterolibacteriaceae	Denitratisoma	Denitratisoma oestradiolicum	340.7278820375335	25.1287771773942	0.07375028138914118	0.39
NR_043262.1	1	1466	1	1241	84.6521	0.846521	29.2	1.0	322602	Bacteria	Bacillati	Actinomycetota	Actinomycetes	Micrococcales	Dermacoccaceae	Dermacoccus	Dermacoccus profundi	0.8465211459754434	0.36044846426620386	0.42579971685274365	0.0
NR_043266.1	1	1395	3	1291	92.5448	2.2853	33.9	1.0	312089	Bacteria	Bacillati	Bacillota	Clostridia	Eubacteriales	Clostridiaceae	Clostridium	Clostridium ganghwense	2.285304659498208	0.8743451192002771	0.38259455498255535	0.0
NR_043293.1	1	1509	1	1199	79.4566	0.794566	30.0	2.0	320909	Bacteria	Bacillati	Bacillota	Bacilli	Bacillales	Paenibacillaceae	Paenibacillus	Paenibacillus alkaliterrae	0.7945659377070908	0.40401845049792395	0.5084769322780377	0.0
NR_043297.1	1	1424	1	1106	77.6685	0.776685	15.0	1.0	1565	Bacteria	Bacillati	Bacillota	Clostridia	Eubacteriales	Desulfotomaculaceae	Desulfotomaculum	Desulfotomaculum nigrificans	0.776685393258427	0.4164675175297946	0.5362113426423395	0.0
NR_043317.1	1	1396	1	1048	75.0716	0.750716	27.6	1.0	328812	Bacteria	Pseudomonadati	Bacteroidota	Bacteroidia	Bacteroidales	Tannerellaceae	Parabacteroides	Parabacteroides goldsteinii	0.7507163323782235	0.4325983364263107	0.5762474023388642	0.0
NR_043331.1	1	1485	1	1444	97.2391	0.972391	42.9	30.0	320799	Bacteria	Bacillati	Actinomycetota	Actinomycetes	Mycobacteriales	Gordoniaceae	Gordonia	Gordonia soli	0.9723905723905724	0.16385099058750607	0.1685032694061264	0.0
NR_043385.1	1	1541	1	1250	81.1162	0.811162	43.7	0.0	513050	Bacteria	Pseudomonadati	Dictyoglomota	Dictyoglomia	Dictyoglomales	Dictyoglomaceae	Dictyoglomus	Dictyoglomus turgidum	0.8111615833874107	0.39138021031196735	0.48249352327259337	0.0
NR_043452.1	1	1512	1	1199	79.2989	0.792989	34.3	1.0	330083	Bacteria	Bacillati	Actinomycetota	Actinomycetes	Pseudonocardiales	Pseudonocardiaceae	Amycolatopsis	Amycolatopsis halotolerans	0.792989417989418	0.4051631781717375	0.5109313806469283	0.0
NR_043458.1	1	1407	1	1372	97.5124	0.975124	37.5	1.0	326522	Bacteria	Pseudomonadati	Pseudomonadota	Betaproteobacteria	Neisseriales	Neisseriaceae	Neisseria	Neisseria animaloris	0.9751243781094527	0.15574602828356712	0.15971914124998465	0.0
NR_043476.1	1	1550	4	1489	96.0645	3.14839	36.4	1.0	1397700	Bacteria	Bacillati	Bacillota	Bacilli	Bacillales	unclassified Bacillales family	Exiguobacterium	Exiguobacterium antarcticum	3.1483870967741936	1.2669167469508373	0.4024018356093848	0.0
NR_043477.1	1	1550	6	1482	95.6129	4.54774	38.7	1.0	169177	Bacteria	Bacillati	Bacillota	Bacilli	Bacillales	unclassified Bacillales family	Exiguobacterium	Exiguobacterium undae	4.547741935483871	2.026910424485165	0.44569600765385237	0.01
NR_043478.1	1	1552	35	1546	99.6134	28.0735	37.4	3.0	33987	Bacteria	Bacillati	Bacillota	Bacilli	Bacillales	unclassified Bacillales family	Exiguobacterium	Exiguobacterium aurantiacum	28.073453608247423	11.971982603312876	0.4264520771251224	0.04
NR_043479.1	1	1550	4	1550	100.0	3.54129	41.5	15.5	41170	Bacteria	Bacillati	Bacillota	Bacilli	Bacillales	unclassified Bacillales family	Exiguobacterium	Exiguobacterium acetylicum	3.5412903225806454	0.6810132012148757	0.19230651519093775	0.0
NR_043482.1	1	1461	1	1382	94.5927	0.945927	38.8	1.0	649638	Bacteria	Thermotogati	Deinococcota	Deinococci	Trueperales	Trueperaceae	Truepera	Truepera radiovictrix	0.945927446954141	0.22616081016162143	0.23908896067013669	0.0
NR_043542.1	1	1546	29	1517	98.1242	15.729	38.1	1.28	335383	Bacteria	Bacillati	Bacillota	Thermolithobacteria	Thermolithobacterales	Thermolithobacteraceae	Thermolithobacter	Thermolithobacter carboxydivorans	15.728978007761967	11.986447764179228	0.7620614485101405	0.03
NR_043551.1	1	1438	4	1434	99.7218	3.88108	37.7	7.25	341220	Bacteria	Bacillati	Bacillota	Clostridia	Eubacteriales	Clostridiaceae	Lactonifactor	Lactonifactor longoviformis	3.881084840055633	0.4257575328843046	0.10970065083096757	0.0
NR_043567.1	1	1513	1	1394	92.1348	0.921348	40.8	19.0	32016	Bacteria	Pseudomonadati	Thermodesulfobacteriota	Desulfovibrionia	Desulfovibrionales	Desulfovibrionaceae	Nitratidesulfovibrio	Nitratidesulfovibrio oxamicus	0.9213483146067416	0.2691943494541787	0.29217435489538907	0.0
NR_043569.1	1	1390	2	1386	99.7122	1.96115	35.3	60.0	338193	Bacteria	Bacillati	Bacillota	Clostridia	Eubacteriales	Clostridiaceae	Clostridium	Clostridium aestuarii	1.9611510791366906	0.2075935401078717	0.10585290563093971	0.0
NR_043575.1	1	1461	3	1136	77.755	2.03354	25.7	1.0	345631	Bacteria	Pseudomonadati	Thermodesulfobacteriota	Desulfuromonadia	Geobacterales	Geobacteraceae	Geobacter	Geobacter argillaceus	2.033538672142368	1.1935706744344776	0.5869426978622592	0.0
NR_043576.1	1	1508	1	1480	98.1432	0.981432	38.1	1.0	345632	Bacteria	Pseudomonadati	Thermodesulfobacteriota	Desulfuromonadia	Geobacterales	Geobacteraceae	Geobacter	Geobacter pickeringii	0.9814323607427056	0.13499215543765927	0.13754606108107445	0.0
NR_043579.1	1	1495	1	1437	96.1204	0.961204	32.9	1.0	1121424	Bacteria	Bacillati	Bacillota	Clostridia	Eubacteriales	Desulfallaceae	Desulfotruncus	Desulfotruncus arcticus	0.9612040133779264	0.19310841008121096	0.20090262565860154	0.0
NR_043584.1	1	1474	1	1463	99.2537	0.992537	42.5	1.0	341470	Bacteria	Pseudomonadati	Pseudomonadota	Gammaproteobacteria	Lysobacterales	Lysobacteraceae	Thermomonas	Thermomonas koreensis	0.9925373134328358	0.08606389996022976	0.08671099695241194	0.0
NR_043588.1	1	1487	1	1440	96.8393	0.968393	46.7	1.0	342002	Bacteria	Bacillati	Actinomycetota	Actinomycetes	Mycobacteriales	Mycobacteriaceae	Mycolicibacter	Mycolicibacter arupensis	0.968392737054472	0.1749521188057467	0.18066236157232318	0.0
NR_043609.1	1	1469	2	1469	100.0	1.99047	42.7	8.5	348582	Bacteria	Bacillati	Actinomycetota	Actinomycetes	Propionibacteriales	Nocardioidaceae	Propionicicella	Propionicicella superfundia	1.9904697072838666	0.09715691553810288	0.0488110495641153	0.0
NR_043631.1	1	1459	22	1459	100.0	20.623	36.0	40.5	349934	Bacteria	Bacillati	Actinomycetota	Actinomycetes	Propionibacteriales	Propionibacteriaceae	Brooklawnia	Brooklawnia cerclae	20.62302947224126	1.8748847275020943	0.09091218775717225	0.02
NR_043636.1	1	1516	6	1516	100.0	5.90172	39.8	7.67	348442	Bacteria	Bacillati	Actinomycetota	Actinomycetes	Micrococcales	Bogoriellaceae	Georgenia	Georgenia ruanii	5.901715039577836	0.401477762437224	0.06802730388452348	0.01
NR_043649.1	1	1465	1	1151	78.5666	0.785666	43.1	1.0	349064	Bacteria	Pseudomonadati	Pseudomonadota	Gammaproteobacteria	Alteromonadales	Colwelliaceae	Thalassotalea	Thalassotalea agarivorans	0.7856655290102389	0.41035984883428733	0.5223085825736151	0.0
NR_043660.1	1	1470	4	1470	100.0	3.91224	38.6	48.0	197614	Bacteria	Bacillati	Bacillota	Bacilli	Lactobacillales	Streptococcaceae	Streptococcus	Streptococcus pasteurianus	3.9122448979591837	0.2992957628006621	0.07650230765379469	0.0
NR_043663.1	1	1500	1	1266	84.4	0.844	42.0	1.0	150026	Bacteria	Bacillati	Actinomycetota	Actinomycetes	Micrococcales	Microbacteriaceae	Leifsonia	Leifsonia shinshuensis	0.844	0.3628553430776509	0.4299233922720982	0.0
NR_043674.1	1	1314	2	1282	97.5647	1.89574	37.4	1.5	461876	Bacteria	Bacillati	Bacillota	Clostridia	Peptostreptococcales	Natronincolaceae	Alkaliphilus	Alkaliphilus oremlandii	1.895738203957382	0.3769582396176638	0.19884509307812534	0.0
NR_043675.1	1	1476	2	1475	99.9322	1.69241	32.2	1.0	355930	Bacteria	Bacillati	Actinomycetota	Actinomycetes	Micrococcales	Microbacteriaceae	Microcella	Microcella alkalica	1.6924119241192412	0.46296075968364986	0.2735508732157995	0.0
NR_043680.1	1	1395	52	1386	99.3548	50.2143	39.1	1.04	358742	Bacteria	Bacillati	Bacillota	Clostridia	Lachnospirales	Lachnospiraceae	Enterocloster	Enterocloster aldenensis	50.214336917562726	6.3833853144602095	0.12712276426033195	0.06
NR_043705.1	1	1495	1	1335	89.2977	0.892977	20.7	1.0	980445	Bacteria	Pseudomonadati	Thermodesulfobacteriota	Syntrophobacteria	Syntrophobacterales	Syntrophobacteraceae	Desulfoglaeba	Desulfoglaeba alkanexedens	0.8929765886287625	0.3091430102552847	0.34619385792633006	0.0
NR_043716.1	1	1482	1	1256	84.7503	0.847503	38.9	1.0	317	Bacteria	Pseudomonadati	Pseudomonadota	Gammaproteobacteria	Pseudomonadales	Pseudomonadaceae	Pseudomonas	Pseudomonas syringae	0.8475033738191633	0.3595016066505124	0.42418899765609824	0.0
NR_043756.1	1	1396	3	1357	97.2063	2.90831	39.3	1.0	370111	Bacteria	Pseudomonadati	Pseudomonadota	Alphaproteobacteria	Hyphomicrobiales	Brucellaceae	Brucella	Brucella pseudintermedia	2.9083094555873927	0.5023323896969758	0.1727231566544281	0.0
NR_043763.1	1	1476	1	923	62.5339	0.625339	38.1	1.0	331526	Bacteria	Bacillati	Actinomycetota	Actinomycetes	Micrococcales	Intrasporangiaceae	Kribbia	Kribbia dieselivorans	0.6253387533875339	0.4840353260860818	0.7740369894941026	0.0
NR_043770.1	1	1403	1	1366	97.3628	0.973628	30.9	60.0	370977	Bacteria	Pseudomonadati	Pseudomonadota	Alphaproteobacteria	Caulobacterales	Caulobacteraceae	Brevundimonas	Brevundimonas aveniformis	0.9736279401282965	0.16023911610410863	0.164579414270911	0.0
NR_043798.1	1	1473	1	908	61.6429	0.616429	41.4	1.0	375926	Bacteria	Pseudomonadati	Campylobacterota	Epsilonproteobacteria	Campylobacterales	Helicobacteraceae	Helicobacter	Helicobacter anseris	0.6164290563475899	0.4862553597010605	0.7888261507044737	0.0
NR_043799.1	1	1474	1	1123	76.1872	0.761872	31.0	1.0	375927	Bacteria	Pseudomonadati	Campylobacterota	Epsilonproteobacteria	Campylobacterales	Helicobacteraceae	Helicobacter	Helicobacter brantae	0.7618724559023067	0.4259375738763768	0.5590667710541224	0.0
NR_043837.1	1	1499	3	1290	86.0574	2.5477	36.2	1.67	285567	Bacteria	Bacillati	Actinomycetota	Actinomycetes	Kitasatosporales	Streptomycetaceae	Streptomyces	Streptomyces goshikiensis	2.5476984656437627	1.043209101742126	0.4094711818568858	0.0
NR_043839.1	1	1484	2	1272	85.7143	1.71361	44.9	1.0	67369	Bacteria	Bacillati	Actinomycetota	Actinomycetes	Kitasatosporales	Streptomycetaceae	Streptomyces	Streptomyces toxytricini	1.713611859838275	0.7000601824491374	0.4085290250705937	0.0
NR_043859.1	1	1453	9	1453	100.0	8.42464	35.7	8.56	379895	Bacteria	Pseudomonadati	Pseudomonadota	Betaproteobacteria	Burkholderiales	Comamonadaceae	Comamonas	Comamonas odontotermitis	8.424638678596008	1.2200994891644135	0.1448251415534591	0.01
NR_043861.1	1	1464	1	1263	86.2705	0.862705	30.7	1.0	379896	Bacteria	Bacillati	Bacillota	Bacilli	Bacillales	Paenibacillaceae	Paenibacillus	Paenibacillus fonticola	0.8627049180327869	0.3441586006986152	0.3989296844202475	0.0
NR_043874.1	1	1332	2	612	45.9459	0.873123	23.6	1.0	381306	Bacteria	Pseudomonadati	Pseudomonadota	Gammaproteobacteria	Thiohalorhabdales	Thiohalorhabdaceae	Thiohalorhabdus	Thiohalorhabdus denitrificans	0.8731231231231231	0.9685589617148598	1.1093039871059271	0.0
NR_043884.1	1	1562	1	1208	77.3367	0.773367	40.4	1.0	384933	Bacteria	Bacillati	Bacillota	Bacilli	Bacillales	Bacillaceae	Salibacterium	Salibacterium aidingense	0.7733674775928298	0.41865286598151036	0.541337563462847	0.0
NR_043909.1	1	1531	1	1221	79.7518	0.797518	45.9	1.0	390637	Bacteria	Pseudomonadati	Pseudomonadota	Gammaproteobacteria	Oceanospirillales	Halomonadaceae	Modicisalibacter	Modicisalibacter tunisiensis	0.7975179621162639	0.40184955172077025	0.5038752364328413	0.0
NR_043927.1	1	1505	1	1487	98.804	0.98804	41.1	24.0	70611	Bacteria	Pseudomonadati	Pseudomonadota	Gammaproteobacteria	Legionellales	Legionellaceae	Legionella	Legionella taurinensis	0.9880398671096345	0.1087064308659363	0.11002231234245739	0.0
NR_043971.1	1	1554	1	1357	87.323	0.87323	40.0	1.0	396322	Bacteria	Pseudomonadati	Thermodesulfobacteriota	Desulfobacteria	Desulfobacterales	Desulfobacteraceae	Desulfatiferula	Desulfatiferula olefinivorans	0.8732303732303732	0.33271472540047725	0.3810159788300233	0.0
NR_043981.1	1	1532	2	1507	98.3681	1.91319	36.5	1.0	1121406	Bacteria	Pseudomonadati	Thermodesulfobacteriota	Desulfovibrionia	Desulfovibrionales	Desulfovibrionaceae	Desulfocurvus	Desulfocurvus vexinensis	1.9131853785900783	0.33453687186525893	0.17485857649183784	0.0
NR_043982.1	1	1508	4	1498	99.3369	3.57626	41.0	5.0	398235	Bacteria	Bacillati	Actinomycetota	Actinomycetes	Micrococcales	Microbacteriaceae	Leucobacter	Leucobacter chromiireducens	3.576259946949602	0.8281479232754746	0.2315681565546849	0.0
NR_044007.1	1	1537	10	1532	99.6747	8.76513	35.0	1.0	401638	Bacteria	Bacillati	Bacillota	Bacilli	Bacillales	Paenibacillaceae	Paenibacillus	Paenibacillus taiwanensis	8.765126870527	1.6835170145354985	0.19206989692258472	0.01
NR_044008.1	1	1467	120	1449	98.773	108.331	38.9	24.9	690567	Bacteria	Bacillati	Bacillota	Clostridia	Eubacteriales	Syntrophomonadaceae	Syntrophomonas	Syntrophomonas zehnderi	108.33128834355828	27.274451439753964	0.2517689197349584	0.13
NR_044022.2	1	1514	11	1514	100.0	10.6169	39.0	44.5	404403	Bacteria	Bacillati	Bacillota	Clostridia	Eubacteriales	unclassified Eubacteriales family	Howardella	Howardella ureilytica	10.616908850726553	0.7597047736317386	0.07155611716302428	0.01
NR_044023.1	1	1482	1	1220	82.3212	0.823212	31.3	1.0	404405	Bacteria	Pseudomonadati	Pseudomonadota	Betaproteobacteria	Rhodocyclales	Rhodocyclaceae	Azospira	Azospira restricta	0.8232118758434548	0.3814892964602771	0.46341568635584485	0.0
NR_044025.1	1	1533	1	1262	82.3222	0.823222	30.0	21.0	405770	Bacteria	Bacillati	Actinomycetota	Actinomycetes	Micrococcales	Micrococcaceae	Rothia	Rothia halotolerans	0.8232224396607958	0.3814803461513082	0.4633988673929917	0.0
NR_044029.1	1	1506	5	1107	73.506	2.27092	31.2	7.6	407998	Bacteria	Pseudomonadati	Aquificota	Aquificia	Aquificales	Hydrogenothermaceae	Venenivibrio	Venenivibrio stagnispumantis	2.270916334661355	1.7300304627464453	0.7618204318409785	0.01
NR_044039.1	1	1472	8	1472	100.0	7.11413	38.5	19.2	408558	Bacteria	Pseudomonadati	Pseudomonadota	Betaproteobacteria	Burkholderiales	Comamonadaceae	Comamonas	Comamonas composti	7.114130434782608	1.3049930469362794	0.18343676137225012	0.01
NR_044048.1	1	1453	2	1453	100.0	1.97041	41.1	24.5	470146	Bacteria	Bacillati	Bacillota	Clostridia	Lachnospirales	Lachnospiraceae	Coprococcus	Coprococcus comes	1.9704060564349621	0.16946427962643743	0.08600474966720698	0.0
NR_044054.1	1	1438	3	1380	95.9666	2.6968	31.4	5.67	1121115	Bacteria	Bacillati	Bacillota	Clostridia	Lachnospirales	Lachnospiraceae	Blautia	Blautia wexlerae	2.6968011126564675	0.6995951964429938	0.2594166819198105	0.0
NR_044074.1	1	1564	11	1539	98.4015	9.65601	37.0	1.0	412895	Bacteria	Bacillati	Bacillota	Clostridia	Eubacteriales	Peptococcaceae	Desulforamulus	Desulforamulus hydrothermalis	9.656010230179028	2.6286506102154568	0.2722294765181416	0.01
NR_044093.1	1	1523	6	1523	100.0	5.6067	39.8	1.0	415015	Bacteria	Bacillati	Bacillota	Clostridia	Eubacteriales	unclassified Eubacteriales family	Proteiniborus	Proteiniborus ethanoligenes	5.606697307944846	0.9079106950809103	0.16193324611877577	0.01
NR_044111.1	1	1525	2	1501	98.4262	1.86557	42.8	2.5	416586	Bacteria	Bacillati	Bacillota	Negativicutes	Selenomonadales	Selenomonadaceae	Selenomonas	Selenomonas bovis	1.8655737704918032	0.3844882679152555	0.20609652322346736	0.0
NR_044125.1	1	1454	59	1454	100.0	56.2923	37.9	19.4	1121032	Bacteria	Pseudomonadati	Pseudomonadota	Betaproteobacteria	Rhodocyclales	Azonexaceae	Azonexus	Azonexus hydrophilus	56.29229711141678	4.699847353871045	0.08349006160769831	0.07
NR_044159.1	1	1464	1	1445	98.7022	0.987022	37.5	14.0	1121338	Bacteria	Bacillati	Bacillota	Clostridia	Eubacteriales	Clostridiaceae	Clostridium	Clostridium tepidiprofundi	0.9870218579234973	0.11317998897660766	0.11466816876245925	0.0
NR_044161.1	1	1504	13	1499	99.6676	12.5938	38.5	1.85	318464	Bacteria	Bacillati	Bacillota	Clostridia	Eubacteriales	Clostridiaceae	Clostridium	Clostridium sulfidigenes	12.59375	1.345496144056241	0.1068384034982623	0.01
NR_044189.1	1	1430	14	1430	100.0	13.1615	39.3	48.1	439219	Bacteria	Bacillati	Bacillota	Bacilli	Lactobacillales	Streptococcaceae	Streptococcus	Streptococcus henryi	13.161538461538461	1.5346088122263302	0.11659798105752363	0.02
NR_044192.1	1	1512	1	1372	90.7407	0.907407	38.6	1.0	426756	Bacteria	Bacillati	Bacillota	Bacilli	Bacillales	Caryophanaceae	Bhargavaea	Bhargavaea beijingensis	0.9074074074074074	0.2898606637499735	0.31943828249997075	0.0
NR_044195.1	1	1378	1	1169	84.8331	0.848331	42.8	28.0	424757	Bacteria	Pseudomonadati	Pseudomonadota	Alphaproteobacteria	Hyphomicrobiales	Aurantimonadaceae	Aureimonas	Aureimonas frigidaquae	0.8483309143686503	0.3586998384375167	0.4228300918450795	0.0
NR_044206.1	1	1409	1	1359	96.4514	0.964514	41.4	1.0	427923	Bacteria	Pseudomonadati	Thermodesulfobacteriota	Desulfobulbia	Desulfobulbales	Desulfobulbaceae	Desulfurivibrio	Desulfurivibrio alkaliphilus	0.964513839602555	0.18500511565276453	0.1918117792161481	0.0
NR_044212.1	1	1345	1	1322	98.29	0.9829	39.2	1.0	429726	Bacteria	Pseudomonadati	Pseudomonadota	Alphaproteobacteria	Hyphomicrobiales	Devosiaceae	Devosia	Devosia albogilva	0.9828996282527881	0.12964547440354113	0.1319010310686557	0.0
NR_044214.1	1	1394	1	1390	99.7131	0.997131	42.3	22.0	429727	Bacteria	Pseudomonadati	Pseudomonadota	Alphaproteobacteria	Hyphomicrobiales	Devosiaceae	Devosia	Devosia chinhatensis	0.9971305595408895	0.05349024930360728	0.0536441780785817	0.0
NR_044216.1	1	1482	31	1479	99.7976	29.2429	38.2	46.3	448181	Bacteria	Pseudomonadati	Pseudomonadota	Alphaproteobacteria	Hyphomicrobiales	Rhizobiaceae	Ciceribacter	Ciceribacter selenitireducens	29.242914979757085	2.9301990609224964	0.1002020168971143	0.03
NR_044223.1	1	1512	10	1509	99.8016	8.9828	38.9	45.0	1122919	Bacteria	Bacillati	Bacillota	Bacilli	Bacillales	Paenibacillaceae	Paenibacillus	Paenibacillus ginsengihumi	8.982804232804233	1.33767964971928	0.1489155964052092	0.01
NR_044234.1	1	1407	1	1300	92.3952	0.923952	39.3	1.0	1122609	Bacteria	Bacillati	Actinomycetota	Actinomycetes	Propionibacteriales	Nocardioidaceae	Nocardioides	Nocardioides halotolerans	0.923951670220327	0.26507542571388065	0.2868931722918693	0.0
NR_044239.1	1	1484	1	1357	91.442	0.91442	42.3	1.0	433647	Bacteria	Bacillati	Actinomycetota	Actinomycetes	Micrococcales	Microbacteriaceae	Terrimesophilobacter	Terrimesophilobacter mesophilus	0.9144204851752021	0.27974213387895225	0.3059228641682868	0.0
NR_044241.1	1	1491	13	1491	100.0	11.1107	40.3	9.69	433924	Bacteria	Pseudomonadati	Pseudomonadota	Betaproteobacteria	Burkholderiales	Comamonadaceae	Pseudacidovorax	Pseudacidovorax intermedius	11.11066398390342	3.863945402418906	0.3477690809493293	0.01
NR_044268.1	1	1484	22	1484	100.0	18.6415	37.5	8.5	439611	Bacteria	Pseudomonadati	Pseudomonadota	Betaproteobacteria	Burkholderiales	Comamonadaceae	Hydrogenophaga	Hydrogenophaga bisanensis	18.641509433962263	6.28078847924928	0.3369248880568946	0.02
NR_044291.1	1	1449	1	1421	98.0676	0.980676	41.8	1.0	443610	Bacteria	Pseudomonadati	Pseudomonadota	Alphaproteobacteria	Hyphomicrobiales	Devosiaceae	Devosia	Devosia geojensis	0.9806763285024155	0.1376599695533823	0.14037248126871987	0.0
NR_044322.1	1	1439	13	1403	97.4983	12.1605	36.5	8.85	450365	Bacteria	Pseudomonadati	Pseudomonadota	Betaproteobacteria	Burkholderiales	unclassified Burkholderiales family	Aquabacterium	Aquabacterium fontiphilum	12.160528144544823	2.1725301887096604	0.17865426261804682	0.01
NR_044325.1	1	1472	2	1283	87.1603	1.68071	35.1	17.0	450362	Bacteria	Bacillati	Bacillota	Bacilli	Bacillales	Paenibacillaceae	Paenibacillus	Paenibacillus contaminans	1.6807065217391304	0.6885772514844015	0.40969511486864957	0.0
NR_044343.1	1	1409	1	1344	95.3868	0.953868	42.3	9.0	453837	Bacteria	Pseudomonadati	Pseudomonadota	Gammaproteobacteria	Lysobacterales	Lysobacteraceae	Luteimonas	Luteimonas aestuarii	0.9538679914833215	0.20977093770800517	0.219916109546562	0.0
NR_044369.1	1	1383	1	1315	95.0832	0.950832	38.9	8.0	455361	Bacteria	Pseudomonadati	Pseudomonadota	Alphaproteobacteria	Acetobacterales	Roseomonadaceae	Roseococcus	Roseococcus suduntuyensis	0.9508315256688359	0.2162196463393419	0.22740058622609113	0.0
NR_044386.1	1	1505	4	1505	100.0	3.81462	33.4	2.0	1121298	Bacteria	Bacillati	Bacillota	Clostridia	Eubacteriales	Clostridiaceae	Clostridium	Clostridium amylolyticum	3.8146179401993354	0.45038072142315794	0.11806705900398061	0.0
NR_044400.1	1	1449	1	1149	79.2961	0.792961	39.8	1.0	464322	Bacteria	Bacillati	Bacillota	Negativicutes	Veillonellales	Veillonellaceae	Veillonella	Veillonella magna	0.7929606625258799	0.4051839708236203	0.5109761303075943	0.0
NR_044403.1	1	1549	7	1547	99.8709	6.5113	33.2	5.43	474957	Bacteria	Bacillati	Bacillota	Bacilli	Bacillales	Paenibacillaceae	Paenibacillus	Paenibacillus castaneae	6.511297611362169	0.9870210974141135	0.1515859290000458	0.01
NR_044420.1	1	1503	1	1083	72.0559	0.720559	27.9	1.0	472963	Bacteria	Bacillati	Bacillota	Bacilli	Bacillales	Bacillaceae	Anaerobacillus	Anaerobacillus alkalidiazotrophicus	0.720558882235529	0.4487246142869943	0.6227452403262718	0.0
NR_044425.1	1	1510	43	1510	100.0	41.0159	35.0	4.44	474960	Bacteria	Bacillati	Bacillota	Clostridia	Eubacteriales	Oscillospiraceae	Hydrogenoanaerobacterium	Hydrogenoanaerobacterium saccharovorans	41.0158940397351	3.8100267283697833	0.0928914709180478	0.05
NR_044429.1	1	1555	9	1544	99.2926	7.32347	37.7	1.0	483547	Bacteria	Pseudomonadati	Thermodesulfobacteriota	Desulfuromonadia	Desulfuromonadales	Geoalkalibacteraceae	Geoalkalibacter	Geoalkalibacter subterraneus	7.32347266881029	2.996063145435839	0.40910416149918594	0.01
NR_044443.1	1	1520	1	1410	92.7632	0.927632	36.3	6.0	56	Bacteria	Pseudomonadati	Myxococcota	unclassified Myxococcota class	Polyangiales	Polyangiaceae	Sorangium	Sorangium cellulosum	0.9276315789473685	0.25909695615151646	0.2793101938654645	0.0
NR_044444.1	1	1502	1	1259	83.8216	0.838216	42.7	1.0	489910	Bacteria	Bacillati	Bacillota	Bacilli	Bacillales	Staphylococcaceae	Nosocomiicoccus	Nosocomiicoccus ampullae	0.8382157123834887	0.3682528097610773	0.43932940449653546	0.0
NR_044447.1	1	1448	1	1397	96.4779	0.964779	33.7	10.0	483324	Bacteria	Pseudomonadati	Pseudomonadota	Alphaproteobacteria	Hyphomicrobiales	Devosiaceae	Maritalea	Maritalea mobilis	0.9647790055248618	0.18433793972842438	0.19106752807928312	0.0
NR_044454.1	1	1422	3	1364	95.9212	2.78481	38.6	4.33	487316	Bacteria	Pseudomonadati	Pseudomonadota	Gammaproteobacteria	Moraxellales	Moraxellaceae	Acinetobacter	Acinetobacter soli	2.7848101265822787	0.6875177526076077	0.24688137480000458	0.0
NR_044461.1	1	1445	3	1425	98.6159	2.76194	35.6	14.7	638849	Bacteria	Thermotogati	Synergistota	Synergistia	Synergistales	Dethiosulfovibrionaceae	Pyramidobacter	Pyramidobacter piscolens	2.7619377162629757	0.6613954914578192	0.2394679241184036	0.0
NR_044472.1	1	1401	2	1364	97.359	1.803	37.9	18.0	491745	Bacteria	Pseudomonadati	Pseudomonadota	Betaproteobacteria	Burkholderiales	Comamonadaceae	Diaphorobacter	Diaphorobacter oryzae	1.802997858672377	0.45936011183354936	0.254775738986066	0.0
NR_044482.1	1	1515	10	1508	99.538	9.56172	36.4	5.1	498198	Bacteria	Bacillati	Actinomycetota	Actinomycetes	Mycobacteriales	Dietziaceae	Dietzia	Dietzia kunjamensis	9.561716171617162	0.9725538962739347	0.10171331995409437	0.01
NR_044483.1	1	1456	7	1449	99.5192	5.96429	38.2	5.43	498199	Bacteria	Bacillati	Actinomycetota	Actinomycetes	Mycobacteriales	Dietziaceae	Dietzia	Dietzia cercidiphylli	5.964285714285714	1.8708549158525303	0.31367627331659187	0.01
NR_044486.1	1	1456	4	1448	99.4505	3.54602	36.0	22.5	512397	Bacteria	Bacillati	Bacillota	Bacilli	Bacillales	Paenibacillaceae	Paenibacillus	Paenibacillus pueri	3.5460164835164836	0.8975381835538098	0.2531116783370806	0.0
NR_044489.1	1	1471	6	1469	99.864	5.57852	31.7	1.0	857293	Bacteria	Bacillati	Bacillota	Clostridia	Eubacteriales	Clostridiaceae	Caloramator	Caloramator australicus	5.5785180149558125	0.8836767211102114	0.15840707491507688	0.01
NR_044490.1	1	1482	7	1481	99.9325	6.5695	33.0	6.0	501571	Bacteria	Bacillati	Bacillota	Clostridia	Eubacteriales	Butyricicoccaceae	Butyricicoccus	Butyricicoccus pullicaecorum	6.569500674763833	1.0511036005144265	0.15999748725989935	0.01
NR_044503.1	1	1627	2	1411	86.724	1.69146	32.0	2.5	520762	Bacteria	Bacillati	Bacillota	Clostridia	Peptostreptococcales	Thermotaleaceae	Thermotalea	Thermotalea metallivorans	1.691456668715427	0.6919997866987512	0.40911469947633294	0.0
NR_044504.1	1	1528	1	1460	95.5497	0.955497	41.5	7.0	520764	Bacteria	Bacillati	Bacillota	Clostridia	Thermosediminibacterales	Thermosediminibacteraceae	Fervidicola	Fervidicola ferrireducens	0.9554973821989529	0.20620895909222778	0.21581321198145484	0.0
NR_044522.1	1	1385	1	1338	96.6065	0.966065	40.3	9.0	512762	Bacteria	Bacillati	Actinomycetota	Actinomycetes	Kineosporiales	Kineosporiaceae	Kineococcus	Kineococcus xinjiangensis	0.9660649819494584	0.1810619579051636	0.18742213131438834	0.0
NR_044523.1	1	1539	1	1497	97.271	0.97271	40.2	1.0	525924	Bacteria	Pseudomonadati	Myxococcota	unclassified Myxococcota class	Polyangiales	Phaselicystidaceae	Phaselicystis	Phaselicystis flava	0.9727095516569201	0.16292844985549468	0.16749958872919593	0.0
NR_044550.1	1	1421	2	1219	85.7847	1.68473	40.9	1.0	552810	Bacteria	Bacillati	Chloroflexota	Dehalococcoidia	Dehalococcoidales	Dehalococcoidaceae	Dehalogenimonas	Dehalogenimonas lykanthroporepellens	1.6847290640394088	0.7072354622598266	0.41979180947001404	0.0
NR_044566.1	1	1384	1	1370	98.9884	0.989884	43.4	25.0	540746	Bacteria	Pseudomonadati	Pseudomonadota	Gammaproteobacteria	Lysobacterales	Rhodanobacteraceae	Rudaea	Rudaea cellulosilytica	0.9898843930635838	0.1000663851286921	0.1010889613270875	0.0
NR_044568.1	1	1432	1	1187	82.8911	0.828911	38.5	1.0	543615	Bacteria	Pseudomonadati	Bacteroidota	Sphingobacteriia	Sphingobacteriales	Sphingobacteriaceae	Solitalea	Solitalea koreensis	0.8289106145251397	0.37658705189198244	0.45431563463295604	0.0
NR_044574.1	1	1524	3	1512	99.2126	2.60958	28.4	11.3	545864	Bacteria	Pseudomonadati	Pseudomonadota	Betaproteobacteria	Burkholderiales	Comamonadaceae	Pseudorhodoferax	Pseudorhodoferax soli	2.6095800524934383	0.7636337925019586	0.29262708065702414	0.0
NR_044583.2	1	1539	1	757	49.1878	0.491878	34.8	1.0	521045	Bacteria	Thermotogati	Thermotogota	Thermotogae	Kosmotogales	Kosmotogaceae	Kosmotoga	Kosmotoga olearia	0.4918778427550357	0.4999340262091482	1.0163784231649657	0.0
NR_044587.1	1	1410	3	1318	93.4752	2.70071	38.7	9.67	1123285	Bacteria	Bacillati	Bacillota	Negativicutes	Selenomonadales	Sporomusaceae	Sporolituus	Sporolituus thermophilus	2.700709219858156	0.8076317233450516	0.29904430932681797	0.0
NR_044591.1	1	1547	6	1525	98.5779	5.49515	36.2	1.67	1121415	Bacteria	Pseudomonadati	Thermodesulfobacteriota	Desulfovibrionia	Desulfovibrionales	Desulfonauticaceae	Desulfonauticus	Desulfonauticus autotrophicus	5.495151906916613	1.1194679799123624	0.20371920537871127	0.01
NR_044616.1	1	1355	1	1310	96.679	0.96679	36.1	1.0	2754	Bacteria	Thermotogati	Synergistota	Synergistia	Synergistales	Synergistaceae	Synergistes	Synergistes jonesii	0.966789667896679	0.17918539545651554	0.18534061896456377	0.0
NR_044622.1	1	1574	1	1221	77.5731	0.775731	25.9	1.0	33950	Bacteria	Bacillati	Bacillota	Clostridia	Thermoanaerobacterales	Thermoanaerobacteraceae	Thermoanaerobacterium	Thermoanaerobacterium thermosulfurigenes	0.7757306226175349	0.4171002562345727	0.5376869806005057	0.0
NR_044624.1	1	1500	40	1500	100.0	38.2993	37.9	4.72	29343	Bacteria	Bacillati	Bacillota	Clostridia	Eubacteriales	Oscillospiraceae	unclassified Oscillospiraceae genus	[Clostridium] cellulosi	38.29933333333334	3.3722988532387324	0.08805111106995941	0.04
NR_044625.1	1	1452	3	1128	77.686	2.29683	40.9	1.0	28200	Bacteria	Pseudomonadati	Campylobacterota	Epsilonproteobacteria	Campylobacterales	Arcobacteraceae	Aliarcobacter	Aliarcobacter skirrowii	2.296831955922865	1.2517385779902128	0.5449848321564585	0.0
NR_044656.2	1	1498	1	1102	73.5648	0.735648	30.9	1.0	782	Bacteria	Pseudomonadati	Pseudomonadota	Alphaproteobacteria	Rickettsiales	Rickettsiaceae	Rickettsia	Rickettsia prowazekii	0.7356475300400535	0.44098780208303234	0.5994552881310186	0.0
NR_044661.2	1	1471	1	1431	97.2808	0.972808	39.3	22.0	1528	Bacteria	Bacillati	Bacillota	Clostridia	Eubacteriales	Eubacteriaceae	Eubacterium	Eubacterium barkeri	0.972807613868117	0.16264366040008232	0.16718995419183863	0.0
NR_044662.2	1	1472	1	1201	81.5897	0.815897	42.1	60.0	2150	Bacteria	Bacillati	Mycoplasmatota	Mollicutes	Acholeplasmatales	Acholeplasmataceae	Haploplasma	Haploplasma modicum	0.8158967391304348	0.38756838133000115	0.4750213632953886	0.0
NR_044718.2	1	1456	1	1386	95.1923	0.951923	41.0	60.0	1519	Bacteria	Bacillati	Bacillota	Clostridia	Eubacteriales	Clostridiaceae	Clostridium	Clostridium tyrobutyricum	0.9519230769230769	0.21392880251237456	0.224733287487747	0.0
NR_044747.1	1	1435	2	1117	77.8397	1.47735	15.5	1.0	947	Bacteria	Pseudomonadati	Pseudomonadota	Alphaproteobacteria	Rickettsiales	Anaplasmataceae	Ehrlichia	Ehrlichia ewingii	1.4773519163763067	0.8322815864964626	0.5633604135011433	0.0
NR_044770.1	1	1318	22	1137	86.2671	18.0303	37.4	1.18	38815	Bacteria	Pseudomonadati	Thermodesulfobacteriota	Desulfuromonadia	Desulfuromonadales	Desulfuromonadaceae	Desulfuromonas	Desulfuromonas acetexigens	18.030349013657055	8.050239915719771	0.44648275580368035	0.02
NR_044778.1	1	1471	1	772	52.4813	0.524813	13.2	24.0	45254	Bacteria	Pseudomonadati	Bacteroidota	Bacteroidia	Bacteroidales	Dysgonomonadaceae	Dysgonomonas	Dysgonomonas capnocytophagoides	0.5248130523453433	0.49938393289463107	0.9515463280932673	0.0
NR_044779.1	1	1374	1	1128	82.0961	0.820961	40.0	1.0	44672	Bacteria	Pseudomonadati	Thermodesulfobacteriota	Desulfuromonadia	Desulfuromonadales	Syntrophotaleaceae	Syntrophotalea	Syntrophotalea venetiana	0.8209606986899564	0.3833852238890483	0.46699583122655347	0.0
NR_044780.1	1	1413	1	1399	99.0092	0.990092	37.3	53.0	79604	Bacteria	Bacillati	Actinomycetota	Coriobacteriia	Eggerthellales	Eggerthellaceae	Denitrobacterium	Denitrobacterium detoxificans	0.9900920028308563	0.09904457966612856	0.10003573342976388	0.0
NR_044782.1	1	1505	1	1157	76.8771	0.768771	31.4	1.0	859314	Bacteria	Pseudomonadati	Thermodesulfobacteriota	Desulfobacteria	Desulfobacterales	Desulfococcaceae	Desulfonema	Desulfonema limicola	0.7687707641196013	0.4216186385284294	0.5484321961843442	0.0
NR_044826.2	1	1532	2	1506	98.3029	1.91057	39.4	0.5	83332	Bacteria	Bacillati	Actinomycetota	Actinomycetes	Mycobacteriales	Mycobacteriaceae	Mycobacterium	Mycobacterium tuberculosis	1.9105744125326372	0.3396633782441308	0.17778076374103463	0.0
NR_044841.2	1	1423	21	1421	99.8595	20.3809	37.1	22.4	36839	Bacteria	Bacillati	Bacillota	Clostridia	Eubacteriales	Clostridiaceae	Clostridium	Clostridium felsineum	20.380885453267744	2.3543384220864443	0.1155169841607134	0.02
NR_044847.4	1	1497	1	1431	95.5912	0.955912	42.6	34.0	1629334	Bacteria	Pseudomonadati	Pseudomonadota	Alphaproteobacteria	Holosporales	Caedimonadaceae	Caedimonas	Caedimonas varicaedens	0.9559118236472945	0.20529103501760235	0.2147593846410557	0.0
NR_044849.1	1	1495	6	1495	100.0	5.75251	37.9	1.0	29372	Bacteria	Bacillati	Bacillota	Clostridia	Eubacteriales	Clostridiaceae	Clostridium	Clostridium thermobutyricum	5.752508361204013	0.6421265327361866	0.1116254844698371	0.01
NR_044860.1	1	1400	1	1355	96.7857	0.967857	40.5	1.0	43131	Bacteria	Bacillati	Bacillota	Tissierellia	Tissierellales	Tissierellaceae	Tissierella	Tissierella praeacuta	0.9678571428571429	0.17637940321236467	0.18223702176923287	0.0
NR_044868.1	1	1464	10	1464	100.0	9.83265	40.3	2.8	1150621	Bacteria	Pseudomonadati	Campylobacterota	Epsilonproteobacteria	Campylobacterales	Sulfurospirillaceae	Sulfurospirillum	Sulfurospirillum multivorans	9.832650273224044	0.4645928625844351	0.04725001395092831	0.01
NR_044877.1	1	1362	103	1362	100.0	98.4883	38.8	32.0	78350	Bacteria	Bacillati	Bacillota	Clostridia	Eubacteriales	Desulfotomaculaceae	Pelotomaculum	Pelotomaculum schinkii	98.48825256975037	9.033723408456702	0.09172386729126834	0.11
NR_044919.1	1	1492	1	1377	92.2922	0.922922	29.8	1.0	1121419	Bacteria	Bacillati	Bacillota	Clostridia	Eubacteriales	Desulfitobacteriaceae	Desulfosporosinus	Desulfosporosinus hippei	0.9229222520107239	0.26671477040872105	0.2889894244370456	0.0
NR_044928.1	1	1546	1	785	50.7762	0.507762	40.1	1.0	69968	Bacteria	Bacillati	Bacillota	Bacilli	Bacillales	Staphylococcaceae	Macrococcus	Macrococcus bovicus	0.5077619663648124	0.499939748247876	0.984594714383715	0.0
NR_044941.1	1	1526	13	1525	99.9345	12.0387	35.9	12.8	80881	Bacteria	Pseudomonadati	Pseudomonadota	Betaproteobacteria	Burkholderiales	Comamonadaceae	Simplicispira	Simplicispira metamorpha	12.038663171690695	1.6191673978218288	0.13449727554711832	0.01
NR_044948.1	1	1528	7	1528	100.0	6.54647	39.1	7.14	1121431	Bacteria	Bacillati	Bacillota	Clostridia	Eubacteriales	Desulfallaceae	Desulfallas	Desulfallas thermosapovorans	6.5464659685863875	0.8244865593435791	0.12594376313875724	0.01
NR_044958.1	1	1400	1	1165	83.2143	0.832143	42.1	2.0	45066	Bacteria	Pseudomonadati	Pseudomonadota	Gammaproteobacteria	Legionellales	Legionellaceae	Legionella	Legionella gratiana	0.8321428571428572	0.3737393777072187	0.4491288659142542	0.0
NR_044972.1	1	1506	1245	1506	100.0	1207.89	38.3	31.3	44749	Bacteria	Bacillati	Bacillota	Clostridia	Eubacteriales	Oscillospiraceae	Sporobacter	Sporobacter termitidis	1207.8891102257637	60.40989075750033	0.050012778694734035	1.39
NR_044975.1	1	1417	3	1414	99.7883	2.7897	41.0	4.0	40214	Bacteria	Pseudomonadati	Pseudomonadota	Gammaproteobacteria	Moraxellales	Moraxellaceae	Acinetobacter	Acinetobacter johnsonii	2.78969654199012	0.4423980088618353	0.15858284304508488	0.0
NR_044983.2	1	1472	1	1451	98.5734	0.985734	36.5	1.0	52699	Bacteria	Bacillati	Actinomycetota	Actinomycetes	Propionibacteriales	Nocardioidaceae	Aeromicrobium	Aeromicrobium fastidiosum	0.985733695652174	0.11858657979755156	0.12030285696898407	0.0
NR_074101.1	1	1533	3	1529	99.7391	2.08611	38.9	0.667	1131707	Bacteria	Pseudomonadati	Spirochaetota	Spirochaetia	Spirochaetales	Sphaerochaetaceae	Sphaerochaeta	Sphaerochaeta pleomorpha	2.0861056751467713	0.3961936071560924	0.18992020005324878	0.0
NR_074103.1	1	1533	20	1532	99.9348	18.4768	39.2	39.5	640081	Bacteria	Pseudomonadati	Pseudomonadota	Betaproteobacteria	Rhodocyclales	Rhodocyclaceae	Azospira	Azospira oryzae	18.476842791911285	2.6611686537057	0.14402723905139767	0.02
NR_074111.1	1	1432	1	1344	93.8547	0.938547	43.3	23.0	29459	Bacteria	Pseudomonadati	Pseudomonadota	Alphaproteobacteria	Hyphomicrobiales	Brucellaceae	Brucella	Brucella melitensis	0.9385474860335196	0.2401584945274263	0.2558831578595792	0.0
NR_074114.1	1	1433	3	1396	97.418	2.89881	41.8	11.0	423605	Bacteria	Pseudomonadati	Elusimicrobiota	Elusimicrobia	Elusimicrobiales	Elusimicrobiaceae	Elusimicrobium	Elusimicrobium minutum	2.8988136775994415	0.506984010238742	0.17489361739819867	0.0
NR_074116.1	1	1435	32	1435	100.0	30.354	38.9	13.3	243164	Bacteria	Bacillati	Chloroflexota	Dehalococcoidia	Dehalococcoidales	Dehalococcoidaceae	Dehalococcoides	Dehalococcoides mccartyi	30.354006968641116	2.4300907569593635	0.08005831847735632	0.04
NR_074119.1	1	1474	4	1438	97.5577	3.40909	34.0	1.0	450851	Bacteria	Pseudomonadati	Pseudomonadota	Alphaproteobacteria	Caulobacterales	Caulobacteraceae	Phenylobacterium	Phenylobacterium zucineum	3.409090909090909	0.9276098836327369	0.27209889919893615	0.0
NR_074129.1	1	1447	1	1350	93.2965	0.932965	20.4	5.0	768704	Bacteria	Bacillati	Bacillota	Clostridia	Eubacteriales	Desulfitobacteriaceae	Desulfosporosinus	Desulfosporosinus meridiei	0.9329647546648238	0.2500830286485515	0.2680519573736696	0.0
NR_074131.1	1	1448	4	1446	99.8619	3.87914	43.4	1.5	768706	Bacteria	Bacillati	Bacillota	Clostridia	Eubacteriales	Desulfitobacteriaceae	Desulfosporosinus	Desulfosporosinus orientis	3.87914364640884	0.42362072101976683	0.10920470073644692	0.0
NR_074181.1	1	1466	2	1410	96.1801	1.89222	36.7	3.0	457570	Bacteria	Bacillati	Bacillota	Clostridia	Natranaerobiales	Natranaerobiaceae	Natranaerobius	Natranaerobius thermophilus	1.8922237380627558	0.4154020970003667	0.21953117310834086	0.0
NR_074189.1	1	1469	1	1327	90.3336	0.903336	38.9	8.0	53399	Bacteria	Pseudomonadati	Pseudomonadota	Alphaproteobacteria	Hyphomicrobiales	Hyphomicrobiaceae	Hyphomicrobium	Hyphomicrobium denitrificans	0.9033356024506467	0.2955002399250715	0.3271212151092163	0.0
NR_074249.1	1	1477	10	1475	99.8646	9.5369	40.1	10.2	269796	Bacteria	Pseudomonadati	Pseudomonadota	Alphaproteobacteria	Rhodospirillales	Rhodospirillaceae	Rhodospirillum	Rhodospirillum rubrum	9.536899119837509	1.1055467336160596	0.11592308146747976	0.01
NR_074257.1	1	1478	1	1273	86.1299	0.861299	27.3	0.0	441620	Bacteria	Pseudomonadati	Pseudomonadota	Alphaproteobacteria	Hyphomicrobiales	Methylobacteriaceae	Methylorubrum	Methylorubrum populi	0.861299052774019	0.34563419168912696	0.40129405759350323	0.0
NR_074262.1	1	1479	1	1448	97.904	0.97904	45.3	1.0	402881	Bacteria	Pseudomonadati	Pseudomonadota	Alphaproteobacteria	Hyphomicrobiales	Parvibaculaceae	Parvibaculum	Parvibaculum lavamentivorans	0.9790398918187965	0.14325076630243685	0.1463175990064255	0.0
NR_074266.1	1	1480	3	1477	99.7973	2.90946	31.3	13.7	1176649	Bacteria	Pseudomonadati	Pseudomonadota	Alphaproteobacteria	Hyphomicrobiales	Rhizobiaceae	Agrobacterium	Agrobacterium fabrum	2.9094594594594594	0.3160862518787149	0.10864088545761684	0.0
NR_074273.1	1	1481	4	1299	87.711	3.20324	32.2	1.0	52022	Bacteria	Thermotogati	Deinococcota	Deinococci	Thermales	Thermaceae	Allomeiothermus	Allomeiothermus silvanus	3.203241053342336	1.3944581262496245	0.43532725231359487	0.0
NR_074276.1	1	1482	1	1130	76.2483	0.762483	39.5	1.0	391165	Bacteria	Pseudomonadati	Pseudomonadota	Alphaproteobacteria	Acetobacterales	Acetobacteraceae	Granulibacter	Granulibacter bethesdensis	0.7624831309041835	0.42556151845618856	0.5581258144708597	0.0
NR_074282.1	1	1485	11	1477	99.4613	10.2741	37.2	0.364	251221	Bacteria	Bacillati	Cyanobacteriota	Cyanophyceae	Gloeobacterales	Gloeobacteraceae	Gloeobacter	Gloeobacter violaceus	10.274074074074074	1.0835320258666417	0.10546274224368898	0.01
NR_074291.1	1	1486	1	1476	99.3271	0.993271	46.1	4.0	94624	Bacteria	Pseudomonadati	Pseudomonadota	Betaproteobacteria	Burkholderiales	Alcaligenaceae	Bordetella	Bordetella petrii	0.9932705248990579	0.0817568912435381	0.08231079972079784	0.0
NR_074295.1	1	1488	1	1092	73.3871	0.733871	21.6	1.0	1198114	Bacteria	Pseudomonadati	Acidobacteriota	Terriglobia	Terriglobales	Acidobacteriaceae	Granulicella	Granulicella tundricola	0.7338709677419355	0.44193254060710674	0.6021937915964971	0.0
NR_074327.1	1	1491	3	1436	96.3112	2.78001	41.4	0.667	62140	Bacteria	Pseudomonadati	Pseudomonadota	Alphaproteobacteria	Acetobacterales	Acidocellaceae	Acidiphilium	Acidiphilium multivorum	2.780013413816231	0.6581503662401008	0.23674359374282034	0.0
NR_074333.1	1	1492	5	1492	100.0	4.82976	36.0	0.2	663278	Bacteria	Bacillati	Bacillota	Clostridia	Eubacteriales	Oscillospiraceae	Ethanoligenens	Ethanoligenens harbinense	4.829758713136729	0.5156782625503806	0.10677101966766138	0.01
NR_074337.1	1	1492	44	1491	99.933	39.2332	37.3	7.25	552810	Bacteria	Bacillati	Chloroflexota	Dehalococcoidia	Dehalococcoidales	Dehalococcoidaceae	Dehalogenimonas	Dehalogenimonas lykanthroporepellens	39.23324396782842	7.997940045577539	0.20385620042369973	0.05
NR_074338.1	1	1493	1	1258	84.2599	0.842599	42.6	0.0	1177712	Bacteria	Pseudomonadati	Pseudomonadota	Alphaproteobacteria	Acetobacterales	Acetobacteraceae	Komagataeibacter	Komagataeibacter medellinensis	0.8425987943737442	0.36417861839165894	0.43220880545210394	0.0
NR_074344.1	1	1493	1	1208	80.9109	0.809109	34.7	1.0	504474	Bacteria	Bacillati	Actinomycetota	Actinomycetes	Mycobacteriales	Corynebacteriaceae	Corynebacterium	Corynebacterium urealyticum	0.8091091761553918	0.3930032025525153	0.48572332898253756	0.0
NR_074347.1	1	1493	14	1485	99.4642	12.6303	39.3	11.1	166501	Bacteria	Bacillati	Chloroflexota	unclassified Chloroflexota class	unclassified Chloroflexota order	unclassified Chloroflexota family	Thermobaculum	Thermobaculum terrenum	12.630274614869391	2.9337301621037652	0.23227762274067568	0.02
NR_074377.1	1	1497	2	1482	98.998	1.81764	38.4	1.0	84112	Bacteria	Bacillati	Actinomycetota	Coriobacteriia	Eggerthellales	Eggerthellaceae	Eggerthella	Eggerthella lenta	1.817635270541082	0.41127595975039605	0.22626979483511317	0.0
NR_074378.1	1	1497	5	1497	100.0	4.39011	36.2	13.0	525898	Bacteria	Pseudomonadati	Campylobacterota	Epsilonproteobacteria	Campylobacterales	Sulfurospirillaceae	Sulfurospirillum	Sulfurospirillum deleyianum	4.390113560454242	0.9167678989567415	0.20882555458585547	0.01
NR_074379.1	1	1497	7	1492	99.666	6.72011	37.3	10.1	2057	Bacteria	Pseudomonadati	Thermomicrobiota	Thermomicrobia	Sphaerobacterales	Sphaerobacteraceae	Sphaerobacter	Sphaerobacter thermophilus	6.7201068804275215	0.7981796184690669	0.11877483984574486	0.01
NR_074381.1	1	1497	1	1470	98.1964	0.981964	38.3	19.0	649638	Bacteria	Thermotogati	Deinococcota	Deinococci	Trueperales	Trueperaceae	Truepera	Truepera radiovictrix	0.9819639278557114	0.13308182537782656	0.13552618543578665	0.0
NR_074383.1	1	1498	16	1493	99.6662	15.3044	38.6	13.6	167964	Bacteria	Bacillati	Chloroflexota	Anaerolineae	Anaerolineales	Anaerolineaceae	Anaerolinea	Anaerolinea thermophila	15.304405874499333	1.774916256552917	0.11597420188067128	0.02
NR_074386.1	1	1498	1	1198	79.9733	0.799733	20.4	1.0	951	Bacteria	Pseudomonadati	Pseudomonadota	Alphaproteobacteria	Rickettsiales	Anaplasmataceae	Neorickettsia	Neorickettsia sennetsu	0.7997329773030708	0.40020012783236114	0.5004171882244381	0.0
NR_074390.1	1	1498	4	1448	96.6622	3.62283	36.8	1.0	525909	Bacteria	Bacillati	Actinomycetota	Acidimicrobiia	Acidimicrobiales	Acidimicrobiaceae	Acidimicrobium	Acidimicrobium ferrooxidans	3.62283044058745	0.893493465776761	0.24662856306128395	0.0
NR_074397.1	1	1500	58	1497	99.8	55.008	38.1	11.9	926550	Bacteria	Bacillati	Chloroflexota	Caldilineae	Caldilineales	Caldilineaceae	Caldilinea	Caldilinea aerophila	55.008	6.01486514118693	0.10934527961727257	0.06
NR_074398.1	1	1500	16	1500	100.0	15.626	38.7	60.0	148813	Bacteria	Pseudomonadati	Campylobacterota	Epsilonproteobacteria	Campylobacterales	Sulfurimonadaceae	Sulfuricurvum	Sulfuricurvum kujiense	15.626	0.9249093649289698	0.05919041116913924	0.02
NR_074399.1	1	1500	2	1497	99.8	1.96467	42.0	3.5	697329	Bacteria	Bacillati	Bacillota	Clostridia	Eubacteriales	Oscillospiraceae	Ruminococcus	Ruminococcus albus	1.9646666666666666	0.195153500836877	0.09933160884130149	0.0
NR_074414.1	1	1503	7	1502	99.9335	6.41384	41.4	3.71	633147	Bacteria	Bacillati	Actinomycetota	Coriobacteriia	Coriobacteriales	Atopobiaceae	Olsenella	Olsenella uli	6.413838988689288	1.1362859709339508	0.1771615989952	0.01
NR_074420.1	1	1504	8	1454	96.6755	7.53191	40.3	1.0	2350	Bacteria	Pseudomonadati	Bacteroidota	Saprospiria	Saprospirales	Haliscomenobacteraceae	Haliscomenobacter	Haliscomenobacter hydrossis	7.531914893617022	1.6672032107540093	0.22135183871592778	0.01
NR_074426.1	1	1504	3	1488	98.9362	2.90426	37.4	1.0	286802	Bacteria	Bacillati	Actinomycetota	Actinomycetes	Mycobacteriales	Segniliparaceae	Segniliparus	Segniliparus rotundus	2.904255319148936	0.4127399092460943	0.14211557314700685	0.0
NR_074430.1	1	1505	4	1129	75.0166	2.91429	35.7	0.25	269261	Bacteria	Pseudomonadati	Campylobacterota	Epsilonproteobacteria	Campylobacterales	Sulfurovaceae	Nitratifractor	Nitratifractor salsuginis	2.914285714285714	1.7183672342051772	0.5896358156586393	0.0
NR_074435.1	1	1505	16	1504	99.9336	15.3103	35.5	4.06	461876	Bacteria	Bacillati	Bacillota	Clostridia	Peptostreptococcales	Natronincolaceae	Alkaliphilus	Alkaliphilus oremlandii	15.310299003322259	1.155110086784107	0.07544660535587541	0.02
NR_074436.1	1	1505	11	1504	99.9336	9.03588	37.8	15.5	239935	Bacteria	Pseudomonadati	Verrucomicrobiota	Verrucomicrobiia	Verrucomicrobiales	Akkermansiaceae	Akkermansia	Akkermansia muciniphila	9.035880398671097	2.289084666472625	0.2533327761630488	0.01
NR_074439.1	1	1505	1	1224	81.3289	0.813289	42.1	25.0	84110	Bacteria	Bacillati	Actinomycetota	Coriobacteriia	Eggerthellales	Eggerthellaceae	Slackia	Slackia heliotrinireducens	0.8132890365448505	0.3896793291679712	0.47914002483480117	0.0
NR_074444.1	1	1506	127	1500	99.6016	99.8951	38.5	4.44	869212	Bacteria	Pseudomonadati	Spirochaetota	Spirochaetia	Leptospirales	Leptospiraceae	Turneriella	Turneriella parva	99.89508632138114	37.25125044594725	0.3729037314818771	0.14
NR_074447.1	1	1506	4	1474	97.8752	3.47809	36.4	1.0	583346	Bacteria	Bacillati	Bacillota	Clostridia	Eubacteriales	Clostridiaceae	Clostridium	Clostridium kluyveri	3.4780876494023905	0.8775557977932675	0.2523098570974916	0.0
NR_074461.1	1	1508	1	1461	96.8833	0.968833	37.7	1.0	555079	Bacteria	Bacillati	Bacillota	Clostridia	Thermosediminibacterales	Thermosediminibacteraceae	Thermosediminibacter	Thermosediminibacter oceani	0.9688328912466844	0.17376915746263824	0.17935926725096404	0.0
NR_074466.1	1	1508	3	1461	96.8833	2.6134	38.2	1.0	184064	Bacteria	Pseudomonadati	Thermodesulfobiota	Thermodesulfobiia	Thermodesulfobiales	Thermodesulfobiaceae	Thermodesulfobium	Thermodesulfobium narugense	2.613395225464191	0.8278993809098318	0.316790729868568	0.0
NR_074476.2	1	1503	1	1121	74.5842	0.745842	29.1	1.0	1163745	Bacteria	Pseudomonadati	Campylobacterota	Epsilonproteobacteria	Campylobacterales	Helicobacteraceae	Helicobacter	Helicobacter cetorum	0.7458416500332667	0.4353870497717175	0.5837526635208666	0.0
NR_074489.1	1	1508	1	1399	92.7719	0.927719	34.5	1.0	283811	Bacteria	Bacillati	Actinomycetota	Actinomycetes	Glycomycetales	Glycomycetaceae	Stackebrandtia	Stackebrandtia nassauensis	0.9277188328912467	0.25895289144967876	0.2791286349579096	0.0
NR_074500.2	1	1508	1	1096	72.679	0.72679	38.0	0.0	945	Bacteria	Pseudomonadati	Pseudomonadota	Alphaproteobacteria	Rickettsiales	Anaplasmataceae	Ehrlichia	Ehrlichia chaffeensis	0.726790450928382	0.4456075530864573	0.6131169617284467	0.0
NR_074501.1	1	1509	1	1415	93.7707	0.937707	37.9	1.0	28049	Bacteria	Bacillati	Actinomycetota	Actinomycetes	Acidothermales	Acidothermaceae	Acidothermus	Acidothermus cellulolyticus	0.9377070907886017	0.2416867863028028	0.25774230426214095	0.0
NR_074520.1	1	1510	6	1509	99.9338	5.4	41.2	1.0	525903	Bacteria	Thermotogati	Synergistota	Synergistia	Synergistales	Synergistaceae	Thermanaerovibrio	Thermanaerovibrio acidaminovorans	5.4	1.1590130535408463	0.21463204695200855	0.01
NR_074521.1	1	1510	1	928	61.457	0.61457	25.8	2.0	530564	Bacteria	Pseudomonadati	Planctomycetota	Planctomycetia	Pirellulales	Pirellulaceae	Pirellula	Pirellula staleyi	0.614569536423841	0.4866968474560175	0.7919312927355457	0.0
NR_074529.1	1	1511	1	1479	97.8822	0.978822	34.7	1.0	526226	Bacteria	Bacillati	Actinomycetota	Actinomycetes	Mycobacteriales	Gordoniaceae	Gordonia	Gordonia bronchialis	0.9788219722038385	0.14397749454281633	0.14709262627058517	0.0
NR_074535.1	1	1512	5	1292	85.4497	3.83532	33.7	7.0	28118	Bacteria	Pseudomonadati	Bacteroidota	Bacteroidia	Bacteroidales	Odoribacteraceae	Odoribacter	Odoribacter splanchnicus	3.8353174603174605	1.8676432478756129	0.4869592327621877	0.01
NR_074536.1	1	1512	241	1512	100.0	231.329	38.9	29.1	642492	Bacteria	Bacillati	Bacillota	Clostridia	Lachnospirales	Cellulosilyticaceae	Cellulosilyticum	Cellulosilyticum lentocellum	231.3293650793651	10.896214823528009	0.04710260117555636	0.27
NR_074537.1	1	1512	1	1236	81.746	0.81746	30.8	1.0	1209989	Bacteria	Bacillati	Bacillota	Clostridia	Thermosediminibacterales	Tepidanaerobacteraceae	Tepidanaerobacter	Tepidanaerobacter acetatoxydans	0.8174603174603174	0.38628868329009375	0.47254732130632826	0.0
NR_074548.1	1	1513	4	1272	84.0714	2.96034	35.8	1.5	931626	Bacteria	Bacillati	Bacillota	Clostridia	Eubacteriales	Eubacteriaceae	Acetobacterium	Acetobacterium woodii	2.9603436880370126	1.3995610258072035	0.47276977719274366	0.0
NR_074577.1	1	1516	43	1516	100.0	41.093	38.7	35.3	694427	Bacteria	Pseudomonadati	Bacteroidota	Bacteroidia	Bacteroidales	Paludibacteraceae	Paludibacter	Paludibacter propionicigenes	41.093007915567284	2.5077565534429125	0.06102635656643907	0.05
NR_074579.1	1	1516	1	1475	97.2955	0.972955	42.6	1.0	1565	Bacteria	Bacillati	Bacillota	Clostridia	Eubacteriales	Desulfotomaculaceae	Desulfotomaculum	Desulfotomaculum nigrificans	0.9729551451187335	0.16221415075669915	0.16672315426925824	0.0
NR_074600.1	1	1518	2	1482	97.6285	1.93412	39.1	1.0	31964	Bacteria	Bacillati	Actinomycetota	Actinomycetes	Micrococcales	Microbacteriaceae	Clavibacter	Clavibacter sepedonicus	1.9341238471673254	0.33010197721334994	0.17067261628401403	0.0
NR_074606.1	1	1519	17	1519	100.0	15.6175	35.5	5.41	336261	Bacteria	Thermotogati	Synergistota	Synergistia	Synergistales	Thermovirgaceae	Thermovirga	Thermovirga lienii	15.617511520737327	2.054999874829324	0.1315830548356339	0.02
NR_074624.1	1	1520	4	1519	99.9342	3.79671	39.3	5.5	81468	Bacteria	Thermotogati	Synergistota	Synergistia	Synergistales	Aminobacteriaceae	Aminobacterium	Aminobacterium colombiense	3.7967105263157896	0.5678813074603534	0.14957192641478723	0.0
NR_074629.1	1	1521	175	1521	100.0	164.424	38.0	3.3	1515	Bacteria	Bacillati	Bacillota	Clostridia	Eubacteriales	Oscillospiraceae	Acetivibrio	Acetivibrio thermocellus	164.4240631163708	14.86550440105952	0.09040954297874569	0.19
NR_074633.1	1	1521	13	1520	99.9343	11.7199	36.3	2.23	293826	Bacteria	Bacillati	Bacillota	Clostridia	Peptostreptococcales	Natronincolaceae	Alkaliphilus	Alkaliphilus metalliredigens	11.719921104536489	2.3796041072249854	0.2030392599062719	0.01
NR_074634.1	1	1521	3	1515	99.6055	2.91979	38.7	1.0	515619	Bacteria	Bacillati	Bacillota	Clostridia	Lachnospirales	Lachnospiraceae	Agathobacter	Agathobacter rectalis	2.9197896120973046	0.3536364416420404	0.12111709699111538	0.0
NR_074642.2	1	1519	3	1495	98.42	2.15339	32.5	1.33	1032480	Bacteria	Bacillati	Actinomycetota	Actinomycetes	Propionibacteriales	Propionibacteriaceae	Microlunatus	Microlunatus phosphovorus	2.15339038841343	0.5266186617884185	0.24455327033219437	0.0
NR_074643.1	1	1523	1	1272	83.5194	0.835194	39.7	5.0	365046	Bacteria	Pseudomonadati	Pseudomonadota	Betaproteobacteria	Burkholderiales	Comamonadaceae	Ramlibacter	Ramlibacter tataouinensis	0.835193696651346	0.3710056410962053	0.4442150875703779	0.0
NR_074652.1	1	1523	10	1522	99.9343	8.96848	38.9	16.5	66219	Bacteria	Bacillati	Bacillota	Clostridia	Lachnospirales	Lachnospiraceae	Lachnoclostridium	Lachnoclostridium phytofermentans	8.968483256730138	1.1591898353625045	0.12925149127001204	0.01
NR_074655.2	1	1520	1	1229	80.8553	0.808553	32.8	1.0	446465	Bacteria	Bacillati	Actinomycetota	Actinomycetes	Micrococcales	Dermabacteraceae	Brachybacterium	Brachybacterium faecium	0.8085526315789474	0.3934403049329165	0.486598261593192	0.0
NR_074663.1	1	1524	1	1475	96.7848	0.967848	40.3	1.0	1718	Bacteria	Bacillati	Actinomycetota	Actinomycetes	Mycobacteriales	Corynebacteriaceae	Corynebacterium	Corynebacterium glutamicum	0.9678477690288714	0.17640426586312583	0.1822644753731551	0.0
NR_074685.1	1	1526	4	1391	91.1533	3.51245	41.1	1.0	370438	Bacteria	Bacillati	Bacillota	Clostridia	Eubacteriales	Desulfotomaculaceae	Pelotomaculum	Pelotomaculum thermopropionicum	3.512450851900393	1.1994055522537501	0.3414725508841833	0.0
NR_074696.1	1	1527	2	1523	99.738	1.79306	35.3	1.0	697281	Bacteria	Bacillati	Bacillota	Clostridia	Thermoanaerobacterales	Thermoanaerobacterales Family IV. Incertae Sedis	Mahella	Mahella australiensis	1.7930582842174199	0.4115287023171606	0.22951217254868672	0.0
NR_074698.1	1	1527	50	1527	100.0	47.3543	38.0	3.06	945713	Bacteria	Pseudomonadati	Ignavibacteriota	Ignavibacteria	Ignavibacteriales	Ignavibacteriaceae	Ignavibacterium	Ignavibacterium album	47.35428945645056	5.755287390136525	0.12153677008350813	0.06
NR_074701.1	1	1527	2	1491	97.6424	1.78258	33.9	1.0	119072	Bacteria	Bacillati	Bacillota	Clostridia	Thermoanaerobacterales	Thermoanaerobacteraceae	Caldanaerobacter	Caldanaerobacter subterraneus	1.7825802226588081	0.46615415344696437	0.2615052874039363	0.0
NR_074712.1	1	1527	1	627	41.0609	0.410609	33.4	5.0	521045	Bacteria	Thermotogati	Thermotogota	Thermotogae	Kosmotogales	Kosmotogaceae	Kosmotoga	Kosmotoga olearia	0.4106090373280943	0.4919443624970086	1.1980845957463033	0.0
NR_074723.1	1	1528	21	1527	99.9346	19.5942	38.1	1.33	1089553	Bacteria	Bacillati	Bacillota	Clostridia	Thermoanaerobacterales	Thermoanaerobacteraceae	Thermacetogenium	Thermacetogenium phaeum	19.594240837696336	2.460210761117375	0.12555785046717932	0.02
NR_074741.1	1	1530	1	1464	95.6863	0.956863	38.2	1.0	573413	Bacteria	Pseudomonadati	Spirochaetota	Spirochaetia	Spirochaetales	Spirochaetaceae	Sediminispirochaeta	Sediminispirochaeta smaragdinae	0.9568627450980393	0.2031660211292345	0.2123251450326016	0.0
NR_074742.1	1	1530	5	1527	99.8039	4.43987	38.8	22.6	81028	Bacteria	Pseudomonadati	Spirochaetota	Spirochaetia	Spirochaetales	Treponemataceae	Treponema	Treponema brennaborense	4.439869281045752	1.1128976410178593	0.25066000158358964	0.01
NR_074757.1	1	1531	2	1525	99.6081	1.90529	40.7	0.5	215591	Bacteria	Pseudomonadati	Spirochaetota	Spirochaetia	Spirochaetales	Breznakiellaceae	Gracilinema	Gracilinema caldarium	1.9052906596995427	0.30590438952391635	0.16055523495410215	0.0
NR_074758.1	1	1531	1	1441	94.1215	0.941215	37.0	1.0	679936	Bacteria	Bacillati	Bacillota	Clostridia	Eubacteriales	Clostridiales Family XVII. Incertae Sedis	Sulfobacillus	Sulfobacillus acidophilus	0.9412148922273024	0.235222062904077	0.24991323962952247	0.0
NR_074760.1	1	1531	5	1525	99.6081	4.18485	35.9	1.4	338969	Bacteria	Pseudomonadati	Pseudomonadota	Betaproteobacteria	Burkholderiales	Comamonadaceae	Rhodoferax	Rhodoferax ferrireducens	4.184846505551927	1.475842581453365	0.35266349183784956	0.01
NR_074765.1	1	1532	1	1222	79.765	0.79765	37.4	1.0	225937	Bacteria	Pseudomonadati	Pseudomonadota	Gammaproteobacteria	Pseudomonadales	Marinobacteraceae	Marinobacter	Marinobacter adhaerens	0.7976501305483029	0.4017516643208587	0.5036690259734496	0.0
NR_074793.2	1	1530	296	1525	99.6732	281.553	37.7	3.94	351091	Bacteria	Bacillati	Bacillota	Clostridia	Eubacteriales	Oscillospiraceae	Oscillibacter	Oscillibacter valericigenes	281.5529411764706	32.765937715194966	0.11637576073005064	0.33
NR_074809.1	1	1535	24	1525	99.3485	21.9388	35.6	6.21	585394	Bacteria	Bacillati	Bacillota	Clostridia	Lachnospirales	Lachnospiraceae	Roseburia	Roseburia hominis	21.938762214983715	2.5133187434793625	0.11456064470960985	0.03
NR_074830.1	1	1536	3	1535	99.9349	2.73763	35.6	1.0	191495	Bacteria	Bacillati	Actinomycetota	Thermoleophilia	Solirubrobacterales	Conexibacteraceae	Conexibacter	Conexibacter woesei	2.7376302083333335	0.5212071412475705	0.19038624707640148	0.0
NR_074833.1	1	1537	13	1266	82.3682	8.88809	38.9	3.77	688269	Bacteria	Thermotogati	Thermotogota	Thermotogae	Thermotogales	Thermotogaceae	Pseudothermotoga	Pseudothermotoga thermarum	8.888093689004554	4.807061610140662	0.5408428149320106	0.01
NR_074859.1	1	1539	1	1331	86.4847	0.864847	37.2	1.0	2331	Bacteria	Bacillati	Bacillota	Clostridia	Halanaerobiales	Halanaerobiaceae	Halanaerobium	Halanaerobium praevalens	0.8648473034437947	0.34188659694376505	0.3953144047306194	0.0
NR_074872.1	1	1540	31	1533	99.5455	24.5338	36.4	1.97	310575	Bacteria	Pseudomonadati	Pseudomonadota	Betaproteobacteria	Burkholderiales	Alcaligenaceae	Advenella	Advenella kashmirensis	24.533766233766233	9.616923805345674	0.39198726007708273	0.03
NR_074881.1	1	1541	2	1271	82.4789	1.63855	42.4	1.0	717231	Bacteria	Pseudomonadati	Deferribacterota	Deferribacteres	Deferribacterales	Flexistipitaceae	Flexistipes	Flexistipes sinusarabici	1.6385463984425697	0.7623822528770933	0.46527962442914883	0.0
NR_074900.1	1	1542	7	1542	100.0	6.47082	37.9	6.14	525897	Bacteria	Pseudomonadati	Thermodesulfobacteriota	Desulfovibrionia	Desulfovibrionales	Desulfomicrobiaceae	Desulfomicrobium	Desulfomicrobium baculatum	6.470817120622568	0.9132923759459947	0.14114019279502144	0.01
NR_074901.1	1	1542	2	1237	80.2205	1.60246	41.7	1.0	395922	Bacteria	Pseudomonadati	Verrucomicrobiota	Opitutia	Puniceicoccales	Coraliomargaritaceae	Coraliomargarita	Coraliomargarita akajimensis	1.6024643320363166	0.7969260965310405	0.4973128453463636	0.0
NR_074907.1	1	1543	1	1330	86.1957	0.861957	41.4	1.0	485915	Bacteria	Pseudomonadati	Thermodesulfobacteriota	Desulfovibrionia	Desulfovibrionales	Desulfohalobiaceae	Desulfohalobium	Desulfohalobium retbaense	0.8619572261827608	0.3449448744568962	0.40018792577969237	0.0
NR_074915.1	1	1544	2	1495	96.8264	1.92876	35.4	1.0	31909	Bacteria	Bacillati	Bacillota	Clostridia	Halanaerobiales	Halothermotrichaceae	Halothermothrix	Halothermothrix orenii	1.9287564766839378	0.36005469902814985	0.18667711729330536	0.0
NR_074916.1	1	1544	5	1512	97.9275	4.5978	37.7	9.8	316067	Bacteria	Pseudomonadati	Thermodesulfobacteriota	Desulfuromonadia	Geobacterales	Geobacteraceae	Geotalea	Geotalea daltonii	4.59779792746114	0.8857070713060471	0.1926372331450256	0.01
NR_074923.1	1	1545	6	1542	99.8058	5.85955	42.1	6.5	1402	Bacteria	Bacillati	Bacillota	Bacilli	Bacillales	Bacillaceae	Bacillus	Bacillus licheniformis	5.859546925566343	0.5266500854674864	0.08987897736079382	0.01
NR_074928.1	1	1545	26	1545	100.0	23.8032	37.7	1.0	591001	Bacteria	Bacillati	Bacillota	Negativicutes	Acidaminococcales	Acidaminococcaceae	Acidaminococcus	Acidaminococcus fermentans	23.803236245954693	3.7757687503555633	0.15862417661788517	0.03
NR_074930.1	1	1546	35	1546	100.0	32.0285	39.3	11.5	577650	Bacteria	Pseudomonadati	Thermodesulfobacteriota	Desulfobulbia	Desulfobulbales	Desulfobulbaceae	Desulfobulbus	Desulfobulbus propionicus	32.028460543337644	4.323642675698725	0.13499377123819026	0.04
NR_074940.1	1	1547	2	1540	99.5475	1.90368	29.9	1.0	351605	Bacteria	Pseudomonadati	Thermodesulfobacteriota	Desulfuromonadia	Geobacterales	Geobacteraceae	Geotalea	Geotalea uraniireducens	1.9036845507433742	0.3099815433969882	0.16283241006286614	0.0
NR_074942.1	1	1547	1	1125	72.7214	0.727214	42.7	1.0	2296	Bacteria	Pseudomonadati	Thermodesulfobacteriota	Desulfobacteria	Desulfobacterales	Desulfobacteraceae	Desulforapulum	Desulforapulum autotrophicum	0.7272139625080801	0.44539175479725407	0.6124631508189796	0.0
NR_074944.1	1	1548	2	1537	99.2894	1.93023	41.6	1.0	73919	Bacteria	Bacillati	Bacillota	Clostridia	Eubacteriales	Clostridiales Family XVII. Incertae Sedis	Thermaerobacter	Thermaerobacter marianensis	1.930232558139535	0.2812682566903413	0.14571728961065872	0.0
NR_074955.1	1	1549	1	1512	97.6114	0.976114	34.4	60.0	880072	Bacteria	Pseudomonadati	Thermodesulfobacteriota	Desulfobaccia	Desulfobaccales	Desulfobaccaceae	Desulfobacca	Desulfobacca acetoxidans	0.9761136216914138	0.15269518407561358	0.1564317725748184	0.0
NR_074957.1	1	1549	1	797	51.4526	0.514526	41.9	0.0	1245	Bacteria	Bacillati	Bacillota	Bacilli	Lactobacillales	Lactobacillaceae	Leuconostoc	Leuconostoc mesenteroides	0.5145255003227889	0.4997889653047306	0.9713589802472117	0.0
NR_074971.1	1	1550	1	1251	80.7097	0.807097	35.0	1.0	427923	Bacteria	Pseudomonadati	Thermodesulfobacteriota	Desulfobulbia	Desulfobulbales	Desulfobulbaceae	Desulfurivibrio	Desulfurivibrio alkaliphilus	0.8070967741935484	0.3945777125990724	0.48888525541851496	0.0
NR_074975.1	1	1551	25	1541	99.3553	22.5957	39.1	5.8	29543	Bacteria	Pseudomonadati	Thermodesulfobacteriota	Desulfuromonadia	Desulfuromonadales	Desulfuromonadaceae	Pelobacter	Pelobacter propionicus	22.595744680851062	4.983630969176907	0.22055617283551288	0.03
NR_074978.1	1	1551	1	1451	93.5525	0.935525	39.5	1.0	452637	Bacteria	Pseudomonadati	Verrucomicrobiota	Opitutia	Opitutales	Opitutaceae	Opitutus	Opitutus terrae	0.935525467440361	0.24559635015784556	0.26252235637134286	0.0
NR_074979.1	1	1551	72	1550	99.9355	57.6564	37.2	4.43	398767	Bacteria	Pseudomonadati	Thermodesulfobacteriota	Desulfuromonadia	Geobacterales	Geobacteraceae	Trichlorobacter	Trichlorobacter lovleyi	57.656350741457125	21.788057035106803	0.3778951798876226	0.08
NR_074993.1	1	1554	9	1554	100.0	8.1184	37.8	30.0	51197	Bacteria	Bacillati	Bacillota	Clostridia	Eubacteriales	Desulfitobacteriaceae	Syntrophobotulus	Syntrophobotulus glycolicus	8.118404118404118	1.1519704014428216	0.14189616390632093	0.01
NR_074996.1	1	1554	5	1554	100.0	4.861	40.9	1.0	272564	Bacteria	Bacillati	Bacillota	Clostridia	Eubacteriales	Desulfitobacteriaceae	Desulfitobacterium	Desulfitobacterium hafniense	4.861003861003861	0.4772675564590763	0.0981829206695002	0.01
NR_075002.1	1	1555	12	1550	99.6785	10.4392	38.4	2.5	335543	Bacteria	Pseudomonadati	Thermodesulfobacteriota	Syntrophobacteria	Syntrophobacterales	Syntrophobacteraceae	Syntrophobacter	Syntrophobacter fumaroxidans	10.439228295819936	2.955294673470763	0.2830951282724719	0.01
NR_075004.2	1	1552	1	1250	80.5412	0.805412	42.7	1.0	608538	Bacteria	Pseudomonadati	Aquificota	Aquificia	Aquificales	Aquificaceae	Hydrogenobacter	Hydrogenobacter thermophilus	0.8054123711340206	0.3958829164769479	0.4915282290977785	0.0
NR_075005.2	1	1550	10	1542	99.4839	9.40581	38.5	2.1	492670	Bacteria	Bacillati	Bacillota	Bacilli	Bacillales	Bacillaceae	Bacillus	Bacillus velezensis	9.405806451612904	1.3109336101729208	0.13937492940311594	0.01
NR_075006.1	1	1555	3	1435	92.283	2.7627	42.2	1.0	332410	Bacteria	Bacillati	Bacillota	Bacilli	Bacillales	unclassified Bacillales family	Exiguobacterium	Exiguobacterium artemiae	2.762700964630225	0.8025027795721129	0.29047761225201013	0.0
NR_075007.1	1	1555	4	1541	99.0997	3.68939	40.4	1.0	404380	Bacteria	Pseudomonadati	Thermodesulfobacteriota	Desulfuromonadia	Geobacterales	Geobacteraceae	Citrifermentans	Citrifermentans bemidjiense	3.689389067524116	0.690297908387537	0.18710358158316542	0.0
NR_075009.1	1	1556	2	1501	96.4653	1.73393	30.1	5.5	243231	Bacteria	Pseudomonadati	Thermodesulfobacteriota	Desulfuromonadia	Geobacterales	Geobacteraceae	Geobacter	Geobacter sulfurreducens	1.7339331619537275	0.515722176313877	0.2974290979779068	0.0
NR_075013.1	1	1558	7	1550	99.4865	6.44929	37.1	1.86	338963	Bacteria	Pseudomonadati	Thermodesulfobacteriota	Desulfuromonadia	Desulfuromonadales	Syntrophotaleaceae	Syntrophotalea	Syntrophotalea carbinolica	6.449293966623877	1.0907165218524364	0.1691218492283137	0.01
NR_075015.2	1	1553	19	1544	99.4205	16.942	41.2	20.7	693075	Bacteria	Pseudomonadati	Caldisericota	Caldisericia	Caldisericales	Caldisericaceae	Caldisericum	Caldisericum exile	16.94204764971024	3.5513693511339453	0.20961866148420874	0.02
NR_075022.1	1	1563	2	1494	95.5854	1.7652	38.3	1.0	768486	Bacteria	Bacillati	Bacillota	Bacilli	Lactobacillales	Enterococcaceae	Enterococcus	Enterococcus hirae	1.765195137555982	0.5176517030376118	0.2932546617788283	0.0
NR_075025.2	1	1561	1	1484	95.0673	0.950673	29.9	1.0	639282	Bacteria	Pseudomonadati	Deferribacterota	Deferribacteres	Deferribacterales	Deferribacteraceae	Deferribacter	Deferribacter desulfuricans	0.9506726457399103	0.216550609285197	0.22778672580471196	0.0
NR_075044.2	1	1565	2	1530	97.7636	1.90032	40.8	1.0	2734	Bacteria	Bacillati	Bacillota	Clostridia	Eubacteriales	Symbiobacteriaceae	Symbiobacterium	Symbiobacterium thermophilum	1.9003194888178914	0.36670525136323534	0.19297031552907307	0.0
NR_075062.2	1	1525	1	1266	83.0164	0.830164	41.6	1.0	1270	Bacteria	Bacillati	Actinomycetota	Actinomycetes	Micrococcales	Micrococcaceae	Micrococcus	Micrococcus luteus	0.8301639344262295	0.37548871674684386	0.4523067085615615	0.0
NR_102440.1	1	1596	18	1596	100.0	16.3045	39.6	28.6	717605	Bacteria	Bacillati	Bacillota	Bacilli	Bacillales	Paenibacillaceae	Thermobacillus	Thermobacillus composti	16.304511278195488	2.3502796077988286	0.1441490375085286	0.02
NR_102476.2	1	1482	2	1453	98.0432	1.94669	37.5	31.5	1273132	Bacteria	Pseudomonadati	Pseudomonadota	Alphaproteobacteria	Hyphomicrobiales	Rhizobiaceae	Liberibacter	Liberibacter crescens	1.9466936572199731	0.2993343931018315	0.15376553572856647	0.0
NR_102479.1	1	1529	2	1409	92.1517	1.35317	23.0	1.0	80679	Bacteria	Pseudomonadati	Pseudomonadota	Gammaproteobacteria	Chromatiales	Chromatiaceae	Thioflavicoccus	Thioflavicoccus mobilis	1.3531720078482667	0.6208114669866719	0.45878237458802384	0.0
NR_102485.1	1	1555	2	1520	97.7492	1.79228	36.4	7.0	862908	Bacteria	Pseudomonadati	Bdellovibrionota	Bacteriovoracia	Bacteriovoracales	Halobacteriovoraceae	Halobacteriovorax	Halobacteriovorax marinus	1.792282958199357	0.4578064542103434	0.2554320187646516	0.0
NR_102500.2	1	1522	3	1305	85.7424	2.23719	36.1	1.0	1121362	Bacteria	Bacillati	Actinomycetota	Actinomycetes	Mycobacteriales	Corynebacteriaceae	Corynebacterium	Corynebacterium halotolerans	2.2371879106438897	1.055420637898683	0.4717621764704245	0.0
NR_102513.1	1	1522	54	1519	99.8029	52.6827	39.5	2.72	1510	Bacteria	Bacillati	Bacillota	Clostridia	Eubacteriales	Oscillospiraceae	Thermoclostridium	Thermoclostridium stercorarium	52.6826544021025	3.8513545304130177	0.07310479272774295	0.06
NR_102516.1	1	1501	73	1501	100.0	69.7735	39.2	8.51	36745	Bacteria	Bacillati	Bacillota	Clostridia	Eubacteriales	Clostridiaceae	Clostridium	Clostridium saccharoperbutylacetonicum	69.77348434377082	4.308628582787335	0.06175166144145699	0.08
NR_102767.2	1	1641	7	1555	94.7593	6.05302	40.0	3.71	86170	Bacteria	Bacillati	Bacillota	Clostridia	Eubacteriales	Syntrophomonadaceae	Syntrophothermus	Syntrophothermus lipocalidus	6.053016453382084	1.8288079267658675	0.3021316629238688	0.01
NR_102768.2	1	1502	118	1502	100.0	112.52	37.6	1.63	1521	Bacteria	Bacillati	Bacillota	Clostridia	Eubacteriales	Oscillospiraceae	Ruminiclostridium	Ruminiclostridium cellulolyticum	112.51997336884155	6.278750161815399	0.05580120554449116	0.13
NR_102770.2	1	1544	1	1458	94.4301	0.944301	34.4	1.0	349161	Bacteria	Bacillati	Bacillota	Clostridia	Eubacteriales	Peptococcaceae	Desulforamulus	Desulforamulus reducens	0.944300518134715	0.22934046652351145	0.24286809349266233	0.0
NR_102776.1	1	1559	54	1556	99.8076	50.4413	38.3	13.3	316277	Bacteria	Pseudomonadati	Thermodesulfobacteriota	Syntrophia	Syntrophales	Syntrophaceae	Syntrophus	Syntrophus aciditrophicus	50.441308531109684	5.671031897089128	0.11242832635064409	0.06
NR_102777.1	1	1558	1	1510	96.9191	0.969191	42.6	1.0	485916	Bacteria	Bacillati	Bacillota	Clostridia	Eubacteriales	Peptococcaceae	Desulfofarcimen	Desulfofarcimen acetoxidans	0.9691912708600771	0.1727991647801188	0.17829211836253317	0.0
NR_102783.2	1	1550	17	1542	99.4839	16.5568	39.8	1.88	135461	Bacteria	Bacillati	Bacillota	Bacilli	Bacillales	Bacillaceae	Bacillus	Bacillus subtilis	16.55677419354839	1.4351584988263164	0.08668104559797335	0.02
NR_102852.1	1	1519	23	1519	100.0	21.9355	39.0	1.0	84030	Bacteria	Bacillati	Bacillota	Clostridia	Lachnospirales	Lachnospiraceae	Lacrimispora	Lacrimispora saccharolytica	21.93548387096774	2.3621546244099707	0.10768646081868985	0.03
NR_102856.1	1	1517	8	1517	100.0	7.10086	33.3	1.62	80867	Bacteria	Pseudomonadati	Pseudomonadota	Betaproteobacteria	Burkholderiales	Comamonadaceae	Paracidovorax	Paracidovorax avenae	7.100856954515491	1.1509558338826693	0.1620868919420729	0.01
NR_102861.1	1	1512	3	1512	100.0	2.76587	33.1	1.0	717959	Bacteria	Pseudomonadati	Bacteroidota	Bacteroidia	Bacteroidales	Rikenellaceae	Alistipes	Alistipes shahii	2.765873015873016	0.46513285894206025	0.16816855158306912	0.0
NR_102865.1	1	1509	6	1509	100.0	5.72101	36.2	32.2	196164	Bacteria	Bacillati	Actinomycetota	Actinomycetes	Mycobacteriales	Corynebacteriaceae	Corynebacterium	Corynebacterium efficiens	5.721007289595759	0.5822331206989526	0.10177108526986209	0.01
NR_102875.1	1	1503	5	1503	100.0	4.43313	38.7	7.8	573061	Bacteria	Bacillati	Bacillota	Clostridia	Eubacteriales	Clostridiaceae	Clostridium	Clostridium cellulovorans	4.43313373253493	0.6438355728936871	0.1452326078431955	0.01
NR_102880.1	1	1499	1	1486	99.1328	0.991328	40.5	1.0	1511	Bacteria	Bacillati	Bacillota	Clostridia	Peptostreptococcales	Filifactoraceae	Acetoanaerobium	Acetoanaerobium sticklandii	0.9913275517011341	0.09272128633366378	0.09353244159768641	0.0
NR_102884.1	1	1494	37	1494	100.0	35.9224	39.0	30.8	213810	Bacteria	Bacillati	Bacillota	Clostridia	Eubacteriales	Oscillospiraceae	Ruminococcus	Ruminococcus champanellensis	35.92235609103079	1.7295357895194485	0.04814650200383946	0.04
NR_102893.1	1	1537	33	1537	100.0	31.7489	36.9	4.39	43305	Bacteria	Bacillati	Bacillota	Clostridia	Lachnospirales	Lachnospiraceae	Butyrivibrio	Butyrivibrio proteoclasticus	31.74886141834743	3.127840076511334	0.09851818102376983	0.04
NR_102924.1	1	1478	1	1476	99.8647	0.998647	39.0	58.0	1082931	Bacteria	Pseudomonadati	Pseudomonadota	Alphaproteobacteria	Hyphomicrobiales	Devosiaceae	Pelagibacterium	Pelagibacterium halotolerans	0.9986468200270636	0.0367606974484615	0.036810508691616596	0.0
NR_102929.1	1	1497	1	1461	97.5952	0.975952	38.0	31.0	760154	Bacteria	Pseudomonadati	Campylobacterota	Epsilonproteobacteria	Campylobacterales	Sulfurospirillaceae	Sulfurospirillum	Sulfurospirillum barnesii	0.9759519038076152	0.15319851586065342	0.15697342795578245	0.0
NR_102934.1	1	1497	6	1497	100.0	5.83166	37.2	6.83	657308	Bacteria	Bacillati	Actinomycetota	Coriobacteriia	Eggerthellales	Eggerthellaceae	Gordonibacter	Gordonibacter pamelaeae	5.831663326653307	0.45621892803603503	0.07823135570102456	0.01
NR_102936.1	1	1500	4	1499	99.9333	3.29867	38.2	1.0	521095	Bacteria	Bacillati	Actinomycetota	Coriobacteriia	Coriobacteriales	Atopobiaceae	Lancefieldella	Lancefieldella parvula	3.2986666666666666	0.8794685263776577	0.26661333661408376	0.0
NR_102944.1	1	1512	10	1512	100.0	9.0959	35.1	9.3	214856	Bacteria	Pseudomonadati	Bacteroidota	Bacteroidia	Bacteroidales	Rikenellaceae	Alistipes	Alistipes finegoldii	9.095899470899472	1.2136499283665	0.13342824777795012	0.01
NR_102960.1	1	1525	1	757	49.6393	0.496393	40.4	1.0	889378	Bacteria	Pseudomonadati	Spirochaetota	Spirochaetia	Spirochaetales	Spirochaetaceae	Spirochaeta	Spirochaeta africana	0.4963934426229508	0.4999869925746948	1.007239317934491	0.0
NR_102964.1	1	1529	1	1402	91.6939	0.916939	39.9	0.0	1131707	Bacteria	Pseudomonadati	Spirochaetota	Spirochaetia	Spirochaetales	Sphaerochaetaceae	Sphaerochaeta	Sphaerochaeta pleomorpha	0.9169391759319817	0.2759741356960108	0.3009732193146937	0.0
NR_102969.1	1	1532	3	1530	99.8695	2.8923	39.5	1.0	496866	Bacteria	Bacillati	Bacillota	Clostridia	Thermoanaerobacterales	Thermoanaerobacteraceae	Thermoanaerobacter	Thermoanaerobacter pseudethanolicus	2.892297650130548	0.35880305101832966	0.12405467708419794	0.0
NR_102980.1	1	1552	2	1552	100.0	1.8808	40.9	10.0	1064535	Bacteria	Bacillati	Bacillota	Negativicutes	Veillonellales	Veillonellaceae	Megasphaera	Megasphaera elsdenii	1.880798969072165	0.3240249144025446	0.1722804615117332	0.0
NR_102987.1	1	1634	464	1441	88.1885	386.565	39.0	11.3	720554	Bacteria	Bacillati	Bacillota	Clostridia	Eubacteriales	Oscillospiraceae	Acetivibrio	Acetivibrio clariflavus	386.5654834761322	154.20995299980862	0.39892323446237027	0.52
NR_103939.1	1	1524	19	1523	99.9344	18.7178	39.1	11.3	767817	Bacteria	Bacillati	Bacillota	Clostridia	Eubacteriales	Desulfallaceae	Desulfoscipio	Desulfoscipio gibsoniae	18.71784776902887	0.9483631916254135	0.050666251981950856	0.02
NR_103954.1	1	1532	4	1500	97.9112	3.01305	38.2	6.25	1303518	Bacteria	Bacillati	Armatimonadota	Chthonomonadia	Chthonomonadales	Chthonomonadaceae	Chthonomonas	Chthonomonas calidirosea	3.0130548302872064	1.06870352368497	0.3546910308243878	0.0
NR_104277.1	1	1465	1	1324	90.3754	0.903754	28.9	1.0	135193	Bacteria	Bacillati	Bacillota	Bacilli	Bacillales	Paenibacillaceae	Paenibacillus	Paenibacillus daejeonensis	0.903754266211604	0.29492794461686234	0.32633643418708713	0.0
NR_104504.1	1	1423	4	1418	99.6486	3.75334	36.1	1.0	1403537	Bacteria	Bacillati	Bacillota	Clostridia	Eubacteriales	Clostridiaceae	Fervidicella	Fervidicella metallireducens	3.753338018271258	0.5317876113045821	0.14168391141853964	0.0
NR_104527.1	1	1475	1	1092	74.0339	0.740339	46.0	1.0	634462	Bacteria	Bacillati	Actinomycetota	Actinomycetes	Propionibacteriales	Nocardioidaceae	Nocardioides	Nocardioides daedukensis	0.7403389830508474	0.4384485981572796	0.5922268152765453	0.0
NR_104559.2	1	1553	1	1505	96.9092	0.969092	41.1	1.0	1353	Bacteria	Bacillati	Bacillota	Bacilli	Lactobacillales	Enterococcaceae	Enterococcus	Enterococcus gallinarum	0.9690920798454604	0.17306825424167113	0.17858803909456164	0.0
NR_104568.1	1	1473	1	1452	98.5743	0.985743	36.5	2.0	1249	Bacteria	Bacillati	Bacillota	Bacilli	Lactobacillales	Lactobacillaceae	Weissella	Weissella paramesenteroides	0.9857433808553971	0.11854690192142704	0.12026142323020801	0.0
NR_104572.1	1	1485	1	1471	99.0572	0.990572	39.2	2.0	36822	Bacteria	Bacillati	Actinomycetota	Actinomycetes	Mycobacteriales	Gordoniaceae	Gordonia	Gordonia rubripertincta	0.9905723905723905	0.09663710264743103	0.0975568303408804	0.0
NR_104573.1	1	1527	18	1527	100.0	17.8638	39.5	10.2	1590	Bacteria	Bacillati	Bacillota	Bacilli	Lactobacillales	Lactobacillaceae	Lactiplantibacillus	Lactiplantibacillus plantarum	17.86378519973805	0.5911746276996528	0.03309346933416562	0.02
NR_104574.1	1	1506	2	1463	97.1448	1.55511	42.8	1.0	416555	Bacteria	Bacillati	Bacillota	Thermolithobacteria	Thermolithobacterales	Thermolithobacteraceae	Thermolithobacter	Thermolithobacter ferrireducens	1.5551128818061088	0.5514231441802577	0.35458721397756965	0.0
NR_104693.1	1	1463	1	1453	99.3165	0.993165	38.8	43.0	407159	Bacteria	Bacillati	Actinomycetota	Actinomycetes	Micrococcales	Intrasporangiaceae	Knoellia	Knoellia remsis	0.9931647300068353	0.08239265184035034	0.08295970381447526	0.0
NR_104696.1	1	1463	35	1460	99.7949	32.6302	38.2	5.14	29358	Bacteria	Bacillati	Bacillota	Clostridia	Peptostreptococcales	Peptostreptococcaceae	Paraclostridium	Paraclostridium ghonii	32.63021189336979	4.769100864766187	0.14615598820966383	0.04
NR_104697.1	1	1406	1	1230	87.4822	0.874822	42.9	1.0	83	Bacteria	Pseudomonadati	Pseudomonadota	Alphaproteobacteria	Hyphomicrobiales	Hyphomicrobiaceae	Hyphomicrobium	Hyphomicrobium vulgare	0.8748221906116643	0.33092042158965224	0.37827163638622036	0.0
NR_104700.1	1	1493	1	1454	97.3878	0.973878	41.8	1.0	1532	Bacteria	Bacillati	Bacillota	Clostridia	Lachnospirales	Lachnospiraceae	Blautia	Blautia coccoides	0.9738780977896851	0.1594978007222366	0.1637759398062581	0.0
NR_104708.1	1	1474	1	1379	93.555	0.93555	40.4	1.0	1377	Bacteria	Bacillati	Bacillota	Bacilli	Lactobacillales	Aerococcaceae	Aerococcus	Aerococcus viridans	0.9355495251017639	0.24555368289567164	0.26246999897622914	0.0
NR_104716.1	1	1475	4	1474	99.9322	3.95864	38.4	28.8	13076	Bacteria	Bacillati	Bacillota	Bacilli	Lactobacillales	Aerococcaceae	Globicatella	Globicatella sanguinis	3.95864406779661	0.21858914038743754	0.0552181849754188	0.0
NR_104729.1	1	1493	1	1466	98.1916	0.981916	39.0	1.0	1540	Bacteria	Bacillati	Bacillota	Clostridia	Peptostreptococcales	Peptostreptococcaceae	Metaclostridioides	Metaclostridioides mangenotii	0.9819156061620897	0.13325670166046	0.13571095196389277	0.0
NR_104732.1	1	1533	5	1528	99.6738	4.52055	32.9	1.0	151	Bacteria	Pseudomonadati	Spirochaetota	Spirochaetia	Spirochaetales	Spirochaetaceae	Oceanispirochaeta	Oceanispirochaeta litoralis	4.52054794520548	0.9210882767956549	0.20375589153358425	0.01
NR_104735.1	1	1511	11	1511	100.0	10.3944	37.8	3.82	45851	Bacteria	Bacillati	Bacillota	Clostridia	Lachnospirales	Lachnospiraceae	Eshraghiella	Eshraghiella crossota	10.394440767703507	1.193661093050275	0.11483648997828635	0.01
NR_104737.1	1	1521	22	1521	100.0	21.4885	37.4	8.09	1732	Bacteria	Bacillati	Bacillota	Clostridia	Eubacteriales	Eubacteriaceae	Eubacterium	Eubacterium oxidoreducens	21.488494411571335	1.0908888860034314	0.05076618515515907	0.02
NR_104740.1	1	1454	1	1264	86.9326	0.869326	39.5	14.0	933059	Bacteria	Pseudomonadati	Pseudomonadota	Alphaproteobacteria	Rhodobacterales	Paracoccaceae	Gemmobacter	Gemmobacter aquatilis	0.8693259972489684	0.3370434805126111	0.3877066619187789	0.0
NR_104741.1	1	1497	89	1497	100.0	84.9165	38.9	32.7	39493	Bacteria	Bacillati	Bacillota	Clostridia	Eubacteriales	Clostridiaceae	Clostridium	Clostridium tarantellae	84.91649966599866	5.197923796647853	0.06121217686895718	0.1
NR_104743.1	1	1499	3	1498	99.9333	2.89193	37.0	6.67	933068	Bacteria	Fusobacteriati	Fusobacteriota	Fusobacteriia	Fusobacteriales	Fusobacteriaceae	Ilyobacter	Ilyobacter delafieldii	2.8919279519679786	0.3372497250761177	0.11661760966299896	0.0
NR_104744.1	1	1494	488	1494	100.0	452.74	37.7	12.7	1541	Bacteria	Bacillati	Bacillota	Clostridia	Peptostreptococcales	Peptostreptococcaceae	Terrisporobacter	Terrisporobacter mayombei	452.74029451137886	57.99701807797874	0.12810217862444112	0.54
NR_104751.1	1	1508	8	1174	77.8515	6.04576	40.0	0.875	2142	Bacteria	Bacillati	Mycoplasmatota	Mollicutes	Entomoplasmatales	Spiroplasmataceae	Spiroplasma	Spiroplasma diabroticae	6.045755968169761	3.29957022743972	0.5457663598748599	0.01
NR_104759.1	1	1524	3	1301	85.3675	2.51509	39.6	49.7	933080	Bacteria	Pseudomonadati	Pseudomonadota	Betaproteobacteria	Burkholderiales	Oxalobacteraceae	Oxalobacter	Oxalobacter vibrioformis	2.5150918635170605	1.064412671567334	0.4232102560575573	0.0
NR_104760.1	1	1532	2	1530	99.8695	1.97324	39.9	1.0	406	Bacteria	Pseudomonadati	Pseudomonadota	Betaproteobacteria	Nitrosomonadales	Methylophilaceae	Methylobacillus	Methylobacillus glycogenes	1.973237597911227	0.16928420475830633	0.08579007664231733	0.0
NR_104761.1	1	1534	3	1524	99.3481	2.81291	43.0	12.3	266009	Bacteria	Pseudomonadati	Pseudomonadota	Betaproteobacteria	Nitrosomonadales	Methylophilaceae	Methylovorus	Methylovorus glucosotrophus	2.8129074315514995	0.4703076975918479	0.16719629388317372	0.0
NR_104765.1	1	1512	27	1512	100.0	26.1151	36.3	12.4	108007	Bacteria	Thermotogati	Synergistota	Synergistia	Synergistales	Synergistaceae	Thermanaerovibrio	Thermanaerovibrio velox	26.115079365079364	2.2143674957873785	0.08479267724333983	0.03
NR_104766.1	1	1476	2	1472	99.729	1.95867	39.5	1.0	186651	Bacteria	Pseudomonadati	Pseudomonadota	Alphaproteobacteria	Hyphomicrobiales	Methylobacteriaceae	Microvirga	Microvirga subterranea	1.9586720867208671	0.21222622614480924	0.1083520960877684	0.0
NR_104768.1	1	1499	1	1466	97.7985	0.977985	34.1	1.0	536227	Bacteria	Bacillati	Bacillota	Clostridia	Eubacteriales	Clostridiaceae	Clostridium	Clostridium carboxidivorans	0.9779853235490327	0.14673115031146736	0.15003410253539534	0.0
NR_104769.1	1	1504	5	1497	99.5346	4.70545	37.9	27.0	185243	Bacteria	Bacillati	Actinomycetota	Actinomycetes	Propionibacteriales	Nocardioidaceae	Propionicimonas	Propionicimonas paludicola	4.705452127659575	0.6556400623247963	0.13933625176437667	0.01
NR_104774.1	1	1505	1	1448	96.2126	0.962126	36.0	1.0	1786	Bacteria	Bacillati	Actinomycetota	Actinomycetes	Mycobacteriales	Mycobacteriaceae	Mycolicibacterium	Mycolicibacterium sphagni	0.9621262458471761	0.19089089265649767	0.19840524409394267	0.0
NR_104780.1	1	1498	2	1497	99.9332	1.96262	37.1	23.5	1539	Bacteria	Bacillati	Bacillota	Clostridia	Eubacteriales	Clostridiaceae	Clostridium	Clostridium malenominatum	1.9626168224299065	0.1931858925737122	0.09843281193041525	0.0
NR_104783.1	1	1529	73	1529	100.0	67.8443	37.3	3.48	290052	Bacteria	Bacillati	Bacillota	Clostridia	Eubacteriales	Oscillospiraceae	Acetivibrio	Acetivibrio ethanolgignens	67.84434270765206	10.395481031487245	0.15322546606844425	0.08
NR_104785.1	1	1460	2	1446	99.0411	1.82603	35.0	1.0	937251	Bacteria	Bacillati	Bacillota	Clostridia	Eubacteriales	Clostridiaceae	Youngiibacter	Youngiibacter multivorans	1.826027397260274	0.40358917035454456	0.22102032585057577	0.0
NR_104786.1	1	1513	14	1507	99.6034	11.3972	40.8	1.0	225195	Bacteria	Pseudomonadati	Thermodesulfobacteriota	Desulfuromonadia	Desulfuromonadales	Desulfuromonadaceae	Pelobacter	Pelobacter massiliensis	11.39722405816259	4.234553075536272	0.3715424961311981	0.02
NR_104788.1	1	1533	1	1081	70.5153	0.705153	38.6	1.0	85993	Bacteria	Pseudomonadati	Pseudomonadota	Hydrogenophilia	Hydrogenophilales	Hydrogenophilaceae	Hydrogenophilus	Hydrogenophilus hirschii	0.7051532941943901	0.4559738214867039	0.6466307755218474	0.0
NR_104797.1	1	1532	10	1531	99.9347	8.56266	36.8	36.4	156	Bacteria	Pseudomonadati	Spirochaetota	Spirochaetia	Spirochaetales	Treponemataceae	Teretinema	Teretinema zuelzerae	8.56266318537859	1.24036346432472	0.14485720592662535	0.01
NR_104799.1	1	1515	13	1513	99.868	11.8363	39.2	1.08	649756	Bacteria	Bacillati	Bacillota	Clostridia	Lachnospirales	Lachnospiraceae	Anaerostipes	Anaerostipes hadrus	11.836303630363036	1.8769758874493159	0.15857787583569674	0.01
NR_104800.1	1	1522	21	1521	99.9343	20.0072	38.9	0.952	290055	Bacteria	Bacillati	Bacillota	Clostridia	Lachnospirales	Lachnospiraceae	Faecalicatena	Faecalicatena fissicatena	20.007227332457294	1.9853141000314896	0.09922984664700427	0.02
NR_104801.1	1	1547	6	1546	99.9354	5.82741	40.5	3.33	2376	Bacteria	Bacillati	Bacillota	Negativicutes	Selenomonadales	Sporomusaceae	Sporomusa	Sporomusa paucivorans	5.827407886231415	0.5065300192390286	0.08692201217557152	0.01
NR_104803.1	1	1521	35	1518	99.8028	33.098	38.0	5.43	39482	Bacteria	Bacillati	Bacillota	Clostridia	Lachnospirales	Lachnospiraceae	Faecalicatena	Faecalicatena contorta	33.09796186719264	3.5555517868168662	0.10742509768679141	0.04
NR_104805.1	1	1520	53	1520	100.0	49.4664	38.3	7.51	43143	Bacteria	Bacillati	Bacillota	Tissierellia	Tissierellales	Tissierellaceae	Tissierella	Tissierella creatinini	49.46644736842105	4.5939239631069695	0.0928694945260955	0.06
NR_104808.1	1	1508	2	1499	99.4032	1.92308	29.6	1.0	937254	Bacteria	Bacillati	Bacillota	Clostridia	Eubacteriales	Syntrophomonadaceae	Thermohydrogenium	Thermohydrogenium kirishiense	1.9230769230769231	0.2879969733908845	0.14975842616325993	0.0
NR_104811.1	1	1543	13	1540	99.8056	11.9203	38.2	1.0	937334	Bacteria	Bacillati	Bacillota	Clostridia	Caldicoprobacterales	Caldicoprobacteraceae	Caldicoprobacter	Caldicoprobacter faecalis	11.920285158781594	1.9396592685608987	0.16271920031476467	0.01
NR_104812.1	1	1495	1146	1495	100.0	1061.07	38.4	12.9	1737	Bacteria	Bacillati	Bacillota	Clostridia	Peptostreptococcales	Peptostreptococcaceae	Paraclostridium	Paraclostridium tenue	1061.0715719063546	143.1121443042551	0.13487510936433375	1.28
NR_104821.1	1	1460	4	1374	94.1096	3.53836	42.6	11.5	1266370	Bacteria	Pseudomonadati	Nitrospinota	Nitrospinia	Nitrospinales	Nitrospinaceae	Nitrospina	Nitrospina gracilis	3.5383561643835617	1.0212978765272156	0.28863625623881817	0.0
NR_104822.1	1	1491	1	1159	77.7331	0.777331	30.4	1.0	1262449	Bacteria	Bacillati	Bacillota	Clostridia	Eubacteriales	Clostridiaceae	Clostridium	Clostridium pasteurianum	0.7773306505700872	0.41603811154072556	0.5352138259768954	0.0
NR_104825.1	1	1500	2	1480	98.6667	1.81867	40.8	1.0	1536	Bacteria	Bacillati	Bacillota	Clostridia	Eubacteriales	Clostridiaceae	Hathewaya	Hathewaya limosa	1.8186666666666667	0.41847129199292826	0.23009785116913212	0.0
NR_104827.1	1	1547	2	1498	96.8326	1.74531	36.2	1.0	86956	Bacteria	Bacillati	Bacillota	Negativicutes	Selenomonadales	Selenomonadaceae	Pectinatus	Pectinatus cerevisiiphilus	1.7453135100193924	0.5031597142971049	0.28829188074726714	0.0
NR_104835.1	1	1458	1	1127	77.2977	0.772977	42.2	1.0	1111071	Bacteria	Pseudomonadati	Pseudomonadota	Betaproteobacteria	Burkholderiales	Comamonadaceae	Rhodoferax	Rhodoferax antarcticus	0.7729766803840878	0.41890778456181044	0.5419410380577814	0.0
NR_104841.1	1	1400	1	1333	95.2143	0.952143	29.8	12.0	47498	Bacteria	Pseudomonadati	Pseudomonadota	Alphaproteobacteria	Hyphomicrobiales	Hyphomicrobiaceae	Pedomicrobium	Pedomicrobium manganicum	0.9521428571428572	0.21346390030797652	0.22419314360927767	0.0
NR_104846.1	1	1426	19	1375	96.4236	16.3471	37.0	1.37	745368	Bacteria	Bacillati	Bacillota	Clostridia	Eubacteriales	unclassified Eubacteriales family	Gemmiger	Gemmiger formicilis	16.347124824684432	5.8687833458542515	0.3590101261716856	0.02
NR_104848.1	1	1415	1	1274	90.0353	0.900353	43.0	1.0	745369	Bacteria	Bacillati	Bacillota	Clostridia	Peptostreptococcales	Filifactoraceae	Acetoanaerobium	Acetoanaerobium noterae	0.9003533568904594	0.29952827850895886	0.3326785824883648	0.0
NR_104850.1	1	1471	1	1236	84.0245	0.840245	43.5	22.0	118967	Bacteria	Bacillati	Bacillota	Erysipelotrichia	Erysipelotrichales	Erysipelotrichaceae	Anaerorhabdus	Anaerorhabdus furcosa	0.840244731475187	0.3663789332144771	0.43603835821884773	0.0
NR_104862.1	1	1549	15	1549	100.0	13.4848	37.8	3.53	86958	Bacteria	Bacillati	Bacillota	Negativicutes	Selenomonadales	Selenomonadaceae	Propionispira	Propionispira paucivorans	13.484828921885088	2.2250544534090055	0.1650042774957176	0.02
NR_104863.1	1	1549	4	1549	100.0	3.77598	40.7	8.5	86957	Bacteria	Bacillati	Bacillota	Negativicutes	Selenomonadales	Selenomonadaceae	Selenomonas	Selenomonas lacticifex	3.775984506132989	0.43954508999448444	0.11640542732115855	0.0
NR_104864.1	1	1527	1	1242	81.336	0.81336	43.4	1.0	38	Bacteria	Pseudomonadati	Myxococcota	Myxococcia	Myxococcales	Archangiaceae	Archangium	Archangium disciforme	0.8133595284872298	0.3896226455254645	0.47902880814604215	0.0
NR_104866.1	1	1527	1	627	41.0609	0.410609	40.1	1.0	974	Bacteria	Bacillati	Bacillota	Clostridia	Halanaerobiales	Halobacteroidaceae	Sporohalobacter	Sporohalobacter lortetii	0.4106090373280943	0.4919443624970086	1.1980845957463033	0.0
NR_104869.1	1	1541	1	1445	93.7703	0.937703	45.1	1.0	39651	Bacteria	Bacillati	Bacillota	Clostridia	Halanaerobiales	Halanaerobiaceae	Halanaerobium	Halanaerobium alcaliphilum	0.9377027903958468	0.24169457436956648	0.25775179176712937	0.0
NR_104873.1	1	1538	1	1436	93.368	0.93368	42.0	0.0	483913	Bacteria	Bacillati	Bacillota	Bacilli	Bacillales	Bacillaceae	Bacillus	Bacillus inaquosorum	0.9336801040312094	0.24884044560215646	0.26651574187751853	0.0
NR_104876.1	1	1512	6	1487	98.3466	5.75066	37.8	1.0	83262	Bacteria	Bacillati	Actinomycetota	Actinomycetes	Mycobacteriales	Mycobacteriaceae	Mycobacteroides	Mycobacteroides immunogenum	5.750661375661376	0.9903634021925216	0.17221730467108598	0.01
NR_104877.1	1	1489	7	1460	98.0524	6.40296	38.9	1.0	467174	Bacteria	Pseudomonadati	Pseudomonadota	Alphaproteobacteria	Rickettsiales	Rickettsiaceae	Rickettsia	Rickettsia hoogstraalii	6.402955003357959	1.5026788253334684	0.23468520777444246	0.01
NR_104881.1	1	1553	18	1550	99.8068	16.8667	37.8	19.4	2082	Bacteria	Bacillati	Bacillota	Clostridia	Eubacteriales	Syntrophomonadaceae	Syntrophomonas	Syntrophomonas bryantii	16.86670959433355	2.0589210169508183	0.1220701053418577	0.02
NR_104892.1	1	1488	1	1404	94.3548	0.943548	21.0	15.0	39489	Bacteria	Bacillati	Bacillota	Clostridia	Eubacteriales	Clostridiaceae	Clostridium	Clostridium moniliforme	0.9435483870967742	0.2307917422782976	0.24459979523511882	0.0
NR_104901.1	1	1515	1	1288	85.0165	0.850165	44.4	1.0	621	Bacteria	Pseudomonadati	Pseudomonadota	Gammaproteobacteria	Enterobacterales	Enterobacteriaceae	Shigella	Shigella boydii	0.8501650165016502	0.3569095981034962	0.41981214373198505	0.0
NR_104904.1	1	1459	1	1077	73.8177	0.738177	45.4	1.0	1276220	Bacteria	Bacillati	Mycoplasmatota	Mollicutes	Entomoplasmatales	Spiroplasmataceae	Spiroplasma	Spiroplasma taiwanense	0.7381768334475668	0.43962688271862016	0.5955576804888272	0.0
NR_104907.1	1	1446	366	1444	99.8617	337.885	38.3	34.6	290054	Bacteria	Bacillati	Bacillota	Clostridia	Eubacteriales	Eubacteriaceae	Eubacterium	Eubacterium coprostanoligenes	337.88520055325034	77.73639244547508	0.23006746764341904	0.41
NR_104911.1	1	1446	195	1446	100.0	179.618	37.5	49.7	758823	Bacteria	Bacillati	Candidatus Melainabacteria	Vampirovibriophyceae	Vampirovibrionales	unclassified Vampirovibrionales family	Vampirovibrio	Vampirovibrio chlorellavorus	179.61825726141078	30.323261570290086	0.16882059782017905	0.22
NR_104916.1	1	1465	4	1463	99.8635	3.77474	34.9	26.8	777	Bacteria	Pseudomonadati	Pseudomonadota	Gammaproteobacteria	Legionellales	Coxiellaceae	Coxiella	Coxiella burnetii	3.7747440273037545	0.5104140920855167	0.13521819980204014	0.0
NR_104923.1	1	1476	1	1269	85.9756	0.859756	34.2	1.0	1474	Bacteria	Bacillati	Bacillota	Bacilli	Bacillales	Caryophanaceae	Sporosarcina	Sporosarcina pasteurii	0.8597560975609756	0.34723990304643765	0.4038818730469204	0.0
NR_104927.1	1	1502	145	1502	100.0	143.797	38.6	14.9	1613	Bacteria	Bacillati	Bacillota	Bacilli	Lactobacillales	Lactobacillaceae	Limosilactobacillus	Limosilactobacillus fermentum	143.79693741677764	1.9915042445022026	0.013849420441619518	0.16
NR_104948.1	1	1413	1	1199	84.8549	0.848549	43.5	10.0	1056810	Bacteria	Pseudomonadati	Pseudomonadota	Betaproteobacteria	Neisseriales	Neisseriaceae	Prolinoborus	Prolinoborus fasciculus	0.8485491861288039	0.3584877471392142	0.42247138174120913	0.0
NR_104961.1	1	1437	2	1424	99.0953	1.94015	41.8	41.0	1264899	Bacteria	Pseudomonadati	Pseudomonadota	Alphaproteobacteria	Rhodospirillales	Zavarziniaceae	Zavarzinia	Zavarzinia compransoris	1.9401530967292973	0.272687552458185	0.14054950246858386	0.0
NR_104990.1	1	1542	4	1542	100.0	3.64462	39.8	55.8	876	Bacteria	Pseudomonadati	Thermodesulfobacteriota	Desulfovibrionia	Desulfovibrionales	Desulfovibrionaceae	Desulfovibrio	Desulfovibrio desulfuricans	3.6446173800259403	0.6438627373507307	0.1766612706396489	0.0
NR_108114.1	1	1442	1	1429	99.0985	0.990985	39.5	1.0	472111	Bacteria	Pseudomonadati	Bacteroidota	Bacteroidia	Marinilabiliales	Prolixibacteraceae	Sunxiuqinia	Sunxiuqinia faeciviva	0.9909847434119279	0.09451974257647552	0.09537961427241266	0.0
NR_108122.1	1	1475	1	1472	99.7966	0.997966	43.9	7.0	1054550	Bacteria	Bacillati	Actinomycetota	Actinomycetes	Micrococcales	unclassified Micrococcales family	Luteimicrobium	Luteimicrobium album	0.9979661016949153	0.04505287518870758	0.04514469490716283	0.0
NR_108141.1	1	1449	1	1443	99.5859	0.995859	43.4	46.0	410839	Bacteria	Pseudomonadati	Pseudomonadota	Alphaproteobacteria	Hyphomicrobiales	Kaistiaceae	Kaistia	Kaistia geumhonensis	0.9958592132505176	0.06421557937586302	0.0644825880219165	0.0
NR_108144.1	1	1442	1	1187	82.3162	0.823162	37.2	1.0	426114	Bacteria	Pseudomonadati	Pseudomonadota	Betaproteobacteria	Burkholderiales	unclassified Burkholderiales family	Thiomonas	Thiomonas arsenitoxydans	0.8231622746185853	0.38153131491837083	0.46349465552846736	0.0
NR_108192.1	1	1489	1	1452	97.5151	0.975151	39.0	1.0	490573	Bacteria	Bacillati	Actinomycetota	Thermoleophilia	Solirubrobacterales	Solirubrobacteraceae	Solirubrobacter	Solirubrobacter ginsenosidimutans	0.9751511081262593	0.15566446108983406	0.15963111746746758	0.0
NR_108203.1	1	1402	1	839	59.8431	0.598431	14.5	1.0	510515	Bacteria	Pseudomonadati	Pseudomonadota	Betaproteobacteria	Burkholderiales	Comamonadaceae	Comamonas	Comamonas guangdongensis	0.5984308131241084	0.49021564135360535	0.8191684495563226	0.0
NR_108221.1	1	1455	1	1161	79.7938	0.797938	14.2	1.0	556890	Bacteria	Bacillati	Actinomycetota	Thermoleophilia	Solirubrobacterales	Patulibacteraceae	Patulibacter	Patulibacter ginsengiterrae	0.797938144329897	0.40153812042352355	0.5032196082827104	0.0
NR_108224.1	1	1421	1	1214	85.4328	0.854328	41.9	2.0	538194	Bacteria	Pseudomonadati	Pseudomonadota	Alphaproteobacteria	Rhodobacterales	Paracoccaceae	Paracoccus	Paracoccus huijuniae	0.8543279380717804	0.3527771425444115	0.4129294230276843	0.0
NR_108293.1	1	1500	1	1212	80.8	0.808	37.5	1.0	555883	Bacteria	Pseudomonadati	Pseudomonadota	Gammaproteobacteria	Oceanospirillales	Oceanospirillaceae	Oleispira	Oleispira lenta	0.808	0.3938730760029169	0.48746667822143175	0.0
NR_108321.1	1	1435	1	1387	96.6551	0.966551	26.9	1.0	589035	Bacteria	Pseudomonadati	Pseudomonadota	Alphaproteobacteria	Rhodobacterales	Paracoccaceae	Gemmobacter	Gemmobacter caeni	0.9665505226480836	0.1798071461783452	0.18602974388314736	0.0
NR_108377.1	1	1500	1	1432	95.4667	0.954667	43.7	60.0	578942	Bacteria	Pseudomonadati	Pseudomonadota	Gammaproteobacteria	Lysobacterales	Rhodanobacteraceae	Dokdonella	Dokdonella immobilis	0.9546666666666667	0.20803418522498293	0.21791290351778939	0.0
NR_108460.1	1	1436	1	1296	90.2507	0.902507	19.9	1.0	568790	Bacteria	Bacillati	Bacillota	Clostridia	Eubacteriales	Clostridiaceae	Caloramator	Caloramator boliviensis	0.9025069637883009	0.29662795569858613	0.3286710990610877	0.0
NR_108474.1	1	1427	1	1410	98.8087	0.988087	43.4	1.0	655015	Bacteria	Pseudomonadati	Pseudomonadota	Alphaproteobacteria	Hyphomicrobiales	Methylocystaceae	Methylocystis	Methylocystis bryophila	0.9880868955851436	0.10849507987949115	0.10980317658725808	0.0
NR_108510.2	1	1366	1	1013	74.1581	0.741581	26.9	1.0	944479	Bacteria	Pseudomonadati	Campylobacterota	Desulfurellia	Desulfurellales	Hippeaceae	Hippea	Hippea jasoniae	0.7415812591508053	0.4377653426518734	0.5903133840695548	0.0
NR_108518.1	1	1390	6	1390	100.0	5.84532	38.6	10.0	983873	Bacteria	Bacillati	Actinomycetota	Actinomycetes	Mycobacteriales	Dietziaceae	Dietzia	Dietzia aurantiaca	5.845323741007194	0.5349272823010905	0.0915137135259712	0.01
NR_108525.1	1	1505	15	1505	100.0	13.786	36.1	13.2	1008308	Bacteria	Bacillati	Bacillota	Clostridia	Eubacteriales	Eubacteriales Family XII. Incertae Sedis	Fusibacter	Fusibacter tunisiensis	13.786046511627907	2.177368794731114	0.1579400441522232	0.02
NR_108533.1	1	1439	3	1431	99.4441	2.81098	37.8	16.0	1050174	Bacteria	Bacillati	Actinomycetota	Actinomycetes	Mycobacteriales	Corynebacteriaceae	Corynebacterium	Corynebacterium epidermidicanis	2.810979847116053	0.4368267327572806	0.1554001652503651	0.0
NR_108568.1	1	1436	7	1419	98.8162	6.47632	37.5	1.71	683042	Bacteria	Bacillati	Actinomycetota	Actinomycetes	Micrococcales	Microbacteriaceae	Leucobacter	Leucobacter denitrificans	6.476323119777159	1.2451004216283206	0.19225421564067402	0.01
NR_108569.1	1	1525	2	1295	84.918	1.64131	32.2	1.0	658167	Bacteria	Pseudomonadati	Pseudomonadota	Betaproteobacteria	Burkholderiales	Alcaligenaceae	Pollutimonas	Pollutimonas bauzanensis	1.6413114754098361	0.7291573295111208	0.4442528675607108	0.0
NR_108584.1	1	1443	2	728	50.4505	0.97921	43.4	0.0	1005039	Bacteria	Bacillati	Armatimonadota	Fimbriimonadia	Fimbriimonadales	Fimbriimonadaceae	Fimbriimonas	Fimbriimonas ginsengisoli	0.9792099792099792	0.9847683713627873	1.0056764047250546	0.0
NR_108607.1	1	1515	1	1249	82.4422	0.824422	23.2	1.0	673535	Bacteria	Bacillati	Actinomycetota	Actinomycetes	Micromonosporales	Micromonosporaceae	Plantactinospora	Plantactinospora endophytica	0.8244224422442245	0.38046035137487283	0.4614871355748057	0.0
NR_108609.1	1	1487	1	1221	82.1116	0.821116	41.1	1.0	673548	Bacteria	Pseudomonadati	Pseudomonadota	Betaproteobacteria	Burkholderiales	Comamonadaceae	Comamonas	Comamonas terrae	0.8211163416274377	0.3832548696883179	0.46674855956308664	0.0
NR_108610.1	1	1445	44	1437	99.4464	37.982	38.8	12.5	1930748	Bacteria	Bacillati	Actinomycetota	Actinomycetes	Micrococcales	Microbacteriaceae	Leucobacter	Leucobacter celer	37.98200692041522	12.636672402095016	0.332701545460012	0.05
NR_108630.1	1	1487	1	1363	91.6611	0.916611	44.9	1.0	680378	Bacteria	Bacillati	Bacillota	Clostridia	Lachnospirales	Natranaerovirgaceae	Natranaerovirga	Natranaerovirga hydrolytica	0.9166106254203094	0.27646986596534723	0.30162193007371335	0.0
NR_108632.1	1	1437	1	1098	76.4092	0.764092	30.7	1.0	680648	Bacteria	Pseudomonadati	Campylobacterota	Epsilonproteobacteria	Campylobacterales	Sulfurospirillaceae	Sulfurospirillum	Sulfurospirillum alkalitolerans	0.7640918580375783	0.42456506040683584	0.5556466227728808	0.0
NR_108636.1	1	1497	2	1471	98.2632	1.75952	36.5	10.0	682400	Bacteria	Bacillati	Bacillota	Clostridia	Lachnospirales	Natranaerovirgaceae	Natranaerovirga	Natranaerovirga pectinivora	1.7595190380761523	0.466246724192865	0.2649853250253299	0.0
NR_108681.1	1	1460	1	1438	98.4932	0.984932	37.5	1.0	686624	Bacteria	Bacillati	Actinomycetota	Actinomycetes	Propionibacteriales	Propionibacteriaceae	Tessaracoccus	Tessaracoccus oleiagri	0.9849315068493151	0.12182542290036502	0.12368923326462651	0.0
NR_108684.1	1	1482	1	1320	89.0688	0.890688	34.5	1.0	886292	Bacteria	Bacillati	Bacillota	Clostridia	Eubacteriales	Desulfotomaculaceae	Desulfotomaculum	Desulfotomaculum varum	0.8906882591093117	0.3120299411821475	0.3503245248726838	0.0
NR_108709.1	1	1406	1	1328	94.4523	0.944523	43.6	60.0	698647	Bacteria	Pseudomonadati	Pseudomonadota	Alphaproteobacteria	Hyphomicrobiales	Phyllobacteriaceae	Aquamicrobium	Aquamicrobium aestuarii	0.9445234708392604	0.22890802492052825	0.2423529239745954	0.0
NR_108786.1	1	1511	1	1249	82.6605	0.826605	46.9	1.0	714109	Bacteria	Bacillati	Actinomycetota	Actinomycetes	Micromonosporales	Micromonosporaceae	Phytomonospora	Phytomonospora endophytica	0.8266048974189278	0.37858848500974135	0.45800416401098415	0.0
NR_108845.1	1	1507	1	1484	98.4738	0.984738	32.0	40.0	748909	Bacteria	Bacillati	Actinomycetota	Actinomycetes	Propionibacteriales	Nocardioidaceae	Nocardioides	Nocardioides alpinus	0.9847378898473789	0.12259354855093178	0.1244935833330554	0.0
NR_108853.1	1	1401	1	1395	99.5717	0.995717	40.6	60.0	758803	Bacteria	Bacillati	Actinomycetota	Actinomycetes	Streptosporangiales	Nocardiopsidaceae	Nocardiopsis	Nocardiopsis flavescens	0.9957173447537473	0.0653017159827713	0.06558258357839614	0.0
NR_108870.1	1	1503	9	1503	100.0	8.15436	38.1	4.67	1096341	Bacteria	Bacillati	Bacillota	Clostridia	Eubacteriales	Clostridiaceae	Fonticella	Fonticella tunisiensis	8.154357950765137	1.512905000498727	0.18553330742082136	0.01
NR_108897.1	1	1412	1	1373	97.238	0.97238	36.4	1.0	1280375	Bacteria	Bacillati	Actinomycetota	Actinomycetes	Micrococcales	Microbacteriaceae	Humibacter	Humibacter antri	0.9723796033994334	0.16388261131735093	0.16853768913335726	0.0
NR_108948.1	1	1427	4	1427	100.0	3.7246	39.6	13.2	766894	Bacteria	Bacillati	Bacillota	Bacilli	Bacillales	Bacillaceae	Shouchella	Shouchella hunanensis	3.7245970567624385	0.675306073152787	0.18130983375146323	0.0
NR_108949.1	1	1467	1	1453	99.0457	0.990457	42.9	4.0	766895	Bacteria	Bacillati	Bacillota	Bacilli	Bacillales	Bacillaceae	Shouchella	Shouchella xiaoxiensis	0.9904567143830948	0.09722248359582027	0.09815924530975108	0.0
NR_109014.1	1	1262	4	1260	99.8415	3.88035	41.8	1.0	871665	Bacteria	Bacillati	Bacillota	Clostridia	Lachnospirales	Lachnospiraceae	Blautia	Blautia faecis	3.880348652931854	0.4277726251797567	0.11024077046699061	0.0
NR_109021.1	1	1445	1	1393	96.4014	0.964014	29.6	1.0	870476	Bacteria	Pseudomonadati	Pseudomonadota	Alphaproteobacteria	Sphingomonadales	Sphingomonadaceae	Sphingobium	Sphingobium jiangsuense	0.9640138408304498	0.18625561875490956	0.19320844874432472	0.0
NR_109122.1	1	1486	1	1174	79.004	0.79004	18.5	1.0	930129	Bacteria	Bacillati	Bacillota	Bacilli	Bacillales	Bacillaceae	Alteribacillus	Alteribacillus bidgolensis	0.7900403768506057	0.4072794860981334	0.5155173052315385	0.0
NR_109131.1	1	1435	3	1433	99.8606	2.92265	38.7	60.0	930138	Bacteria	Bacillati	Bacillota	Bacilli	Bacillales	Staphylococcaceae	Aliicoccus	Aliicoccus persicus	2.9226480836236934	0.28236672386666684	0.0966133163444604	0.0
NR_109175.1	1	1527	1	1221	79.9607	0.799607	35.0	1.0	933944	Bacteria	Bacillati	Actinomycetota	Actinomycetes	Kitasatosporales	Streptomycetaceae	Streptomyces	Streptomyces abyssalis	0.7996070726915521	0.4002943941565996	0.5006138737732413	0.0
NR_109308.1	1	1471	1	1001	68.0489	0.680489	39.5	1.0	995050	Bacteria	Pseudomonadati	Thermodesulfobacteriota	Desulfovibrionia	Desulfovibrionales	Desulfovibrionaceae	Desulfobaculum	Desulfobaculum xiamenense	0.6804894629503739	0.46628698648352457	0.6852229341830816	0.0
NR_109327.1	1	1471	1	1421	96.601	0.96601	34.4	1.0	979619	Bacteria	Bacillati	Bacillota	Clostridia	Eubacteriales	Clostridiaceae	Salimesophilobacter	Salimesophilobacter vulgaris	0.9660095173351462	0.1812046626140284	0.18758061837103152	0.0
NR_109380.1	1	1531	2	1230	80.3396	1.44742	28.2	1.0	1004304	Bacteria	Pseudomonadati	Bacteroidota	Chitinophagia	Chitinophagales	Chitinophagaceae	Hydrotalea	Hydrotalea sandarakina	1.4474199869366426	0.8002764500091091	0.5528985762472681	0.0
NR_109386.1	1	1550	1	1259	81.2258	0.812258	37.7	0.0	1123291	Bacteria	Bacillati	Bacillota	Negativicutes	Selenomonadales	Sporomusaceae	Pelosinus	Pelosinus propionicus	0.812258064516129	0.3905059553254492	0.48076587033712964	0.0
NR_109388.1	1	1550	1	1174	75.7419	0.757419	33.6	1.0	1123291	Bacteria	Bacillati	Bacillota	Negativicutes	Selenomonadales	Sporomusaceae	Pelosinus	Pelosinus propionicus	0.7574193548387097	0.42864352993416605	0.565926295909674	0.0
NR_109392.1	1	1550	1	1489	96.0645	0.960645	36.5	1.0	1122947	Bacteria	Bacillati	Bacillota	Negativicutes	Selenomonadales	Sporomusaceae	Pelosinus	Pelosinus fermentans	0.9606451612903226	0.19443774165478792	0.20240329050699882	0.0
NR_109393.1	1	1550	1	1431	92.3226	0.923226	28.2	1.0	1122947	Bacteria	Bacillati	Bacillota	Negativicutes	Selenomonadales	Sporomusaceae	Pelosinus	Pelosinus fermentans	0.9232258064516129	0.2662328243349813	0.288372381355151	0.0
NR_109397.1	1	1650	1	1406	85.2121	0.852121	22.8	1.0	1076412	Bacteria	Bacillati	Bacillota	Negativicutes	Selenomonadales	Sporomusaceae	Pelosinus	Pelosinus defluvii	0.8521212121212122	0.35497979093786036	0.4165836806881007	0.0
NR_109398.1	1	1550	2	1284	82.8387	1.51871	23.5	1.0	1076412	Bacteria	Bacillati	Bacillota	Negativicutes	Selenomonadales	Sporomusaceae	Pelosinus	Pelosinus defluvii	1.518709677419355	0.7699842559575293	0.5069989790714402	0.0
NR_109400.1	1	1551	1	1456	93.8749	0.938749	34.5	1.0	1076412	Bacteria	Bacillati	Bacillota	Negativicutes	Selenomonadales	Sporomusaceae	Pelosinus	Pelosinus defluvii	0.938749194068343	0.23978979274435933	0.25543541795776187	0.0
NR_109416.1	1	1507	1	1505	99.8673	0.998673	41.2	55.0	1034944	Bacteria	Pseudomonadati	Pseudomonadota	Gammaproteobacteria	Legionellales	Legionellaceae	Legionella	Legionella tunisiensis	0.9986728599867286	0.03640575109315236	0.03645413082882432	0.0
NR_109427.1	1	1490	24	1135	76.1745	17.4926	37.5	0.917	1038693	Bacteria	Pseudomonadati	Bacteroidota	Chitinophagia	Chitinophagales	Chitinophagaceae	Terrimonas	Terrimonas pekingensis	17.49261744966443	10.449958054954093	0.5973924762845918	0.03
NR_109439.1	1	1481	8	1481	100.0	7.62998	38.3	28.0	1037355	Bacteria	Pseudomonadati	Bacteroidota	Bacteroidia	Bacteroidales	Tannerellaceae	Parabacteroides	Parabacteroides chartae	7.629979743416611	1.0430403085895295	0.13670289354168966	0.01
NR_109443.1	1	1528	1	1467	96.0079	0.960079	41.1	1.0	1069116	Bacteria	Bacillati	Bacillota	Bacilli	Bacillales	Bacillaceae	Bacillus	Bacillus songklensis	0.9600785340314136	0.19577472391375467	0.20391532252230207	0.0
NR_109459.1	1	1503	1	1220	81.171	0.81171	15.9	1.0	1069813	Bacteria	Bacillati	Bacillota	Bacilli	Bacillales	Bacillaceae	Pseudalkalibacillus	Pseudalkalibacillus berkeleyi	0.8117099135063207	0.39094364021158035	0.48162974691639776	0.0
NR_109534.1	1	1444	6	1422	98.4765	5.759	36.9	49.3	1134435	Bacteria	Pseudomonadati	Pseudomonadota	Betaproteobacteria	Rhodocyclales	Zoogloeaceae	Thauera	Thauera humireducens	5.759002770083103	0.8986497119019622	0.15604259066695927	0.01
NR_109544.1	1	1462	8	1461	99.9316	7.65869	37.7	21.4	1134406	Bacteria	Bacillati	Chloroflexota	Anaerolineae	Anaerolineales	Anaerolineaceae	Ornatilinea	Ornatilinea apprima	7.658686730506156	0.9122530693092462	0.11911351141646137	0.01
NR_109584.1	1	1422	1	816	57.384	0.57384	13.4	1.0	1150371	Bacteria	Bacillati	Actinomycetota	Actinomycetes	Kitasatosporales	Streptomycetaceae	Streptomyces	Streptomyces phytohabitans	0.5738396624472574	0.494517648066957	0.8617697249402119	0.0
NR_109590.1	1	1444	1	1335	92.4515	0.924515	41.4	22.0	1166078	Bacteria	Pseudomonadati	Pseudomonadota	Alphaproteobacteria	Hyphomicrobiales	Aurantimonadaceae	Aureimonas	Aureimonas phyllosphaerae	0.9245152354570637	0.2641719418576346	0.2857410367358984	0.0
NR_109600.1	1	1502	3	1492	99.3342	2.91411	34.7	53.0	1157490	Bacteria	Bacillati	Bacillota	Bacilli	Bacillales	Alicyclobacillaceae	Tumebacillus	Tumebacillus flagellatus	2.914114513981358	0.3593165322876611	0.12330213193878616	0.0
NR_109603.1	1	1393	1	1122	80.5456	0.805456	35.1	1.0	1157309	Bacteria	Pseudomonadati	Verrucomicrobiota	Verrucomicrobiia	Verrucomicrobiales	Verrucomicrobiaceae	Luteolibacter	Luteolibacter cuticulihirudinis	0.8054558506819813	0.39584936943760335	0.491460046012996	0.0
NR_109606.1	1	1463	1	236	16.1312	0.161312	46.0	0.0	1162966	Bacteria	Bacillati	Actinomycetota	Actinomycetes	Micrococcales	Microbacteriaceae	Naasia	Naasia aerilata	0.16131237183868763	0.3678188284066826	2.280165025249901	0.0
NR_109610.1	1	1467	1	1458	99.3865	0.993865	43.1	1.0	1162965	Bacteria	Bacillati	Actinomycetota	Actinomycetes	Kineosporiales	Kineosporiaceae	Angustibacter	Angustibacter aerolatus	0.9938650306748467	0.07808541141937453	0.0785674201318398	0.0
NR_109614.1	1	1531	1	1466	95.7544	0.957544	43.0	1.0	1170224	Bacteria	Bacillati	Bacillota	Clostridia	Caldicoprobacterales	Caldicoprobacteraceae	Caldicoprobacter	Caldicoprobacter guelmensis	0.9575440888308295	0.2016268999314468	0.21056670108802528	0.0
NR_109636.1	1	1447	841	1447	100.0	799.392	37.7	46.1	1197717	Bacteria	Thermotogati	Synergistota	Synergistia	Synergistales	Synergistaceae	Cloacibacillus	Cloacibacillus porcorum	799.3918451969593	68.36012218613185	0.08551516080238328	0.94
NR_109655.1	1	1455	9730	1455	100.0	9494.37	38.1	55.1	1194168	Bacteria	Pseudomonadati	Pseudomonadota	Betaproteobacteria	Burkholderiales	Comamonadaceae	Comamonas	Comamonas jiangduensis	9494.373883161512	372.1018766455418	0.03919182888989372	10.83
NR_109656.1	1	1502	1	1455	96.8708	0.968708	37.4	0.0	1177982	Bacteria	Pseudomonadati	Pseudomonadota	Betaproteobacteria	Burkholderiales	Comamonadaceae	Paracidovorax	Paracidovorax wautersii	0.9687083888149135	0.17410469911673337	0.17972869970675842	0.0
NR_109657.1	1	1433	1	1221	85.2059	0.852059	38.6	1.0	1217799	Bacteria	Bacillati	Chloroflexota	Dehalococcoidia	Dehalococcoidales	Dehalococcoidaceae	Dehalogenimonas	Dehalogenimonas alkenigignens	0.8520586182833217	0.35504186977374697	0.4166871411840945	0.0
NR_109690.1	1	1495	2	1479	98.9298	1.95385	40.2	3.5	1242744	Bacteria	Bacillati	Actinomycetota	Actinomycetes	Micrococcales	Bogoriellaceae	Georgenia	Georgenia sediminis	1.9538461538461538	0.2557896614668019	0.1309159684672608	0.0
NR_109724.1	1	1524	14	1524	100.0	12.7441	38.5	1.79	1236215	Bacteria	Bacillati	Bacillota	Clostridia	Eubacteriales	Peptococcaceae	Desulfovectis	Desulfovectis peckii	12.744094488188976	2.200900085856303	0.17269960513052238	0.02
NR_109727.1	1	1260	1	1109	88.0159	0.880159	42.1	14.0	1274384	Bacteria	Bacillati	Bacillota	Bacilli	Lactobacillales	Enterococcaceae	Enterococcus	Enterococcus alcedinis	0.8801587301587301	0.32477583020308315	0.3689968855328086	0.0
NR_109738.1	1	1461	1	1098	75.154	0.75154	40.5	1.0	1276547	Bacteria	Bacillati	Actinomycetota	Actinomycetes	Propionibacteriales	Nocardioidaceae	Nocardioides	Nocardioides salsibiostraticola	0.7515400410677618	0.4321198997264848	0.5749792108382461	0.0
NR_109740.1	1	1435	12	1433	99.8606	11.6655	40.4	22.0	1293441	Bacteria	Bacillati	Bacillota	Bacilli	Bacillales	Bacillaceae	Lysinibacillus	Lysinibacillus contaminans	11.665505226480835	1.2592355705340044	0.10794522363896633	0.01
NR_109746.1	1	1473	1	1284	87.169	0.87169	27.5	1.0	1274356	Bacteria	Bacillati	Bacillota	Bacilli	Bacillales	Thermoactinomycetaceae	Kroppenstedtia	Kroppenstedtia guangzhouensis	0.8716904276985743	0.3344341877817699	0.3836616500019837	0.0
NR_112021.1	1	1513	6	1513	100.0	5.74554	39.6	0.833	55969	Bacteria	Bacillati	Actinomycetota	Actinomycetes	Micrococcales	Microbacteriaceae	Leucobacter	Leucobacter komagatae	5.7455386649041635	0.5777502610724442	0.10055632635483816	0.01
NR_112023.1	1	1440	1	1332	92.5	0.925	39.5	15.0	33883	Bacteria	Bacillati	Actinomycetota	Actinomycetes	Micrococcales	Microbacteriaceae	Microbacterium	Microbacterium arborescens	0.925	0.26339134382131896	0.2847473987257502	0.0
NR_112037.1	1	1565	10	1318	84.2173	8.30799	41.4	1.8	1499	Bacteria	Bacillati	Bacillota	Clostridia	Eubacteriales	Oscillospiraceae	Ruminiclostridium	Ruminiclostridium josui	8.307987220447284	3.645080728955605	0.43874414250234745	0.01
NR_112053.1	1	1534	1	1219	79.4654	0.794654	38.3	1.0	79263	Bacteria	Bacillati	Bacillota	Bacilli	Bacillales	Paenibacillaceae	Paenibacillus	Paenibacillus chitinolyticus	0.7946544980443285	0.4039538671460461	0.5083389927826372	0.0
NR_112080.1	1	1519	6	1513	99.605	5.11323	32.3	1.0	65657	Bacteria	Pseudomonadati	Pseudomonadota	Betaproteobacteria	Burkholderiales	Comamonadaceae	Hydrogenophaga	Hydrogenophaga flava	5.1132323897300855	1.7647197229132279	0.3451280106997802	0.01
NR_112116.2	1	1550	3	1542	99.4839	2.94903	37.3	2.67	1423	Bacteria	Bacillati	Bacillota	Bacilli	Bacillales	Bacillaceae	Bacillus	Bacillus subtilis	2.9490322580645163	0.29509271193446346	0.10006425366406002	0.0
NR_112144.1	1	1229	3	1225	99.6745	2.88771	36.6	21.3	709032	Bacteria	Pseudomonadati	Campylobacterota	Epsilonproteobacteria	Campylobacterales	Sulfurimonadaceae	Sulfuricurvum	Sulfuricurvum kujiense	2.887713588283157	0.36362750097521995	0.12592228760173158	0.0
NR_112165.1	1	1539	1	1488	96.6862	0.966862	44.5	1.0	948756	Bacteria	Bacillati	Bacillota	Bacilli	Bacillales	Paenibacillaceae	Paenibacillus	Paenibacillus macquariensis	0.9668615984405458	0.1789978991539785	0.18513290779433667	0.0
NR_112173.1	1	1461	8	1397	95.6194	6.80356	36.0	1.38	1505	Bacteria	Bacillati	Bacillota	Clostridia	Peptostreptococcales	Peptostreptococcaceae	Paraclostridium	Paraclostridium sordellii	6.803559206023272	2.282963942221686	0.3355543581072317	0.01
NR_112204.1	1	1486	3	1480	99.5962	2.64872	37.5	0.0	1393	Bacteria	Bacillati	Bacillota	Bacilli	Bacillales	Paenibacillaceae	Brevibacillus	Brevibacillus brevis	2.648721399730821	0.7284973059693105	0.2750373467150395	0.0
NR_112213.1	1	1500	2	1440	96.0	1.42067	43.3	13.0	33942	Bacteria	Bacillati	Bacillota	Bacilli	Bacillales	Paenibacillaceae	Brevibacillus	Brevibacillus thermoruber	1.4206666666666667	0.5689518628339586	0.40048230607739926	0.0
NR_112221.1	1	1483	2	1478	99.6628	1.91234	38.1	13.5	247486	Bacteria	Pseudomonadati	Pseudomonadota	Betaproteobacteria	Burkholderiales	Comamonadaceae	Curvibacter	Curvibacter fontanus	1.9123398516520567	0.2944807889727568	0.1539897778725664	0.0
NR_112224.1	1	1439	1	1396	97.0118	0.970118	38.8	1.0	139021	Bacteria	Bacillati	Actinomycetota	Actinomycetes	Mycobacteriales	Dietziaceae	Dietzia	Dietzia psychralcaliphila	0.9701181375955524	0.1702613776042265	0.1755058183183968	0.0
NR_112226.2	1	1515	1	399	26.3366	0.263366	45.3	0.0	29369	Bacteria	Bacillati	Bacillota	Clostridia	Eubacteriales	Clostridiaceae	Clostridium	Clostridium sardiniense	0.2633663366336634	0.4404594298704801	1.6724211434931762	0.0
NR_112553.1	1	1493	7	1487	99.5981	6.61018	37.1	1.0	342942	Bacteria	Bacillati	Bacillota	Clostridia	Lachnospirales	Lachnospiraceae	Mediterraneibacter	Mediterraneibacter glycyrrhizinilyticus	6.610180843938379	0.9241586210422381	0.13980837179208241	0.01
NR_112564.1	1	1498	2	1498	100.0	1.94393	40.0	54.0	363888	Bacteria	Bacillati	Bacillota	Bacilli	Bacillales	Alicyclobacillaceae	Tumebacillus	Tumebacillus ginsengisoli	1.9439252336448598	0.2300660490671247	0.11835128485664588	0.0
NR_112632.1	1	1473	2	1473	100.0	1.93483	39.0	3.0	1397	Bacteria	Bacillati	Bacillota	Bacilli	Bacillales	Bacillaceae	Niallia	Niallia circulans	1.934826883910387	0.2468310779233081	0.12757269395825713	0.0
NR_112634.1	1	1480	2	1455	98.3108	1.88243	32.7	15.5	1479	Bacteria	Bacillati	Bacillota	Bacilli	Bacillales	Bacillaceae	Bacillus	Bacillus smithii	1.8824324324324324	0.3708493203547722	0.19700538195443748	0.0
NR_112636.1	1	1477	5	1477	100.0	4.69939	39.2	0.8	1348623	Bacteria	Bacillati	Bacillota	Bacilli	Bacillales	Bacillaceae	Priestia	Priestia megaterium	4.699390656736628	0.5774652498820276	0.12288087798238796	0.01
NR_112642.1	1	1589	100	1585	99.7483	84.5368	39.8	1.17	402877	Bacteria	Bacillati	Bacillota	Clostridia	Eubacteriales	Syntrophomonadaceae	Syntrophomonas	Syntrophomonas palmitatica	84.53681560730018	30.665875285734646	0.3627517202467997	0.11
NR_112656.1	1	1357	1	1337	98.5262	0.985262	40.3	18.0	150336	Bacteria	Bacillati	Bacillota	Clostridia	Eubacteriales	Clostridiaceae	Clostridium	Clostridium thiosulfatireducens	0.9852616064848931	0.12050383094201289	0.1223064312552816	0.0
NR_112658.1	1	1516	13	1516	100.0	12.6478	34.9	1.69	99907	Bacteria	Bacillati	Bacillota	Bacilli	Lactobacillales	Carnobacteriaceae	Alkalibacterium	Alkalibacterium olivapovliticus	12.647757255936675	1.0143763355118027	0.0802020717970112	0.01
NR_112661.1	1	1491	5	1479	99.1952	4.81154	39.4	1.2	258723	Bacteria	Bacillati	Bacillota	Bacilli	Lactobacillales	Carnobacteriaceae	Marinilactibacillus	Marinilactibacillus piezotolerans	4.8115358819584175	0.6763423856965414	0.14056683817584933	0.01
NR_112668.1	1	1472	6	1472	100.0	5.98166	39.9	5.33	732242	Bacteria	Pseudomonadati	Bacteroidota	Bacteroidia	Bacteroidales	Bacteroidaceae	Phocaeicola	Phocaeicola paurosaccharolyticus	5.981657608695652	0.139156902946854	0.02326393652899138	0.01
NR_112690.1	1	1454	1	1406	96.6988	0.966988	40.5	12.0	1590	Bacteria	Bacillati	Bacillota	Bacilli	Lactobacillales	Lactobacillaceae	Lactiplantibacillus	Lactiplantibacillus plantarum	0.9669876203576341	0.1786688625158681	0.18476851073831596	0.0
NR_112740.1	1	1487	1	1193	80.2286	0.802286	41.7	1.0	481353	Bacteria	Bacillati	Bacillota	Bacilli	Bacillales	Bacillaceae	Oceanobacillus	Oceanobacillus kapialis	0.8022864828513786	0.39827488282006995	0.49642477012023806	0.0
NR_112749.1	1	1465	1	1072	73.1741	0.731741	33.7	45.0	483896	Archaea	Methanobacteriati	Methanobacteriota	Methanobacteria	Methanobacteriales	Methanobacteriaceae	Methanobacterium	Methanobacterium kanagiense	0.731740614334471	0.4430533688709322	0.6054787177200706	0.0
NR_112775.1	1	1455	5	1455	100.0	4.91203	36.2	56.2	499555	Bacteria	Bacillati	Actinomycetota	Actinomycetes	Mycobacteriales	Dietziaceae	Dietzia	Dietzia timorensis	4.912027491408935	0.3132136046387878	0.0637646277808082	0.01
NR_112790.1	1	1347	1	1153	85.5976	0.855976	41.2	2.0	357761	Bacteria	Pseudomonadati	Pseudomonadota	Alphaproteobacteria	Hyphomicrobiales	Bartonellaceae	Bartonella	Bartonella japonica	0.8559762435040832	0.3511138192391769	0.4101910793713541	0.0
NR_112797.1	1	1495	3	1236	82.6756	2.01472	36.4	8.67	546874	Bacteria	Bacillati	Actinomycetota	Actinomycetes	Propionibacteriales	Propionibacteriaceae	Microlunatus	Microlunatus sagamiharensis	2.014715719063545	1.0574394055651033	0.5248578722841399	0.0
NR_112820.1	1	1479	1	1451	98.1068	0.981068	32.0	1.0	154117	Bacteria	Bacillati	Actinomycetota	Actinomycetes	Micrococcales	Bogoriellaceae	Georgenia	Georgenia muralis	0.9810682893847193	0.13628389834627974	0.13891377371064628	0.0
NR_112835.1	1	1485	2	1474	99.2593	1.89966	39.2	1.5	574930	Bacteria	Pseudomonadati	Bacteroidota	Bacteroidia	Bacteroidales	Tannerellaceae	Parabacteroides	Parabacteroides gordonii	1.8996632996632996	0.32416671901516736	0.17064430263648478	0.0
NR_112875.1	1	1461	3	1388	95.0034	2.59343	33.1	3.67	945713	Bacteria	Pseudomonadati	Ignavibacteriota	Ignavibacteria	Ignavibacteriales	Ignavibacteriaceae	Ignavibacterium	Ignavibacterium album	2.593429158110883	0.8125036386662533	0.3132931686702022	0.0
NR_112896.1	1	1482	1	1335	90.081	0.90081	20.8	0.0	742725	Bacteria	Pseudomonadati	Bacteroidota	Bacteroidia	Bacteroidales	Rikenellaceae	Alistipes	Alistipes indistinctus	0.9008097165991903	0.2989173315143781	0.3318318241979838	0.0
NR_112900.1	1	1497	822	1495	99.8664	755.21	37.1	2.2	626937	Bacteria	Bacillati	Bacillota	Clostridia	Christensenellales	Christensenellaceae	Christensenella	Christensenella minuta	755.2097528390113	115.66822540558039	0.1531603967914295	0.92
NR_112902.1	1	1610	291	1466	91.0559	232.302	36.6	19.0	626940	Bacteria	Bacillati	Bacillota	Negativicutes	Acidaminococcales	Acidaminococcaceae	Phascolarctobacterium	Phascolarctobacterium succinatutens	232.30186335403727	92.3904598823562	0.39771725697072635	0.32
NR_112926.1	1	1491	1	1231	82.562	0.82562	40.0	1.0	651560	Bacteria	Bacillati	Bacillota	Bacilli	Bacillales	Paenibacillaceae	Brevibacillus	Brevibacillus nitrificans	0.8256203890006707	0.379435583817665	0.45957632451026686	0.0
NR_112931.1	1	1490	1	1243	83.4228	0.834228	38.3	1.0	85831	Bacteria	Pseudomonadati	Bacteroidota	Bacteroidia	Bacteroidales	Bacteroidaceae	Bacteroides	Bacteroides acidifaciens	0.8342281879194631	0.37187567599948246	0.4457721297178028	0.0
NR_112942.1	1	1473	1	1241	84.2498	0.842498	39.0	1.0	291644	Bacteria	Pseudomonadati	Bacteroidota	Bacteroidia	Bacteroidales	Bacteroidaceae	Bacteroides	Bacteroides salyersiae	0.8424983027834352	0.36427312910845644	0.432372537612213	0.0
NR_112961.1	1	1499	50	1497	99.8666	46.5017	36.5	9.68	662960	Bacteria	Bacillati	Actinomycetota	Actinomycetes	Micrococcales	Microbacteriaceae	Leucobacter	Leucobacter exalbidus	46.501667778519014	5.435702511626137	0.11689263571181217	0.06
NR_112998.1	1	1486	1	1450	97.5774	0.975774	43.3	1.0	676205	Bacteria	Bacillati	Actinomycetota	Actinomycetes	Kitasatosporales	Streptomycetaceae	Yinghuangia	Yinghuangia aomiensis	0.9757738896366084	0.15375046647100882	0.15756771943166833	0.0
NR_113008.1	1	1433	1	1393	97.2087	0.972087	43.6	1.0	685454	Bacteria	Bacillati	Actinomycetota	Actinomycetes	Micromonosporales	Micromonosporaceae	Dactylosporangium	Dactylosporangium siamense	0.9720865317515701	0.16472494206638424	0.16945501936908014	0.0
NR_113009.1	1	1438	761	1438	100.0	599.879	38.7	10.4	685828	Bacteria	Bacillati	Armatimonadota	Armatimonadia	Armatimonadales	Armatimonadaceae	Armatimonas	Armatimonas rosea	599.8789986091795	288.03841516919834	0.48016085883489157	0.85
NR_113021.1	1	1476	66	1476	100.0	64.435	39.2	7.94	29363	Bacteria	Bacillati	Bacillota	Clostridia	Eubacteriales	Clostridiaceae	Clostridium	Clostridium paraputrificum	64.4349593495935	4.129243001153498	0.0640838923906227	0.07
NR_113022.1	1	1474	5	1457	98.8467	4.3209	40.7	1.0	1542	Bacteria	Bacillati	Bacillota	Clostridia	Eubacteriales	Clostridiaceae	Clostridium	Clostridium novyi	4.32089552238806	0.9161658416076616	0.2120314728418422	0.01
NR_113026.1	1	1474	3	1471	99.7965	2.48168	35.0	17.0	1494	Bacteria	Bacillati	Bacillota	Clostridia	Eubacteriales	Clostridiaceae	Clostridium	Clostridium cochlearium	2.4816824966078697	0.8253141449544215	0.33256234271810203	0.0
NR_113027.1	1	1470	16	1467	99.7959	15.1639	37.4	1.5	1550	Bacteria	Bacillati	Bacillota	Clostridia	Eubacteriales	Clostridiaceae	Clostridium	Clostridium subterminale	15.163945578231292	1.6873859982950854	0.11127618399774687	0.02
NR_113032.1	1	1472	5	1468	99.7283	4.29891	37.7	0.6	1264	Bacteria	Bacillati	Bacillota	Clostridia	Eubacteriales	Oscillospiraceae	Ruminococcus	Ruminococcus albus	4.298913043478261	0.7130757879742472	0.16587350820134195	0.01
NR_113033.1	1	1458	2	1456	99.8628	1.98628	40.0	55.5	702114	Bacteria	Pseudomonadati	Pseudomonadota	Gammaproteobacteria	Methylococcales	Methylococcaceae	Methylomonas	Methylomonas koyamae	1.9862825788751715	0.12756464129012446	0.0642228062848762	0.0
NR_113037.1	1	1476	1	1377	93.2927	0.932927	47.4	4.0	39489	Bacteria	Bacillati	Bacillota	Clostridia	Eubacteriales	Clostridiaceae	Clostridium	Clostridium moniliforme	0.9329268292682927	0.25014867678982905	0.26813322217994745	0.0
NR_113038.1	1	1474	1	1441	97.7612	0.977612	38.5	1.0	1383	Bacteria	Bacillati	Actinomycetota	Coriobacteriia	Coriobacteriales	Atopobiaceae	Lancefieldella	Lancefieldella rimae	0.9776119402985075	0.14794199702685662	0.15132998169159378	0.0
NR_113039.1	1	1486	1	1476	99.3271	0.993271	43.6	1.0	102148	Bacteria	Bacillati	Bacillota	Erysipelotrichia	Erysipelotrichales	Erysipelotrichaceae	Solobacterium	Solobacterium moorei	0.9932705248990579	0.08175689124353996	0.08231079972079972	0.0
NR_113051.1	1	1473	1	1238	84.0462	0.840462	40.3	1.0	715028	Bacteria	Bacillati	Bacillota	Clostridia	Thermoanaerobacterales	Thermoanaerobacteraceae	Thermoanaerobacterium	Thermoanaerobacterium calidifontis	0.8404616429056347	0.3661773746560498	0.43568600393244056	0.0
NR_113069.1	1	1486	2	1456	97.9812	1.94549	40.0	1.0	477666	Bacteria	Pseudomonadati	Bacteroidota	Bacteroidia	Bacteroidales	Bacteroidaceae	Bacteroides	Bacteroides graminisolvens	1.9454912516823688	0.3031738697185665	0.1558340956076755	0.0
NR_113071.1	1	1493	3	1490	99.7991	2.79504	35.1	11.0	1236498	Bacteria	Pseudomonadati	Bacteroidota	Bacteroidia	Bacteroidales	Bacteroidaceae	Phocaeicola	Phocaeicola paurosaccharolyticus	2.795043536503684	0.5374665348358009	0.19229272382215448	0.0
NR_113075.1	1	1485	4	1310	88.2155	2.87071	31.1	0.25	28118	Bacteria	Pseudomonadati	Bacteroidota	Bacteroidia	Bacteroidales	Odoribacteraceae	Odoribacter	Odoribacter splanchnicus	2.8707070707070708	1.4571721512924158	0.507600432716218	0.0
NR_113076.1	1	1476	6	1471	99.6612	5.56775	38.9	3.5	927665	Bacteria	Pseudomonadati	Bacteroidota	Bacteroidia	Bacteroidales	Tannerellaceae	Parabacteroides	Parabacteroides goldsteinii	5.567750677506775	0.8099252751880459	0.145467231221411	0.01
NR_113077.1	1	1480	3	1476	99.7297	2.93986	37.7	21.0	454154	Bacteria	Pseudomonadati	Bacteroidota	Bacteroidia	Bacteroidales	Prevotellaceae	Paraprevotella	Paraprevotella clara	2.9398648648648646	0.3049678460820065	0.10373532801686271	0.0
NR_113125.1	1	1486	1	1369	92.1265	0.921265	37.7	1.0	28112	Bacteria	Pseudomonadati	Bacteroidota	Bacteroidia	Bacteroidales	Tannerellaceae	Tannerella	Tannerella forsythia	0.9212651413189771	0.269324489620795	0.29234199530789	0.0
NR_113132.1	1	1464	10	1461	99.7951	9.00683	34.1	3.4	1121308	Bacteria	Bacillati	Bacillota	Clostridia	Peptostreptococcales	Peptostreptococcaceae	Clostridioides	Clostridioides difficile	9.006830601092895	2.080013479554682	0.23093733763598168	0.01
NR_113135.1	1	1488	1	1447	97.2446	0.972446	40.1	1.0	742767	Bacteria	Pseudomonadati	Bacteroidota	Bacteroidia	Bacteroidales	Dysgonomonadaceae	Dysgonomonas	Dysgonomonas mossii	0.9724462365591398	0.16369041988187952	0.16832850365185675	0.0
NR_113140.1	1	1463	675	1463	100.0	655.481	38.1	8.28	1505	Bacteria	Bacillati	Bacillota	Clostridia	Peptostreptococcales	Peptostreptococcaceae	Paraclostridium	Paraclostridium sordellii	655.4805194805194	42.72619589898078	0.06518301403196862	0.75
NR_113143.1	1	1474	2	1474	100.0	1.97761	36.8	25.5	1089455	Bacteria	Bacillati	Actinomycetota	Actinomycetes	Micrococcales	Dermatophilaceae	Mobilicoccus	Mobilicoccus pelagius	1.9776119402985075	0.14794199702685684	0.07480840604376912	0.0
NR_113144.1	1	1473	37	1473	100.0	35.2919	37.1	31.9	1208313	Bacteria	Bacillati	Actinomycetota	Actinomycetes	Micrococcales	Dermatophilaceae	Piscicoccus	Piscicoccus intestinalis	35.29192124915139	2.005842427620655	0.0568357390763725	0.04
NR_113146.1	1	1474	1	1421	96.4043	0.964043	31.4	1.0	1184609	Bacteria	Bacillati	Actinomycetota	Actinomycetes	Micrococcales	Dermatophilaceae	Kineosphaera	Kineosphaera limosa	0.9640434192672999	0.1861819138227781	0.1931260668365763	0.0
NR_113147.1	1	1448	3	1389	95.9254	2.70373	43.2	8.67	1223802	Bacteria	Pseudomonadati	Pseudomonadota	Betaproteobacteria	Nitrosomonadales	Sterolibacteriaceae	Sulfuritalea	Sulfuritalea hydrogenivorans	2.7037292817679557	0.678141279690254	0.25081700459552686	0.0
NR_113150.1	1	1487	1	1404	94.4183	0.944183	42.3	1.0	214856	Bacteria	Pseudomonadati	Bacteroidota	Bacteroidia	Bacteroidales	Rikenellaceae	Alistipes	Alistipes finegoldii	0.9441829186281103	0.22956814848539775	0.2431394848987083	0.0
NR_113151.1	1	1489	3	1484	99.6642	2.76158	34.1	1.33	328813	Bacteria	Pseudomonadati	Bacteroidota	Bacteroidia	Bacteroidales	Rikenellaceae	Alistipes	Alistipes onderdonkii	2.761584956346541	0.5726956392068726	0.20737933044237192	0.0
NR_113152.1	1	1488	7	1484	99.7312	6.71304	40.5	10.9	28117	Bacteria	Pseudomonadati	Bacteroidota	Bacteroidia	Bacteroidales	Rikenellaceae	Alistipes	Alistipes putredinis	6.713037634408602	0.7158286563489324	0.10663259992463825	0.01
NR_113157.1	1	1489	5	1486	99.7985	4.52048	32.0	0.6	1515	Bacteria	Bacillati	Bacillota	Clostridia	Eubacteriales	Oscillospiraceae	Acetivibrio	Acetivibrio thermocellus	4.520483546004029	0.7272981231961375	0.16088945259828388	0.01
NR_113165.1	1	1466	1	1341	91.4734	0.914734	41.2	53.0	147207	Bacteria	Bacillati	Actinomycetota	Coriobacteriia	Coriobacteriales	Coriobacteriaceae	Collinsella	Collinsella intestinalis	0.9147339699863575	0.2792771636553108	0.3053097106030467	0.0
NR_113166.1	1	1481	1	1411	95.2735	0.952735	41.0	1.0	759811	Bacteria	Bacillati	Bacillota	Bacilli	Bacillales	Bacillaceae	Lysinibacillus	Lysinibacillus pakistanensis	0.9527346387575962	0.21220590677224074	0.222733485421466	0.0
NR_113170.1	1	1434	1	1419	98.954	0.98954	39.8	52.0	760260	Bacteria	Pseudomonadati	Lentisphaerota	Oligosphaeria	Oligosphaerales	Oligosphaeraceae	Oligosphaera	Oligosphaera ethanolica	0.9895397489539749	0.10173904950449889	0.10281451514408133	0.0
NR_113185.1	1	1484	4	1478	99.5957	3.47844	35.9	10.2	638849	Bacteria	Thermotogati	Synergistota	Synergistia	Synergistales	Dethiosulfovibrionaceae	Pyramidobacter	Pyramidobacter piscolens	3.4784366576819408	0.8579381873534434	0.24664476366379504	0.0
NR_113187.1	1	1476	1	963	65.2439	0.652439	40.5	1.0	1498	Bacteria	Bacillati	Bacillota	Clostridia	Eubacteriales	Clostridiaceae	Hathewaya	Hathewaya histolytica	0.6524390243902439	0.4761956991016924	0.7298700434829678	0.0
NR_113190.1	1	1506	550	1506	100.0	523.44	38.2	45.3	797535	Bacteria	Pseudomonadati	Pseudomonadota	Betaproteobacteria	Burkholderiales	Alcaligenaceae	Advenella	Advenella faeciporci	523.4395750332005	33.53328806699927	0.06406334115045148	0.61
NR_113197.1	1	1494	5	1491	99.7992	4.2925	39.7	2.6	160385	Bacteria	Bacillati	Bacillota	Clostridia	Eubacteriales	Oscillospiraceae	Thermoclostridium	Thermoclostridium stercorarium	4.292503346720214	0.9033538718909058	0.2104491945431176	0.01
NR_113204.1	1	1474	1	1439	97.6255	0.976255	37.7	21.0	1502	Bacteria	Bacillati	Bacillota	Clostridia	Eubacteriales	Clostridiaceae	Clostridium	Clostridium perfringens	0.9762550881953868	0.1522533775257694	0.15595655210075335	0.0
NR_113231.1	1	1491	2	1485	99.5976	1.95238	37.3	0.5	536633	Bacteria	Bacillati	Bacillota	Clostridia	Lachnospirales	Lachnospiraceae	Blautia	Blautia glucerasea	1.9523809523809523	0.23108388879654204	0.1183600406031069	0.0
NR_113244.1	1	1474	91	1471	99.7965	88.1655	39.0	23.7	1492	Bacteria	Bacillati	Bacillota	Clostridia	Eubacteriales	Clostridiaceae	Clostridium	Clostridium butyricum	88.16553595658073	5.326873653627036	0.06041900155011121	0.1
NR_113245.1	1	1473	1	1464	99.389	0.99389	44.0	2.0	1509	Bacteria	Bacillati	Bacillota	Clostridia	Eubacteriales	Clostridiaceae	Clostridium	Clostridium sporogenes	0.9938900203665988	0.07792719539596364	0.07840625602339785	0.0
NR_113248.1	1	1484	1	1159	78.0997	0.780997	15.7	1.0	1736	Bacteria	Bacillati	Bacillota	Clostridia	Eubacteriales	Eubacteriaceae	Eubacterium	Eubacterium limosum	0.7809973045822103	0.4135704472245715	0.5295414527016946	0.0
NR_113258.1	1	1499	5	1499	100.0	4.63042	41.0	6.4	1583	Bacteria	Bacillati	Bacillota	Bacilli	Lactobacillales	Lactobacillaceae	Weissella	Weissella confusa	4.630420280186791	0.7632541700515405	0.16483475016672802	0.01
NR_113259.1	1	1485	1	1385	93.266	0.93266	35.7	60.0	1601	Bacteria	Bacillati	Bacillota	Bacilli	Lactobacillales	Lactobacillaceae	Ligilactobacillus	Ligilactobacillus agilis	0.9326599326599326	0.25061002108994507	0.2687046074502299	0.0
NR_113264.1	1	1474	3	1444	97.9647	2.58616	35.1	1.0	912552	Bacteria	Bacillati	Actinomycetota	Thermoleophilia	Solirubrobacterales	Conexibacteraceae	Conexibacter	Conexibacter arvalis	2.5861601085481682	0.8051553977513046	0.31133238622387804	0.0
NR_113265.1	1	1472	1	1442	97.962	0.97962	41.4	28.0	1423	Bacteria	Bacillati	Bacillota	Bacilli	Bacillales	Bacillaceae	Bacillus	Bacillus subtilis	0.9796195652173914	0.14129781548445944	0.1442374371658282	0.0
NR_113270.1	1	1493	2	1487	99.5981	1.85934	35.6	1.0	1121114	Bacteria	Bacillati	Bacillota	Clostridia	Lachnospirales	Lachnospiraceae	Blautia	Blautia producta	1.8593436034829203	0.3590399462571157	0.19310037455398912	0.0
NR_113282.1	1	1454	1	812	55.8459	0.558459	14.9	1.0	930973	Bacteria	Pseudomonadati	Bacteroidota	Saprospiria	Saprospirales	Saprospiraceae	Rubidimonas	Rubidimonas crustatorum	0.5584594222833562	0.49657073609536995	0.8891796185747143	0.0
NR_113296.1	1	1502	1	1406	93.6085	0.936085	42.6	1.0	54565	Bacteria	Pseudomonadati	Thermodesulfobacteriota	Desulfovibrionia	Desulfovibrionales	Desulfovibrionaceae	Desulfovibrio	Desulfovibrio simplex	0.9360852197070573	0.2446010653146212	0.2613021337856053	0.0
NR_113323.1	1	1463	17	1460	99.7949	16.3664	38.6	1.88	1490	Bacteria	Bacillati	Bacillota	Clostridia	Peptostreptococcales	Peptostreptococcaceae	Paraclostridium	Paraclostridium bifermentans	16.36637047163363	1.3594119962442235	0.08306129930276056	0.02
NR_113325.1	1	1477	41	1474	99.7969	38.7712	36.7	5.98	1559	Bacteria	Bacillati	Bacillota	Clostridia	Eubacteriales	Clostridiaceae	Clostridium	Clostridium tertium	38.77115775220041	3.7093681216680525	0.0956733906522957	0.05
NR_113331.1	1	1441	22	1441	100.0	21.1457	37.8	52.9	1005740	Bacteria	Thermotogati	Synergistota	Synergistia	Synergistales	Aminobacteriaceae	Aminivibrio	Aminivibrio pyruvatiphilus	21.145732130464953	1.9068153183500713	0.09017494909069125	0.02
NR_113335.1	1	1501	3	1501	100.0	2.9054	27.9	8.67	1613	Bacteria	Bacillati	Bacillota	Bacilli	Lactobacillales	Lactobacillaceae	Limosilactobacillus	Limosilactobacillus fermentum	2.905396402398401	0.31248321915298666	0.10755269707604517	0.0
NR_113338.1	1	1492	5	1492	100.0	4.89343	37.4	0.8	1590	Bacteria	Bacillati	Bacillota	Bacilli	Lactobacillales	Lactobacillaceae	Lactiplantibacillus	Lactiplantibacillus plantarum	4.89343163538874	0.3395861994858427	0.0693963305893545	0.01
NR_113346.1	1	1460	2	1460	100.0	1.98151	43.5	9.0	28090	Bacteria	Pseudomonadati	Pseudomonadota	Gammaproteobacteria	Moraxellales	Moraxellaceae	Acinetobacter	Acinetobacter lwoffii	1.9815068493150685	0.13472621891330544	0.06799180076509712	0.0
NR_113359.1	1	1511	2	1491	98.6764	1.93911	38.4	0.5	1527	Bacteria	Bacillati	Bacillota	Clostridia	Lachnospirales	Lachnospiraceae	Anaerocolumna	Anaerocolumna aminovalerica	1.9391131700860358	0.2892268289806373	0.14915417699308633	0.0
NR_113360.1	1	1484	40	1481	99.7978	36.8275	36.6	1.38	1121303	Bacteria	Bacillati	Bacillota	Clostridia	Eubacteriales	Oscillospiraceae	Ruminiclostridium	Ruminiclostridium cellobioparum	36.82749326145552	6.324120506858201	0.17172280670748685	0.04
NR_113376.1	1	1524	1	1454	95.4068	0.954068	34.2	1.0	103891	Bacteria	Bacillati	Bacillota	Negativicutes	Veillonellales	Veillonellaceae	Veillonella	Veillonella criceti	0.9540682414698163	0.20933712544244917	0.21941525390253958	0.0
NR_113378.1	1	1480	1	1103	74.527	0.74527	39.5	1.0	76859	Bacteria	Fusobacteriati	Fusobacteriota	Fusobacteriia	Fusobacteriales	Fusobacteriaceae	Fusobacterium	Fusobacterium animalis	0.7452702702702703	0.43570918572087464	0.5846324522818627	0.0
NR_113381.1	1	1474	13	1471	99.7965	12.1364	38.3	1.0	84025	Bacteria	Bacillati	Bacillota	Clostridia	Eubacteriales	Clostridiaceae	Clostridium	Clostridium haemolyticum	12.136363636363637	2.2490146959288744	0.18531207232372748	0.01
NR_113384.1	1	1469	1	1436	97.7536	0.977536	41.6	60.0	856	Bacteria	Fusobacteriati	Fusobacteriota	Fusobacteriia	Fusobacteriales	Fusobacteriaceae	Fusobacterium	Fusobacterium varium	0.9775357385976855	0.14818778074444117	0.15159321024622846	0.0
NR_113388.1	1	1473	8	1470	99.7963	7.46775	40.6	1.88	1520	Bacteria	Bacillati	Bacillota	Clostridia	Eubacteriales	Clostridiaceae	Clostridium	Clostridium beijerinckii	7.46775288526816	1.463453462428506	0.19596972274156269	0.01
NR_113393.1	1	1528	23	1525	99.8037	20.9679	38.0	24.4	2741	Bacteria	Bacillati	Bacillota	Clostridia	Eubacteriales	Peptococcaceae	Peptococcus	Peptococcus niger	20.967931937172775	2.431984283579323	0.11598589173536021	0.03
NR_113408.1	1	1495	4	1491	99.7324	3.60535	40.6	4.25	28446	Bacteria	Bacillati	Bacillota	Clostridia	Lachnospirales	Anaerotignaceae	Anaerotignum	Anaerotignum propionicum	3.6053511705685617	0.8150577838782576	0.22606890294953527	0.0
NR_113410.1	1	1390	1	1264	90.9353	0.909353	23.9	1.0	208479	Bacteria	Bacillati	Bacillota	Clostridia	Lachnospirales	Lachnospiraceae	Enterocloster	Enterocloster bolteae	0.9093525179856116	0.28710715076228965	0.3157270091452394	0.0
NR_113589.1	1	1461	1	1381	94.5243	0.945243	40.4	2.0	54914	Bacteria	Bacillati	Bacillota	Bacilli	Bacillales	Paenibacillaceae	Brevibacillus	Brevibacillus parabrevis	0.945242984257358	0.22750535151860088	0.2406845174284402	0.0
NR_113597.1	1	1456	20	1456	100.0	17.4615	36.6	3.0	32013	Bacteria	Pseudomonadati	Pseudomonadota	Betaproteobacteria	Burkholderiales	Comamonadaceae	Comamonas	Comamonas terrigena	17.46153846153846	4.528287628003138	0.25932924741868196	0.02
NR_113613.1	1	1456	24	1456	100.0	21.1621	40.0	7.25	32013	Bacteria	Pseudomonadati	Pseudomonadota	Betaproteobacteria	Burkholderiales	Comamonadaceae	Comamonas	Comamonas terrigena	21.162087912087912	5.541411732787253	0.26185562387830197	0.03
NR_113622.1	1	1460	3	1459	99.9315	2.87534	34.6	18.3	80882	Bacteria	Pseudomonadati	Pseudomonadota	Betaproteobacteria	Burkholderiales	Comamonadaceae	Simplicispira	Simplicispira psychrophila	2.8753424657534246	0.3638759467662265	0.12655047219597204	0.0
NR_113642.1	1	1458	90	1458	100.0	88.1872	37.8	0.0222	180194	Bacteria	Pseudomonadati	Pseudomonadota	Betaproteobacteria	Burkholderiales	Comamonadaceae	Giesbergeria	Giesbergeria giesbergeri	88.1872427983539	3.7480569008847544	0.04250112354067968	0.1
NR_113643.1	1	1458	9	1458	100.0	8.61248	36.9	20.7	80881	Bacteria	Pseudomonadati	Pseudomonadota	Betaproteobacteria	Burkholderiales	Comamonadaceae	Simplicispira	Simplicispira metamorpha	8.612482853223593	1.143974736425499	0.1328275197665348	0.01
NR_113695.1	1	1458	60	1458	100.0	58.4678	38.7	1.27	180197	Bacteria	Pseudomonadati	Pseudomonadota	Betaproteobacteria	Burkholderiales	Comamonadaceae	Giesbergeria	Giesbergeria anulus	58.46776406035665	2.6701346933084307	0.045668493335097156	0.07
NR_113696.1	1	1460	32	1460	100.0	30.8185	37.3	24.9	80879	Bacteria	Pseudomonadati	Pseudomonadota	Betaproteobacteria	Burkholderiales	Comamonadaceae	Curvibacter	Curvibacter delicatus	30.818493150684933	2.1480957934003726	0.06970151924357249	0.04
NR_113700.1	1	1458	98	1458	100.0	96.1674	39.5	0.0306	80883	Bacteria	Pseudomonadati	Pseudomonadota	Betaproteobacteria	Burkholderiales	Comamonadaceae	Giesbergeria	Giesbergeria sinuosa	96.1673525377229	4.004898062576558	0.04164509011522995	0.11
NR_113709.1	1	1458	27	1458	100.0	25.7078	37.7	13.5	285	Bacteria	Pseudomonadati	Pseudomonadota	Betaproteobacteria	Burkholderiales	Comamonadaceae	Comamonas	Comamonas testosteroni	25.707818930041153	3.926933035062338	0.15275247759246807	0.03
NR_113730.1	1	1412	1	1307	92.5637	0.925637	38.5	1.0	13690	Bacteria	Pseudomonadati	Pseudomonadota	Alphaproteobacteria	Sphingomonadales	Sphingomonadaceae	Sphingobium	Sphingobium yanoikuyae	0.9256373937677054	0.2623600751384176	0.28343720435764774	0.0
NR_113742.1	1	1409	1	1187	84.2441	0.842441	29.1	1.0	55518	Bacteria	Pseudomonadati	Pseudomonadota	Alphaproteobacteria	Rhodospirillales	Rhodospirillaceae	Magnetospirillum	Magnetospirillum gryphiswaldense	0.8424414478353442	0.36432657713160826	0.43246516190264195	0.0
NR_113754.1	1	1465	1	1102	75.2218	0.752218	30.3	0.0	64976	Bacteria	Pseudomonadati	Pseudomonadota	Gammaproteobacteria	Oceanospirillales	Oceanospirillaceae	Oceanospirillum	Oceanospirillum beijerinckii	0.7522184300341297	0.431724291129327	0.5739347427445227	0.0
NR_113865.1	1	1390	1	1298	93.3813	0.933813	33.5	0.0	34005	Bacteria	Pseudomonadati	Pseudomonadota	Alphaproteobacteria	Rhodobacterales	Paracoccaceae	Paracoccus	Paracoccus kocurii	0.9338129496402877	0.2486087784540053	0.2662297396387268	0.0
NR_113881.1	1	1480	6	1480	100.0	5.76757	32.4	9.5	1220589	Bacteria	Bacillati	Bacillota	Bacilli	Bacillales	Bacillaceae	Lysinibacillus	Lysinibacillus odysseyi	5.767567567567568	0.5067405402810731	0.08786035609371932	0.01
NR_113893.1	1	1410	1	1348	95.6028	0.956028	37.0	13.0	106592	Bacteria	Pseudomonadati	Pseudomonadota	Alphaproteobacteria	Hyphomicrobiales	Rhizobiaceae	Ensifer	Ensifer adhaerens	0.9560283687943263	0.20503201421920847	0.214462270066086	0.0
NR_113907.1	1	1484	1	1398	94.2049	0.942049	39.5	1.0	44007	Bacteria	Bacillati	Bacillota	Bacilli	Lactobacillales	Enterococcaceae	Enterococcus	Enterococcus pseudoavium	0.9420485175202157	0.2336516812654672	0.2480251037181354	0.0
NR_113945.1	1	1474	12	1474	100.0	11.4701	37.8	10.1	561879	Bacteria	Bacillati	Bacillota	Bacilli	Bacillales	Bacillaceae	Bacillus	Bacillus safensis	11.470149253731343	0.8860392280705819	0.07724740179665451	0.01
NR_113988.1	1	1478	23	1478	100.0	22.0677	39.4	24.0	343517	Bacteria	Bacillati	Bacillota	Bacilli	Bacillales	Paenibacillaceae	Paenibacillus	Paenibacillus barengoltzii	22.06765899864682	1.4287863307653428	0.06474571366418864	0.03
NR_113993.1	1	1475	2	1473	99.8644	1.95254	35.5	1.0	119858	Bacteria	Bacillati	Bacillota	Bacilli	Bacillales	Bacillaceae	Bacillus	Bacillus sonorensis	1.952542372881356	0.21890012597915545	0.11211030757612996	0.0
NR_114013.1	1	1454	7	1454	100.0	6.94979	40.9	5.43	1223521	Bacteria	Pseudomonadati	Pseudomonadota	Betaproteobacteria	Burkholderiales	Comamonadaceae	Comamonas	Comamonas granuli	6.949793672627235	0.22762293276337386	0.03275247345254286	0.01
NR_114104.1	1	1410	1	1301	92.2695	0.922695	36.4	1.0	280	Bacteria	Pseudomonadati	Pseudomonadota	Alphaproteobacteria	Hyphomicrobiales	Xanthobacteraceae	Xanthobacter	Xanthobacter autotrophicus	0.922695035460993	0.2670747217477342	0.28945069766664505	0.0
NR_114129.1	1	1454	1	1454	100.0	1.0	42.8	1.0	65786	Bacteria	Pseudomonadati	Pseudomonadota	Betaproteobacteria	Burkholderiales	Comamonadaceae	Hydrogenophaga	Hydrogenophaga intermedia	1.0	0.0	0.0	0.0
NR_114130.1	1	1454	17	1454	100.0	16.6561	35.0	19.8	47421	Bacteria	Pseudomonadati	Pseudomonadota	Betaproteobacteria	Burkholderiales	Comamonadaceae	Hydrogenophaga	Hydrogenophaga pseudoflava	16.656121045392023	0.6173001754969093	0.037061460697518624	0.02
NR_114131.1	1	1458	1	1377	94.4444	0.944444	42.5	31.0	1281780	Bacteria	Pseudomonadati	Pseudomonadota	Betaproteobacteria	Burkholderiales	Comamonadaceae	Hydrogenophaga	Hydrogenophaga taeniospiralis	0.9444444444444444	0.22906142364542537	0.24253562503633275	0.0
NR_114132.1	1	1454	16	1454	100.0	15.0461	37.5	11.0	65655	Bacteria	Pseudomonadati	Pseudomonadota	Betaproteobacteria	Burkholderiales	Comamonadaceae	Hydrogenophaga	Hydrogenophaga palleronii	15.04607977991747	2.852146643813522	0.18956078164761442	0.02
NR_114133.1	1	1454	80	1454	100.0	79.2895	39.6	5.9	65657	Bacteria	Pseudomonadati	Pseudomonadota	Betaproteobacteria	Burkholderiales	Comamonadaceae	Hydrogenophaga	Hydrogenophaga flava	79.28954607977992	2.248199814837686	0.028354303007051922	0.09
NR_114136.1	1	1414	1	1317	93.14	0.9314	35.0	20.0	135719	Bacteria	Pseudomonadati	Pseudomonadota	Alphaproteobacteria	Sphingomonadales	Sphingomonadaceae	Sphingobium	Sphingobium amiense	0.9314002828854314	0.2527722214294313	0.27138946173213047	0.0
NR_114174.1	1	1476	1	1453	98.4417	0.984417	27.8	60.0	519424	Bacteria	Bacillati	Bacillota	Bacilli	Bacillales	Bacillaceae	Alkalihalobacillus	Alkalihalobacillus trypoxylicola	0.9844173441734417	0.12385409425589972	0.1258146201801156	0.0
NR_114226.1	1	1462	1	1346	92.0657	0.920657	31.7	1.0	70775	Bacteria	Pseudomonadati	Pseudomonadota	Gammaproteobacteria	Pseudomonadales	Pseudomonadaceae	Pseudomonas	Pseudomonas plecoglossicida	0.920656634746922	0.27027392705067615	0.2935664794562322	0.0
NR_114323.1	1	1477	1	1221	82.6676	0.826676	34.7	8.0	1138587	Bacteria	Bacillati	Actinomycetota	Actinomycetes	Micrococcales	Cellulomonadaceae	Paraoerskovia	Paraoerskovia sediminicola	0.8266756939742722	0.3785273979072423	0.4578910456257141	0.0
NR_114326.1	1	1423	3	1410	99.0864	2.88967	36.4	5.67	1150298	Bacteria	Bacillati	Bacillota	Clostridia	Lachnospirales	Lachnospiraceae	Fusicatenibacter	Fusicatenibacter saccharivorans	2.8896697118763175	0.432091243165895	0.14952963011310033	0.0
NR_114338.1	1	1487	2	1475	99.193	1.90249	26.0	1.0	33033	Bacteria	Bacillati	Bacillota	Tissierellia	Tissierellales	Peptoniphilaceae	Parvimonas	Parvimonas micra	1.902488231338265	0.3227121048010155	0.16962633433690705	0.0
NR_114411.1	1	1471	1	1436	97.6207	0.976207	39.6	58.0	2021	Bacteria	Bacillati	Actinomycetota	Actinomycetes	Streptosporangiales	Nocardiopsidaceae	Thermobifida	Thermobifida fusca	0.9762066621346023	0.1524047733459192	0.15611937436758158	0.0
NR_114415.1	1	1434	2	1190	82.9847	1.63319	30.9	1.0	243164	Bacteria	Bacillati	Chloroflexota	Dehalococcoidia	Dehalococcoidales	Dehalococcoidaceae	Dehalococcoides	Dehalococcoides mccartyi	1.6331938633193863	0.756681061481479	0.4633136815390439	0.0
NR_114457.1	1	1479	1	1253	84.7194	0.847194	45.1	1.0	78058	Bacteria	Bacillati	Bacillota	Bacilli	Bacillales	Paenibacillaceae	Paenibacillus	Paenibacillus lentimorbus	0.8471940500338067	0.35980034966787183	0.4246965021219333	0.0
NR_114458.1	1	1504	4	1504	100.0	3.45811	33.1	49.0	584708	Bacteria	Thermotogati	Synergistota	Synergistia	Synergistales	Synergistaceae	Aminomonas	Aminomonas paucivorans	3.4581117021276597	0.5796648410488251	0.16762467235866813	0.0
NR_114461.1	1	1518	3	1513	99.6706	2.7635	38.1	1.0	54067	Bacteria	Pseudomonadati	Pseudomonadota	Betaproteobacteria	Burkholderiales	unclassified Burkholderiales family	Xylophilus	Xylophilus ampelinus	2.7635046113306982	0.48840181643829234	0.1767327669495418	0.0
NR_114508.1	1	1369	2	1351	98.6852	1.81154	36.0	4.5	93717	Bacteria	Pseudomonadati	Thermodesulfobacteriota	Desulfovibrionia	Desulfovibrionales	Desulfomicrobiaceae	Desulfomicrobium	Desulfomicrobium hypogeium	1.8115412710007304	0.4233658031777691	0.23370475183482498	0.0
NR_114557.1	1	1449	1	1026	70.8075	0.708075	29.2	1.0	157268	Bacteria	Pseudomonadati	Campylobacterota	Epsilonproteobacteria	Campylobacterales	Helicobacteraceae	Helicobacter	Helicobacter winghamensis	0.7080745341614907	0.454648202716649	0.6420908827840394	0.0
NR_114586.1	1	1439	1	1110	77.1369	0.771369	36.8	1.0	95149	Bacteria	Pseudomonadati	Campylobacterota	Epsilonproteobacteria	Campylobacterales	Helicobacteraceae	Helicobacter	Helicobacter pametensis	0.7713690062543433	0.4199510238641275	0.5444229940004319	0.0
NR_114605.1	1	1327	1	1026	77.3173	0.773173	22.3	0.0	537971	Bacteria	Pseudomonadati	Campylobacterota	Epsilonproteobacteria	Campylobacterales	Helicobacteraceae	Helicobacter	Helicobacter cinaedi	0.773172569706104	0.41878007015635854	0.5416385507772785	0.0
NR_114607.1	1	1526	4	1283	84.076	2.98231	37.6	0.75	158192	Bacteria	Pseudomonadati	Thermodesulfobacteriota	Desulfuromonadia	Desulfuromonadales	Desulfuromonadaceae	Desulfuromonas	Desulfuromonas michiganensis	2.9823066841415464	1.5967123579954912	0.5353950908154514	0.0
NR_114608.1	1	1534	12	1534	100.0	11.4967	42.2	10.8	1131703	Bacteria	Pseudomonadati	Spirochaetota	Spirochaetia	Spirochaetales	Sphaerochaetaceae	Sphaerochaeta	Sphaerochaeta globosa	11.496740547588006	1.1074842295056135	0.09633027943193531	0.01
NR_114617.1	1	1501	1	1227	81.7455	0.817455	43.6	1.0	86957	Bacteria	Bacillati	Bacillota	Negativicutes	Selenomonadales	Selenomonadaceae	Selenomonas	Selenomonas lacticifex	0.8174550299800133	0.38629302859408343	0.4725556934961037	0.0
NR_114621.1	1	1549	32	1549	100.0	29.8425	38.4	1.81	160487	Bacteria	Bacillati	Bacillota	Bacilli	Bacillales	Paenibacillaceae	Paenibacillus	Paenibacillus turicensis	29.842479018721757	4.94890385582064	0.16583420743015123	0.04
NR_114622.1	1	1549	2	1281	82.6985	1.54035	18.4	1.0	160487	Bacteria	Bacillati	Bacillota	Bacilli	Bacillales	Paenibacillaceae	Paenibacillus	Paenibacillus turicensis	1.540348612007747	0.7709745041747428	0.500519491603804	0.0
NR_114623.1	1	1358	5	1320	97.2018	3.96097	41.6	26.2	160487	Bacteria	Bacillati	Bacillota	Bacilli	Bacillales	Paenibacillaceae	Paenibacillus	Paenibacillus turicensis	3.9609720176730487	1.2372863070838178	0.31236936326823284	0.01
NR_114624.1	1	1548	8	1548	100.0	7.78488	41.2	5.25	160487	Bacteria	Bacillati	Bacillota	Bacilli	Bacillales	Paenibacillaceae	Paenibacillus	Paenibacillus turicensis	7.784883720930233	0.661494607444487	0.08497167474268241	0.01
NR_114625.1	1	1548	6	1548	100.0	5.72481	34.9	0.5	160487	Bacteria	Bacillati	Bacillota	Bacilli	Bacillales	Paenibacillaceae	Paenibacillus	Paenibacillus turicensis	5.724806201550388	0.5721618201948451	0.0999443125323426	0.01
NR_114645.1	1	1474	7	1454	98.6431	5.9844	34.1	23.3	178338	Bacteria	Bacillati	Bacillota	Tissierellia	unclassified Tissierellia order	unclassified Tissierellia family	Sedimentibacter	Sedimentibacter hongkongensis	5.984396200814111	1.7914770920621146	0.2993580357895428	0.01
NR_114648.1	1	1551	20	1549	99.8711	19.225	36.7	42.8	1159752	Bacteria	Bacillati	Bacillota	Bacilli	Lactobacillales	Enterococcaceae	Enterococcus	Enterococcus lemanii	19.22501611863314	1.3894855637655865	0.07227487119861911	0.02
NR_114649.1	1	1551	4	1544	99.5487	3.74855	40.4	7.0	1159753	Bacteria	Bacillati	Bacillota	Bacilli	Lactobacillales	Enterococcaceae	Enterococcus	Enterococcus eurekensis	3.748549323017408	0.7045647590269462	0.18795664624196654	0.0
NR_114673.1	1	1325	1	1303	98.3396	0.983396	34.9	1.0	1270	Bacteria	Bacillati	Actinomycetota	Actinomycetes	Micrococcales	Micrococcaceae	Micrococcus	Micrococcus luteus	0.9833962264150944	0.12778140822375852	0.12993888403413664	0.0
NR_114684.1	1	1491	1	698	46.8142	0.468142	36.4	1.0	65959	Bacteria	Pseudomonadati	Pseudomonadota	Alphaproteobacteria	Acetobacterales	Acetobacteraceae	Acetobacter	Acetobacter pomorum	0.4681421864520456	0.49898404755657794	1.0658813967146958	0.0
NR_114710.1	1	1416	1	1188	83.8983	0.838983	29.5	1.0	74326	Bacteria	Pseudomonadati	Pseudomonadota	Alphaproteobacteria	Caulobacterales	Caulobacteraceae	Brevundimonas	Brevundimonas staleyi	0.8389830508474576	0.36754658376612703	0.43808582711518174	0.0
NR_114728.1	1	1415	7	1415	100.0	6.53074	36.5	3.43	1559	Bacteria	Bacillati	Bacillota	Clostridia	Eubacteriales	Clostridiaceae	Clostridium	Clostridium tertium	6.530742049469965	1.2964787104059052	0.19851935669563422	0.01
NR_114758.1	1	1617	5	1307	80.8287	3.89672	41.0	0.8	29376	Bacteria	Bacillati	Bacillota	Clostridia	Eubacteriales	Peptococcaceae	Desulfofundulus	Desulfofundulus thermobenzoicus	3.8967223252937537	1.9887986616209061	0.510377310877798	0.01
NR_114760.1	1	1488	6	1429	96.0349	5.21841	36.3	0.833	767817	Bacteria	Bacillati	Bacillota	Clostridia	Eubacteriales	Desulfallaceae	Desulfoscipio	Desulfoscipio gibsoniae	5.218413978494624	1.62101775431507	0.31063418138065985	0.01
NR_114761.1	1	1485	11	1483	99.8653	10.2007	39.0	1.0	767817	Bacteria	Bacillati	Bacillota	Clostridia	Eubacteriales	Desulfallaceae	Desulfoscipio	Desulfoscipio gibsoniae	10.2006734006734	1.7052502263334364	0.1671703582060439	0.01
NR_114789.1	1	1505	52	1495	99.3355	46.5601	38.2	5.58	1535	Bacteria	Bacillati	Bacillota	Clostridia	Eubacteriales	Oscillospiraceae	unclassified Oscillospiraceae genus	[Clostridium] leptum	46.56013289036545	12.160302714512511	0.2611741410435022	0.06
NR_114799.1	1	1500	11	1422	94.8	10.1113	40.1	1.0	1510	Bacteria	Bacillati	Bacillota	Clostridia	Eubacteriales	Oscillospiraceae	Thermoclostridium	Thermoclostridium stercorarium	10.111333333333333	2.609777427717196	0.2581041828691102	0.01
NR_114803.1	1	1503	1	710	47.2389	0.472389	15.0	1.0	1750	Bacteria	Bacillati	Actinomycetota	Actinomycetes	Propionibacteriales	Propionibacteriaceae	Arachnia	Arachnia propionica	0.47238855622089154	0.4992370260431757	1.0568355635815396	0.0
NR_114807.1	1	1456	3	1445	99.2445	2.95192	39.9	0.0	168384	Bacteria	Bacillati	Bacillota	Clostridia	Lachnospirales	Lachnospiraceae	Marvinbryantia	Marvinbryantia formatexigens	2.951923076923077	0.30857103233279554	0.10453220639286884	0.0
NR_114856.1	1	1498	38	1497	99.9332	31.9813	38.2	4.61	32013	Bacteria	Pseudomonadati	Pseudomonadota	Betaproteobacteria	Burkholderiales	Comamonadaceae	Comamonas	Comamonas terrigena	31.981308411214954	12.143321818049587	0.37970059454450783	0.04
NR_114857.1	1	1469	3	1282	87.2703	2.52757	38.3	1.0	47421	Bacteria	Pseudomonadati	Pseudomonadota	Betaproteobacteria	Burkholderiales	Comamonadaceae	Hydrogenophaga	Hydrogenophaga pseudoflava	2.527569775357386	1.0199285283419701	0.40352141344851983	0.0
NR_114858.1	1	1494	9	1494	100.0	8.9083	38.0	2.0	65657	Bacteria	Pseudomonadati	Pseudomonadota	Betaproteobacteria	Burkholderiales	Comamonadaceae	Hydrogenophaga	Hydrogenophaga flava	8.908299866131191	0.37172224957616534	0.04172763099156894	0.01
NR_114865.1	1	1377	1	1148	83.3696	0.833696	43.3	1.0	32013	Bacteria	Pseudomonadati	Pseudomonadota	Betaproteobacteria	Burkholderiales	Comamonadaceae	Comamonas	Comamonas terrigena	0.8336964415395788	0.37235290371343127	0.44662887492456	0.0
NR_114880.1	1	1514	2	684	45.1783	0.866579	41.2	1.0	206249	Bacteria	Pseudomonadati	Aquificota	Aquificia	Desulfurobacteriales	Desulfurobacteriaceae	Desulfurobacterium	Desulfurobacterium crinifex	0.8665785997357992	0.9722194294433775	1.1219056525741413	0.0
NR_114884.1	1	1667	27	1452	87.1026	20.5759	41.0	11.3	209080	Bacteria	Bacillati	Bacillota	Negativicutes	Selenomonadales	Sporomusaceae	Propionispora	Propionispora hippei	20.57588482303539	10.748729380967411	0.5223945153957048	0.03
NR_114906.1	1	1387	1	1113	80.2451	0.802451	37.2	1.0	337090	Bacteria	Pseudomonadati	Chlorobiota	Chlorobiia	Chlorobiales	Chlorobiaceae	Chlorobium	Chlorobium chlorochromatii	0.802451333813987	0.39814970887109824	0.4961667980271458	0.0
NR_114929.1	1	1503	433	1503	100.0	422.422	38.5	10.1	55969	Bacteria	Bacillati	Actinomycetota	Actinomycetes	Micrococcales	Microbacteriaceae	Leucobacter	Leucobacter komagatae	422.4218230206254	24.956789859337185	0.059080256983121415	0.48
NR_114940.1	1	1242	1	1088	87.6006	0.876006	38.5	14.0	53399	Bacteria	Pseudomonadati	Pseudomonadota	Alphaproteobacteria	Hyphomicrobiales	Hyphomicrobiaceae	Hyphomicrobium	Hyphomicrobium denitrificans	0.8760064412238325	0.3295742043276275	0.376223494278413	0.0
NR_114942.1	1	1499	1	1198	79.9199	0.799199	36.0	1.0	85682	Bacteria	Bacillati	Bacillota	Bacilli	Bacillales	Bacillaceae	Anaerobacillus	Anaerobacillus arseniciselenatis	0.7991994663108739	0.4005991504724968	0.5012505230035665	0.0
NR_114966.1	1	1476	3	1307	88.5501	2.56572	39.2	23.3	55969	Bacteria	Bacillati	Actinomycetota	Actinomycetes	Micrococcales	Microbacteriaceae	Leucobacter	Leucobacter komagatae	2.5657181571815717	0.982442527040955	0.3829113202831924	0.0
NR_114971.1	1	1510	2	1217	80.596	1.60464	39.9	4.5	66228	Bacteria	Bacillati	Actinomycetota	Actinomycetes	Actinomycetales	Actinomycetaceae	Gleimia	Gleimia europaea	1.604635761589404	0.7919159220493597	0.4935175576948135	0.0
NR_114977.1	1	1566	1	1380	88.1226	0.881226	39.9	1.0	152335	Bacteria	Bacillati	Bacillota	Bacilli	Lactobacillales	Lactobacillaceae	Paucilactobacillus	Paucilactobacillus suebicus	0.8812260536398467	0.32352232693616656	0.36712751013191075	0.0
NR_115010.1	1	1518	1	1284	84.585	0.84585	39.2	1.0	391358	Bacteria	Pseudomonadati	Pseudomonadota	Betaproteobacteria	Burkholderiales	Sphaerotilaceae	Caldimonas	Caldimonas hydrothermale	0.8458498023715415	0.3610926670531627	0.42689927460023436	0.0
NR_115026.1	1	1444	1	1383	95.7756	0.957756	39.9	1.0	76636	Bacteria	Bacillati	Actinomycetota	Actinomycetes	Micrococcales	Microbacteriaceae	Mycetocola	Mycetocola saprophilus	0.9577562326869806	0.20114480216059102	0.21001669871286582	0.0
NR_115036.1	1	1520	3	1485	97.6974	2.91776	40.2	1.0	150122	Bacteria	Bacillati	Actinomycetota	Actinomycetes	Micrococcales	Microbacteriaceae	Curtobacterium	Curtobacterium herbarum	2.9177631578947367	0.4678621554874806	0.16034960007688176	0.0
NR_115037.1	1	1490	1	1442	96.7785	0.967785	34.8	1.0	31965	Bacteria	Bacillati	Actinomycetota	Actinomycetes	Micrococcales	Microbacteriaceae	Clavibacter	Clavibacter michiganensis	0.9677852348993289	0.17657002579764203	0.18244753012377712	0.0
NR_115046.1	1	1395	3	1338	95.914	2.62652	42.6	1.0	423605	Bacteria	Pseudomonadati	Elusimicrobiota	Elusimicrobia	Elusimicrobiales	Elusimicrobiaceae	Elusimicrobium	Elusimicrobium minutum	2.6265232974910395	0.8271463393266901	0.3149206177294576	0.0
NR_115049.1	1	1471	1	1451	98.6404	0.986404	29.4	1.0	304	Bacteria	Pseudomonadati	Pseudomonadota	Betaproteobacteria	Burkholderiales	Sphaerotilaceae	Roseateles	Roseateles saccharophilus	0.9864038069340585	0.11580732532985535	0.11740356689194846	0.0
NR_115063.1	1	1545	2	1539	99.6117	1.86926	40.8	2.0	260554	Bacteria	Bacillati	Bacillota	Bacilli	Bacillales	Bacillaceae	Bacillus	Bacillus halotolerans	1.8692556634304207	0.34844977445224834	0.18641097698363007	0.0
NR_115064.1	1	1540	1	1480	96.1039	0.961039	40.9	1.0	450367	Bacteria	Bacillati	Bacillota	Bacilli	Bacillales	Bacillaceae	Peribacillus	Peribacillus frigoritolerans	0.961038961038961	0.19350213539937003	0.20134681656420936	0.0
NR_115065.1	1	1411	1	1132	80.2268	0.802268	23.0	0.0	1303518	Bacteria	Bacillati	Armatimonadota	Chthonomonadia	Chthonomonadales	Chthonomonadaceae	Chthonomonas	Chthonomonas calidirosea	0.8022678951098512	0.39828899003846563	0.4964538559578401	0.0
NR_115068.1	1	1495	1	1190	79.5987	0.795987	32.1	1.0	1196653	Bacteria	Fusobacteriati	Fusobacteriota	Fusobacteriia	Fusobacteriales	Fusobacteriaceae	Fusobacterium	Fusobacterium vincentii	0.7959866220735786	0.4029788078217909	0.5062632921794767	0.0
NR_115095.1	1	1436	4	1435	99.9304	3.87674	40.3	9.25	2016499	Bacteria	Bacillati	Actinomycetota	Actinomycetes	Propionibacteriales	Propionibacteriaceae	Enemella	Enemella evansiae	3.8767409470752088	0.46251036849953714	0.11930391398694726	0.0
NR_115104.1	1	1471	3	1308	88.9191	2.39905	33.6	2.67	123841	Bacteria	Pseudomonadati	Campylobacterota	Epsilonproteobacteria	Campylobacterales	Helicobacteraceae	Helicobacter	Helicobacter canadensis	2.399048266485384	1.0174409279451913	0.4241018999737536	0.0
NR_115106.1	1	1470	1	1073	72.9932	0.729932	22.5	0.0	552535	Bacteria	Pseudomonadati	Campylobacterota	Epsilonproteobacteria	Campylobacterales	Helicobacteraceae	Helicobacter	Helicobacter pullorum	0.7299319727891157	0.4439946935373263	0.608268592264557	0.0
NR_115110.1	1	1481	3	1291	87.1708	2.49966	42.8	21.7	633147	Bacteria	Bacillati	Actinomycetota	Coriobacteriia	Coriobacteriales	Atopobiaceae	Olsenella	Olsenella uli	2.49966239027684	1.017818904096509	0.4071825491536818	0.0
NR_115128.1	1	1709	1	1391	81.3926	0.813926	32.3	1.0	760568	Bacteria	Bacillati	Bacillota	Clostridia	Eubacteriales	Peptococcaceae	Desulfofundulus	Desulfofundulus kuznetsovii	0.8139262726740784	0.3891661538789818	0.4781344047298202	0.0
NR_115130.1	1	1480	2	1469	99.2568	1.83581	39.9	1.0	102148	Bacteria	Bacillati	Bacillota	Erysipelotrichia	Erysipelotrichales	Erysipelotrichaceae	Solobacterium	Solobacterium moorei	1.8358108108108109	0.3899948258726641	0.21243737294499185	0.0
NR_115155.1	1	1509	6	1504	99.6687	5.00331	33.3	2.17	215200	Bacteria	Bacillati	Bacillota	Clostridia	Peptostreptococcales	Peptostreptococcaceae	Peptostreptococcus	Peptostreptococcus russellii	5.003313452617627	1.5652334926475504	0.3128393828351197	0.01
NR_115161.1	1	1475	2	1451	98.3729	1.71729	18.6	1.0	219748	Bacteria	Bacillati	Bacillota	Clostridia	Eubacteriales	Clostridiaceae	Clostridium	Clostridium tunisiense	1.7172881355932204	0.4851064202953572	0.2824839991850185	0.0
NR_115175.1	1	1509	1	1352	89.5958	0.895958	34.4	1.0	225917	Bacteria	Bacillati	Bacillota	Bacilli	Bacillales	Paenibacillaceae	Paenibacillus	Paenibacillus massiliensis	0.8959575878064944	0.30531555587369563	0.34077009897441324	0.0
NR_115177.1	1	1531	1	1229	80.2743	0.802743	38.1	1.0	225937	Bacteria	Pseudomonadati	Pseudomonadota	Gammaproteobacteria	Pseudomonadales	Marinobacteraceae	Marinobacter	Marinobacter adhaerens	0.8027433050293925	0.39792774628050326	0.49570982876765707	0.0
NR_115182.1	1	1409	1	1394	98.9354	0.989354	37.1	1.0	2193	Archaea	Methanobacteriati	Methanobacteriota	Methanomicrobia	Methanomicrobiales	Methanocorpusculaceae	Methanocorpusculum	Methanocorpusculum parvum	0.9893541518807665	0.10262803728541077	0.10373235619450773	0.0
NR_115202.1	1	1428	6	1119	78.3613	4.55882	39.6	1.5	252967	Bacteria	Pseudomonadati	Spirochaetota	Spirochaetia	Spirochaetales	Spirochaetaceae	Thiospirochaeta	Thiospirochaeta perfilievii	4.5588235294117645	2.4920122845927426	0.5466349527493758	0.01
NR_115218.1	1	1362	1	445	32.6725	0.326725	46.1	1.0	157339	Bacteria	Pseudomonadati	Pseudomonadota	Gammaproteobacteria	Pasteurellales	Pasteurellaceae	Actinobacillus	Actinobacillus arthritidis	0.3267254038179148	0.4690158998562144	1.4355048440543012	0.0
NR_115222.1	1	1477	2	1473	99.7292	1.88896	29.0	1.0	244830	Bacteria	Bacillati	Bacillota	Negativicutes	Selenomonadales	Sporomusaceae	Anaerospora	Anaerospora hongkongensis	1.8889641164522681	0.32268142288611773	0.1708245382088874	0.0
NR_115223.1	1	1562	2	1516	97.0551	1.82138	32.7	16.0	244830	Bacteria	Bacillati	Bacillota	Negativicutes	Selenomonadales	Sporomusaceae	Anaerospora	Anaerospora hongkongensis	1.821382842509603	0.45344450175482776	0.24895617284395113	0.0
NR_115225.1	1	1360	2	1360	100.0	1.95	30.4	60.0	497964	Bacteria	Pseudomonadati	Verrucomicrobiota	Spartobacteria	Chthoniobacterales	Chthoniobacteraceae	Chthoniobacter	Chthoniobacter flavus	1.95	0.21794494717702986	0.11176663957796404	0.0
NR_115230.1	1	1503	53	1503	100.0	50.3952	38.4	5.11	697329	Bacteria	Bacillati	Bacillota	Clostridia	Eubacteriales	Oscillospiraceae	Ruminococcus	Ruminococcus albus	50.395209580838326	4.258547469840259	0.08450302132406408	0.06
NR_115243.1	1	1332	3	1317	98.8739	2.87763	37.6	1.0	258723	Bacteria	Bacillati	Bacillota	Bacilli	Lactobacillales	Carnobacteriaceae	Marinilactibacillus	Marinilactibacillus piezotolerans	2.8776276276276276	0.42716794112784884	0.14844448149812017	0.0
NR_115269.1	1	1453	18	1453	100.0	15.9773	32.9	8.06	270498	Bacteria	Bacillati	Bacillota	Clostridia	Christensenellales	Christensenellaceae	Christensenella	Christensenella hongkongensis	15.977288368891948	2.713968165716782	0.16986412857146174	0.02
NR_115299.1	1	1493	182	1493	100.0	175.737	38.5	43.2	281376	Bacteria	Pseudomonadati	Pseudomonadota	Gammaproteobacteria	Moraxellales	Moraxellaceae	Acinetobacter	Acinetobacter seohaensis	175.73744139316813	9.852328172197307	0.05606277236138434	0.2
NR_115316.1	1	1433	1	1360	94.9058	0.949058	42.2	1.0	346376	Bacteria	Bacillati	Bacillota	Clostridia	Eubacteriales	Eubacteriaceae	Acetobacterium	Acetobacterium carbinolicum	0.9490579204466155	0.2198794762686193	0.23168183050950844	0.0
NR_115334.1	1	1065	1	1034	97.0892	0.970892	18.3	20.0	1408	Bacteria	Bacillati	Bacillota	Bacilli	Bacillales	Bacillaceae	Bacillus	Bacillus pumilus	0.9708920187793427	0.16810921048507316	0.17314923517079586	0.0
NR_115337.1	1	1478	3	1476	99.8647	2.74154	43.1	1.0	398767	Bacteria	Pseudomonadati	Thermodesulfobacteriota	Desulfuromonadia	Geobacterales	Geobacteraceae	Trichlorobacter	Trichlorobacter lovleyi	2.7415426251691475	0.5249326800156892	0.1914734701537978	0.0
NR_115338.1	1	1529	3	1528	99.9346	2.9032	36.8	2.0	314583	Bacteria	Bacillati	Bacillota	Clostridia	Eubacteriales	Peptococcaceae	Desulfofundulus	Desulfofundulus salinus	2.9032047089601045	0.3613743630894442	0.12447429627478265	0.0
NR_115340.1	1	1510	1374	1510	100.0	1329.39	38.2	39.0	319644	Bacteria	Bacillati	Bacillota	Clostridia	Eubacteriales	Oscillospiraceae	Saccharofermentans	Saccharofermentans acetigenes	1329.3933774834436	65.06171463394712	0.048940904728372925	1.53
NR_115345.1	1	1489	241	1489	100.0	234.216	38.3	4.73	320502	Bacteria	Bacillati	Bacillota	Clostridia	Eubacteriales	Oscillospiraceae	Acetivibrio	Acetivibrio alkalicellulosi	234.21625251846876	15.074437346347374	0.06436119263396849	0.27
NR_115465.1	1	1334	6	1329	99.6252	5.83883	39.6	1.67	508460	Bacteria	Thermotogati	Synergistota	Synergistia	Synergistales	Synergistaceae	Cloacibacillus	Cloacibacillus evryensis	5.8388305847076465	0.5988172849156408	0.10255774272402937	0.01
NR_115596.1	1	1436	1	1021	71.1003	0.711003	30.7	1.0	59840	Bacteria	Bacillati	Bacillota	Bacilli	Bacillales	Paenibacillaceae	Paenibacillus	Paenibacillus curdlanolyticus	0.7110027855153204	0.4532966186778522	0.6375454891492612	0.0
NR_115605.1	1	1519	2	1487	97.8934	1.81435	30.5	1.0	1590	Bacteria	Bacillati	Bacillota	Bacilli	Lactobacillales	Lactobacillaceae	Lactiplantibacillus	Lactiplantibacillus plantarum	1.814351547070441	0.43967725331153074	0.24233299992025226	0.0
NR_115609.1	1	1449	1	1215	83.8509	0.838509	40.7	1.0	47877	Bacteria	Pseudomonadati	Pseudomonadota	Gammaproteobacteria	Pseudomonadales	Pseudomonadaceae	Pseudomonas	Pseudomonas amygdali	0.8385093167701864	0.36798293772915747	0.4388537257362544	0.0
NR_115690.1	1	1550	2	1319	85.0968	1.67484	40.4	0.0	694434	Bacteria	Bacillati	Bacillota	Clostridia	Eubacteriales	Gracilibacteraceae	Gracilibacter	Gracilibacter thermotolerans	1.6748387096774193	0.71937190779691	0.42951712522542773	0.0
NR_115691.1	1	1538	2	1356	88.1664	1.71977	33.6	0.5	694434	Bacteria	Bacillati	Bacillota	Clostridia	Eubacteriales	Gracilibacteraceae	Gracilibacter	Gracilibacter thermotolerans	1.7197659297789336	0.6620981327634076	0.38499316755770163	0.0
NR_115692.1	1	1543	6	1349	87.4271	5.04018	38.5	0.833	694434	Bacteria	Bacillati	Bacillota	Clostridia	Eubacteriales	Gracilibacteraceae	Gracilibacter	Gracilibacter thermotolerans	5.040181464679196	1.9698815721810747	0.39083544630003836	0.01
NR_115693.1	1	1526	1	1289	84.4692	0.844692	29.5	1.0	694434	Bacteria	Bacillati	Bacillota	Clostridia	Eubacteriales	Gracilibacteraceae	Gracilibacter	Gracilibacter thermotolerans	0.8446920052424639	0.36219804185269816	0.4287930270498196	0.0
NR_115711.1	1	1454	1	1267	87.1389	0.871389	40.4	53.0	1121302	Bacteria	Bacillati	Bacillota	Clostridia	Eubacteriales	Clostridiaceae	Clostridium	Clostridium cavendishii	0.8713892709766162	0.33476859082574795	0.38417800399418905	0.0
NR_115712.1	1	1447	1	1145	79.1292	0.791292	19.1	1.0	1121319	Bacteria	Bacillati	Bacillota	Clostridia	Eubacteriales	Clostridiaceae	Clostridium	Clostridium hydrogeniformans	0.7912923289564616	0.4063850133692426	0.513571278904187	0.0
NR_115714.1	1	1535	2	1535	100.0	1.957	43.5	8.5	1396	Bacteria	Bacillati	Bacillota	Bacilli	Bacillales	Bacillaceae	Bacillus	Bacillus cereus	1.9570032573289902	0.20284975422881382	0.10365325324275274	0.0
NR_115716.1	1	1444	3	1439	99.6537	2.90582	40.8	15.0	1224162	Bacteria	Bacillati	Actinomycetota	Actinomycetes	Mycobacteriales	Corynebacteriaceae	Corynebacterium	Corynebacterium marinum	2.9058171745152355	0.3382281677280117	0.1163969194945779	0.0
NR_115737.1	1	1476	1	1335	90.4472	0.904472	41.8	1.0	1307	Bacteria	Bacillati	Bacillota	Bacilli	Lactobacillales	Streptococcaceae	Streptococcus	Streptococcus suis	0.9044715447154471	0.29394348013776067	0.3249891960174792	0.0
NR_115741.1	1	1450	69	1449	99.931	61.9986	39.1	7.17	363952	Bacteria	Pseudomonadati	Pseudomonadota	Betaproteobacteria	Burkholderiales	Comamonadaceae	Comamonas	Comamonas thiooxydans	61.99862068965517	13.784348876880916	0.22233315392419553	0.08
NR_115758.1	1	1448	1	1443	99.6547	0.996547	42.5	60.0	373389	Bacteria	Pseudomonadati	Pseudomonadota	Betaproteobacteria	Nitrosomonadales	Thiobacillaceae	Thiobacillus	Thiobacillus sajanensis	0.9965469613259669	0.05866101940768656	0.05886428004319483	0.0
NR_115794.1	1	1238	178	1238	100.0	171.519	39.1	3.34	1737	Bacteria	Bacillati	Bacillota	Clostridia	Peptostreptococcales	Peptostreptococcaceae	Paraclostridium	Paraclostridium tenue	171.51857835218092	19.672296535168655	0.11469484369661297	0.2
NR_115795.1	1	1280	54	1280	100.0	52.3055	39.7	1.02	1737	Bacteria	Bacillati	Bacillota	Clostridia	Peptostreptococcales	Peptostreptococcaceae	Paraclostridium	Paraclostridium tenue	52.30546875	4.508634226988634	0.08619814208220118	0.06
NR_115796.1	1	1248	33	1248	100.0	31.5361	37.5	0.97	1737	Bacteria	Bacillati	Bacillota	Clostridia	Peptostreptococcales	Peptostreptococcaceae	Paraclostridium	Paraclostridium tenue	31.536057692307693	3.579945186051476	0.11351910948985547	0.04
NR_115797.1	1	1123	299	1123	100.0	285.831	39.4	6.1	1737	Bacteria	Bacillati	Bacillota	Clostridia	Peptostreptococcales	Peptostreptococcaceae	Paraclostridium	Paraclostridium tenue	285.8308103294746	39.335824419739666	0.13761925935975067	0.33
NR_115798.1	1	1295	129	1295	100.0	124.302	37.8	3.3	1737	Bacteria	Bacillati	Bacillota	Clostridia	Peptostreptococcales	Peptostreptococcaceae	Paraclostridium	Paraclostridium tenue	124.3019305019305	9.708609607985402	0.07810505893820065	0.14
NR_115804.1	1	1449	25	1449	100.0	24.4175	39.2	15.0	380911	Bacteria	Pseudomonadati	Pseudomonadota	Betaproteobacteria	Burkholderiales	Alcaligenaceae	Parapusillimonas	Parapusillimonas granuli	24.41752933057281	1.532350651669229	0.06275617122943707	0.03
NR_115812.1	1	1455	1	942	64.7423	0.647423	20.2	5.0	386460	Bacteria	Bacillati	Mycoplasmatota	Mollicutes	Mycoplasmatales	Mycoplasmataceae	Mycoplasma	Mycoplasma insons	0.6474226804123712	0.4777724911503727	0.7379606949297157	0.0
NR_115818.1	1	1627	1	1332	81.8685	0.818685	35.9	7.0	390806	Bacteria	Bacillati	Bacillota	Clostridia	Peptostreptococcales	Thermotaleaceae	Geosporobacter	Geosporobacter subterraneus	0.8186846957590658	0.38527920355107775	0.4706075556888915	0.0
NR_115845.1	1	1484	1	1341	90.3639	0.903639	22.8	1.0	392717	Bacteria	Pseudomonadati	Bacteroidota	Flavobacteriia	Flavobacteriales	Crocinitomicaceae	Brumimicrobium	Brumimicrobium mesophilum	0.9036388140161725	0.2950859329409306	0.3265529638212834	0.0
NR_115860.1	1	1555	2	1529	98.328	1.75627	22.8	4.0	394284	Bacteria	Bacillati	Bacillota	Negativicutes	Selenomonadales	Sporomusaceae	Psychrosinus	Psychrosinus fermentans	1.7562700964630225	0.4666542104473997	0.2657075420160039	0.0
NR_115868.1	1	1474	7	1469	99.6608	6.7422	39.7	8.29	1235794	Bacteria	Bacillati	Actinomycetota	Coriobacteriia	Eggerthellales	Eggerthellaceae	Adlercreutzia	Adlercreutzia caecimuris	6.742198100407055	0.8137369107654638	0.12069311797829481	0.01
NR_115875.1	1	1516	70	1516	100.0	67.7731	37.7	47.8	1410668	Bacteria	Bacillati	Bacillota	Clostridia	Eubacteriales	Clostridiaceae	Proteiniclasticum	Proteiniclasticum ruminis	67.7730870712401	3.3796634889419046	0.04986733871793903	0.08
NR_115927.2	1	1520	1	1418	93.2895	0.932895	41.4	1.0	653733	Bacteria	Pseudomonadati	Chrysiogenota	Chrysiogenia	Chrysiogenales	Chrysiogenaceae	Desulfurispirillum	Desulfurispirillum indicum	0.9328947368421052	0.2502042102251723	0.26820197428932435	0.0
NR_115952.1	1	1541	7	1539	99.8702	6.19208	38.6	7.14	1224748	Bacteria	Bacillati	Bacillota	Bacilli	Bacillales	Caryophanaceae	Solibacillus	Solibacillus isronensis	6.192083062946139	0.995493875118179	0.16076881802107668	0.01
NR_115953.1	1	1533	9	1529	99.7391	8.71298	37.7	26.4	1358420	Bacteria	Bacillati	Bacillota	Bacilli	Bacillales	Bacillaceae	Priestia	Priestia aryabhattai	8.712981082844097	0.7011832681306935	0.08047570188248507	0.01
NR_115995.1	1	1496	49	1496	100.0	42.4512	38.7	8.14	424218	Bacteria	Pseudomonadati	Pseudomonadota	Betaproteobacteria	Nitrosomonadales	Sterolibacteriaceae	Georgfuchsia	Georgfuchsia toluolica	42.45120320855615	11.60255474570797	0.2733150975416745	0.05
NR_116001.1	1	1547	423	1510	97.6083	398.951	38.5	43.5	1294025	Bacteria	Bacillati	Bacillota	Clostridia	Lachnospirales	Cellulosilyticaceae	Cellulosilyticum	Cellulosilyticum ruminicola	398.950872656755	65.39797249862399	0.16392487642179035	0.47
NR_116005.1	1	1445	1	1193	82.5606	0.825606	29.4	1.0	1205680	Bacteria	Pseudomonadati	Pseudomonadota	Alphaproteobacteria	Hyphomicrobiales	Reyranellaceae	Reyranella	Reyranella massiliensis	0.8256055363321799	0.3794483294334456	0.4596000302022874	0.0
NR_116006.1	1	1422	3	1416	99.5781	2.9339	36.6	42.3	445710	Bacteria	Pseudomonadati	Pseudomonadota	Gammaproteobacteria	Lysobacterales	Rhodanobacteraceae	Dyella	Dyella thiooxydans	2.9338959212376934	0.2974176440468795	0.1013729362019805	0.0
NR_116009.1	1	1460	1	1214	83.1507	0.831507	33.3	1.0	425942	Bacteria	Pseudomonadati	Pseudomonadota	Alphaproteobacteria	Rhodospirillales	Rhodospirillaceae	Magnetospirillum	Magnetospirillum bellicum	0.8315068493150685	0.3743036319048971	0.45015099059402786	0.0
NR_116023.1	1	1468	10	1468	100.0	9.55177	37.6	5.1	1402	Bacteria	Bacillati	Bacillota	Bacilli	Bacillales	Bacillaceae	Bacillus	Bacillus licheniformis	9.551771117166213	1.3614649394678209	0.142535339547765	0.01
NR_116042.1	1	1528	13	1528	100.0	12.1832	36.4	4.77	1123352	Bacteria	Bacillati	Bacillota	Tissierellia	Tissierellales	Tepidimicrobiaceae	Tepidimicrobium	Tepidimicrobium xylanilyticum	12.18324607329843	1.3980846798061095	0.11475469438889854	0.01
NR_116062.1	1	1491	1	1197	80.2817	0.802817	31.7	1.0	465561	Bacteria	Bacillati	Bacillota	Bacilli	Bacillales	Staphylococcaceae	Salinicoccus	Salinicoccus salitudinis	0.8028169014084507	0.3978717434317061	0.4955946277833532	0.0
NR_116102.1	1	1453	1	1395	96.0083	0.960083	41.5	60.0	453840	Bacteria	Pseudomonadati	Pseudomonadota	Alphaproteobacteria	Hyphomicrobiales	Phyllobacteriaceae	Aliihoeflea	Aliihoeflea aestuarii	0.9600825877494839	0.19576519723826916	0.20390453877219003	0.0
NR_116128.1	1	1440	1	1408	97.7778	0.977778	38.6	1.0	28320	Bacteria	Pseudomonadati	Pseudomonadota	Alphaproteobacteria	Hyphomicrobiales	Rhizobiaceae	Mycoplana	Mycoplana dimorpha	0.9777777777777777	0.14740554623801735	0.1507556722888814	0.0
NR_116170.1	1	1454	1	1435	98.6933	0.986933	35.6	1.0	463825	Bacteria	Pseudomonadati	Pseudomonadota	Alphaproteobacteria	Sphingomonadales	Sphingomonadaceae	Sphingobium	Sphingobium qiguonii	0.9869325997248969	0.11356338901756001	0.11506701577110261	0.0
NR_116172.1	1	1469	1	1420	96.6644	0.966644	44.1	1.0	1292030	Bacteria	Pseudomonadati	Pseudomonadota	Gammaproteobacteria	Pseudomonadales	Pseudomonadaceae	Pseudomonas	Pseudomonas taiwanensis	0.966643975493533	0.17956447347844437	0.18576071235199634	0.0
NR_116189.1	1	1169	1	993	84.9444	0.849444	23.0	4.0	119858	Bacteria	Bacillati	Bacillota	Bacilli	Bacillales	Bacillaceae	Bacillus	Bacillus sonorensis	0.8494439692044482	0.3576155930418034	0.4209996256453859	0.0
NR_116192.1	1	1168	1	1097	93.9212	0.939212	44.2	49.0	1423	Bacteria	Bacillati	Bacillota	Bacilli	Bacillales	Bacillaceae	Bacillus	Bacillus subtilis	0.9392123287671232	0.23894043244909594	0.2544051277124376	0.0
NR_116280.1	1	1424	1	1079	75.7725	0.757725	40.6	1.0	759412	Bacteria	Bacillati	Bacillota	Clostridia	Natranaerobiales	Natranaerobiaceae	Natranaerobius	Natranaerobius trueperi	0.7577247191011236	0.42845999715754923	0.5654560110772475	0.0
NR_116284.1	1	1501	15	1491	99.3338	13.9061	35.2	48.6	491919	Bacteria	Pseudomonadati	Pseudomonadota	Betaproteobacteria	Burkholderiales	Comamonadaceae	Brachymonas	Brachymonas chironomi	13.906062624916721	1.805638299041149	0.12984540252291307	0.02
NR_116297.1	1	1416	1	1334	94.209	0.94209	41.6	1.0	499207	Bacteria	Bacillati	Bacillota	Clostridia	Thermoanaerobacterales	Thermoanaerobacterales Family III. Incertae Sedis	Syntrophaceticus	Syntrophaceticus schinkii	0.942090395480226	0.2335724346410253	0.24792996060846464	0.0
NR_116303.1	1	1470	1	1384	94.1497	0.941497	36.3	60.0	512410	Bacteria	Bacillati	Bacillota	Bacilli	Bacillales	Paenibacillaceae	Paenibacillus	Paenibacillus camelliae	0.9414965986394558	0.23469289164734114	0.2492764094809187	0.0
NR_116331.1	1	1362	2	1333	97.8708	1.95007	38.2	1.0	507844	Bacteria	Bacillati	Bacillota	Tissierellia	Tissierellales	Peptoniphilaceae	Murdochiella	Murdochiella asaccharolytica	1.9500734214390603	0.3000305817230288	0.15385604379019777	0.0
NR_116344.1	1	1451	1	1446	99.6554	0.996554	44.5	7.0	511108	Bacteria	Pseudomonadati	Pseudomonadota	Betaproteobacteria	Burkholderiales	Comamonadaceae	Ottowia	Ottowia pentelensis	0.9965541006202618	0.058600555946191596	0.058803185807692955	0.0
NR_116402.1	1	1424	1	1345	94.4522	0.944522	32.5	1.0	316067	Bacteria	Pseudomonadati	Thermodesulfobacteriota	Desulfuromonadia	Geobacterales	Geobacteraceae	Geotalea	Geotalea daltonii	0.9445224719101124	0.22890996476108677	0.24235523406675655	0.0
NR_116445.1	1	1406	1	1308	93.0299	0.930299	39.6	1.0	538378	Bacteria	Pseudomonadati	Pseudomonadota	Alphaproteobacteria	Hyphomicrobiales	Rhizobiaceae	Rhizobium	Rhizobium rosettiformans	0.930298719772404	0.254642910292491	0.2737216604520201	0.0
NR_116462.1	1	1396	2	1386	99.2837	1.9384	40.3	11.0	546160	Bacteria	Bacillati	Actinomycetota	Actinomycetes	Mycobacteriales	Dietziaceae	Dietzia	Dietzia lutea	1.9383954154727794	0.26858165845217213	0.13855875654073624	0.0
NR_116495.1	1	1534	5	1525	99.4133	4.37353	36.2	1.0	558537	Bacteria	Pseudomonadati	Pseudomonadota	Betaproteobacteria	Burkholderiales	Comamonadaceae	Delftia	Delftia lacustris	4.373533246414603	1.1714123708182829	0.2678411949374342	0.01
NR_116540.1	1	1387	1	1214	87.527	0.87527	40.5	1.0	560535	Bacteria	Pseudomonadati	Pseudomonadota	Alphaproteobacteria	Hyphomicrobiales	Rhizobiaceae	Rhizobium	Rhizobium sphaerophysae	0.875270367700072	0.33041209288743184	0.37749717696447116	0.0
NR_116552.1	1	1412	1	1199	84.915	0.84915	38.0	1.0	1384057	Bacteria	Bacillati	Bacillota	Bacilli	Bacillales	Caryophanaceae	Ureibacillus	Ureibacillus sinduriensis	0.8491501416430595	0.35790247078028103	0.42148314323749525	0.0
NR_116583.1	1	1404	1	1283	91.3818	0.913818	35.1	1.0	566569	Bacteria	Bacillati	Actinomycetota	Actinomycetes	Propionibacteriales	Propionibacteriaceae	Tessaracoccus	Tessaracoccus profundi	0.9138176638176638	0.28063310765569266	0.30709967509633085	0.0
NR_116649.1	1	1514	1	1514	100.0	1.0	45.4	60.0	574650	Bacteria	Bacillati	Actinomycetota	Actinomycetes	Micrococcales	Micrococcaceae	Micrococcus	Micrococcus terreus	1.0	0.0	0.0	0.0
NR_116650.1	1	1516	1	1496	98.6807	0.986807	41.5	1.0	574649	Bacteria	Bacillati	Actinomycetota	Actinomycetes	Micrococcales	Microbacteriaceae	Agrococcus	Agrococcus terreus	0.9868073878627969	0.11409893567514094	0.11562432251571769	0.0
NR_116669.1	1	1517	146	1335	88.0026	112.192	36.3	6.3	645887	Bacteria	Bacillati	Bacillota	Clostridia	Eubacteriales	Eubacteriaceae	Alkalibaculum	Alkalibaculum bacchi	112.19182597231378	56.24170445615244	0.5012994838860322	0.16
NR_116676.1	1	1458	3	1450	99.4513	2.82373	40.1	4.67	578943	Bacteria	Pseudomonadati	Pseudomonadota	Alphaproteobacteria	Rhodospirillales	Dongiaceae	Dongia	Dongia mobilis	2.8237311385459534	0.43955559815867795	0.15566481955680167	0.0
NR_116678.1	1	1553	2	1531	98.5834	1.81262	37.3	1.0	56	Bacteria	Pseudomonadati	Myxococcota	unclassified Myxococcota class	Polyangiales	Polyangiaceae	Sorangium	Sorangium cellulosum	1.8126207340631038	0.42497121876136434	0.23445126207332107	0.0
NR_116684.1	1	1439	1	1188	82.5573	0.825573	29.4	0.0	322509	Bacteria	Bacillati	Actinomycetota	Actinomycetes	Mycobacteriales	Dietziaceae	Dietzia	Dietzia kunjamensis	0.8255733148019458	0.3794759764318088	0.4596514563008189	0.0
NR_116685.1	1	1439	2	1437	99.861	1.9173	34.0	0.0	37915	Bacteria	Bacillati	Actinomycetota	Actinomycetes	Mycobacteriales	Dietziaceae	Dietzia	Dietzia maris	1.917303683113273	0.28042350862711857	0.14625930732672116	0.0
NR_116686.1	1	1442	2	1415	98.1276	1.89043	31.4	1.0	321318	Bacteria	Bacillati	Actinomycetota	Actinomycetes	Mycobacteriales	Dietziaceae	Dietzia	Dietzia cinnamea	1.8904299583911235	0.3674403849538115	0.1943686849242099	0.0
NR_116687.1	1	1437	17	1437	100.0	16.6465	40.2	3.12	282305	Bacteria	Bacillati	Actinomycetota	Actinomycetes	Mycobacteriales	Dietziaceae	Dietzia	Dietzia papillomatosis	16.646485734168408	0.9708395354481163	0.05832099044517131	0.02
NR_116729.1	1	1454	8	1385	95.2545	6.68982	35.9	1.38	663365	Bacteria	Pseudomonadati	Campylobacterota	Epsilonproteobacteria	Campylobacterales	Arcobacteraceae	Arcobacter	Arcobacter suis	6.689821182943604	1.9440434459860751	0.29059722118471815	0.01
NR_116744.1	1	1472	1	1451	98.5734	0.985734	34.0	35.0	592377	Bacteria	Bacillati	Actinomycetota	Actinomycetes	Micrococcales	Micrococcaceae	Kocuria	Kocuria atrinae	0.985733695652174	0.11858657979755126	0.12030285696898377	0.0
NR_116746.1	1	1416	1	1389	98.0932	0.980932	45.3	12.0	1437612	Bacteria	Bacillati	Actinomycetota	Actinomycetes	Bifidobacteriales	Bifidobacteriaceae	Bifidobacterium	Bifidobacterium adolescentis	0.9809322033898306	0.13676335672468182	0.13942182370205145	0.0
NR_116747.1	1	1404	8	1404	100.0	7.40883	36.8	7.0	1298596	Bacteria	Bacillati	Bacillota	Clostridia	Lachnospirales	Lachnospiraceae	Mediterraneibacter	Mediterraneibacter faecis	7.408831908831909	1.360652412939981	0.18365275790883806	0.01
NR_116787.1	1	1480	1	1251	84.527	0.84527	38.0	1.0	620889	Bacteria	Bacillati	Actinomycetota	Actinomycetes	Micrococcales	Bogoriellaceae	Georgenia	Georgenia halophila	0.8452702702702702	0.3616468449571959	0.4278475863602318	0.0
NR_116789.1	1	1534	1	1221	79.5958	0.795958	35.5	1.0	624147	Bacteria	Bacillati	Bacillota	Bacilli	Bacillales	Paenibacillaceae	Paenibacillus	Paenibacillus tianmuensis	0.7959582790091264	0.40299962417594926	0.5063074721424293	0.0
NR_116807.1	1	1479	2	1269	85.8012	1.69506	43.5	1.0	622674	Bacteria	Bacillati	Bacillota	Desulfitisporia	Desulfitisporales	Desulfitisporaceae	Desulfitispora	Desulfitispora alkaliphila	1.6950642325895875	0.704219855154228	0.4154531973566427	0.0
NR_116812.1	1	1441	4	1435	99.5836	3.86676	42.5	3.5	627131	Bacteria	Pseudomonadati	Pseudomonadota	Betaproteobacteria	Burkholderiales	Alcaligenaceae	Paralcaligenes	Paralcaligenes ureilyticus	3.86675919500347	0.5916477217706325	0.153008680378945	0.0
NR_116868.1	1	1538	2	1513	98.3745	1.92653	35.0	1.0	646529	Bacteria	Bacillati	Bacillota	Clostridia	Eubacteriales	Desulfitobacteriaceae	Desulfosporosinus	Desulfosporosinus acidiphilus	1.9265279583875163	0.31714926082154776	0.16462219478351012	0.0
NR_116873.1	1	1394	2	1394	100.0	1.96772	36.9	1.0	1404	Bacteria	Bacillati	Bacillota	Bacilli	Bacillales	Bacillaceae	Priestia	Priestia megaterium	1.9677187948350072	0.1767459446722576	0.08982276590343678	0.0
NR_116910.1	1	1346	1	1282	95.2452	0.952452	44.5	53.0	561088	Bacteria	Pseudomonadati	Pseudomonadota	Alphaproteobacteria	Hyphomicrobiales	Phyllobacteriaceae	Aquamicrobium	Aquamicrobium aerolatum	0.9524517087667161	0.21280848487332185	0.2234323093911788	0.0
NR_116932.1	1	1388	8	1388	100.0	7.54539	41.2	14.2	595984	Bacteria	Bacillati	Actinomycetota	Actinomycetes	Mycobacteriales	Dietziaceae	Dietzia	Dietzia aerolata	7.545389048991354	1.2353290318536994	0.16371972655523104	0.01
NR_116936.1	1	1428	13	1428	100.0	12.2367	34.6	11.5	604330	Bacteria	Bacillati	Actinomycetota	Coriobacteriia	Coriobacteriales	Atopobiaceae	Parafannyhessea	Parafannyhessea umbonata	12.236694677871148	1.2613621418913954	0.1030802986506188	0.01
NR_116937.1	1	1428	6	1382	96.7787	5.4888	35.6	0.833	633147	Bacteria	Bacillati	Actinomycetota	Coriobacteriia	Coriobacteriales	Atopobiaceae	Olsenella	Olsenella uli	5.488795518207283	1.2335246827936386	0.22473504044773104	0.01
NR_116938.1	1	1428	1	1121	78.5014	0.785014	29.7	12.0	997349	Bacteria	Bacillati	Actinomycetota	Coriobacteriia	Coriobacteriales	Atopobiaceae	Olsenella	Olsenella profusa	0.7850140056022409	0.410812629565554	0.523318853719546	0.0
NR_116939.1	1	1428	1	1410	98.7395	0.987395	40.1	1.0	997349	Bacteria	Bacillati	Actinomycetota	Coriobacteriia	Coriobacteriales	Atopobiaceae	Olsenella	Olsenella profusa	0.9873949579831933	0.11156233653236622	0.11298653657320493	0.0
NR_116940.1	1	1433	1	1415	98.7439	0.987439	44.1	1.0	1381	Bacteria	Bacillati	Actinomycetota	Coriobacteriia	Coriobacteriales	Atopobiaceae	Atopobium	Atopobium minutum	0.9874389392882066	0.11137001600784616	0.11278673705953607	0.0
NR_116943.1	1	1513	1	1325	87.5744	0.875744	42.2	1.0	616990	Bacteria	Bacillati	Bacillota	Bacilli	Lactobacillales	Lactobacillaceae	Levilactobacillus	Levilactobacillus paucivorans	0.875743555849306	0.3298738853527466	0.37667863285940045	0.0
NR_116970.1	1	1450	1	1387	95.6552	0.956552	34.6	50.0	1220600	Bacteria	Pseudomonadati	Pseudomonadota	Alphaproteobacteria	Rhodospirillales	Rhodospirillaceae	Phaeovibrio	Phaeovibrio sulfidiphilus	0.956551724137931	0.20386398207305464	0.2131238457144407	0.0
NR_116973.1	1	1457	1	1175	80.6452	0.806452	33.1	5.0	646095	Bacteria	Bacillati	Bacillota	Bacilli	Bacillales	Paenibacillaceae	Paenibacillus	Paenibacillus sputi	0.8064516129032258	0.3950789907714805	0.4898979485566359	0.0
NR_116993.1	1	1435	10	1435	100.0	9.61115	40.0	10.9	659006	Bacteria	Pseudomonadati	Pseudomonadota	Alphaproteobacteria	Hyphomicrobiales	Chelatococcaceae	Camelimonas	Camelimonas lactis	9.611149825783972	0.7664668943929162	0.07974767933975019	0.01
NR_117010.1	1	1410	1	1322	93.7589	0.937589	36.2	1.0	683354	Bacteria	Pseudomonadati	Pseudomonadota	Betaproteobacteria	Burkholderiales	Alcaligenaceae	Candidimonas	Candidimonas nitroreducens	0.9375886524822695	0.24190116001944173	0.2580035065260309	0.0
NR_117017.1	1	1391	6	1390	99.9281	5.38605	36.0	6.5	696001	Bacteria	Bacillati	Actinomycetota	Actinomycetes	Micrococcales	Microbacteriaceae	Leucobacter	Leucobacter aerolatus	5.3860531991373115	1.176601935690495	0.2184534560258247	0.01
NR_117024.1	1	1309	1	1297	99.0833	0.990833	37.8	1.0	1032241	Bacteria	Pseudomonadati	Campylobacterota	Epsilonproteobacteria	Campylobacterales	Arcobacteraceae	Aliarcobacter	Aliarcobacter trophiarum	0.9908326967150497	0.09530615843392408	0.09618794247494727	0.0
NR_117027.1	1	1470	1	1211	82.381	0.82381	44.1	1.0	1069	Bacteria	Pseudomonadati	Pseudomonadota	Alphaproteobacteria	Hyphomicrobiales	Hyphomicrobiaceae	Rhodomicrobium	Rhodomicrobium vannielii	0.8238095238095238	0.38098214169466027	0.46246387142126394	0.0
NR_117030.1	1	1378	1	1330	96.5167	0.965167	39.9	1.0	43765	Bacteria	Bacillati	Actinomycetota	Actinomycetes	Mycobacteriales	Corynebacteriaceae	Corynebacterium	Corynebacterium amycolatum	0.965166908563135	0.18335688472979686	0.189974276058391	0.0
NR_117039.1	1	1461	2	1105	75.6331	1.44422	38.0	1.0	759620	Bacteria	Bacillati	Bacillota	Bacilli	Lactobacillales	Lactobacillaceae	Weissella	Weissella ceti	1.4442162902121833	0.8568696621025977	0.593311173617012	0.0
NR_117052.1	1	1416	1	1299	91.7373	0.917373	42.7	1.0	863522	Bacteria	Pseudomonadati	Acidobacteriota	Terriglobia	Terriglobales	Acidobacteriaceae	Bryocella	Bryocella elongata	0.9173728813559322	0.2753177762307522	0.30011545122613176	0.0
NR_117064.1	1	1516	1	1512	99.7361	0.997361	44.2	1.0	1423723	Bacteria	Bacillati	Bacillota	Bacilli	Lactobacillales	Lactobacillaceae	Lactobacillus	Lactobacillus amylovorus	0.9973614775725593	0.051298739037528754	0.05143444998736349	0.0
NR_117105.1	1	1402	466	1402	100.0	443.571	39.2	38.1	913109	Bacteria	Pseudomonadati	Campylobacterota	Epsilonproteobacteria	Campylobacterales	Arcobacteraceae	Arcobacter	Arcobacter ellisii	443.5706134094151	34.91223466487975	0.07870727593186116	0.52
NR_117111.1	1	1512	274	1512	100.0	263.203	38.4	4.32	29371	Bacteria	Bacillati	Bacillota	Clostridia	Eubacteriales	Oscillospiraceae	Ruminiclostridium	Ruminiclostridium cellobioparum	263.20304232804233	18.17417687351909	0.06905002583848464	0.31
NR_117112.1	1	1507	1	1491	98.9383	0.989383	39.9	60.0	990	Bacteria	Pseudomonadati	Bacteroidota	Bacteroidia	Marinilabiliales	Marinilabiliaceae	Breznakibacter	Breznakibacter xylanolyticus	0.9893828798938288	0.10249095992731473	0.10359079584873461	0.0
NR_117113.1	1	1499	1	1475	98.3989	0.983989	40.8	1.0	748727	Bacteria	Bacillati	Bacillota	Clostridia	Eubacteriales	Clostridiaceae	Clostridium	Clostridium ljungdahlii	0.9839893262174784	0.12551626232305851	0.12755856082865405	0.0
NR_117121.1	1	1517	3	1279	84.3111	2.38431	34.6	1.67	1503	Bacteria	Bacillati	Bacillota	Tissierellia	Tissierellales	Gottschalkiaceae	Gottschalkia	Gottschalkia purinilytica	2.3843111404087014	1.0901810839226371	0.45723104902146544	0.0
NR_117126.1	1	1525	16	1522	99.8033	15.5882	40.3	1.0	1544	Bacteria	Bacillati	Bacillota	Clostridia	Lachnospirales	Lachnospiraceae	Faecalicatena	Faecalicatena orotica	15.588196721311476	1.460605654971085	0.09369946255388291	0.02
NR_117127.1	1	1525	1	829	54.3607	0.543607	39.8	0.0	1544	Bacteria	Bacillati	Bacillota	Clostridia	Lachnospirales	Lachnospiraceae	Faecalicatena	Faecalicatena orotica	0.5436065573770492	0.498094838513431	0.9162782011254309	0.0
NR_117128.1	1	1525	3	1512	99.1475	2.91803	37.7	1.0	1544	Bacteria	Bacillati	Bacillota	Clostridia	Lachnospirales	Lachnospiraceae	Faecalicatena	Faecalicatena orotica	2.918032786885246	0.37700641239983695	0.12919882672129243	0.0
NR_117129.1	1	1525	11	1522	99.8033	10.4511	35.9	1.0	1544	Bacteria	Bacillati	Bacillota	Clostridia	Lachnospirales	Lachnospiraceae	Faecalicatena	Faecalicatena orotica	10.451147540983607	1.2026229508196984	0.11507089973648137	0.01
NR_117130.1	1	1525	5	1522	99.8033	4.7718	37.7	0.8	1544	Bacteria	Bacillati	Bacillota	Clostridia	Lachnospirales	Lachnospiraceae	Faecalicatena	Faecalicatena orotica	4.771803278688525	0.6581581557817423	0.13792650646793417	0.01
NR_117131.1	1	1526	10	1524	99.8689	9.63696	39.1	1.3	1544	Bacteria	Bacillati	Bacillota	Clostridia	Lachnospirales	Lachnospiraceae	Faecalicatena	Faecalicatena orotica	9.636959370904325	1.1883211423157083	0.12330872182604181	0.01
NR_117134.2	1	1507	1	1451	96.284	0.96284	39.5	1.0	1543	Bacteria	Bacillati	Bacillota	Clostridia	Eubacteriales	Clostridiaceae	Clostridium	Clostridium oceanicum	0.9628400796284008	0.18915353734354212	0.1964537427820248	0.0
NR_117135.2	1	1505	3	1458	96.8771	2.43256	40.9	1.0	1543	Bacteria	Bacillati	Bacillota	Clostridia	Eubacteriales	Clostridiaceae	Clostridium	Clostridium oceanicum	2.432558139534884	0.6639280327462632	0.27293408611940073	0.0
NR_117136.2	1	1503	4	1496	99.5343	3.70925	33.9	0.75	1543	Bacteria	Bacillati	Bacillota	Clostridia	Eubacteriales	Clostridiaceae	Clostridium	Clostridium oceanicum	3.7092481703260147	0.6275666926424792	0.16918972897608003	0.0
NR_117138.2	1	1521	6	1516	99.6713	5.09073	37.8	1.0	649756	Bacteria	Bacillati	Bacillota	Clostridia	Lachnospirales	Lachnospiraceae	Anaerostipes	Anaerostipes hadrus	5.090729783037475	1.1865671816166712	0.2330839058813066	0.01
NR_117139.2	1	1521	6	1521	100.0	5.83432	40.1	1.0	649756	Bacteria	Bacillati	Bacillota	Clostridia	Lachnospirales	Lachnospiraceae	Anaerostipes	Anaerostipes hadrus	5.834319526627219	0.6406401511208578	0.1098054620075304	0.01
NR_117140.1	1	1524	3	1523	99.9344	2.88976	37.4	0.667	290055	Bacteria	Bacillati	Bacillota	Clostridia	Lachnospirales	Lachnospiraceae	Faecalicatena	Faecalicatena fissicatena	2.8897637795275593	0.34508197793636325	0.11941528936762433	0.0
NR_117141.1	1	1523	11	1522	99.9343	10.5069	37.1	3.18	290055	Bacteria	Bacillati	Bacillota	Clostridia	Lachnospirales	Lachnospiraceae	Faecalicatena	Faecalicatena fissicatena	10.506894287590283	0.9746213669506886	0.09276017634457559	0.01
NR_117142.1	1	1523	1	1494	98.0959	0.980959	40.7	1.0	290055	Bacteria	Bacillati	Bacillota	Clostridia	Lachnospirales	Lachnospiraceae	Faecalicatena	Faecalicatena fissicatena	0.9809586342744583	0.1366703776128824	0.13932328320242296	0.0
NR_117144.1	1	1548	1	1429	92.3127	0.923127	28.3	1.0	2376	Bacteria	Bacillati	Bacillota	Negativicutes	Selenomonadales	Sporomusaceae	Sporomusa	Sporomusa paucivorans	0.9231266149870802	0.26639044218885954	0.2885741109225714	0.0
NR_117147.1	1	1524	3	1505	98.7533	2.88451	38.6	1.0	39482	Bacteria	Bacillati	Bacillota	Clostridia	Lachnospirales	Lachnospiraceae	Faecalicatena	Faecalicatena contorta	2.884514435695538	0.44931746187983695	0.15576883801293712	0.0
NR_117153.1	1	1581	2	1292	81.7204	1.57369	31.6	1.0	29349	Bacteria	Bacillati	Bacillota	Clostridia	Peptostreptococcales	Tepidibacteraceae	Alkalithermobacter	Alkalithermobacter paradoxus	1.5736875395319418	0.7811283789283247	0.49636815397334455	0.0
NR_117155.1	1	1518	20	1518	100.0	19.4157	36.9	1.7	43143	Bacteria	Bacillati	Bacillota	Tissierellia	Tissierellales	Tissierellaceae	Tissierella	Tissierella creatinini	19.415678524374176	1.0022066730440289	0.051618421256093235	0.02
NR_117161.1	1	1506	2	1490	98.9376	1.91766	28.3	1.0	937254	Bacteria	Bacillati	Bacillota	Clostridia	Eubacteriales	Syntrophomonadaceae	Thermohydrogenium	Thermohydrogenium kirishiense	1.9176626826029217	0.31113698515986327	0.16224802619485945	0.0
NR_117162.1	1	1650	14	1422	86.1818	11.7364	37.3	0.857	48256	Bacteria	Bacillati	Bacillota	Clostridia	Eubacteriales	Oscillospiraceae	Ruminiclostridium	Ruminiclostridium hungatei	11.736363636363636	4.81086637329577	0.4099111549671067	0.02
NR_117163.1	1	1623	31	1422	87.6155	25.2649	38.2	0.871	48256	Bacteria	Bacillati	Bacillota	Clostridia	Eubacteriales	Oscillospiraceae	Ruminiclostridium	Ruminiclostridium hungatei	25.26494146642021	10.185769105933195	0.4031582309213407	0.03
NR_117164.1	1	1654	67	1440	87.0617	54.8108	38.6	0.209	48256	Bacteria	Bacillati	Bacillota	Clostridia	Eubacteriales	Oscillospiraceae	Ruminiclostridium	Ruminiclostridium hungatei	54.81076178960097	22.550142547751424	0.4114181560605453	0.07
NR_117165.1	1	1654	63	1447	87.4849	51.4541	37.3	0.429	48256	Bacteria	Bacillati	Bacillota	Clostridia	Eubacteriales	Oscillospiraceae	Ruminiclostridium	Ruminiclostridium hungatei	51.4540507859734	21.132735454146268	0.4107108212344507	0.07
NR_117166.1	1	1547	10	1547	100.0	9.46542	31.4	3.0	261685	Bacteria	Bacillati	Bacillota	Negativicutes	Selenomonadales	Sporomusaceae	Thermosinus	Thermosinus carboxydivorans	9.465416936005171	1.1824234768698851	0.12492037961604263	0.01
NR_117167.1	1	1548	1	1488	96.124	0.96124	31.0	1.0	261685	Bacteria	Bacillati	Bacillota	Negativicutes	Selenomonadales	Sporomusaceae	Thermosinus	Thermosinus carboxydivorans	0.9612403100775194	0.1930216991936262	0.20080483222562723	0.0
NR_117169.1	1	1548	2	1530	98.8372	1.91021	32.2	1.0	261685	Bacteria	Bacillati	Bacillota	Negativicutes	Selenomonadales	Sporomusaceae	Thermosinus	Thermosinus carboxydivorans	1.9102067183462532	0.32401583630601777	0.16962344085279524	0.0
NR_117171.1	1	1542	2	1507	97.7302	1.7821	35.7	1.0	937334	Bacteria	Bacillati	Bacillota	Clostridia	Caldicoprobacterales	Caldicoprobacteraceae	Caldicoprobacter	Caldicoprobacter faecalis	1.7821011673151752	0.4645584156401451	0.26068015899457925	0.0
NR_117172.1	1	1541	20	1538	99.8053	18.9773	35.2	1.3	937334	Bacteria	Bacillati	Bacillota	Clostridia	Caldicoprobacterales	Caldicoprobacteraceae	Caldicoprobacter	Caldicoprobacter faecalis	18.977287475665154	2.072377127260216	0.10920302123881796	0.02
NR_117173.1	1	1537	4	1532	99.6747	3.84971	37.3	0.75	937334	Bacteria	Bacillati	Bacillota	Clostridia	Caldicoprobacterales	Caldicoprobacteraceae	Caldicoprobacter	Caldicoprobacter faecalis	3.8497072218607675	0.47738877699897075	0.12400651516772318	0.0
NR_117174.1	1	1492	3941	1492	100.0	3863.7	38.7	19.5	1737	Bacteria	Bacillati	Bacillota	Clostridia	Peptostreptococcales	Peptostreptococcaceae	Paraclostridium	Paraclostridium tenue	3863.7024128686326	168.13326506053264	0.04351610116258952	4.39
NR_117187.1	1	1323	1	1137	85.941	0.85941	40.6	12.0	947378	Bacteria	Pseudomonadati	Pseudomonadota	Alphaproteobacteria	Caulobacterales	Caulobacteraceae	Brevundimonas	Brevundimonas faecalis	0.8594104308390023	0.34759767289802623	0.4044606167494184	0.0
NR_117195.1	1	1407	1	1358	96.5174	0.965174	41.3	2.0	993414	Bacteria	Bacillati	Actinomycetota	Actinomycetes	Propionibacteriales	Propionibacteriaceae	Naumannella	Naumannella halotolerans	0.9651741293532339	0.18333856490237085	0.1899538739452399	0.0
NR_117225.1	1	1495	1	762	50.9699	0.509699	37.3	1.0	1780	Bacteria	Bacillati	Actinomycetota	Actinomycetes	Mycobacteriales	Mycobacteriaceae	Mycobacterium	Mycobacterium malmoense	0.5096989966555184	0.4999059206129432	0.9807865502839239	0.0
NR_117231.1	1	1514	3	1440	95.1123	2.2675	40.2	4.33	653929	Bacteria	Pseudomonadati	Bacteroidota	Sphingobacteriia	Sphingobacteriales	Sphingobacteriaceae	Albibacterium	Albibacterium bauzanense	2.2675033025099074	0.89791375786748	0.3959922602421686	0.0
NR_117232.1	1	1529	1	1258	82.276	0.82276	43.7	1.0	653930	Bacteria	Pseudomonadati	Pseudomonadota	Gammaproteobacteria	Pseudomonadales	Pseudomonadaceae	Halopseudomonas	Halopseudomonas bauzanensis	0.8227599738391105	0.3818717052720391	0.4641350058513099	0.0
NR_117237.1	1	1415	1	1341	94.7703	0.947703	40.7	1.0	655355	Bacteria	Pseudomonadati	Bacteroidota	Bacteroidia	Marinilabiliales	Prolixibacteraceae	Sunxiuqinia	Sunxiuqinia elliptica	0.9477031802120142	0.22262493667163333	0.2349099816482932	0.0
NR_117251.1	1	1443	1	1423	98.614	0.98614	42.6	60.0	665467	Bacteria	Pseudomonadati	Pseudomonadota	Alphaproteobacteria	Hyphomicrobiales	Kaistiaceae	Bauldia	Bauldia litoralis	0.9861399861399861	0.1169098536301125	0.1185529998511963	0.0
NR_117252.1	1	1545	1	1211	78.3819	0.783819	19.1	0.0	643214	Bacteria	Bacillati	Bacillota	Bacilli	Bacillales	Staphylococcaceae	Mammaliicoccus	Mammaliicoccus stepanovicii	0.7838187702265372	0.41163929072319694	0.5251715145890498	0.0
NR_117256.1	1	1493	4	1490	99.7991	3.79973	37.6	1.5	657419	Bacteria	Pseudomonadati	Pseudomonadota	Alphaproteobacteria	Geminicoccales	Geminicoccaceae	Tistrella	Tistrella bauzanensis	3.7997320830542534	0.4877054363594266	0.12835258531370067	0.0
NR_117260.1	1	1443	1	1434	99.3763	0.993763	37.9	60.0	659013	Bacteria	Pseudomonadati	Pseudomonadota	Betaproteobacteria	Burkholderiales	Alcaligenaceae	Castellaniella	Castellaniella daejeonensis	0.9937629937629938	0.07872805084723898	0.07922215995297478	0.0
NR_117261.1	1	1454	7	1447	99.5186	6.55365	39.9	13.6	659016	Bacteria	Pseudomonadati	Pseudomonadota	Betaproteobacteria	Burkholderiales	Alcaligenaceae	Allopusillimonas	Allopusillimonas soli	6.553645116918845	1.2208965972977135	0.1862927539585345	0.01
NR_117298.1	1	1448	46	1448	100.0	43.2196	38.0	7.41	1238186	Bacteria	Bacillati	Actinomycetota	Actinomycetes	Micrococcales	Microbacteriaceae	Leucobacter	Leucobacter salsicius	43.219613259668506	6.0408464030131155	0.1397709499786359	0.05
NR_117299.1	1	1439	1	1182	82.1404	0.821404	25.3	23.0	664639	Bacteria	Bacillati	Actinomycetota	Actinomycetes	Micrococcales	Micrococcaceae	Kocuria	Kocuria salsicia	0.8214037526059764	0.3830138741753298	0.4662918485095597	0.0
NR_117306.1	1	1439	4	1429	99.3051	3.95344	40.3	11.0	1077144	Bacteria	Bacillati	Actinomycetota	Actinomycetes	Mycobacteriales	Dietziaceae	Dietzia	Dietzia alimentaria	3.953439888811675	0.3855273299439254	0.09751693228850565	0.0
NR_117354.1	1	1524	1	1459	95.7349	0.957349	38.8	14.0	671077	Bacteria	Bacillati	Bacillota	Clostridia	Eubacteriales	Symbiobacteriaceae	Caldinitratiruptor	Caldinitratiruptor microaerophilus	0.9573490813648294	0.20206884414660795	0.21107122582551782	0.0
NR_117357.1	1	1401	14	1398	99.7859	13.3647	40.5	21.5	1223515	Bacteria	Bacillati	Actinomycetota	Actinomycetes	Mycobacteriales	Corynebacteriaceae	Corynebacterium	Corynebacterium humireducens	13.364739471805853	1.5241613764403892	0.11404347833758734	0.02
NR_117365.1	1	1467	1	1394	95.0239	0.950239	39.1	1.0	669464	Bacteria	Bacillati	Bacillota	Bacilli	Bacillales	Paenibacillaceae	Paenibacillus	Paenibacillus filicis	0.9502385821404227	0.21745164784885881	0.22883900100019788	0.0
NR_117367.1	1	1474	1	1421	96.4043	0.964043	39.7	45.0	1122924	Bacteria	Bacillati	Bacillota	Bacilli	Bacillales	Paenibacillaceae	Paenibacillus	Paenibacillus pinihumi	0.9640434192672999	0.1861819138227788	0.19312606683657702	0.0
NR_117374.1	1	1442	5	1442	100.0	4.5527	38.4	6.2	747645	Bacteria	Bacillati	Actinomycetota	Coriobacteriia	Coriobacteriales	Coriobacteriaceae	Parvibacter	Parvibacter caecicola	4.552704576976422	0.8015650659110163	0.17606349200970076	0.01
NR_117376.1	1	1415	1	1387	98.0212	0.980212	41.6	1.0	43131	Bacteria	Bacillati	Bacillota	Tissierellia	Tissierellales	Tissierellaceae	Tissierella	Tissierella praeacuta	0.9802120141342756	0.1392710360451932	0.14208256380962392	0.0
NR_117378.1	1	1372	7	1371	99.9271	6.56195	39.4	5.43	43143	Bacteria	Bacillati	Bacillota	Tissierellia	Tissierellales	Tissierellaceae	Tissierella	Tissierella creatinini	6.561953352769679	0.9807676698963083	0.14946276164586636	0.01
NR_117386.1	1	1480	3	1458	98.5135	2.78041	37.5	1.0	674079	Bacteria	Bacillati	Actinomycetota	Actinomycetes	Micrococcales	Microbacteriaceae	Marisediminicola	Marisediminicola antarctica	2.7804054054054053	0.6343925359747751	0.2281654807394088	0.0
NR_117431.1	1	1427	1	1384	96.9867	0.969867	39.4	16.0	512402	Bacteria	Bacillati	Actinomycetota	Actinomycetes	Mycobacteriales	Mycobacteriaceae	Mycolicibacter	Mycolicibacter heraklionensis	0.9698668535388928	0.17095361928154856	0.17626503953379322	0.0
NR_117441.1	1	1368	1	1358	99.269	0.99269	41.1	60.0	690417	Bacteria	Pseudomonadati	Pseudomonadota	Alphaproteobacteria	Rhodobacterales	Paracoccaceae	Paracoccus	Paracoccus sphaerophysae	0.9926900584795322	0.08518512942665087	0.0858124131484966	0.0
NR_117450.1	1	1469	2	1421	96.7325	1.88904	41.4	1.0	696535	Bacteria	Bacillati	Bacillota	Bacilli	Bacillales	Paenibacillaceae	Paenibacillus	Paenibacillus chungangensis	1.8890401633764466	0.40496707261818365	0.21437716384724748	0.0
NR_117451.1	1	1409	1	1214	86.1604	0.861604	25.2	6.0	696536	Bacteria	Bacillati	Bacillota	Bacilli	Bacillales	Paenibacillaceae	Paenibacillus	Paenibacillus puldeungensis	0.8616039744499645	0.3453151685952831	0.40078177310605756	0.0
NR_117473.1	1	1495	4	1495	100.0	3.67826	39.9	3.0	1404	Bacteria	Bacillati	Bacillota	Bacilli	Bacillales	Bacillaceae	Priestia	Priestia megaterium	3.6782608695652175	0.587633698306347	0.15975857046153644	0.0
NR_117486.1	1	1508	1	1468	97.3475	0.973475	37.6	1.0	708071	Bacteria	Pseudomonadati	Thermodesulfobacteriota	Desulfobacteria	Desulfobacterales	Desulfosalsimonadaceae	Desulfonatronobacter	Desulfonatronobacter acidivorans	0.9734748010610079	0.16069104754228836	0.16506955020011638	0.0
NR_117509.1	1	1460	1	1278	87.5342	0.875342	38.8	1.0	714083	Bacteria	Bacillati	Actinomycetota	Actinomycetes	Micrococcales	Microbacteriaceae	Leucobacter	Leucobacter chromiiresistens	0.8753424657534247	0.330330188451098	0.3773725157579054	0.0
NR_117529.1	1	1521	2	1495	98.2906	1.92768	37.4	1.0	723879	Bacteria	Bacillati	Actinomycetota	Actinomycetes	Mycobacteriales	Mycobacteriaceae	Mycolicibacter	Mycolicibacter algericus	1.9276791584483892	0.3182429443317037	0.1650912409033156	0.0
NR_117542.1	1	1605	1	1205	75.0779	0.750779	18.7	1.0	908809	Bacteria	Bacillati	Bacillota	Clostridia	Eubacteriales	Clostridiaceae	Caloramator	Caloramator mitchellensis	0.7507788161993769	0.4325621173261017	0.576151201915679	0.0
NR_117545.1	1	1513	26	1506	99.5373	24.7198	39.5	0.923	748908	Bacteria	Bacillati	Actinomycetota	Actinomycetes	Micrococcales	Microbacteriaceae	Alpinimonas	Alpinimonas psychrophila	24.719762062128222	3.635688119100274	0.14707617775457113	0.03
NR_117546.1	1	1513	2	1511	99.8678	1.97092	33.4	2.0	863575	Bacteria	Bacillati	Actinomycetota	Actinomycetes	Micrococcales	Micrococcaceae	Citricoccus	Citricoccus nitrophenolicus	1.970918704560476	0.17572514853016544	0.08915900393230727	0.0
NR_117563.1	1	1526	7	1526	100.0	6.78113	39.6	1.0	290055	Bacteria	Bacillati	Bacillota	Clostridia	Lachnospirales	Lachnospiraceae	Faecalicatena	Faecalicatena fissicatena	6.781127129750983	0.7528436529263922	0.11102043045667516	0.01
NR_117565.1	1	1509	9	1509	100.0	8.01789	35.5	11.2	316277	Bacteria	Pseudomonadati	Thermodesulfobacteriota	Syntrophia	Syntrophales	Syntrophaceae	Syntrophus	Syntrophus aciditrophicus	8.01789264413519	1.656466513759025	0.2065962450832605	0.01
NR_117570.1	1	1402	5	1355	96.6476	3.86163	34.4	7.6	1054034	Bacteria	Pseudomonadati	Campylobacterota	Epsilonproteobacteria	Campylobacterales	Arcobacteraceae	Arcobacter	Arcobacter cloacae	3.861626248216833	1.411476168061546	0.3655134073923693	0.01
NR_117579.1	1	1545	3	1542	99.8058	2.8479	38.3	1.0	2377	Bacteria	Bacillati	Bacillota	Negativicutes	Selenomonadales	Sporomusaceae	Sporomusa	Sporomusa termitida	2.8478964401294498	0.40326793186919335	0.1416020351677054	0.0
NR_117585.1	1	1500	1	1450	96.6667	0.966667	37.3	1.0	35700	Bacteria	Bacillati	Bacillota	Clostridia	Eubacteriales	Heliobacteriaceae	Heliophilum	Heliophilum fasciatum	0.9666666666666667	0.17950549357114864	0.18569533817705033	0.0
NR_117586.1	1	1499	3	1497	99.8666	2.91461	36.7	1.0	35700	Bacteria	Bacillati	Bacillota	Clostridia	Eubacteriales	Heliobacteriaceae	Heliophilum	Heliophilum fasciatum	2.914609739826551	0.300177895551705	0.10299076800915673	0.0
NR_117594.1	1	1549	8	1549	100.0	7.03873	33.0	1.62	86958	Bacteria	Bacillati	Bacillota	Negativicutes	Selenomonadales	Selenomonadaceae	Propionispira	Propionispira paucivorans	7.038734667527437	1.45863469859874	0.2072296751471566	0.01
NR_117595.1	1	1655	6	1327	80.1813	4.60846	38.0	1.67	86958	Bacteria	Bacillati	Bacillota	Negativicutes	Selenomonadales	Selenomonadaceae	Propionispira	Propionispira paucivorans	4.608459214501511	2.396911604392851	0.5201112764219442	0.01
NR_117596.1	1	1548	1	1259	81.3307	0.813307	35.1	9.0	86957	Bacteria	Bacillati	Bacillota	Negativicutes	Selenomonadales	Selenomonadaceae	Selenomonas	Selenomonas lacticifex	0.8133074935400517	0.38966448964673595	0.4791109054592114	0.0
NR_117605.1	1	1304	1	1260	96.6258	0.966258	31.1	2.0	43765	Bacteria	Bacillati	Actinomycetota	Actinomycetes	Mycobacteriales	Corynebacteriaceae	Corynebacterium	Corynebacterium amycolatum	0.9662576687116564	0.1805651859234526	0.18687063686046207	0.0
NR_117613.1	1	1507	1	1492	99.0046	0.990046	42.1	1.0	1389922	Bacteria	Pseudomonadati	Pseudomonadota	Betaproteobacteria	Burkholderiales	Alcaligenaceae	Achromobacter	Achromobacter mucicolens	0.9900464499004645	0.09926971814179503	0.10026773809630368	0.0
NR_117620.1	1	1529	2	1528	99.9346	1.97907	40.7	1.0	470	Bacteria	Pseudomonadati	Pseudomonadota	Gammaproteobacteria	Moraxellales	Moraxellaceae	Acinetobacter	Acinetobacter baumannii	1.9790712884238064	0.14764398085078057	0.07460265919393373	0.0
NR_117621.1	1	1530	1	1486	97.1242	0.971242	36.4	1.0	981326	Bacteria	Pseudomonadati	Pseudomonadota	Gammaproteobacteria	Moraxellales	Moraxellaceae	Acinetobacter	Acinetobacter pittii	0.9712418300653595	0.16712611285090004	0.1720746653175485	0.0
NR_117622.1	1	1530	78	1530	100.0	74.5673	37.9	8.63	29430	Bacteria	Pseudomonadati	Pseudomonadota	Gammaproteobacteria	Moraxellales	Moraxellaceae	Acinetobacter	Acinetobacter haemolyticus	74.56732026143791	5.229976818771318	0.07013765280064613	0.09
NR_117623.1	1	1529	15	1529	100.0	14.0857	40.7	5.13	40215	Bacteria	Pseudomonadati	Pseudomonadota	Gammaproteobacteria	Moraxellales	Moraxellaceae	Acinetobacter	Acinetobacter junii	14.085676913015043	1.561425185465846	0.11085198071120762	0.02
NR_117624.1	1	1530	13	1530	100.0	12.5778	36.2	6.62	40214	Bacteria	Pseudomonadati	Pseudomonadota	Gammaproteobacteria	Moraxellales	Moraxellaceae	Acinetobacter	Acinetobacter johnsonii	12.577777777777778	0.8636616244789876	0.06866567685787005	0.01
NR_117625.1	1	1531	1	1254	81.9073	0.819073	40.2	1.0	106648	Bacteria	Pseudomonadati	Pseudomonadota	Gammaproteobacteria	Moraxellales	Moraxellaceae	Acinetobacter	Acinetobacter bereziniae	0.8190725016329197	0.3849580999299927	0.46999270414100386	0.0
NR_117626.1	1	1531	3	1528	99.804	2.56303	41.3	4.33	106649	Bacteria	Pseudomonadati	Pseudomonadota	Gammaproteobacteria	Moraxellales	Moraxellaceae	Acinetobacter	Acinetobacter guillouiae	2.5630306988896145	0.5401378356376961	0.21074185177403487	0.0
NR_117628.1	1	1530	22	1529	99.9346	20.7739	39.9	4.27	202951	Bacteria	Pseudomonadati	Pseudomonadota	Gammaproteobacteria	Moraxellales	Moraxellaceae	Acinetobacter	Acinetobacter bouvetii	20.773856209150328	2.52306409944583	0.12145381550944248	0.02
NR_117630.1	1	1529	1	1455	95.1602	0.951602	33.7	1.0	202954	Bacteria	Pseudomonadati	Pseudomonadota	Gammaproteobacteria	Moraxellales	Moraxellaceae	Acinetobacter	Acinetobacter tandoii	0.9516023544800524	0.21460501724813147	0.22551963668205705	0.0
NR_117644.1	1	1489	2	1414	94.9631	1.75554	31.3	3.0	1389932	Bacteria	Pseudomonadati	Pseudomonadota	Betaproteobacteria	Burkholderiales	Alcaligenaceae	Achromobacter	Achromobacter pulmonis	1.7555406312961719	0.5342637331845056	0.3043300301116025	0.0
NR_117645.1	1	1444	1	1245	86.2188	0.862188	36.6	0.0	1185412	Bacteria	Bacillati	Bacillota	Clostridia	Lachnospirales	Vallitaleaceae	Vallitalea	Vallitalea guaymasensis	0.8621883656509696	0.3447021725882786	0.3997991463594171	0.0
NR_117648.1	1	1501	3	1281	85.3431	2.44637	27.1	1.0	124	Bacteria	Pseudomonadati	Planctomycetota	Planctomycetia	Pirellulales	Pirellulaceae	Blastopirellula	Blastopirellula marina	2.44636908727515	1.0695135505735924	0.4371840521271683	0.0
NR_117652.1	1	1539	5	1535	99.7401	4.38402	35.6	1.4	112901	Bacteria	Bacillati	Bacillota	Negativicutes	Selenomonadales	Sporomusaceae	Sporomusa	Sporomusa malonica	4.384015594541911	1.1462419267600803	0.2614593634628373	0.01
NR_117653.1	1	1544	54	1543	99.9352	52.1496	39.5	6.52	112901	Bacteria	Bacillati	Bacillota	Negativicutes	Selenomonadales	Sporomusaceae	Sporomusa	Sporomusa malonica	52.14961139896373	6.59125066593723	0.1263911751041007	0.06
NR_117654.1	1	1545	1	1416	91.6505	0.916505	31.1	1.0	112901	Bacteria	Bacillati	Bacillota	Negativicutes	Selenomonadales	Sporomusaceae	Sporomusa	Sporomusa malonica	0.916504854368932	0.27662918553022126	0.30183057319505074	0.0
NR_117662.1	1	1544	3	1532	99.2228	2.91451	38.8	1.0	1337886	Bacteria	Bacillati	Bacillota	Negativicutes	Selenomonadales	Sporomusaceae	Sporomusa	Sporomusa sphaeroides	2.9145077720207255	0.3729130407346397	0.12795060775428527	0.0
NR_117663.1	1	1545	1	1474	95.4045	0.954045	39.2	1.0	1337886	Bacteria	Bacillati	Bacillota	Negativicutes	Selenomonadales	Sporomusaceae	Sporomusa	Sporomusa sphaeroides	0.9540453074433657	0.20938686393529832	0.219472662673023	0.0
NR_117664.1	1	1546	11	1534	99.2238	10.37	35.7	1.0	1337886	Bacteria	Bacillati	Bacillota	Negativicutes	Selenomonadales	Sporomusaceae	Sporomusa	Sporomusa sphaeroides	10.369987063389392	1.509428624825263	0.14555742602169766	0.01
NR_117665.1	1	1543	1	1458	94.4913	0.944913	38.2	1.0	1337886	Bacteria	Bacillati	Bacillota	Negativicutes	Selenomonadales	Sporomusaceae	Sporomusa	Sporomusa sphaeroides	0.9449125081011017	0.22815095909328756	0.24145194093343122	0.0
NR_117666.1	1	1547	17	1546	99.9354	16.0433	36.0	1.18	1337886	Bacteria	Bacillati	Bacillota	Negativicutes	Selenomonadales	Sporomusaceae	Sporomusa	Sporomusa sphaeroides	16.043309631544926	1.8954745300436777	0.11814735073844915	0.02
NR_117667.1	1	1546	3	1542	99.7413	2.4392	35.3	0.667	1337886	Bacteria	Bacillati	Bacillota	Negativicutes	Selenomonadales	Sporomusaceae	Sporomusa	Sporomusa sphaeroides	2.439197930142303	0.7717458096533796	0.31639327014694374	0.0
NR_117668.1	1	1548	8	1547	99.9354	7.57364	37.6	1.0	1337886	Bacteria	Bacillati	Bacillota	Negativicutes	Selenomonadales	Sporomusaceae	Sporomusa	Sporomusa sphaeroides	7.573643410852713	0.7942805282761897	0.10487429697812535	0.01
NR_117669.1	1	1543	6	1533	99.3519	5.73817	35.5	0.333	112900	Bacteria	Bacillati	Bacillota	Negativicutes	Selenomonadales	Sporomusaceae	Sporomusa	Sporomusa acidovorans	5.738172391445237	0.7772784524898596	0.13545749403567353	0.01
NR_117670.1	1	1543	6	1533	99.3519	5.28775	30.0	0.5	112900	Bacteria	Bacillati	Bacillota	Negativicutes	Selenomonadales	Sporomusaceae	Sporomusa	Sporomusa acidovorans	5.287751134154245	0.8723588957854834	0.16497729822245383	0.01
NR_117672.1	1	1543	2	1510	97.8613	1.7103	24.0	1.0	112900	Bacteria	Bacillati	Bacillota	Negativicutes	Selenomonadales	Sporomusaceae	Sporomusa	Sporomusa acidovorans	1.7103046014257939	0.49854367096402386	0.291494082719776	0.0
NR_117673.1	1	1544	1	1457	94.3653	0.943653	37.1	1.0	112900	Bacteria	Bacillati	Bacillota	Negativicutes	Selenomonadales	Sporomusaceae	Sporomusa	Sporomusa acidovorans	0.9436528497409327	0.23059086910965929	0.244359850312501	0.0
NR_117674.1	1	1631	1	1416	86.8179	0.868179	35.3	1.0	112900	Bacteria	Bacillati	Bacillota	Negativicutes	Selenomonadales	Sporomusaceae	Sporomusa	Sporomusa acidovorans	0.8681790312691601	0.3382960255954891	0.38966159445356124	0.0
NR_117678.1	1	1527	2	1526	99.9345	1.94761	39.8	10.5	287	Bacteria	Pseudomonadati	Pseudomonadota	Gammaproteobacteria	Pseudomonadales	Pseudomonadaceae	Pseudomonas	Pseudomonas aeruginosa	1.9476096922069417	0.2257328534733754	0.1159025108452738	0.0
NR_117686.1	1	1530	1	1497	97.8431	0.978431	42.8	2.0	573	Bacteria	Pseudomonadati	Pseudomonadota	Gammaproteobacteria	Enterobacterales	Enterobacteriaceae	Klebsiella	Klebsiella pneumoniae	0.9784313725490196	0.14527016817248245	0.14847251656907023	0.0
NR_117688.2	1	1500	2	1491	99.4	1.79867	31.6	1.0	36849	Bacteria	Bacillati	Bacillota	Clostridia	Eubacteriales	Clostridiaceae	Oxobacter	Oxobacter pfennigii	1.7986666666666666	0.4156900554766879	0.2311101123851119	0.0
NR_117690.2	1	1499	5	1498	99.9333	4.86124	37.7	1.0	36849	Bacteria	Bacillati	Bacillota	Clostridia	Eubacteriales	Clostridiaceae	Oxobacter	Oxobacter pfennigii	4.861240827218145	0.4315277575211775	0.08876905565036985	0.01
NR_117700.1	1	1512	1	913	60.3836	0.603836	31.4	1.0	106147	Bacteria	Pseudomonadati	Pseudomonadota	Betaproteobacteria	Burkholderiales	Alcaligenaceae	Pelistega	Pelistega europaea	0.6038359788359788	0.48909926344166027	0.809986951066583	0.0
NR_117702.1	1	1522	2	1249	82.0631	1.61958	37.8	1.0	865	Bacteria	Bacillati	Bacillota	Negativicutes	Selenomonadales	Selenomonadaceae	Pectinatus	Pectinatus frisingensis	1.6195795006570302	0.7709988618627776	0.47604879016436	0.0
NR_117711.1	1	1515	7	1515	100.0	6.5604	37.1	1.0	1497	Bacteria	Bacillati	Bacillota	Clostridia	Eubacteriales	Clostridiaceae	Clostridium	Clostridium formicaceticum	6.56039603960396	0.8610469344644551	0.1312492308797313	0.01
NR_117720.2	1	1543	3	1510	97.8613	2.70382	36.2	1.0	1406	Bacteria	Bacillati	Bacillota	Bacilli	Bacillales	Paenibacillaceae	Paenibacillus	Paenibacillus polymyxa	2.7038237200259236	0.6129132330692901	0.22668387311263533	0.0
NR_117721.2	1	1545	1	1214	78.5761	0.785761	14.6	1.0	1406	Bacteria	Bacillati	Bacillota	Bacilli	Bacillales	Paenibacillaceae	Paenibacillus	Paenibacillus polymyxa	0.7857605177993527	0.4102937075645266	0.5221612670405219	0.0
NR_117722.2	1	1543	5	1532	99.2871	4.6105	35.6	1.0	1406	Bacteria	Bacillati	Bacillota	Bacilli	Bacillales	Paenibacillaceae	Paenibacillus	Paenibacillus polymyxa	4.61049902786779	0.8454483046707983	0.18337457606227747	0.01
NR_117724.2	1	1543	1	1471	95.3338	0.953338	33.2	1.0	1406	Bacteria	Bacillati	Bacillota	Bacilli	Bacillales	Paenibacillaceae	Paenibacillus	Paenibacillus polymyxa	0.9533376539209333	0.21091460721691194	0.22123809580944603	0.0
NR_117725.2	1	1545	2	1488	96.3107	1.73333	26.3	1.0	1406	Bacteria	Bacillati	Bacillota	Bacilli	Bacillales	Paenibacillaceae	Paenibacillus	Paenibacillus polymyxa	1.7333333333333334	0.5189816599096294	0.2994124961017093	0.0
NR_117726.2	1	1545	4	1513	97.9288	3.7877	41.4	1.0	1406	Bacteria	Bacillati	Bacillota	Bacilli	Bacillales	Paenibacillaceae	Paenibacillus	Paenibacillus polymyxa	3.787702265372168	0.726015121510231	0.19167692459557534	0.0
NR_117727.2	1	1545	22	1545	100.0	20.8291	38.2	1.0	1406	Bacteria	Bacillati	Bacillota	Bacilli	Bacillales	Paenibacillaceae	Paenibacillus	Paenibacillus polymyxa	20.829126213592232	3.049631451061895	0.14641187632114067	0.02
NR_117728.2	1	1545	2	1509	97.6699	1.90744	32.3	1.0	1406	Bacteria	Bacillati	Bacillota	Bacilli	Bacillales	Paenibacillaceae	Paenibacillus	Paenibacillus polymyxa	1.907443365695793	0.36137493756216504	0.18945513353700202	0.0
NR_117729.2	1	1547	3	1527	98.7072	2.83516	29.9	1.0	1406	Bacteria	Bacillati	Bacillota	Bacilli	Bacillales	Paenibacillaceae	Paenibacillus	Paenibacillus polymyxa	2.8351648351648353	0.5014310696653764	0.1768613462773227	0.0
NR_117731.2	1	1547	2	1531	98.9657	1.87136	28.8	1.0	1406	Bacteria	Bacillati	Bacillota	Bacilli	Bacillales	Paenibacillaceae	Paenibacillus	Paenibacillus polymyxa	1.8713639301874596	0.36438170715817525	0.19471450810835825	0.0
NR_117732.2	1	1547	6	1539	99.4829	5.50549	35.7	1.0	1406	Bacteria	Bacillati	Bacillota	Bacilli	Bacillales	Paenibacillaceae	Paenibacillus	Paenibacillus polymyxa	5.5054945054945055	1.0360980755575329	0.18819346282581934	0.01
NR_117733.2	1	1547	2	1503	97.1558	1.91726	38.0	1.0	1406	Bacteria	Bacillati	Bacillota	Bacilli	Bacillales	Paenibacillaceae	Paenibacillus	Paenibacillus polymyxa	1.9172592113768585	0.3643885874990679	0.19005702793697168	0.0
NR_117745.2	1	1542	2	1526	98.9624	1.92283	40.1	1.0	1121430	Bacteria	Bacillati	Bacillota	Clostridia	Eubacteriales	Peptococcaceae	Desulfofundulus	Desulfofundulus thermocisternus	1.922827496757458	0.30326420455657277	0.1577178426395397	0.0
NR_117776.1	1	1492	2	1491	99.933	1.84853	39.8	1.0	999386	Bacteria	Pseudomonadati	Pseudomonadota	Betaproteobacteria	Burkholderiales	Comamonadaceae	Acidovorax	Acidovorax radicis	1.8485254691689008	0.3603754707444892	0.1949529377631537	0.0
NR_117784.1	1	1393	30	1393	100.0	28.3496	37.2	32.9	1341679	Bacteria	Pseudomonadati	Pseudomonadota	Gammaproteobacteria	Moraxellales	Moraxellaceae	Acinetobacter	Acinetobacter indicus	28.349605168700645	2.9994905385604254	0.10580360892898819	0.03
NR_117792.1	1	1377	1	1315	95.4975	0.954975	33.5	27.0	796942	Bacteria	Bacillati	Bacillota	Clostridia	Lachnospirales	Lachnospiraceae	Stomatobaculum	Stomatobaculum longum	0.9549745824255628	0.2073599029385495	0.2171365675637891	0.0
NR_117822.1	1	1444	1	1368	94.7368	0.947368	44.1	1.0	29438	Bacteria	Pseudomonadati	Pseudomonadota	Gammaproteobacteria	Pseudomonadales	Pseudomonadaceae	Pseudomonas	Pseudomonas savastanoi	0.9473684210526315	0.22329687826943387	0.23570226039551354	0.0
NR_117846.1	1	1457	1	1419	97.3919	0.973919	32.0	1.0	864069	Bacteria	Pseudomonadati	Pseudomonadota	Alphaproteobacteria	Hyphomicrobiales	Methylobacteriaceae	Microvirga	Microvirga lotononidis	0.9739190116678106	0.15937619138317308	0.16364419368941732	0.0
NR_117865.1	1	1459	1	1431	98.0809	0.980809	44.1	10.0	869279	Bacteria	Bacillati	Chloroflexota	Anaerolineae	Anaerolineales	Anaerolineaceae	Thermanaerothrix	Thermanaerothrix daxensis	0.9808087731322824	0.13719666059721963	0.13988115151037278	0.0
NR_117867.1	1	1372	1	1087	79.2274	0.792274	28.6	1.0	871664	Bacteria	Bacillati	Bacillota	Clostridia	Lachnospirales	Lachnospiraceae	Blautia	Blautia stercoris	0.7922740524781341	0.4056795265329636	0.5120444437932162	0.0
NR_117882.1	1	1500	1	1195	79.6667	0.796667	34.5	1.0	869814	Bacteria	Pseudomonadati	Thermodesulfobacteriota	Desulfobulbia	Desulfobulbales	Desulfobulbaceae	Desulfobulbus	Desulfobulbus alkaliphilus	0.7966666666666666	0.4024784328245314	0.5052030537546419	0.0
NR_117886.1	1	1486	1	1323	89.031	0.89031	37.1	1.0	1788	Bacteria	Bacillati	Actinomycetota	Actinomycetes	Mycobacteriales	Mycobacteriaceae	Mycolicibacter	Mycolicibacter terrae	0.8903095558546433	0.31250352095384726	0.35100546646819125	0.0
NR_117913.1	1	1502	8	1502	100.0	7.67377	39.2	22.5	879969	Bacteria	Pseudomonadati	Bacteroidota	Bacteroidia	Bacteroidales	Porphyromonadaceae	Macellibacteroides	Macellibacteroides fermentans	7.673768308921438	0.7784319960136242	0.10144064358949016	0.01
NR_117919.1	1	1402	5	1201	85.6633	4.14123	43.5	12.8	873191	Bacteria	Pseudomonadati	Campylobacterota	Epsilonproteobacteria	Campylobacterales	Arcobacteraceae	Arcobacter	Arcobacter defluvii	4.141226818830242	1.7557805669666728	0.4239759481376637	0.01
NR_117928.1	1	1499	1	1302	86.8579	0.868579	35.6	1.0	884107	Bacteria	Pseudomonadati	Bacteroidota	Flavobacteriia	Flavobacteriales	Schleiferiaceae	Schleiferia	Schleiferia thermophila	0.8685790527018012	0.3378601514080079	0.38898031256574794	0.0
NR_117960.1	1	1382	1	1331	96.3097	0.963097	41.3	1.0	908355	Bacteria	Bacillati	Actinomycetota	Actinomycetes	Micrococcales	Bogoriellaceae	Georgenia	Georgenia daeguensis	0.9630969609261939	0.18852375123820153	0.19574742615416568	0.0
NR_117976.1	1	1500	1	1477	98.4667	0.984667	36.5	5.0	930854	Bacteria	Bacillati	Bacillota	Bacilli	Lactobacillales	Enterococcaceae	Enterococcus	Enterococcus viikkiensis	0.9846666666666667	0.12287482338633264	0.12478824311408189	0.0
NR_117977.1	1	1415	1	1354	95.689	0.95689	41.1	1.0	1002227	Bacteria	Pseudomonadati	Pseudomonadota	Betaproteobacteria	Nitrosomonadales	Methylophilaceae	Methylovorus	Methylovorus menthalis	0.9568904593639576	0.20310368815507032	0.2122538543127212	0.0
NR_117982.1	1	1484	1	1196	80.593	0.80593	40.4	1.0	1385518	Bacteria	Bacillati	Actinomycetota	Actinomycetes	Micrococcales	Intrasporangiaceae	Knoellia	Knoellia flava	0.8059299191374663	0.3954831027699456	0.4907164920657185	0.0
NR_117986.1	1	1425	4	1412	99.0877	3.88491	40.8	43.8	927786	Bacteria	Bacillati	Bacillota	Bacilli	Bacillales	Paenibacillaceae	Brevibacillus	Brevibacillus aydinogluensis	3.884912280701754	0.4672619867217464	0.12027607136533393	0.0
NR_117989.1	1	1522	2	1512	99.343	1.89882	31.7	2.5	426757	Bacteria	Bacillati	Bacillota	Bacilli	Bacillales	Caryophanaceae	Bhargavaea	Bhargavaea ginsengi	1.8988173455978976	0.32262258029786367	0.16990711668281955	0.0
NR_117999.1	1	1517	1	1470	96.9018	0.969018	38.1	1.0	932217	Bacteria	Bacillati	Bacillota	Tissierellia	Tissierellales	Sporanaerobacteraceae	Anaerosalibacter	Anaerosalibacter bizertensis	0.9690177982860909	0.17326945746688033	0.17880936529065133	0.0
NR_118034.1	1	1483	16	1480	99.7977	15.4606	39.9	14.7	948458	Bacteria	Bacillati	Actinomycetota	Actinomycetes	Micrococcales	Cellulomonadaceae	Actinotalea	Actinotalea ferrariae	15.460552933243425	1.1296417976932258	0.07306606707863983	0.02
NR_118041.1	1	1525	1	1487	97.5082	0.975082	39.3	9.0	1064518	Bacteria	Pseudomonadati	Pseudomonadota	Betaproteobacteria	Burkholderiales	Oxalobacteraceae	Noviherbaspirillum	Noviherbaspirillum soli	0.9750819672131148	0.15587534900977124	0.15985871367848092	0.0
NR_118049.1	1	1513	2	1446	95.5717	1.86649	42.7	1.0	1224748	Bacteria	Bacillati	Bacillota	Bacilli	Bacillales	Caryophanaceae	Solibacillus	Solibacillus isronensis	1.8664904163912757	0.45194085683566565	0.2421340355497033	0.0
NR_118108.1	1	1442	2	1399	97.018	1.87725	41.4	5.5	994573	Bacteria	Bacillati	Bacillota	Clostridia	Eubacteriales	Clostridiaceae	Youngiibacter	Youngiibacter fragilis	1.877253814147018	0.4090463903373372	0.21789615621220548	0.0
NR_118109.1	1	1437	1	1184	82.3939	0.823939	26.8	7.0	996765	Bacteria	Bacillati	Bacillota	Clostridia	Thermoanaerobacterales	Thermoanaerobacteraceae	Caloribacterium	Caloribacterium cisternae	0.8239387613082811	0.38087226063610224	0.46225797173486394	0.0
NR_118112.1	1	1465	1	1397	95.3584	0.953584	44.8	1.0	1069221	Bacteria	Bacillati	Actinomycetota	Actinomycetes	Mycobacteriales	Mycobacteriaceae	Mycolicibacillus	Mycolicibacillus parakoreensis	0.9535836177474403	0.210385127114879	0.22062577753994111	0.0
NR_118138.1	1	1544	4	1536	99.4819	3.89896	39.7	1.0	1002870	Bacteria	Bacillati	Actinomycetota	Thermoleophilia	Gaiellales	Gaiellaceae	Gaiella	Gaiella occulta	3.8989637305699483	0.4275474869611674	0.10965669765249875	0.0
NR_118141.1	1	1493	2	1493	100.0	1.98392	39.5	44.5	1002526	Bacteria	Pseudomonadati	Pseudomonadota	Gammaproteobacteria	Pseudomonadales	Pseudomonadaceae	Halopseudomonas	Halopseudomonas formosensis	1.9839249832551908	0.12576410688850514	0.06339156366797373	0.0
NR_118156.1	1	1409	11	1405	99.7161	10.2931	39.6	3.91	1007096	Bacteria	Bacillati	Bacillota	Clostridia	Eubacteriales	Oscillospiraceae	Oscillibacter	Oscillibacter ruminantium	10.293115684882896	1.916634296828963	0.18620545571481822	0.01
NR_118219.1	1	1480	2	1474	99.5946	1.9	31.3	9.5	1033732	Bacteria	Pseudomonadati	Bacteroidota	Bacteroidia	Bacteroidales	Rikenellaceae	Alistipes	Alistipes senegalensis	1.9	0.31322213859832615	0.16485375715701378	0.0
NR_118221.1	1	1491	1	1469	98.5245	0.985245	40.2	19.0	1033736	Bacteria	Bacillati	Actinomycetota	Actinomycetes	Micrococcales	Brevibacteriaceae	Brevibacterium	Brevibacterium senegalense	0.9852448021462106	0.12057148083226502	0.12237718034098512	0.0
NR_118236.2	1	1540	1	1270	82.4675	0.824675	39.3	1.0	1048340	Bacteria	Bacillati	Bacillota	Bacilli	Bacillales	Thermoactinomycetaceae	Marininema	Marininema mesophilum	0.8246753246753247	0.3802445707001908	0.4610839676207038	0.0
NR_118239.1	1	1530	5	1286	84.0523	3.71699	33.8	1.0	1051139	Bacteria	Pseudomonadati	Pseudomonadota	Gammaproteobacteria	Salinisphaerales	Salinisphaeraceae	Salinisphaera	Salinisphaera halophila	3.7169934640522877	1.804579897871081	0.48549450391115767	0.01
NR_118275.1	1	1523	1	1264	82.9941	0.829941	31.5	1.0	1077945	Bacteria	Bacillati	Actinomycetota	Actinomycetes	Kitasatosporales	Streptomycetaceae	Streptomyces	Streptomyces manipurensis	0.8299409061063691	0.37568470620682365	0.45266440470964586	0.0
NR_118315.1	1	1462	1	1422	97.264	0.97264	41.9	14.0	1114964	Bacteria	Pseudomonadati	Pseudomonadota	Alphaproteobacteria	Sphingomonadales	Sphingomonadaceae	Sphingobium	Sphingobium baderi	0.9726402188782489	0.16312946851725144	0.16771820180887595	0.0
NR_118334.1	1	1455	1	1405	96.5636	0.965636	30.6	60.0	671218	Bacteria	Pseudomonadati	Bacteroidota	Bacteroidia	Bacteroidales	Prevotellaceae	Alloprevotella	Alloprevotella rava	0.9656357388316151	0.18216300042197223	0.18864566947613493	0.0
NR_118347.1	1	1535	1	1236	80.5212	0.805212	34.0	1.0	1135990	Bacteria	Pseudomonadati	Pseudomonadota	Gammaproteobacteria	Pseudomonadales	Pseudomonadaceae	Geopseudomonas	Geopseudomonas sagittaria	0.8052117263843648	0.39603762709807655	0.49184284595109024	0.0
NR_118349.1	1	1539	32	1537	99.87	28.4126	37.6	2.47	1191523	Bacteria	Pseudomonadati	Ignavibacteriota	Ignavibacteria	Ignavibacteriales	Melioribacteraceae	Melioribacter	Melioribacter roseus	28.412605588044183	5.456008452490964	0.19202774048948232	0.04
NR_118352.1	1	1360	6	1357	99.7794	5.70074	39.2	5.0	340101	Bacteria	Pseudomonadati	Lentisphaerota	Lentisphaeria	Victivallales	Victivallaceae	Victivallis	Victivallis vadensis	5.7007352941176475	0.6940923319162347	0.12175487829305805	0.01
NR_118354.1	1	1380	4	1377	99.7826	3.8558	39.1	1.0	84037	Bacteria	Bacillati	Bacillota	Clostridia	Lachnospirales	Lachnospiraceae	Syntrophococcus	Syntrophococcus sucromutans	3.8557971014492756	0.47266100177642006	0.12258451089108431	0.0
NR_118355.1	1	1389	2	1321	95.1044	1.70338	30.6	1.0	198703	Bacteria	Pseudomonadati	Aquificota	Aquificia	Aquificales	Hydrogenothermaceae	Persephonella	Persephonella hydrogeniphila	1.7033837293016558	0.5536670711555801	0.3250395443090029	0.0
NR_118358.1	1	1413	2	1410	99.7877	1.98443	39.6	32.5	43774	Bacteria	Pseudomonadati	Thermodesulfobacteriota	Syntrophia	Syntrophales	Syntrophaceae	Syntrophus	Syntrophus buswellii	1.9844302901627742	0.13990560558416365	0.07050164789244766	0.0
NR_118363.1	1	1415	5	1413	99.8587	4.27562	40.5	1.0	335543	Bacteria	Pseudomonadati	Thermodesulfobacteriota	Syntrophobacteria	Syntrophobacterales	Syntrophobacteraceae	Syntrophobacter	Syntrophobacter fumaroxidans	4.275618374558304	1.3003149479655736	0.3041232481605432	0.01
NR_118393.1	1	1422	1	595	41.8425	0.418425	35.6	1.0	1184688	Bacteria	Bacillati	Bacillota	Bacilli	Bacillales	Paenibacillaceae	Paenibacillus	Paenibacillus taohuashanense	0.4184247538677918	0.49330059722087377	1.178946973526189	0.0
NR_118410.1	1	1502	3	1502	100.0	2.93009	34.2	0.0	1177982	Bacteria	Pseudomonadati	Pseudomonadota	Betaproteobacteria	Burkholderiales	Comamonadaceae	Paracidovorax	Paracidovorax wautersii	2.930093209054594	0.29830835411529616	0.1018084862261247	0.0
NR_118439.1	1	1466	37	1466	100.0	33.6166	36.5	3.43	293388	Bacteria	Bacillati	Bacillota	Bacilli	Bacillales	Bacillaceae	Bacillus	Bacillus aerius	33.61664392905866	6.3541756628847885	0.18901873953551196	0.04
NR_118441.1	1	1463	64	1463	100.0	60.987	39.9	4.02	293386	Bacteria	Bacillati	Bacillota	Bacilli	Bacillales	Bacillaceae	Bacillus	Bacillus stratosphericus	60.98701298701299	6.0882523751422655	0.09982866969462402	0.07
NR_118465.1	1	1289	1	1178	91.3887	0.913887	24.6	2.0	927655	Bacteria	Bacillati	Actinomycetota	Actinomycetes	Mycobacteriales	Corynebacteriaceae	Corynebacterium	Corynebacterium bovis	0.9138867339022498	0.2805312308812116	0.3069649886297808	0.0
NR_118509.1	1	1439	2	1195	83.0438	1.62613	35.1	2.5	28197	Bacteria	Pseudomonadati	Campylobacterota	Epsilonproteobacteria	Campylobacterales	Arcobacteraceae	Aliarcobacter	Aliarcobacter butzleri	1.6261292564280752	0.7571101654394475	0.465590396609985	0.0
NR_118516.1	1	1435	4	1099	76.5854	3.02997	37.8	1.0	824	Bacteria	Pseudomonadati	Campylobacterota	Epsilonproteobacteria	Campylobacterales	Campylobacteraceae	Campylobacter	Campylobacter gracilis	3.0299651567944252	1.6910734067682072	0.5581164532457169	0.0
NR_118518.1	1	1438	1	1091	75.8693	0.758693	37.6	1.0	198	Bacteria	Pseudomonadati	Campylobacterota	Epsilonproteobacteria	Campylobacterales	Campylobacteraceae	Campylobacter	Campylobacter hyointestinalis	0.758692628650904	0.4278762950686621	0.5639652725102989	0.0
NR_118533.1	1	1515	1	1245	82.1782	0.821782	40.6	1.0	1384049	Bacteria	Bacillati	Bacillota	Bacilli	Bacillales	Caryophanaceae	Ureibacillus	Ureibacillus manganicus	0.8217821782178217	0.3826960017839144	0.46569031542379946	0.0
NR_118543.1	1	1489	2	1455	97.7166	1.90128	39.5	1.0	1328868	Bacteria	Bacillati	Actinomycetota	Actinomycetes	Micrococcales	Microbacteriaceae	Rathayibacter	Rathayibacter iranicus	1.9012760241773001	0.36694112080054075	0.19299729031155252	0.0
NR_118554.1	1	1475	53	1472	99.7966	48.779	37.3	5.74	1297617	Bacteria	Bacillati	Bacillota	Clostridia	Eubacteriales	unclassified Eubacteriales family	Intestinimonas	Intestinimonas butyriciproducens	48.77898305084746	7.586604987542226	0.1555301999558685	0.06
NR_118587.2	1	1539	1	1259	81.8064	0.818064	39.8	24.0	1341696	Bacteria	Pseudomonadati	Pseudomonadota	Gammaproteobacteria	Lysobacterales	Lysobacteraceae	Rehaibacterium	Rehaibacterium terrae	0.8180636777128005	0.38579203843496834	0.4715916974991392	0.0
NR_118598.1	1	1383	1	1323	95.6616	0.956616	43.3	57.0	2055	Bacteria	Bacillati	Actinomycetota	Actinomycetes	Mycobacteriales	Gordoniaceae	Gordonia	Gordonia terrae	0.9566160520607375	0.2037198591214556	0.21295885499997966	0.0
NR_118630.1	1	1081	1	1070	98.9824	0.989824	31.5	1.0	1509	Bacteria	Bacillati	Bacillota	Clostridia	Eubacteriales	Clostridiaceae	Clostridium	Clostridium sporogenes	0.9898242368177613	0.1003604355605213	0.1013921783560033	0.0
NR_118631.1	1	1536	12	1507	98.112	9.97461	37.1	6.17	1397367	Bacteria	Bacillati	Actinomycetota	Actinomycetes	Propionibacteriales	Propionibacteriaceae	Mariniluteicoccus	Mariniluteicoccus flavus	9.974609375	2.685320066179966	0.26921556175526584	0.01
NR_118636.1	1	1418	1	1359	95.8392	0.958392	34.5	1.0	1400387	Bacteria	Pseudomonadati	Planctomycetota	Planctomycetia	Pirellulales	Lacipirellulaceae	Bythopirellula	Bythopirellula goksoeyrii	0.9583921015514809	0.19969146510358682	0.20836092532515535	0.0
NR_118637.1	1	1524	1	1199	78.6745	0.786745	20.0	1.0	1410040	Bacteria	Pseudomonadati	Pseudomonadota	Betaproteobacteria	Burkholderiales	Burkholderiaceae	Burkholderia	Burkholderia rinojensis	0.786745406824147	0.40960599564124694	0.5206334756941288	0.0
NR_118641.1	1	1529	3	1519	99.346	2.74559	36.1	9.33	1441821	Bacteria	Bacillati	Bacillota	Tissierellia	Tissierellales	Peptoniphilaceae	Helcococcus	Helcococcus seattlensis	2.7455853499018965	0.506357683917889	0.18442613118400486	0.0
NR_118643.1	1	1390	1	1178	84.7482	0.847482	30.0	15.0	1432052	Bacteria	Bacillati	Bacillota	Clostridia	Lachnospirales	Lachnospiraceae	Eisenbergiella	Eisenbergiella tayi	0.8474820143884892	0.35952225199077525	0.4242240494627993	0.0
NR_118662.1	1	1515	1	1451	95.7756	0.957756	39.1	1.0	496866	Bacteria	Bacillati	Bacillota	Clostridia	Thermoanaerobacterales	Thermoanaerobacteraceae	Thermoanaerobacter	Thermoanaerobacter pseudethanolicus	0.9577557755775578	0.2011458424263042	0.2100178850970716	0.0
NR_118669.1	1	1478	1	1455	98.4438	0.984438	43.4	11.0	39479	Bacteria	Bacillati	Bacillota	Clostridia	Lachnospirales	Lachnospiraceae	Lachnoclostridium	[Clostridium] herbivorans	0.9844384303112313	0.1237715930154872	0.12572811991538838	0.0
NR_118670.1	1	1481	16	1473	99.4598	15.5429	38.3	50.8	39496	Bacteria	Bacillati	Bacillota	Clostridia	Eubacteriales	Eubacteriaceae	Eubacterium	Eubacterium ventriosum	15.542876434841324	1.4670652507498863	0.09438827213869332	0.02
NR_118675.1	1	1453	3	1446	99.5182	2.95458	41.3	48.7	39492	Bacteria	Bacillati	Bacillota	Clostridia	Eubacteriales	Oscillospiraceae	unclassified Oscillospiraceae genus	[Eubacterium] siraeum	2.954576737783895	0.2763966158607623	0.09354863332068196	0.0
NR_118690.1	1	1423	1	1366	95.9944	0.959944	41.6	1.0	411470	Bacteria	Bacillati	Bacillota	Clostridia	Lachnospirales	Lachnospiraceae	Mediterraneibacter	Mediterraneibacter gnavus	0.9599437807449052	0.1960910975900838	0.20427352259933326	0.0
NR_118728.2	1	1453	538	1447	99.5871	514.391	39.5	3.96	1121325	Bacteria	Bacillati	Bacillota	Clostridia	Peptostreptococcales	Peptostreptococcaceae	Romboutsia	Romboutsia lituseburensis	514.3909153475568	72.71102596363572	0.14135363552155136	0.6
NR_118732.2	1	1361	487	1361	100.0	446.83	38.6	25.3	1737	Bacteria	Bacillati	Bacillota	Clostridia	Peptostreptococcales	Peptostreptococcaceae	Paraclostridium	Paraclostridium tenue	446.83027185892723	99.24159061829485	0.22210131423151944	0.54
NR_118741.1	1	1433	13	1123	78.3671	9.84508	37.3	1.0	944	Bacteria	Pseudomonadati	Pseudomonadota	Alphaproteobacteria	Rickettsiales	Anaplasmataceae	Ehrlichia	Ehrlichia canis	9.845080251221214	5.419435174485191	0.5504714066513523	0.01
NR_118779.1	1	1438	1	1203	83.6579	0.836579	38.0	1.0	35517	Bacteria	Bacillati	Bacillota	Clostridia	Eubacteriales	Eubacteriales Family XIII. Incertae Sedis	unclassified Eubacteriales Family XIII. Incertae Sedis genus	[Eubacterium] brachy	0.8365785813630042	0.36974972422933305	0.4419784733514388	0.0
NR_118780.1	1	1496	2	1472	98.3957	1.80548	38.4	2.0	56774	Bacteria	Bacillati	Bacillota	Clostridia	Eubacteriales	Eubacteriales Family XIII. Incertae Sedis	unclassified Eubacteriales Family XIII. Incertae Sedis genus	[Eubacterium] infirmum	1.8054812834224598	0.43447295310052786	0.24064107287611614	0.0
NR_118989.1	1	1433	1	1173	81.8562	0.818562	43.0	0.0	373	Bacteria	Pseudomonadati	Pseudomonadota	Alphaproteobacteria	Hyphomicrobiales	Rhizobiaceae	Agrobacterium	Agrobacterium vitis	0.8185624563852059	0.3853802815166133	0.4708013157828703	0.0
NR_118996.1	1	1545	32	1543	99.8706	30.9735	38.8	13.5	1402	Bacteria	Bacillati	Bacillota	Bacilli	Bacillales	Bacillaceae	Bacillus	Bacillus licheniformis	30.97346278317152	2.0690213082956364	0.06679980610433314	0.04
NR_118999.1	1	1509	1	1451	96.1564	0.961564	32.1	1.0	1550	Bacteria	Bacillati	Bacillota	Clostridia	Eubacteriales	Clostridiaceae	Clostridium	Clostridium subterminale	0.9615639496355202	0.19224650945299065	0.19993107013408884	0.0
NR_119030.1	1	1512	33	1467	97.0238	26.3624	39.7	1.0	428126	Bacteria	Bacillati	Bacillota	Erysipelotrichia	Erysipelotrichales	Coprobacillaceae	Thomasclavelia	Thomasclavelia spiroformis	26.362433862433864	12.641039924492539	0.4795095927203391	0.04
NR_119032.1	1	1505	20	1504	99.9336	19.2405	35.8	1.9	29363	Bacteria	Bacillati	Bacillota	Clostridia	Eubacteriales	Clostridiaceae	Clostridium	Clostridium paraputrificum	19.240531561461793	1.4560967198787944	0.0756786118526638	0.02
NR_119034.1	1	1489	34	1488	99.9328	31.7233	36.8	2.5	1121321	Bacteria	Bacillati	Bacillota	Clostridia	Peptostreptococcales	Peptostreptococcaceae	Asaccharospora	Asaccharospora irregularis	31.723304231027534	3.17985614763727	0.10023723015987585	0.04
NR_119036.1	1	1495	1	1468	98.194	0.98194	45.2	0.0	29358	Bacteria	Bacillati	Bacillota	Clostridia	Peptostreptococcales	Peptostreptococcaceae	Paraclostridium	Paraclostridium ghonii	0.9819397993311036	0.13316917744243773	0.13561847430275503	0.0
NR_119037.2	1	1446	2	1389	96.0581	1.81881	38.5	19.5	29374	Bacteria	Bacillati	Bacillota	Clostridia	Peptostreptococcales	Filifactoraceae	Filifactor	Filifactor villosus	1.8188105117565698	0.4766529469827919	0.26206850240955026	0.0
NR_119067.1	1	1458	18	1458	100.0	16.1941	40.1	5.33	642492	Bacteria	Bacillati	Bacillota	Clostridia	Lachnospirales	Cellulosilyticaceae	Cellulosilyticum	Cellulosilyticum lentocellum	16.194101508916322	3.5520883242041035	0.2193445756930915	0.02
NR_119068.1	1	1470	4	1469	99.932	3.53469	35.1	13.5	36832	Bacteria	Bacillati	Bacillota	Clostridia	Lachnospirales	Lachnospiraceae	Lacrimispora	Lacrimispora aerotolerans	3.5346938775510206	0.8843809519623225	0.2502001538461536	0.0
NR_119074.1	1	1461	108	1461	100.0	92.6831	39.5	2.3	1121315	Bacteria	Bacillati	Bacillota	Clostridia	Peptostreptococcales	Peptostreptococcaceae	Terrisporobacter	Terrisporobacter glycolicus	92.68309377138947	34.47023805713177	0.37191505650594137	0.12
NR_119085.1	1	1503	7	1502	99.9335	6.89687	42.6	51.6	29364	Bacteria	Bacillati	Bacillota	Clostridia	Lachnospirales	Lachnospiraceae	Lachnoclostridium	[Clostridium] polysaccharolyticum	6.896872920825016	0.3782293223843124	0.054840697621418244	0.01
NR_119087.1	1	1501	3	1491	99.3338	2.93871	41.5	1.0	1557	Bacteria	Bacillati	Bacillota	Clostridia	Peptostreptococcales	Peptoclostridiaceae	Peptoclostridium	Peptoclostridium litorale	2.938707528314457	0.34855855513678785	0.11860947432788904	0.0
NR_119089.1	1	1505	6	1440	95.6811	4.97342	35.0	2.17	850	Bacteria	Fusobacteriati	Fusobacteriota	Fusobacteriia	Fusobacteriales	Fusobacteriaceae	Fusobacterium	Fusobacterium mortiferum	4.973421926910299	2.016697223781911	0.40549489937097877	0.01
NR_119090.1	1	1501	1	1413	94.1372	0.941372	16.7	1.0	36839	Bacteria	Bacillati	Bacillota	Clostridia	Eubacteriales	Clostridiaceae	Clostridium	Clostridium felsineum	0.9413724183877415	0.23492634651429517	0.24955728670768368	0.0
NR_119120.1	1	1316	1	1293	98.2523	0.982523	38.2	15.0	37915	Bacteria	Bacillati	Actinomycetota	Actinomycetes	Mycobacteriales	Dietziaceae	Dietzia	Dietzia maris	0.9825227963525835	0.1310410279266868	0.133371997487641	0.0
NR_119140.1	1	1396	1	1381	98.9255	0.989255	41.2	1.0	38302	Bacteria	Bacillati	Actinomycetota	Actinomycetes	Mycobacteriales	Corynebacteriaceae	Corynebacterium	Corynebacterium mycetoides	0.9892550143266475	0.1030996166638457	0.10421945319531398	0.0
NR_119160.1	1	1453	4	1453	100.0	3.60908	40.8	12.0	862422	Bacteria	Bacillati	Actinomycetota	Actinomycetes	Micrococcales	Cellulomonadaceae	Actinotalea	Actinotalea fermentans	3.609084652443221	0.9731283171662202	0.2696329986351102	0.0
NR_119180.1	1	1488	12	1485	99.7984	11.4348	39.4	13.5	1725	Bacteria	Bacillati	Actinomycetota	Actinomycetes	Mycobacteriales	Corynebacteriaceae	Corynebacterium	Corynebacterium xerosis	11.43481182795699	1.1009760904252475	0.09628283412005689	0.01
NR_119203.1	1	1488	1	1445	97.1102	0.971102	27.3	13.0	51173	Bacteria	Bacillati	Bacillota	Bacilli	Bacillales	Caryophanaceae	Ureibacillus	Ureibacillus thermosphaericus	0.9711021505376344	0.1675194429277271	0.17250445057194322	0.0
NR_119207.1	1	1361	3	1359	99.853	2.72667	41.3	1.33	78350	Bacteria	Bacillati	Bacillota	Clostridia	Eubacteriales	Desulfotomaculaceae	Pelotomaculum	Pelotomaculum schinkii	2.7266715650257165	0.5915904801846518	0.21696433401544354	0.0
NR_119247.1	1	1450	1	1222	84.2759	0.842759	40.8	1.0	1121431	Bacteria	Bacillati	Bacillota	Clostridia	Eubacteriales	Desulfallaceae	Desulfallas	Desulfallas thermosapovorans	0.8427586206896551	0.3640281966316953	0.43194835115872193	0.0
NR_119262.1	1	1547	2	1536	99.2889	1.97027	41.1	0.5	69966	Bacteria	Bacillati	Bacillota	Bacilli	Bacillales	Staphylococcaceae	Macrococcoides	Macrococcoides caseolyticum	1.9702650290885586	0.20753764829770155	0.10533488908023106	0.0
NR_119273.1	1	1550	11	1550	100.0	9.57032	35.7	4.73	82803	Bacteria	Bacillati	Bacillota	Bacilli	Lactobacillales	Carnobacteriaceae	Trichococcus	Trichococcus flocculiformis	9.570322580645161	2.2865433608622707	0.23892019747448562	0.01
NR_119280.1	1	1421	1	1392	97.9592	0.979592	40.6	1.0	37734	Bacteria	Bacillati	Bacillota	Bacilli	Lactobacillales	Enterococcaceae	Enterococcus	Enterococcus casseliflavus	0.9795918367346939	0.1413919026586839	0.1443375672974065	0.0
NR_119281.1	1	1469	3	1430	97.3451	2.80531	42.9	0.667	84025	Bacteria	Bacillati	Bacillota	Clostridia	Eubacteriales	Clostridiaceae	Clostridium	Clostridium haemolyticum	2.8053097345132745	0.5962890596533036	0.2125572988669505	0.0
NR_119284.1	1	1640	48	1416	86.3415	39.347	39.6	7.06	84032	Bacteria	Bacillati	Bacillota	Clostridia	Eubacteriales	Clostridiaceae	Clostridium	Clostridium thermosuccinogenes	39.34695121951219	16.05226951426485	0.4079673015759481	0.05
NR_119287.1	1	1461	3	1390	95.1403	2.8193	35.9	1.0	84037	Bacteria	Bacillati	Bacillota	Clostridia	Lachnospirales	Lachnospiraceae	Syntrophococcus	Syntrophococcus sucromutans	2.8193018480492813	0.6671605056027728	0.23664032500258586	0.0
NR_119335.1	1	1452	1	1147	78.9945	0.789945	13.2	1.0	1121328	Bacteria	Bacillati	Bacillota	Clostridia	Peptostreptococcales	Tepidibacteraceae	Alkalithermobacter	Alkalithermobacter thermoalcaliphilus	0.7899449035812672	0.4073474596548376	0.5156656594758712	0.0
NR_119353.1	1	1467	2	1104	75.2556	1.44513	33.5	0.0	1843	Bacteria	Bacillati	Actinomycetota	Actinomycetes	Propionibacteriales	Nocardioidaceae	Nocardioides	Nocardioides jensenii	1.4451261077027948	0.8613224608162325	0.5960188915176478	0.0
NR_119357.1	1	1417	1	1371	96.7537	0.967537	40.6	1.0	471	Bacteria	Pseudomonadati	Pseudomonadota	Gammaproteobacteria	Moraxellales	Moraxellaceae	Acinetobacter	Acinetobacter calcoaceticus	0.9675370501058574	0.17722614586542554	0.18317246439920348	0.0
NR_119359.1	1	1417	3	1411	99.5766	2.9626	40.7	39.3	29430	Bacteria	Pseudomonadati	Pseudomonadota	Gammaproteobacteria	Moraxellales	Moraxellaceae	Acinetobacter	Acinetobacter haemolyticus	2.9625970359915312	0.25064158028870637	0.08460198172203358	0.0
NR_119360.1	1	1416	1	1383	97.6695	0.976695	43.7	3.0	40215	Bacteria	Pseudomonadati	Pseudomonadota	Gammaproteobacteria	Moraxellales	Moraxellaceae	Acinetobacter	Acinetobacter junii	0.9766949152542372	0.15087066570660923	0.1544706165152268	0.0
NR_121678.1	1	1558	1	1356	87.0347	0.870347	33.4	29.0	891	Bacteria	Pseudomonadati	Thermodesulfobacteriota	Desulfuromonadia	Desulfuromonadales	Desulfuromonadaceae	Desulfuromonas	Desulfuromonas acetoxidans	0.8703465982028241	0.33592171290286565	0.38596314801081466	0.0
NR_121686.1	1	1521	4	1509	99.211	3.48784	27.2	8.5	384638	Bacteria	Bacillati	Bacillota	Clostridia	Eubacteriales	unclassified Eubacteriales family	unclassified Eubacteriales genus	[Bacteroides] pectinophilus	3.487836949375411	0.8948772990659646	0.256570852380647	0.0
NR_121690.1	1	1508	1	1227	81.366	0.81366	34.3	1.0	1176482	Bacteria	Pseudomonadati	Campylobacterota	Epsilonproteobacteria	Campylobacterales	Sulfurimonadaceae	Sulfurimonas	Sulfurimonas gotlandica	0.8136604774535809	0.3893804115304109	0.4785539206095026	0.0
NR_121691.1	1	1541	11	1537	99.7404	10.0441	38.9	1.73	1097667	Bacteria	Bacillati	Actinomycetota	Thermoleophilia	Solirubrobacterales	Patulibacteraceae	Patulibacter	Patulibacter medicamentivorans	10.044127190136274	1.563494843799314	0.1556625891132409	0.01
NR_121696.1	1	1458	1	1356	93.0041	0.930041	39.6	1.0	446660	Bacteria	Bacillati	Actinomycetota	Coriobacteriia	Eggerthellales	Eggerthellaceae	Adlercreutzia	Adlercreutzia equolifaciens	0.9300411522633745	0.2550776496676825	0.27426490650109225	0.0
NR_121697.2	1	1513	1	1505	99.4712	0.994712	42.5	12.0	195103	Bacteria	Bacillati	Bacillota	Clostridia	Eubacteriales	Clostridiaceae	Clostridium	Clostridium perfringens	0.9947124917382684	0.0725227586217856	0.07290826165764891	0.0
NR_121699.2	1	1527	1	1290	84.4794	0.844794	34.6	8.0	89154	Bacteria	Bacillati	Actinomycetota	Actinomycetes	Mycobacteriales	Corynebacteriaceae	Corynebacterium	Corynebacterium terpenotabidum	0.8447937131630648	0.3621012225376024	0.42862679598055725	0.0
NR_121700.2	1	1524	50	1478	96.9816	38.2277	40.0	1.54	575200	Bacteria	Bacillati	Actinomycetota	Actinomycetes	Mycobacteriales	Corynebacteriaceae	Corynebacterium	Corynebacterium maris	38.22769028871391	18.344222335395617	0.47986739970035397	0.06
NR_121702.1	1	1509	4	1124	74.4864	2.84361	37.2	0.25	1276221	Bacteria	Bacillati	Mycoplasmatota	Mollicutes	Entomoplasmatales	Spiroplasmataceae	Spiroplasma	Spiroplasma diminutum	2.8436050364479786	1.717081915317678	0.6038398066218542	0.0
NR_121705.1	1	1536	2	1510	98.3073	1.77539	41.6	1.0	879	Bacteria	Pseudomonadati	Thermodesulfobacteriota	Desulfovibrionia	Desulfovibrionales	Desulfovibrionaceae	Megalodesulfovibrio	Megalodesulfovibrio gigas	1.775390625	0.45608570502568485	0.25689315838630433	0.0
NR_121710.1	1	1501	53	1501	100.0	51.8021	38.1	5.25	169679	Bacteria	Bacillati	Bacillota	Clostridia	Eubacteriales	Clostridiaceae	Clostridium	Clostridium saccharobutylicum	51.80213191205863	2.05977191577716	0.039762300116796566	0.06
NR_121716.1	1	1531	53	1531	100.0	46.9954	34.9	6.92	1247726	Bacteria	Pseudomonadati	Pseudomonadota	Betaproteobacteria	Burkholderiales	Alcaligenaceae	Advenella	Advenella mimigardefordensis	46.995427824951015	9.474947819491446	0.20161424755582213	0.06
NR_121720.2	1	1524	5	1516	99.4751	4.43701	38.4	5.6	108486	Bacteria	Bacillati	Actinomycetota	Actinomycetes	Mycobacteriales	Corynebacteriaceae	Corynebacterium	Corynebacterium falsenii	4.437007874015748	0.7231423644090301	0.16297973430336615	0.01
NR_121721.1	1	1524	12	1512	99.2126	11.477	38.2	14.1	1224164	Bacteria	Bacillati	Actinomycetota	Actinomycetes	Mycobacteriales	Corynebacteriaceae	Corynebacterium	Corynebacterium vitaeruminis	11.477034120734908	1.2966229592959286	0.11297543822348609	0.01
NR_121722.2	1	1566	51	1559	99.553	45.7165	36.0	15.8	871738	Bacteria	Bacillati	Bacillota	Clostridia	Eubacteriales	Desulfitobacteriaceae	Dehalobacter	Dehalobacter restrictus	45.71647509578544	7.501813954436529	0.16409432132986373	0.06
NR_121724.1	1	1545	1	1078	69.7735	0.697735	44.7	1.0	1379159	Bacteria	Pseudomonadati	Pseudomonadota	Gammaproteobacteria	Lysobacterales	Rhodanobacteraceae	Dyella	Dyella jiangningensis	0.6977346278317152	0.4592396073470289	0.6581866357617436	0.0
NR_121732.2	1	1557	7	1512	97.1098	6.44316	36.6	1.14	365617	Bacteria	Bacillati	Bacillota	Bacilli	Bacillales	Paenibacillaceae	Paenibacillus	Paenibacillus sabinae	6.443159922928709	1.435896273194089	0.22285591082169023	0.01
NR_121740.1	1	1498	8	1497	99.9332	6.85915	36.3	3.62	1150621	Bacteria	Pseudomonadati	Campylobacterota	Epsilonproteobacteria	Campylobacterales	Sulfurospirillaceae	Sulfurospirillum	Sulfurospirillum multivorans	6.859145527369827	1.8136258680432884	0.2644098832436833	0.01
NR_121745.1	1	1485	7	1478	99.5286	6.26734	38.1	3.43	1183438	Bacteria	Bacillati	Cyanobacteriota	Cyanophyceae	Gloeobacterales	Gloeobacteraceae	Gloeobacter	Gloeobacter kilaueensis	6.267340067340068	0.9670901173771739	0.15430630969217826	0.01
NR_121753.2	1	1522	1	1432	94.0867	0.940867	16.7	1.0	42817	Bacteria	Bacillati	Actinomycetota	Actinomycetes	Mycobacteriales	Corynebacteriaceae	Corynebacterium	Corynebacterium argentoratense	0.9408672798948752	0.23587293511145735	0.25069735142432825	0.0
NR_121761.1	1	1544	2	1314	85.1036	1.62111	29.2	1.0	155322	Bacteria	Bacillati	Bacillota	Bacilli	Bacillales	Bacillaceae	Bacillus	Bacillus toyonensis	1.6211139896373057	0.7302457549715894	0.4504592271978162	0.0
NR_121771.1	1	1472	1	1462	99.3207	0.993207	40.8	17.0	431944	Bacteria	Pseudomonadati	Pseudomonadota	Alphaproteobacteria	Rhodospirillales	Rhodospirillaceae	Magnetospirillum	Magnetospirillum gryphiswaldense	0.9932065217391305	0.082142114131478	0.08270396169735678	0.0
NR_121794.2	1	1522	3	1254	82.3916	2.18791	32.4	0.667	2144	Bacteria	Bacillati	Mycoplasmatota	Mollicutes	Entomoplasmatales	Spiroplasmataceae	Spiroplasma	Spiroplasma mirum	2.187910643889619	1.1366136727847918	0.5194973002938297	0.0
NR_121797.1	1	1671	1	1277	76.4213	0.764213	41.4	0.0	272564	Bacteria	Bacillati	Bacillota	Clostridia	Eubacteriales	Desulfitobacteriaceae	Desulfitobacterium	Desulfitobacterium hafniense	0.7642130460801915	0.4244896539151776	0.5554598368772606	0.0
NR_122051.1	1	1501	4	1501	100.0	3.82345	35.9	1.0	169679	Bacteria	Bacillati	Bacillota	Clostridia	Eubacteriales	Clostridiaceae	Clostridium	Clostridium saccharobutylicum	3.8234510326449036	0.44273280979994023	0.11579403162741074	0.0
NR_122054.1	1	1560	7	1502	96.2821	6.47756	38.2	0.857	365617	Bacteria	Bacillati	Bacillota	Bacilli	Bacillales	Paenibacillaceae	Paenibacillus	Paenibacillus sabinae	6.477564102564102	1.5079309018868625	0.232792895293766	0.01
NR_122056.1	1	1554	1	1524	98.0695	0.980695	41.4	1.0	272564	Bacteria	Bacillati	Bacillota	Clostridia	Eubacteriales	Desulfitobacteriaceae	Desulfitobacterium	Desulfitobacterium hafniense	0.9806949806949807	0.13759482379309632	0.14030338331658246	0.0
NR_122058.1	1	1502	2	1460	97.2037	1.7257	36.8	4.5	863	Bacteria	Bacillati	Bacillota	Clostridia	Eubacteriales	Syntrophomonadaceae	Syntrophomonas	Syntrophomonas wolfei	1.7256990679094542	0.504960754416746	0.29261228901772857	0.0
NR_122061.1	1	1501	32	1501	100.0	31.3817	36.8	1.09	169679	Bacteria	Bacillati	Bacillota	Clostridia	Eubacteriales	Clostridiaceae	Clostridium	Clostridium saccharobutylicum	31.381745502998	1.1918722714761738	0.03797979533554978	0.04
NR_122063.1	1	1562	1	1478	94.6223	0.946223	40.8	1.0	365617	Bacteria	Bacillati	Bacillota	Bacilli	Bacillales	Paenibacillaceae	Paenibacillus	Paenibacillus sabinae	0.9462227912932138	0.22557752665213088	0.23839790029135888	0.0
NR_122066.1	1	1560	8	1522	97.5641	7.36282	38.7	0.875	365617	Bacteria	Bacillati	Bacillota	Bacilli	Bacillales	Paenibacillaceae	Paenibacillus	Paenibacillus sabinae	7.362820512820512	1.6331194763992827	0.22180623221163862	0.01
NR_122090.1	1	1474	2	1474	100.0	1.97558	41.9	1.0	225345	Bacteria	Bacillati	Bacillota	Clostridia	Eubacteriales	Clostridiaceae	Clostridium	Clostridium chromiireducens	1.9755766621438262	0.1543594455293751	0.07813386768897627	0.0
NR_122091.1	1	1542	4	1475	95.655	3.57393	37.0	1.0	1511599	Bacteria	Pseudomonadati	Thermodesulfobacteriota	Desulfovibrionia	Desulfovibrionales	Desulfovibrionaceae	Desulfocurvibacter	Desulfocurvibacter africanus	3.5739299610894943	0.9290917089581876	0.25996360283315645	0.0
NR_125451.1	1	1443	22	1443	100.0	20.3306	37.8	55.9	760261	Bacteria	Thermotogati	Synergistota	Synergistia	Synergistales	Aminobacteriaceae	Lactivibrio	Lactivibrio alcoholicus	20.33056133056133	2.376735568985371	0.11690457190734875	0.02
NR_125455.1	1	1443	7	1443	100.0	6.62231	38.3	40.9	1082276	Bacteria	Bacillati	Bacillota	unclassified Bacillota class	unclassified Bacillota order	unclassified Bacillota family	Hydrogenispora	Hydrogenispora ethanolica	6.622314622314622	0.7928830473609686	0.11972899093154853	0.01
NR_125457.1	1	1438	1	1116	77.6078	0.776078	32.8	1.0	1167604	Bacteria	Bacillati	Actinomycetota	Actinomycetes	Kitasatosporales	Streptomycetaceae	Yinghuangia	Yinghuangia catbensis	0.7760778859527121	0.41687048454871645	0.5371503196962851	0.0
NR_125464.1	1	1451	19	1451	100.0	17.5258	38.8	5.11	1297424	Bacteria	Bacillati	Bacillota	Clostridia	Eubacteriales	Oscillospiraceae	Anaerobacterium	Anaerobacterium chartisolvens	17.525844245348036	2.734492752581605	0.15602630688147498	0.02
NR_125471.1	1	1460	5	1459	99.9315	4.36918	38.5	3.8	1381557	Bacteria	Pseudomonadati	Pseudomonadota	Betaproteobacteria	Nitrosomonadales	Sterolibacteriaceae	Sulfurisoma	Sulfurisoma sediminicola	4.369178082191781	1.1698299295953747	0.26774599423252027	0.01
NR_125491.1	1	1507	1	1419	94.1606	0.941606	37.6	1.0	323423	Bacteria	Pseudomonadati	Pseudomonadota	Betaproteobacteria	Burkholderiales	Comamonadaceae	Limnohabitans	Limnohabitans curvus	0.9416058394160584	0.23448727597385052	0.24902912254587228	0.0
NR_125493.1	1	1423	1	1082	76.0365	0.760365	25.1	1.0	529884	Bacteria	Bacillati	Actinomycetota	Actinomycetes	Micrococcales	Microbacteriaceae	Rhodoluna	Rhodoluna lacicola	0.7603654251581167	0.4268604518835564	0.561388561026156	0.0
NR_125499.1	1	1523	31	1523	100.0	28.8838	34.2	10.5	203534	Bacteria	Pseudomonadati	Pseudomonadota	Betaproteobacteria	Rhodocyclales	Rhodocyclaceae	Dechlorobacter	Dechlorobacter hydrogenophilus	28.883782009192384	3.2327555959312466	0.11192286366454396	0.03
NR_125510.1	1	1431	9	1401	97.9036	7.89867	37.7	4.78	382673	Bacteria	Bacillati	Bacillota	Clostridia	Eubacteriales	Syntrophomonadaceae	Syntrophomonas	Syntrophomonas cellicola	7.898672257162823	2.6416948529720456	0.33444796377979275	0.01
NR_125517.1	1	1430	1	1199	83.8462	0.838462	37.9	1.0	743698	Bacteria	Bacillati	Mycoplasmatota	Mollicutes	Entomoplasmatales	Spiroplasmataceae	Spiroplasma	Spiroplasma eriocheiris	0.8384615384615385	0.3680268835047918	0.43893114546443057	0.0
NR_125518.1	1	1401	1	1317	94.0043	0.940043	44.6	2.0	411923	Bacteria	Bacillati	Bacillota	Clostridia	Moorellales	Moorellaceae	Moorella	Moorella perchloratireducens	0.9400428265524625	0.23740747839888957	0.25254964103025385	0.0
NR_125523.1	1	1529	1	1278	83.584	0.83584	16.6	1.0	489632	Bacteria	Pseudomonadati	Pseudomonadota	Gammaproteobacteria	Pseudomonadales	Pseudomonadaceae	Ectopseudomonas	Ectopseudomonas chengduensis	0.8358404185742315	0.37042031970707023	0.4431711023725433	0.0
NR_125535.1	1	1528	1	1468	96.0733	0.960733	39.3	1.0	627618	Bacteria	Bacillati	Bacillota	Bacilli	Bacillales	Caryophanaceae	Bhargavaea	Bhargavaea indica	0.9607329842931938	0.1942295476602039	0.20216808503051195	0.0
NR_125536.1	1	1499	1	1106	73.7825	0.737825	22.5	1.0	1484693	Bacteria	Pseudomonadati	Pseudomonadota	Betaproteobacteria	Burkholderiales	Comamonadaceae	Rhodoferax	Rhodoferax saidenbachensis	0.7378252168112075	0.43981719639948313	0.5960994370730789	0.0
NR_125541.1	1	1486	65	1483	99.7981	54.6211	38.9	7.65	1293045	Bacteria	Pseudomonadati	Pseudomonadota	Betaproteobacteria	Burkholderiales	Comamonadaceae	Limnohabitans	Limnohabitans planktonicus	54.62113055181696	18.486976546136887	0.3384583284778224	0.07
NR_125542.1	1	1483	1	1263	85.1652	0.851652	37.9	1.0	1293052	Bacteria	Pseudomonadati	Pseudomonadota	Betaproteobacteria	Burkholderiales	Comamonadaceae	Limnohabitans	Limnohabitans parvus	0.851652056641942	0.3554445541283382	0.41735888659724907	0.0
NR_125544.1	1	1500	4	1279	85.2667	3.262	40.7	8.5	544681	Bacteria	Pseudomonadati	Pseudomonadota	Betaproteobacteria	Burkholderiales	Comamonadaceae	Limnohabitans	Limnohabitans australis	3.262	1.4184578480401322	0.4348429944942159	0.0
NR_125545.1	1	1491	1	1411	94.6345	0.946345	39.7	1.0	556053	Bacteria	Pseudomonadati	Pseudomonadota	Betaproteobacteria	Burkholderiales	Burkholderiaceae	Polynucleobacter	Polynucleobacter acidiphobus	0.9463447350771295	0.22533614328138343	0.23811211171689772	0.0
NR_125553.1	1	1447	10	1446	99.9309	9.20387	37.5	12.3	708126	Bacteria	Bacillati	Bacillota	Bacilli	Lactobacillales	Carnobacteriaceae	Jeotgalibaca	Jeotgalibaca dankookensis	9.203870076019351	1.6381041361063249	0.17797992828847065	0.01
NR_125556.1	1	1401	1	1350	96.3597	0.963597	42.4	1.0	1168082	Bacteria	Pseudomonadati	Pseudomonadota	Alphaproteobacteria	Rhodospirillales	Rhodospirillaceae	Lacibacterium	Lacibacterium aquatile	0.9635974304068522	0.18728967542329614	0.19436506316150956	0.0
NR_125571.1	1	1436	1	1139	79.3175	0.793175	34.3	1.0	796944	Bacteria	Bacillati	Bacillota	Clostridia	Lachnospirales	Lachnospiraceae	Oribacterium	Oribacterium asaccharolyticum	0.7931754874651811	0.40502855893079187	0.5106418003727982	0.0
NR_125591.1	1	1462	5	1462	100.0	4.31464	39.3	51.6	1033737	Bacteria	Bacillati	Bacillota	Clostridia	Eubacteriales	Clostridiaceae	Clostridium	Clostridium senegalense	4.314637482900137	0.5629137832784749	0.13046606708198005	0.01
NR_125593.1	1	1499	1	1361	90.7939	0.907939	47.1	1.0	1034346	Bacteria	Bacillati	Bacillota	Erysipelotrichia	Erysipelotrichales	Erysipelotrichaceae	Dielma	Dielma fastidiosa	0.9079386257505003	0.2891125691158969	0.3184274365207417	0.0
NR_125595.1	1	1341	4	1339	99.8509	3.87397	36.2	3.75	1034345	Bacteria	Bacillati	Actinomycetota	Coriobacteriia	Coriobacteriales	Coriobacteriaceae	Senegalimassilia	Senegalimassilia anaerobia	3.8739746457867263	0.39544546770117456	0.10207745374153515	0.0
NR_125597.1	1	1466	102	1466	100.0	93.0348	37.3	3.82	1115758	Bacteria	Bacillati	Bacillota	Clostridia	Peptostreptococcales	Peptostreptococcaceae	Romboutsia	Romboutsia ilealis	93.03478854024557	19.972683012092595	0.21467972707276792	0.11
NR_125598.1	1	1428	1	1406	98.4594	0.984594	41.6	1.0	1086013	Bacteria	Pseudomonadati	Pseudomonadota	Alphaproteobacteria	Rhodobacterales	Paracoccaceae	Gemmobacter	Gemmobacter megaterium	0.9845938375350141	0.12316173359890813	0.12508887310045574	0.0
NR_125604.1	1	1428	3	1425	99.7899	2.88936	41.1	2.33	1105367	Bacteria	Pseudomonadati	Pseudomonadota	Alphaproteobacteria	Rhodobacterales	unclassified Rhodobacterales family	Paenirhodobacter	Paenirhodobacter enshiensis	2.8893557422969187	0.3394242605199145	0.11747402908929663	0.0
NR_125623.1	1	1488	1	1209	81.25	0.8125	36.3	0.0	1260629	Bacteria	Bacillati	Bacillota	Clostridia	Eubacteriales	Proteinivoraceae	Proteinivorax	Proteinivorax tanatarense	0.8125	0.3903123748998999	0.4803844614152614	0.0
NR_125624.1	1	1488	2	1148	77.1505	1.50403	27.2	0.5	1260629	Bacteria	Bacillati	Bacillota	Clostridia	Eubacteriales	Proteinivoraceae	Proteinivorax	Proteinivorax tanatarense	1.5040322580645162	0.8408168577084598	0.5590417713450349	0.0
NR_125628.1	1	1499	1	789	52.6351	0.526351	41.9	1.0	1211819	Bacteria	Bacillati	Bacillota	Erysipelotrichia	Erysipelotrichales	Erysipelotrichaceae	Holdemania	Holdemania massiliensis	0.5263509006004002	0.499305147217159	0.9486164964239815	0.0
NR_125632.1	1	1420	1	1273	89.6479	0.896479	37.7	11.0	1233081	Bacteria	Pseudomonadati	Pseudomonadota	Alphaproteobacteria	Hyphomicrobiales	Rhizobiaceae	Pseudorhizobium	Pseudorhizobium halotolerans	0.8964788732394366	0.30463831517848644	0.3398165023986259	0.0
NR_125651.1	1	1535	1	1469	95.7003	0.957003	36.7	1.0	1282885	Bacteria	Bacillati	Actinomycetota	Actinomycetes	Kitasatosporales	Streptomycetaceae	Streptomyces	Streptomyces polyrhachis	0.9570032573289903	0.2028497542288171	0.21196349403759987	0.0
NR_125656.1	1	1451	3	1451	100.0	2.96968	36.6	12.0	1335047	Bacteria	Pseudomonadati	Pseudomonadota	Betaproteobacteria	Burkholderiales	Comamonadaceae	Ottowia	Ottowia shaoguanensis	2.9696760854583046	0.17147703854616445	0.05774267415420854	0.0
NR_125657.1	1	1589	1	1226	77.1554	0.771554	40.3	6.0	1281767	Bacteria	Bacillati	Bacillota	Bacilli	Bacillales	Bacillaceae	Tepidibacillus	Tepidibacillus fermentans	0.7715544367526747	0.4198311421035087	0.5441367739008771	0.0
NR_125663.1	1	1492	1	1184	79.3566	0.793566	31.6	1.0	1294267	Bacteria	Bacillati	Bacillota	Bacilli	Bacillales	Paenibacillaceae	Cohnella	Cohnella lupini	0.7935656836461126	0.404745833067361	0.5100344450477218	0.0
NR_125664.1	1	1510	1	1253	82.9801	0.829801	33.3	1.0	1283715	Bacteria	Bacillati	Actinomycetota	Actinomycetes	Micromonosporales	Micromonosporaceae	Micromonospora	Micromonospora maoerensis	0.8298013245033112	0.3758072462790753	0.4528882217728681	0.0
NR_125673.1	1	1415	1	1359	96.0424	0.960424	28.1	1.0	1346290	Bacteria	Pseudomonadati	Pseudomonadota	Betaproteobacteria	Nitrosomonadales	Sterolibacteriaceae	Methyloversatilis	Methyloversatilis thermotolerans	0.9604240282685512	0.19496080168321064	0.20299450653549894	0.0
NR_125677.1	1	1480	1	1455	98.3108	0.983108	44.2	1.0	1348613	Bacteria	Bacillati	Bacillota	Clostridia	Lachnospirales	Vallitaleaceae	Vallitalea	Vallitalea pronyensis	0.9831081081081081	0.12886642650513883	0.13108062627326836	0.0
NR_125710.1	1	1485	19	1428	96.1616	16.3677	35.5	1.0	642492	Bacteria	Bacillati	Bacillota	Clostridia	Lachnospirales	Cellulosilyticaceae	Cellulosilyticum	Cellulosilyticum lentocellum	16.367676767676766	5.6064686356197155	0.3425329516948605	0.02
NR_126170.1	1	1565	58	1396	89.2013	49.8671	39.5	12.6	659425	Bacteria	Bacillati	Bacillota	Clostridia	Eubacteriales	Oscillospiraceae	Thermoclostridium	Thermoclostridium caenicola	49.86709265175719	18.479767976213218	0.37058041673424164	0.06
NR_126179.1	1	1466	1	1392	94.9523	0.949523	31.5	1.0	1367462	Bacteria	Bacillati	Bacillota	Clostridia	Eubacteriales	Clostridiaceae	Clostridium	Clostridium swellfunianum	0.9495225102319236	0.21892809960073942	0.23056651868870975	0.0
NR_126215.1	1	1368	1	939	68.6404	0.686404	38.8	1.0	1350067	Bacteria	Pseudomonadati	Bacteroidota	Bacteroidia	Bacteroidales	Porphyromonadaceae	Microbacter	Microbacter margulisiae	0.6864035087719298	0.4639544502615661	0.6759208604449654	0.0
NR_126221.1	1	1495	1	1462	97.7926	0.977926	37.1	60.0	766136	Bacteria	Bacillati	Bacillota	Desulfuribacillia	Desulfuribacillales	Desulfuribacillaceae	Desulfuribacillus	Desulfuribacillus alkaliarsenatis	0.9779264214046822	0.14692289039940218	0.15023920735096188	0.0
NR_126233.1	1	1497	1	1240	82.8323	0.828323	40.9	4.0	1111473	Bacteria	Bacillati	Actinomycetota	Actinomycetes	Actinomycetales	Actinomycetaceae	Flaviflexus	Flaviflexus huanghaiensis	0.8283233132932531	0.377099193778162	0.4552560428112165	0.0
NR_126241.1	1	1497	3	1478	98.7308	2.67468	40.9	3.0	1173111	Bacteria	Bacillati	Bacillota	Bacilli	Bacillales	Thermoactinomycetaceae	Lihuaxuella	Lihuaxuella thermophila	2.674682698730795	0.6469549837688044	0.24188102165382125	0.0
NR_126313.2	1	1531	8	1523	99.4775	7.56891	39.3	2.5	1041767	Bacteria	Pseudomonadati	Verrucomicrobiota	unclassified Verrucomicrobiota class	unclassified Verrucomicrobiota order	unclassified Verrucomicrobiota family	Methylacidimicrobium	Methylacidimicrobium fagopyrum	7.568909209666884	1.0548262626624538	0.139363048682794	0.01
NR_126315.2	1	1531	2	1280	83.6055	1.55781	18.8	5.0	1041766	Bacteria	Pseudomonadati	Verrucomicrobiota	unclassified Verrucomicrobiota class	unclassified Verrucomicrobiota order	unclassified Verrucomicrobiota family	Methylacidimicrobium	Methylacidimicrobium cyclopophantes	1.557805355976486	0.7579899792340679	0.4865755380324352	0.0
NR_132286.1	1	1410	2	1336	94.7518	1.88511	42.1	1.0	408067	Bacteria	Bacillati	Actinomycetota	Actinomycetes	Kitasatosporales	Streptomycetaceae	Yinghuangia	Yinghuangia seranimata	1.8851063829787233	0.45459609852718547	0.2411514292412835	0.0
NR_132289.1	1	1439	1	1425	99.0271	0.990271	35.4	1.0	1052257	Bacteria	Bacillati	Actinomycetota	Acidimicrobiia	Acidimicrobiales	Iamiaceae	Aquihabitans	Aquihabitans daechungensis	0.990271021542738	0.09815459966522357	0.09911892555667137	0.0
NR_132293.1	1	1435	1	1374	95.7491	0.957491	32.9	1.0	1081799	Bacteria	Bacillati	Chloroflexota	Anaerolineae	Anaerolineales	Anaerolineaceae	Thermomarinilinea	Thermomarinilinea lacunifontana	0.9574912891986063	0.20174667359685775	0.21070340364737328	0.0
NR_132304.1	1	1515	1	1234	81.4521	0.814521	37.2	1.0	1173085	Bacteria	Bacillati	Bacillota	Bacilli	Bacillales	Paenibacillaceae	Paenibacillus	Paenibacillus profundus	0.8145214521452145	0.3886852919013853	0.4771946655029163	0.0
NR_132330.1	1	1543	123	1504	97.4725	106.891	37.4	8.81	1204385	Bacteria	Bacillati	Chloroflexota	Caldilineae	Caldilineales	Caldilineaceae	Litorilinea	Litorilinea aerophila	106.89112119248217	35.201758156251095	0.32932350005817784	0.14
NR_132594.1	1	1418	1	1351	95.275	0.95275	35.2	1.0	426706	Bacteria	Pseudomonadati	Thermodesulfobacteriota	Desulfovibrionia	Desulfovibrionales	Desulfomicrobiaceae	Desulfomicrobium	Desulfomicrobium aestuarii	0.9527503526093088	0.21217237853251908	0.22269462084316216	0.0
NR_132598.1	1	1471	237	1457	99.0483	228.177	38.7	50.0	266129	Bacteria	Pseudomonadati	Pseudomonadota	Betaproteobacteria	Burkholderiales	Comamonadaceae	Hydrogenophaga	Hydrogenophaga temperata	228.17675050985724	24.27513442820523	0.1063874140286547	0.26
NR_132669.1	1	1448	2	1358	93.7845	1.84116	40.0	1.0	1118451	Bacteria	Pseudomonadati	Pseudomonadota	Alphaproteobacteria	Hyphomicrobiales	Rhizobiaceae	Ciceribacter	Ciceribacter naphthalenivorans	1.841160220994475	0.5078573578045261	0.2758355041638987	0.0
NR_132673.1	1	1478	2	1433	96.9553	1.76996	38.3	1.0	1260928	Bacteria	Pseudomonadati	Thermodesulfobacteriota	Desulfuromonadia	Geobacterales	Geobacteraceae	Geobacter	Geobacter sulfurreducens	1.7699594046008118	0.4878678290784428	0.275637863676582	0.0
NR_132676.1	1	1455	4	1454	99.9313	3.93333	37.5	50.8	1230953	Bacteria	Pseudomonadati	Pseudomonadota	Betaproteobacteria	Burkholderiales	Comamonadaceae	Hydrogenophaga	Hydrogenophaga electricum	3.933333333333333	0.2756227978407748	0.07007359267138343	0.0
NR_132677.1	1	1447	1	1231	85.0726	0.850726	39.1	1.0	946333	Bacteria	Pseudomonadati	Pseudomonadota	Betaproteobacteria	Burkholderiales	Sphaerotilaceae	Piscinibacter	Piscinibacter gummiphilus	0.8507256392536282	0.356358704075167	0.418887932410046	0.0
NR_132678.1	1	1431	1	1222	85.3948	0.853948	44.2	23.0	1214492	Bacteria	Bacillati	Actinomycetota	Actinomycetes	Micrococcales	Dermatophilaceae	Kineosphaera	Kineosphaera nakaumiensis	0.8539482879105521	0.3531580517065816	0.4135590605500149	0.0
NR_132679.1	1	1432	4	1426	99.581	3.39455	26.1	13.8	1123558	Bacteria	Bacillati	Actinomycetota	Actinomycetes	Micrococcales	Microbacteriaceae	Leucobacter	Leucobacter kyeonggiensis	3.3945530726256985	1.0895893574432547	0.32098168275226097	0.0
NR_132697.1	1	1457	3	1453	99.7255	2.76527	32.6	8.0	1096929	Bacteria	Pseudomonadati	Pseudomonadota	Alphaproteobacteria	Hyphomicrobiales	Devosiaceae	Devosia	Devosia lucknowensis	2.765271105010295	0.553098663638114	0.2000160717102835	0.0
NR_132698.1	1	1450	1	1090	75.1724	0.751724	37.4	1.0	1367380	Bacteria	Pseudomonadati	Bacteroidota	Chitinophagia	Chitinophagales	Chitinophagaceae	Niabella	Niabella terrae	0.7517241379310344	0.43201268312733193	0.5746957711326893	0.0
NR_132704.1	1	1534	1	1216	79.2699	0.792699	43.9	1.0	1081866	Bacteria	Pseudomonadati	Pseudomonadota	Gammaproteobacteria	Oceanospirillales	Halomonadaceae	Halomonas	Halomonas socia	0.7926988265971316	0.40537315760748543	0.5113835721791798	0.0
NR_132715.1	1	1426	1	1317	92.3562	0.923562	22.0	1.0	1052017	Bacteria	Bacillati	Actinomycetota	Actinomycetes	Micrococcales	Microbacteriaceae	Leucobacter	Leucobacter margaritiformis	0.923562412342216	0.2656969756147836	0.2876870821766753	0.0
NR_132725.1	1	1453	3	1432	98.5547	2.77839	34.1	41.0	1245521	Bacteria	Bacillati	Bacillota	Bacilli	Bacillales	Bacillaceae	Bacillus	Bacillus borbori	2.7783895388850652	0.5810978950288959	0.20914918045008316	0.0
NR_133023.1	1	1459	5	1459	100.0	4.8965	37.9	44.0	1392877	Bacteria	Pseudomonadati	Pseudomonadota	Gammaproteobacteria	Pseudomonadales	Pseudomonadaceae	Pseudomonas	Pseudomonas oryzae	4.896504455106237	0.3112822237749435	0.06357233545459723	0.01
NR_133028.1	1	1476	270	1476	100.0	241.596	36.8	13.2	1301100	Bacteria	Bacillati	Bacillota	Clostridia	Peptostreptococcales	Peptostreptococcaceae	Faecalimicrobium	Faecalimicrobium dakarense	241.59620596205963	47.00959466986858	0.194579192511206	0.3
NR_133032.1	1	1523	1	1327	87.1307	0.871307	39.1	1.0	1232430	Bacteria	Bacillati	Bacillota	Bacilli	Bacillales	Staphylococcaceae	Nosocomiicoccus	Nosocomiicoccus massiliensis	0.871306631648063	0.3348602474080356	0.38431963587222173	0.0
NR_133037.1	1	1480	5	1480	100.0	4.625	42.1	7.6	938278	Bacteria	Bacillati	Bacillota	Clostridia	Eubacteriales	Eubacteriales Family XIII. Incertae Sedis	Casaltella	Casaltella massiliensis	4.625	0.6318543066758862	0.1366171473893808	0.01
NR_133039.1	1	1489	3	1482	99.5299	2.97717	43.9	1.0	938289	Bacteria	Bacillati	Bacillota	Clostridia	Eubacteriales	unclassified Eubacteriales family	Levyella	Levyella massiliensis	2.977165883143049	0.22773395342789313	0.07649353860909831	0.0
NR_133054.1	1	1415	1	1413	99.8587	0.998587	42.1	60.0	689904	Bacteria	Bacillati	Bacillota	Tissierellia	Tissierellales	Tissierellaceae	Tissierella	Tissierella carlieri	0.9985865724381625	0.037569000310959756	0.037622176532206696	0.0
NR_133705.1	1	1483	1	1352	91.1666	0.911666	35.2	1.0	1652028	Bacteria	Bacillati	Actinomycetota	Actinomycetes	Micrococcales	Dermabacteraceae	Brachybacterium	Brachybacterium huguangmaarense	0.9116655428186109	0.28378069147822427	0.31127719338920606	0.0
NR_133714.1	1	1445	1	1142	79.0311	0.790311	29.9	1.0	1166478	Bacteria	Pseudomonadati	Bacteroidota	Bacteroidia	Marinilabiliales	Marinilabiliaceae	Carboxylicivirga	Carboxylicivirga mesophila	0.7903114186851211	0.40708633013285106	0.5150961007372765	0.0
NR_133738.1	1	1447	2	1429	98.756	1.94264	39.8	1.0	1216062	Bacteria	Bacillati	Bacillota	Clostridia	Eubacteriales	Peptococcaceae	Desulforadius	Desulforadius tongensis	1.9426399447131997	0.2809785391603667	0.14463747640165445	0.0
NR_133739.1	1	1437	1	1355	94.2937	0.942937	41.3	15.0	1288495	Bacteria	Pseudomonadati	Pseudomonadota	Betaproteobacteria	Burkholderiales	Comamonadaceae	Diaphorobacter	Diaphorobacter aerolatus	0.942936673625609	0.23196358153271002	0.24600123000922824	0.0
NR_133740.1	1	1424	1	1305	91.6433	0.916433	23.7	1.0	940149	Bacteria	Pseudomonadati	Pseudomonadota	Alphaproteobacteria	Rhodospirillales	Dongiaceae	Dongia	Dongia rigui	0.9164325842696629	0.27673796768512077	0.3019730773820781	0.0
NR_133762.1	1	1409	3	1330	94.3932	2.75869	37.4	1.0	1096246	Bacteria	Bacillati	Bacillota	Clostridia	Lachnospirales	Lachnospiraceae	Hungatella	Hungatella effluvii	2.758694109297374	0.735375995407167	0.2665667037634933	0.0
NR_133769.1	1	1542	1	1441	93.4501	0.934501	26.3	1.0	1607837	Bacteria	Bacillati	Bacillota	Bacilli	Lactobacillales	Lactobacillaceae	Leuconostoc	Leuconostoc gelidum	0.9345006485084306	0.2474049038433825	0.2647455667775821	0.0
NR_133799.1	1	1446	1	1430	98.8935	0.988935	44.0	1.0	1305696	Bacteria	Pseudomonadati	Pseudomonadota	Alphaproteobacteria	Sphingomonadales	Sphingomonadaceae	Novosphingobium	Novosphingobium arabidopsis	0.9889349930843707	0.1046067518737957	0.10577717706958642	0.0
NR_133803.1	1	1492	7	1492	100.0	6.3063	36.6	14.3	1207057	Bacteria	Pseudomonadati	Pseudomonadota	Betaproteobacteria	Burkholderiales	Comamonadaceae	Ottowia	Ottowia beijingensis	6.306300268096515	1.4472449507158256	0.22949191906345112	0.01
NR_133813.1	1	1432	12	1432	100.0	11.1292	36.1	53.9	913107	Bacteria	Bacillati	Chloroflexota	Anaerolineae	Anaerolineales	Anaerolineaceae	Pelolinea	Pelolinea submarina	11.129189944134078	1.4819914929412807	0.1331625662227467	0.01
NR_133858.1	1	1432	1	1342	93.7151	0.937151	43.7	1.0	1404360	Bacteria	Bacillati	Actinomycetota	Thermoleophilia	Solirubrobacterales	Solirubrobacteraceae	Solirubrobacter	Solirubrobacter phytolaccae	0.9371508379888268	0.24269146018281462	0.2589673405229438	0.0
NR_133860.1	1	1453	1	1352	93.0489	0.930489	42.2	22.0	1387165	Bacteria	Pseudomonadati	Pseudomonadota	Alphaproteobacteria	Sphingomonadales	Sphingomonadaceae	Sphingobium	Sphingobium xanthum	0.930488644184446	0.25432170027002726	0.2733205846836905	0.0
NR_133862.1	1	1436	1	1367	95.195	0.95195	25.7	38.0	1176646	Bacteria	Pseudomonadati	Pseudomonadota	Alphaproteobacteria	Sphingomonadales	Sphingomonadaceae	Sphingomonas	Sphingomonas daechungensis	0.9519498607242339	0.2138722127611354	0.22466751830650364	0.0
NR_133878.1	1	1418	1	1354	95.4866	0.954866	42.5	0.0	690879	Bacteria	Pseudomonadati	Verrucomicrobiota	Terrimicrobiia	Terrimicrobiales	Terrimicrobiaceae	Terrimicrobium	Terrimicrobium sacchariphilum	0.9548660084626234	0.20759796324935553	0.21741057007945802	0.0
NR_133904.1	1	1551	1	1183	76.2734	0.762734	26.2	1.0	1408160	Bacteria	Thermotogati	Thermotogota	Thermotogae	Thermotogales	Thermotogaceae	Thermotoga	Thermotoga profunda	0.7627337201805287	0.42540685499895137	0.55773967210767	0.0
NR_133953.1	1	1404	4	1361	96.9373	3.73575	40.1	7.75	1443941	Bacteria	Pseudomonadati	Pseudomonadota	Gammaproteobacteria	Moraxellales	Moraxellaceae	Acinetobacter	Acinetobacter gandensis	3.7357549857549857	0.8247269684244947	0.2207658081349839	0.0
NR_133954.1	1	1499	15	1495	99.7332	14.3896	41.1	22.9	756892	Bacteria	Pseudomonadati	Pseudomonadota	Gammaproteobacteria	Moraxellales	Moraxellaceae	Acinetobacter	Acinetobacter indicus	14.38959306204136	1.4815921091730535	0.10296275251045003	0.02
NR_133963.1	1	1465	1	1123	76.6553	0.766553	36.0	1.0	1500254	Bacteria	Bacillati	Bacillota	Bacilli	Bacillales	Paenibacillaceae	Aneurinibacillus	Aneurinibacillus soli	0.7665529010238907	0.42302429121239543	0.551852704030418	0.0
NR_133967.1	1	1505	1	1344	89.3023	0.893023	24.4	0.0	1446479	Bacteria	Pseudomonadati	Pseudomonadota	Gammaproteobacteria	Lysobacterales	Lysobacteraceae	Arenimonas	Arenimonas maotaiensis	0.8930232558139535	0.3090836786202075	0.3461093276215866	0.0
NR_133980.1	1	1570	8	1545	98.4076	6.75414	34.2	5.88	1649580	Bacteria	Bacillati	Bacillota	Bacilli	Bacillales	Bacillaceae	Shouchella	Shouchella shacheensis	6.754140127388535	2.0953539884831653	0.3102325313012608	0.01
NR_134005.1	1	1363	11	1363	100.0	10.6405	36.6	44.2	1216932	Bacteria	Bacillati	Bacillota	Clostridia	Eubacteriales	Clostridiaceae	Clostridium	Clostridium bornimense	10.640498899486428	0.6999866159229546	0.06578513117996188	0.01
NR_134006.1	1	1394	1	1354	97.1306	0.971306	44.3	1.0	1335065	Bacteria	Bacillati	Bacillota	Clostridia	Eubacteriales	Clostridiaceae	Clostridium	Clostridium huakuii	0.9713055954088953	0.16694620611522537	0.17187814721168698	0.0
NR_134010.1	1	1409	4	1409	100.0	3.61817	40.1	16.8	1082851	Bacteria	Pseudomonadati	Pseudomonadota	Betaproteobacteria	Burkholderiales	Comamonadaceae	Comamonas	Comamonas serinivorans	3.618168914123492	0.7751347215940275	0.21423397856531676	0.0
NR_134026.1	1	1376	169	1327	96.439	153.838	38.0	32.9	1337094	Bacteria	Bacillati	Bacillota	Clostridia	Eubacteriales	Oscillospiraceae	Ercella	Ercella succinigenes	153.83793604651163	38.066179937608965	0.24744338695560741	0.19
NR_134044.1	1	1477	3	1467	99.323	2.66689	37.8	2.33	1335613	Bacteria	Bacillati	Actinomycetota	Coriobacteriia	Eggerthellales	Eggerthellaceae	Gordonibacter	Gordonibacter urolithinfaciens	2.666892349356804	0.7286157175318702	0.2732077722250755	0.0
NR_134073.1	1	1430	5	1424	99.5804	4.88182	41.8	36.8	1368476	Bacteria	Bacillati	Bacillota	Bacilli	Bacillales	Bacillaceae	Lysinibacillus	Lysinibacillus halotolerans	4.881818181818182	0.45267447104111647	0.09272661417974452	0.01
NR_134076.1	1	1443	1	1323	91.684	0.91684	23.3	1.0	1484053	Bacteria	Pseudomonadati	Bacteroidota	Bacteroidia	Marinilabiliales	Prolixibacteraceae	Mariniphaga	Mariniphaga anaerophila	0.9168399168399168	0.27612403685461595	0.3011693009684133	0.0
NR_134091.1	1	1444	13	1419	98.2687	12.2348	41.1	17.7	1462919	Bacteria	Bacillati	Bacillota	Clostridia	Lachnospirales	Lachnospiraceae	Mobilitalea	Mobilitalea sibirica	12.234764542936288	2.2464830654595493	0.18361473631763114	0.01
NR_134109.1	1	1458	1	1439	98.6968	0.986968	38.8	8.0	708132	Bacteria	Pseudomonadati	Bdellovibrionota	Oligoflexia	Oligoflexales	Oligoflexaceae	Oligoflexus	Oligoflexus tunisiensis	0.9869684499314129	0.11340956208096761	0.11490697811956274	0.0
NR_134130.1	1	1484	1	724	48.7871	0.487871	45.2	43.0	1436965	Bacteria	Bacillati	Bacillota	Tissierellia	Tissierellales	Peptoniphilaceae	Peptoniphilus	Peptoniphilus stercorisuis	0.48787061994609165	0.4998528564882968	1.024560274901426	0.0
NR_134131.1	1	1423	1	1225	86.0857	0.860857	24.0	1.0	1510150	Bacteria	Pseudomonadati	Pseudomonadota	Gammaproteobacteria	Pseudomonadales	Pseudomonadaceae	Permianibacter	Permianibacter aggregans	0.8608573436401967	0.34609533013454635	0.40203563655629343	0.0
NR_134138.1	1	1429	1	1420	99.3702	0.993702	40.9	43.0	433321	Bacteria	Bacillati	Bacillota	Negativicutes	Selenomonadales	Selenomonadaceae	Propionispira	Propionispira arcuata	0.9937018894331701	0.07911033036284192	0.07961173386514162	0.0
NR_134185.1	1	1464	1	1292	88.2514	0.882514	18.7	1.0	913100	Bacteria	Pseudomonadati	Spirochaetota	Spirochaetia	Spirochaetales	Spirochaetaceae	Spirochaeta	Spirochaeta psychrophila	0.8825136612021858	0.32199891147906123	0.3648656396326205	0.0
NR_134207.1	1	1446	1	1362	94.1909	0.941909	43.0	1.0	1397841	Bacteria	Pseudomonadati	Bacteroidota	Bacteroidia	Marinilabiliales	Prolixibacteraceae	Sunxiuqinia	Sunxiuqinia rutila	0.941908713692946	0.23391598654697818	0.2483425231622103	0.0
NR_134229.1	1	1396	1	1070	76.6476	0.766476	42.4	1.0	1479233	Bacteria	Bacillati	Bacillota	Bacilli	Lactobacillales	Lactobacillaceae	Weissella	Weissella uvarum	0.7664756446991404	0.42307296153521573	0.5519718264515525	0.0
NR_134685.1	1	1527	9	1527	100.0	7.91618	40.8	13.2	70346	Bacteria	Pseudomonadati	Pseudomonadota	Gammaproteobacteria	Moraxellales	Moraxellaceae	Acinetobacter	Acinetobacter variabilis	7.916175507531107	1.432449842308457	0.1809522591996206	0.01
NR_134690.1	1	1563	9	1470	94.0499	8.1817	36.6	1.0	1524924	Bacteria	Bacillati	Actinomycetota	Actinomycetes	Micrococcales	Cellulomonadaceae	Pseudactinotalea	Pseudactinotalea suaedae	8.18170185540627	2.403132509057168	0.2937203715715009	0.01
NR_134694.1	1	1465	1	1432	97.7474	0.977474	42.5	8.0	433323	Bacteria	Bacillati	Bacillota	Clostridia	Peptostreptococcales	Anaerovoracaceae	Aminicella	Aminicella lysinilytica	0.9774744027303754	0.1483852915125722	0.15180478496223343	0.0
NR_134707.1	1	1419	1	1054	74.2777	0.742777	33.1	1.0	700500	Bacteria	Bacillati	Bacillota	Erysipelotrichia	Erysipelotrichales	Erysipelotrichaceae	Catenisphaera	Catenisphaera adipataccumulans	0.7427766032417196	0.43710355857440936	0.5884724379668755	0.0
NR_134714.1	1	1458	1	1451	99.5199	0.995199	40.6	41.0	1450648	Bacteria	Bacillati	Bacillota	Clostridia	Eubacteriales	Clostridiaceae	Clostridium	Clostridium oryzae	0.99519890260631	0.06912341757687022	0.06945688685532514	0.0
NR_134719.1	1	1446	4	1444	99.8617	3.6805	36.8	4.0	476652	Bacteria	Bacillati	Bacillota	Clostridia	Eubacteriales	Desulfitobacteriaceae	Desulfosporosinus	Desulfosporosinus acididurans	3.680497925311203	0.6768193255022253	0.18389341312969146	0.0
NR_134731.1	1	1428	1	1420	99.4398	0.994398	40.8	3.0	1465486	Bacteria	Pseudomonadati	Pseudomonadota	Alphaproteobacteria	Rhodobacterales	Paracoccaceae	Frigidibacter	Frigidibacter albus	0.9943977591036415	0.0746381657953739	0.07505866250408023	0.0
NR_134732.1	1	1523	6	1509	99.0808	5.69206	35.2	1.0	1522176	Bacteria	Bacillati	Actinomycetota	Actinomycetes	Micrococcales	Microbacteriaceae	Frigoribacterium	Frigoribacterium endophyticum	5.692055154300722	0.882668113691554	0.15507019692608567	0.01
NR_134735.1	1	1344	5	1344	100.0	4.8311	38.8	54.6	1553448	Bacteria	Pseudomonadati	Pseudomonadota	Alphaproteobacteria	Rhodobacterales	Paracoccaceae	Falsigemmobacter	Falsigemmobacter intermedius	4.831101190476191	0.5879873676554527	0.12170876669165692	0.01
NR_134756.1	1	1410	30	1391	98.6525	27.6489	39.3	15.0	1324935	Bacteria	Pseudomonadati	Verrucomicrobiota	Verrucomicrobiia	Limisphaerales	Limisphaeraceae	Limisphaera	Limisphaera ngatamarikiensis	27.648936170212767	5.003064550516502	0.18094962206562185	0.03
NR_134783.2	1	1550	3	1533	98.9032	2.70323	40.1	1.0	1526551	Bacteria	Bacillati	Bacillota	Bacilli	Bacillales	Paenibacillaceae	Paenibacillus	Paenibacillus nicotianae	2.703225806451613	0.5877699083319057	0.2174327823184854	0.0
NR_134784.1	1	1340	1	1044	77.9104	0.779104	19.9	1.0	1501240	Bacteria	Pseudomonadati	Pseudomonadota	Alphaproteobacteria	Rhodobacterales	Roseobacteraceae	Palleronia	Palleronia abyssalis	0.7791044776119403	0.4148502025755391	0.5324705665241594	0.0
NR_134798.1	1	1515	1	1244	82.1122	0.821122	40.1	1.0	103816	Bacteria	Bacillati	Actinomycetota	Actinomycetes	Mycobacteriales	Nocardiaceae	Rhodococcus	Rhodococcus pyridinivorans	0.8211221122112211	0.383250034636665	0.4667393910567102	0.0
NR_134800.1	1	1339	192	1339	100.0	174.828	38.8	8.05	1368474	Bacteria	Bacillati	Bacillota	Clostridia	Peptostreptococcales	Peptostreptococcaceae	Romboutsia	Romboutsia sedimentorum	174.82823002240477	38.45197671119927	0.21994146315083973	0.21
NR_134810.1	1	1516	1	903	59.5646	0.595646	38.4	1.0	1457311	Bacteria	Bacillati	Actinomycetota	Actinomycetes	Micrococcales	Micrococcaceae	Sinomonas	Sinomonas notoginsengisoli	0.5956464379947229	0.49076650140257344	0.823922498478739	0.0
NR_134817.1	1	1518	2	1509	99.4071	1.80303	33.0	1.0	1469428	Bacteria	Bacillati	Bacillota	Bacilli	Lactobacillales	Streptococcaceae	Streptococcus	Streptococcus cameli	1.803030303030303	0.41234735715805737	0.22869685354984695	0.0
NR_134818.1	1	1520	1	1372	90.2632	0.902632	37.7	1.0	1469425	Bacteria	Bacillati	Bacillota	Bacilli	Lactobacillales	Streptococcaceae	Streptococcus	Streptococcus tangierensis	0.9026315789473685	0.296458785726362	0.3284383048863485	0.0
NR_134826.1	1	1483	3	1405	94.7404	2.49831	29.2	1.0	1331910	Bacteria	Pseudomonadati	Planctomycetota	Planctomycetia	Pirellulales	Thermoguttaceae	Thermogutta	Thermogutta terrifontis	2.498314227916386	0.8778175081374129	0.35136393105743136	0.0
NR_134840.1	1	1507	3	1493	99.071	2.46981	31.3	0.333	1433126	Bacteria	Pseudomonadati	Bacteroidota	Bacteroidia	Bacteroidales	Rikenellaceae	Mucinivorans	Mucinivorans hirudinis	2.4698075646980757	0.8336710750108486	0.3375449516500131	0.0
NR_134841.1	1	1507	5	1507	100.0	4.35833	39.5	0.0	1433126	Bacteria	Pseudomonadati	Bacteroidota	Bacteroidia	Bacteroidales	Rikenellaceae	Mucinivorans	Mucinivorans hirudinis	4.358327803583278	1.1359198296386908	0.2606320315568677	0.01
NR_135712.1	1	1498	1	1420	94.7931	0.947931	38.7	0.0	929101	Bacteria	Bacillati	Bacillota	Clostridia	Natranaerobiales	Natranaerobiaceae	Natranaerobaculum	Natranaerobaculum magadiense	0.9479305740987984	0.2221670560355864	0.2343705985502172	0.0
NR_135727.1	1	1346	3	1338	99.4056	2.55126	33.7	6.33	1226327	Bacteria	Pseudomonadati	Pseudomonadota	Gammaproteobacteria	Moraxellales	Moraxellaceae	Acinetobacter	Acinetobacter kookii	2.551263001485884	0.720617023923946	0.2824550128717622	0.0
NR_135731.1	1	1397	1	1170	83.7509	0.837509	41.4	1.0	1353775	Bacteria	Bacillati	Actinomycetota	Actinomycetes	Propionibacteriales	Nocardioidaceae	Nocardioides	Nocardioides endophyticus	0.8375089477451683	0.3689006779499724	0.4404737154667619	0.0
NR_135860.1	1	1470	1	1391	94.6259	0.946259	36.7	1.0	1323370	Bacteria	Bacillati	Bacillota	Tissierellia	Tissierellales	Thermohalobacteraceae	Caloranaerobacter	Caloranaerobacter ferrireducens	0.9462585034013605	0.22550686938977874	0.23831423292809112	0.0
NR_136421.1	1	1402	5	1205	85.9486	3.86091	35.6	0.8	1315211	Bacteria	Pseudomonadati	Campylobacterota	Epsilonproteobacteria	Campylobacterales	Arcobacteraceae	Arcobacter	Arcobacter aquimarinus	3.8609129814550642	1.7998807282135136	0.4661800814622845	0.01
NR_136424.1	1	1526	1	1482	97.1166	0.971166	42.3	1.0	1304284	Bacteria	Bacillati	Bacillota	Tissierellia	Tissierellales	Thermohalobacteraceae	Caldisalinibacter	Caldisalinibacter kiritimatiensis	0.9711664482306684	0.16733851338438474	0.17230672835666067	0.0
NR_136452.1	1	1395	1	1220	87.4552	0.874552	42.6	10.0	1157315	Bacteria	Bacillati	Bacillota	Clostridia	Eubacteriales	Clostridiaceae	Clostridium	Clostridium kogasense	0.8745519713261649	0.33122623805442103	0.37873819843107975	0.0
NR_136464.1	1	1510	1	1220	80.7947	0.807947	21.9	1.0	1325689	Bacteria	Bacillati	Bacillota	Bacilli	Bacillales	Bacillaceae	Perspicuibacillus	Perspicuibacillus lycopersici	0.8079470198675497	0.39391449954869123	0.48754991337583914	0.0
NR_136477.1	1	1553	2	1519	97.8107	1.87959	28.6	1.0	1437324	Bacteria	Bacillati	Bacillota	Bacilli	Bacillales	Sporolactobacillaceae	Pullulanibacillus	Pullulanibacillus pueri	1.8795878943979394	0.38690987406045685	0.20584824748745786	0.0
NR_136485.1	1	1546	1	1451	93.8551	0.938551	44.1	1.0	1508404	Bacteria	Bacillati	Bacillota	Bacilli	Bacillales	Caryophanaceae	Jeotgalibacillus	Jeotgalibacillus malaysiensis	0.9385510996119016	0.2401518957434872	0.2558751418466101	0.0
NR_136488.1	1	1442	5	1442	100.0	4.78502	38.7	52.0	1610899	Bacteria	Pseudomonadati	Bacteroidota	Bacteroidia	Marinilabiliales	Prolixibacteraceae	Roseimarinus	Roseimarinus sediminis	4.78502080443828	0.6228187732038064	0.1301600972405636	0.01
NR_136492.1	1	1420	1	1348	94.9296	0.949296	28.1	15.0	1431246	Bacteria	Bacillati	Actinomycetota	Actinomycetes	Mycobacteriales	Mycobacteriaceae	Mycolicibacterium	Mycolicibacterium anyangense	0.9492957746478873	0.21939304201262677	0.2311113647314021	0.0
NR_136516.2	1	1533	1	1281	83.5616	0.835616	44.0	4.0	1119528	Bacteria	Pseudomonadati	Pseudomonadota	Betaproteobacteria	Nitrosomonadales	Sterolibacteriaceae	Methyloversatilis	Methyloversatilis discipulorum	0.8356164383561644	0.3706232673553062	0.4435327625727435	0.0
NR_136517.2	1	1533	1	1208	78.7997	0.787997	39.5	0.0	1119528	Bacteria	Pseudomonadati	Pseudomonadota	Betaproteobacteria	Nitrosomonadales	Sterolibacteriaceae	Methyloversatilis	Methyloversatilis discipulorum	0.7879973907371167	0.40872668487463787	0.5186904039013409	0.0
NR_136770.1	1	1525	1	1092	71.6066	0.716066	31.6	1.0	1379270	Bacteria	Pseudomonadati	Gemmatimonadota	Gemmatimonadia	Gemmatimonadales	Gemmatimonadaceae	Gemmatimonas	Gemmatimonas phototrophica	0.7160655737704918	0.4509053867844408	0.6296984568189306	0.0
NR_136779.1	1	1472	3	1471	99.9321	2.96875	41.1	5.33	1450019	Bacteria	Bacillati	Bacillota	Bacilli	Bacillales	Bacillaceae	Lysinibacillus	Lysinibacillus alkaliphilus	2.96875	0.18533624701207732	0.06242905162512078	0.0
NR_136796.1	1	1384	12	1378	99.5665	11.6496	39.3	25.2	1482736	Bacteria	Bacillati	Bacillota	Clostridia	Peptostreptococcales	Filifactoraceae	Acetoanaerobium	Acetoanaerobium pronyense	11.64956647398844	1.3307826535594474	0.11423452164772531	0.01
NR_136821.1	1	1439	5	1434	99.6525	4.10007	33.9	1.0	1355374	Bacteria	Pseudomonadati	Campylobacterota	Epsilonproteobacteria	Campylobacterales	Arcobacteraceae	Aliarcobacter	Aliarcobacter lanthieri	4.100069492703266	1.576757431550758	0.3845684650850069	0.01
NR_136822.1	1	1485	1	1467	98.7879	0.987879	41.9	1.0	1435645	Bacteria	Bacillati	Bacillota	Bacilli	Bacillales	Paenibacillaceae	Paenibacillus	Paenibacillus oenotherae	0.9878787878787879	0.10942709142586435	0.1107697551243412	0.0
NR_136860.1	1	1525	1	1468	96.2623	0.962623	19.0	1.0	1644129	Bacteria	Bacillati	Actinomycetota	Actinomycetes	Mycobacteriales	Nocardiaceae	Prescottella	Prescottella agglutinans	0.9626229508196721	0.18968396182834898	0.19704907478762412	0.0
NR_136862.1	1	1547	1	1509	97.5436	0.975436	42.9	1.0	1274803	Bacteria	Bacillati	Bacillota	Bacilli	Bacillales	Caryophanaceae	Savagea	Savagea faecisuis	0.9754363283775048	0.15479114205573116	0.1586891297284401	0.0
NR_136863.2	1	1523	1	1397	91.7269	0.917269	24.4	1.0	1531955	Bacteria	Bacillati	Actinomycetota	Actinomycetes	Micrococcales	Micrococcaceae	Sinomonas	Sinomonas mesophila	0.9172685489166119	0.2754758756861056	0.30032194607726476	0.0
NR_137212.1	1	1444	2	1419	98.2687	1.91066	44.3	1.0	1541063	Bacteria	Pseudomonadati	Bacteroidota	Bacteroidia	Marinilabiliales	Prolixibacteraceae	Prolixibacter	Prolixibacter denitrificans	1.9106648199445984	0.3405590175594185	0.17824110958890912	0.0
NR_137216.1	1	1408	1	1292	91.7614	0.917614	38.7	1.0	1548890	Bacteria	Bacillati	Bacillota	Tissierellia	Tissierellales	Thermohalobacteraceae	Brassicibacter	Brassicibacter thermophilus	0.9176136363636364	0.2749524517496443	0.2996385851884668	0.0
NR_137221.1	1	1443	2	1246	86.3479	1.68122	39.0	6.5	1628158	Bacteria	Pseudomonadati	Bacteroidota	Bacteroidia	Marinilabiliales	Prolixibacteraceae	Mariniphaga	Mariniphaga sediminis	1.6812196812196811	0.7001440567346928	0.41645007166865694	0.0
NR_137222.1	1	1428	3	1224	85.7143	2.2521	35.4	0.667	164759	Bacteria	Pseudomonadati	Pseudomonadota	Betaproteobacteria	Burkholderiales	Comamonadaceae	Diaphorobacter	Diaphorobacter nitroreducens	2.2521008403361344	1.0785805128057604	0.4789219441189757	0.0
NR_137249.1	1	1456	1	1213	83.3104	0.833104	40.7	1.0	1286698	Bacteria	Bacillati	Bacillota	Clostridia	Eubacteriales	Clostridiaceae	Crassaminicella	Crassaminicella profunda	0.8331043956043956	0.3728826378755514	0.4475821275736215	0.0
NR_137267.1	1	1450	8	1446	99.7241	7.61034	36.6	4.62	1576911	Bacteria	Pseudomonadati	Pseudomonadota	Alphaproteobacteria	Hyphomicrobiales	Chelatococcaceae	Camelimonas	Camelimonas fluminis	7.610344827586207	0.8529239071797353	0.11207427869602321	0.01
NR_137350.1	1	1499	11	1487	99.1995	9.17545	36.1	6.18	1544746	Bacteria	Bacillati	Bacillota	Bacilli	Bacillales	Thermoactinomycetaceae	Baia	Baia soyae	9.175450300200133	3.5677804144063447	0.3888398168674648	0.01
NR_137356.2	1	1528	1	1497	97.9712	0.979712	44.5	1.0	1637102	Bacteria	Bacillati	Actinomycetota	Actinomycetes	Kineosporiales	Kineosporiaceae	Kineococcus	Kineococcus gypseus	0.9797120418848168	0.14098353404103492	0.1439030327419515	0.0
NR_137362.1	1	1482	1	1319	89.0013	0.890013	42.3	1.0	1640652	Bacteria	Bacillati	Actinomycetota	Actinomycetes	Micrococcales	Microbacteriaceae	Lysinibacter	Lysinibacter cavernae	0.8900134952766532	0.31287293507442965	0.351537293237532	0.0
NR_137363.1	1	1519	1	1360	89.5326	0.895326	44.9	1.0	1619311	Bacteria	Bacillati	Bacillota	Bacilli	Bacillales	Paenibacillaceae	Paenibacillus	Paenibacillus physcomitrellae	0.8953258722843976	0.3061330669865322	0.3419236240827518	0.0
NR_137378.1	1	1524	3	1512	99.2126	2.85499	31.7	1.0	1537567	Bacteria	Bacillati	Bacillota	Clostridia	Eubacteriales	Eubacteriales Family XII. Incertae Sedis	Fusibacter	Fusibacter fontis	2.85498687664042	0.4560414660153418	0.1597350480825973	0.0
NR_137381.1	1	1463	6	1456	99.5215	5.72317	41.3	8.17	1296669	Bacteria	Pseudomonadati	Pseudomonadota	Betaproteobacteria	Burkholderiales	unclassified Burkholderiales family	Aquabacterium	Aquabacterium olei	5.723171565276829	0.8539580492757476	0.1492106325200548	0.01
NR_137386.1	1	1405	1	1073	76.3701	0.763701	32.9	1.0	1249630	Bacteria	Bacillati	Bacillota	Bacilli	Lactobacillales	Lactobacillaceae	Fructilactobacillus	Fructilactobacillus vespulae	0.7637010676156584	0.42480789415730325	0.5562489201220979	0.0
NR_137400.1	1	1509	24	1508	99.9337	22.336	35.7	57.8	1008392	Bacteria	Pseudomonadati	Fibrobacterota	Chitinispirillia	Chitinispirillales	Chitinispirillaceae	Chitinispirillum	Chitinispirillum alkaliphilum	22.335984095427435	3.051649063002352	0.13662478671029668	0.03
NR_137405.1	1	1402	24	1396	99.572	22.7425	39.2	22.0	1619234	Bacteria	Bacillati	Bacillota	Clostridia	Lachnospirales	Lachnospiraceae	Anaerobium	Anaerobium acetethylicum	22.742510699001425	4.102124146386427	0.18037252793582473	0.03
NR_137408.1	1	1405	162	1377	98.0071	150.47	40.0	11.5	1460447	Bacteria	Bacillati	Bacillota	Clostridia	Peptostreptococcales	Peptostreptococcaceae	Terrisporobacter	Terrisporobacter petrolearius	150.46975088967972	28.157335844494476	0.18712954383196034	0.18
NR_137421.1	1	1327	15	1324	99.7739	14.4574	38.5	25.5	1648923	Bacteria	Bacillati	Bacillota	Bacilli	Bacillales	Bacillaceae	Bacillus	Bacillus paralicheniformis	14.45742275810098	1.7062640888189997	0.11801993462928395	0.02
NR_144591.1	1	1460	1	1449	99.2466	0.992466	44.1	40.0	1774087	Bacteria	Bacillati	Actinomycetota	Actinomycetes	Micrococcales	Microbacteriaceae	Leucobacter	Leucobacter populi	0.9924657534246575	0.08647243320205815	0.08712888369565557	0.0
NR_144605.1	1	1510	10	1497	99.1391	9.42384	35.5	2.4	1796620	Bacteria	Bacillati	Bacillota	Clostridia	Eubacteriales	Acutalibacteraceae	Acutalibacter	Acutalibacter muris	9.42384105960265	1.3229361589654236	0.14038184118325997	0.01
NR_144606.1	1	1517	2	1508	99.4067	1.9321	40.2	23.5	1796613	Bacteria	Pseudomonadati	Bacteroidota	Bacteroidia	Bacteroidales	Bacteroidaceae	Bacteroides	Bacteroides caecimuris	1.932102834541859	0.27413986291953446	0.14188678677889247	0.0
NR_144609.1	1	1399	5	1396	99.7856	4.86562	41.3	6.2	1796610	Bacteria	Bacillati	Actinomycetota	Coriobacteriia	Eggerthellales	Eggerthellaceae	Adlercreutzia	Adlercreutzia muris	4.865618298784846	0.5775996274615399	0.11871042732755904	0.01
NR_144610.1	1	1436	1	1361	94.7772	0.947772	39.9	1.0	1796622	Bacteria	Bacillati	Bacillota	Clostridia	Lachnospirales	Lachnospiraceae	Extibacter	Extibacter muris	0.9477715877437326	0.22248731471582003	0.23474782067003494	0.0
NR_144612.1	1	1448	2	1407	97.1685	1.90539	39.6	39.0	1796636	Bacteria	Bacillati	Bacillota	Clostridia	Lachnospirales	Lachnospiraceae	Frisingicoccus	Frisingicoccus caecimuris	1.9053867403314917	0.37721535628543934	0.1979731192103357	0.0
NR_144613.1	1	1431	7	1426	99.6506	6.62823	36.6	12.1	1796619	Bacteria	Bacillati	Bacillota	Clostridia	Eubacteriales	Eubacteriaceae	Irregularibacter	Irregularibacter muris	6.628232005590496	0.8980993312473752	0.1354960614670526	0.01
NR_144616.1	1	1460	3	1416	96.9863	2.66644	38.8	12.7	1796646	Bacteria	Pseudomonadati	Bacteroidota	Bacteroidia	Bacteroidales	Muribaculaceae	Muribaculum	Muribaculum intestinale	2.6664383561643836	0.7862497596541648	0.2948689054957823	0.0
NR_144696.1	1	1478	1009	1478	100.0	964.507	37.7	16.1	1414720	Bacteria	Bacillati	Bacillota	Clostridia	Eubacteriales	Clostridiaceae	Clostridium	Clostridium saudiense	964.5067658998647	81.14761033628105	0.08413379066405202	1.12
NR_144697.1	1	1387	3	1276	91.9971	2.64311	40.3	1.0	1414721	Bacteria	Bacillati	Bacillota	Clostridia	Eubacteriales	Oscillospiraceae	Faecalispora	Faecalispora jeddahensis	2.6431146359048308	0.8743487615739026	0.3308024365256418	0.0
NR_144705.1	1	1468	7	1467	99.9319	6.87398	39.6	13.4	1211817	Bacteria	Bacillati	Bacillota	Clostridia	Eubacteriales	Clostridiaceae	Clostridium	Clostridium ihumii	6.873978201634878	0.4457534778468657	0.06484650733120591	0.01
NR_144715.1	1	1527	2	1473	96.4637	1.74132	32.9	2.5	1522315	Bacteria	Bacillati	Bacillota	Bacilli	Bacillales	Bacillaceae	Numidum	Numidum massiliense	1.7413228552717748	0.5123379695514588	0.29422342215309427	0.0
NR_144717.1	1	1482	8	1482	100.0	7.77058	37.4	15.6	1522311	Bacteria	Bacillati	Actinomycetota	Actinomycetes	Propionibacteriales	Propionibacteriaceae	Tessaracoccus	Tessaracoccus massiliensis	7.770580296896086	0.5831630564730567	0.07504755554819989	0.01
NR_144719.1	1	1513	1	1425	94.1837	0.941837	19.2	1.0	1622072	Bacteria	Bacillati	Bacillota	Bacilli	Bacillales	Bacillaceae	Bacillus	Bacillus testis	0.9418374091209517	0.23405064388136876	0.24850429767895504	0.0
NR_144720.1	1	1493	15	1482	99.2632	13.9531	36.9	9.0	1627894	Bacteria	Pseudomonadati	Bacteroidota	Bacteroidia	Bacteroidales	Porphyromonadaceae	Lascolabacillus	Lascolabacillus massiliensis	13.953114534494306	2.6961208542446693	0.193227171437562	0.02
NR_144724.1	1	1465	4	1464	99.9317	3.72901	34.3	1.0	1650662	Bacteria	Bacillati	Bacillota	Clostridia	Eubacteriales	Clostridiaceae	Desnuesiella	Desnuesiella massiliensis	3.7290102389078497	0.5803477037372087	0.1556304934971647	0.0
NR_144727.1	1	1478	73	1478	100.0	71.2673	38.3	6.16	1673717	Bacteria	Bacillati	Bacillota	Clostridia	Eubacteriales	Acutalibacteraceae	Anaeromassilibacillus	Anaeromassilibacillus senegalensis	71.26725304465494	3.1545052353223566	0.04426303948246459	0.08
NR_144731.1	1	1495	2	1493	99.8662	1.78729	28.4	1.0	1720294	Bacteria	Bacillati	Bacillota	Clostridia	Lachnospirales	Lachnospiraceae	Eisenbergiella	Eisenbergiella massiliensis	1.7872909698996655	0.41247967695194376	0.23078484919279788	0.0
NR_144736.1	1	1503	182	1503	100.0	174.48	38.7	15.8	1776382	Bacteria	Bacillati	Bacillota	Clostridia	Eubacteriales	Oscillospiraceae	Neglectibacter	Neglectibacter timonensis	174.47970725216234	19.473084467458417	0.1116065860846238	0.2
NR_144737.1	1	1480	106	1480	100.0	101.842	39.6	2.68	1776384	Bacteria	Bacillati	Bacillota	Clostridia	Peptostreptococcales	Anaerovoracaceae	Emergencia	Emergencia timonensis	101.84189189189189	9.215989436062198	0.09049310912100138	0.12
NR_144739.1	1	1476	2	1445	97.8997	1.92005	40.5	5.5	1776385	Bacteria	Bacillati	Bacillota	Clostridia	Eubacteriales	Clostridiaceae	Clostridium	Clostridium massiliodielmoense	1.9200542005420054	0.33994100761929236	0.17704761017857287	0.0
NR_144740.1	1	1466	10860	1466	100.0	10639.5	39.0	48.3	1776391	Bacteria	Bacillati	Bacillota	Clostridia	Peptostreptococcales	Peptostreptococcaceae	Romboutsia	Romboutsia timonensis	10639.49863574352	295.7553426618177	0.027797864616310414	12.09
NR_144742.1	1	1499	1119	1499	100.0	1092.18	38.7	2.43	1805714	Bacteria	Bacillati	Bacillota	Clostridia	Christensenellales	Christensenellaceae	Christensenella	Christensenella massiliensis	1092.177451634423	87.32229948817272	0.07995248332356297	1.25
NR_144743.1	1	1498	418	1498	100.0	387.701	37.2	2.86	1816678	Bacteria	Bacillati	Bacillota	Clostridia	Christensenellales	Christensenellaceae	Christensenella	Christensenella timonensis	387.70093457943926	55.86689083691204	0.14409790086658925	0.47
NR_144748.1	1	1476	40	1476	100.0	38.4641	38.1	1.93	1841867	Bacteria	Bacillati	Bacillota	Clostridia	Eubacteriales	Oscillospiraceae	Merdimmobilis	Merdimmobilis hominis	38.46409214092141	3.158322005199753	0.08211092032612044	0.04
NR_144749.1	1	1479	41	1479	100.0	38.76	34.3	12.3	1852367	Bacteria	Bacillati	Bacillota	Clostridia	Eubacteriales	Eubacteriales Family XIII. Incertae Sedis	Ihubacter	Ihubacter massiliensis	38.75997295469912	3.789936355496517	0.09777964396223962	0.05
NR_144751.1	1	1472	15	1472	100.0	13.7738	37.2	9.93	1852371	Bacteria	Bacillati	Actinomycetota	Coriobacteriia	Eggerthellales	Eggerthellaceae	Raoultibacter	Raoultibacter massiliensis	13.773777173913043	2.090621494426259	0.15178272945970178	0.02
NR_145535.1	1	1494	1	1444	96.6533	0.966533	36.9	4.0	1931217	Bacteria	Bacillati	Actinomycetota	Actinomycetes	Bifidobacteriales	Bifidobacteriaceae	Bifidobacterium	Bifidobacterium longum	0.9665327978580991	0.17985313042228143	0.18608073189119698	0.0
NR_145540.1	1	1430	2	1366	95.5245	1.75175	39.3	19.0	1648214	Bacteria	Bacillati	Bacillota	Clostridia	Eubacteriales	Clostridiaceae	Clostridium	Clostridium amazonense	1.7517482517482517	0.5254838791553788	0.2999768252264238	0.0
NR_145558.2	1	1567	2	1542	98.4046	1.90364	42.7	4.0	937927	Bacteria	Bacillati	Bacillota	Bacilli	Bacillales	Bacillaceae	Oceanobacillus	Oceanobacillus rekensis	1.9036375239310785	0.3449418123877863	0.18120141468711404	0.0
NR_145559.1	1	1460	1	1385	94.863	0.94863	37.3	13.0	1473572	Bacteria	Bacillati	Bacillota	Bacilli	Bacillales	Paenibacillaceae	Paenibacillus	Paenibacillus populi	0.9486301369863014	0.22075099136278545	0.23270501616582437	0.0
NR_145583.1	1	1382	19	1381	99.9276	18.3973	39.5	13.1	1448267	Bacteria	Bacillati	Actinomycetota	Actinomycetes	Mycobacteriales	Corynebacteriaceae	Corynebacterium	Corynebacterium nasicanis	18.3972503617945	1.3365911106029025	0.07265167806698962	0.02
NR_145586.1	1	1405	2	1402	99.7865	1.9395	29.9	42.0	1470088	Bacteria	Bacillati	Bacillota	Bacilli	Bacillales	Bacillaceae	Lysinibacillus	Lysinibacillus louembei	1.9395017793594307	0.24720163545847773	0.12745625608042613	0.0
NR_145610.1	1	1161	40	1161	100.0	39.267	39.7	13.1	1461260	Bacteria	Bacillati	Actinomycetota	Actinomycetes	Micrococcales	Microbacteriaceae	Leucobacter	Leucobacter celer	39.267011197243754	1.5588447678362887	0.03969858464668958	0.04
NR_145611.1	1	1159	2	1157	99.8274	1.96894	38.8	10.5	1461261	Bacteria	Bacillati	Actinomycetota	Actinomycetes	Micrococcales	Microbacteriaceae	Leucobacter	Leucobacter musarum	1.9689387402933562	0.18316033667417442	0.09302490368333399	0.0
NR_145626.1	1	1544	3	1502	97.2798	2.83549	34.6	1.67	1470560	Bacteria	Bacillati	Bacillota	Bacilli	Bacillales	Paenibacillaceae	Paenibacillus	Paenibacillus medicaginis	2.8354922279792745	0.5657627170573792	0.19952892533956	0.0
NR_145842.1	1	1504	6	1504	100.0	5.85705	38.3	50.5	1129264	Bacteria	Pseudomonadati	Spirochaetota	Spirochaetia	Spirochaetales	Sphaerochaetaceae	Sphaerochaeta	Sphaerochaeta associata	5.857047872340425	0.3774435393112631	0.06444262494314221	0.01
NR_145844.1	1	1489	2	1486	99.7985	1.89792	41.7	11.0	1411144	Bacteria	Pseudomonadati	Bacteroidota	Bacteroidia	Bacteroidales	Bacteroidaceae	Bacteroides	Bacteroides caecigallinarum	1.897918065815984	0.30933923600288044	0.16298871988969885	0.0
NR_145864.1	1	1458	1	1336	91.6324	0.916324	44.6	1.0	1582270	Bacteria	Pseudomonadati	Pseudomonadota	Gammaproteobacteria	Moraxellales	Moraxellaceae	Acinetobacter	Acinetobacter populi	0.9163237311385459	0.2769016989671239	0.3021876325554391	0.0
NR_145888.1	1	1496	2	1411	94.3182	1.75869	31.9	25.0	2079532	Bacteria	Bacillati	Bacillota	Bacilli	Bacillales	Paenibacillaceae	Paenibacillus	Paenibacillus faecalis	1.7586898395721926	0.5447163762349047	0.3097285058333019	0.0
NR_145903.1	1	1497	1	1457	97.328	0.97328	38.3	0.0	1054297	Bacteria	Bacillati	Bacillota	Clostridia	Eubacteriales	Clostridiaceae	Clostridium	Clostridium punense	0.9732798931195725	0.1612642017582519	0.1656914962471538	0.0
NR_145906.1	1	1498	8	1498	100.0	7.17824	36.1	3.38	1257004	Bacteria	Bacillati	Actinomycetota	Actinomycetes	Micrococcales	Microbacteriaceae	Leucobacter	Leucobacter zeae	7.178237650200267	1.5095182096388875	0.21029092142091077	0.01
NR_145909.1	1	1424	2	1269	89.1152	1.75843	41.2	13.0	1235591	Bacteria	Pseudomonadati	Pseudomonadota	Alphaproteobacteria	Hyphomicrobiales	unclassified Hyphomicrobiales family	Pseudorhodoplanes	Pseudorhodoplanes sinuspersici	1.7584269662921348	0.6331762253168768	0.3600810482632718	0.0
NR_145927.1	1	1508	1	1498	99.3369	0.993369	39.7	5.0	1544735	Bacteria	Bacillati	Actinomycetota	Actinomycetes	Micromonosporales	Micromonosporaceae	Plantactinospora	Plantactinospora sonchi	0.993368700265252	0.08116234101217074	0.08170414569182474	0.0
NR_145928.1	1	1424	7	1424	100.0	6.9052	40.5	36.9	1631957	Bacteria	Pseudomonadati	Pseudomonadota	Betaproteobacteria	Burkholderiales	Alcaligenaceae	Pelistega	Pelistega suis	6.905196629213483	0.40031724159873605	0.05797332981151227	0.01
NR_145929.1	1	1445	52	1445	100.0	48.7834	38.4	2.6	642589	Bacteria	Bacillati	Bacillota	Clostridia	Eubacteriales	Acutalibacteraceae	Caproiciproducens	Caproiciproducens galactitolivorans	48.78339100346021	5.803542730460327	0.11896554567206452	0.06
NR_145956.2	1	1489	1	1274	85.5608	0.855608	36.0	1.0	1609977	Bacteria	Pseudomonadati	Pseudomonadota	Alphaproteobacteria	Sphingomonadales	Sphingomonadaceae	Sphingomonas	Sphingomonas hengshuiensis	0.8556077904633983	0.35148698320384664	0.41080386027513943	0.0
NR_146010.1	1	1445	1	1433	99.1696	0.991696	42.3	40.0	1610527	Bacteria	Pseudomonadati	Pseudomonadota	Alphaproteobacteria	Hyphomicrobiales	Devosiaceae	Devosia	Devosia honganensis	0.9916955017301038	0.09074984065210016	0.0915097834907779	0.0
NR_146043.1	1	1447	1	1344	92.8818	0.928818	39.8	1.0	1639118	Bacteria	Pseudomonadati	Bacteroidota	Bacteroidia	Marinilabiliales	Prolixibacteraceae	Mangrovibacterium	Mangrovibacterium marinum	0.9288182446440912	0.257128203549047	0.27683371319603495	0.0
NR_146355.1	1	1523	3	1478	97.0453	2.82272	35.9	1.0	1256678	Bacteria	Pseudomonadati	Thermodesulfobacteriota	Desulfovibrionia	Desulfovibrionales	Desulfonatronaceae	Desulfonatronum	Desulfonatronum zhilinae	2.8227183191070258	0.5832719234429967	0.20663483121741894	0.0
NR_146658.1	1	1524	1	1487	97.5722	0.975722	38.7	1.0	1138383	Bacteria	Bacillati	Actinomycetota	Actinomycetes	Mycobacteriales	Mycobacteriaceae	Mycobacterium	Mycobacterium paraintracellulare	0.9757217847769029	0.15391160933691042	0.15774128623365938	0.0
NR_146687.1	1	1499	8	1498	99.9333	7.46364	38.5	12.1	265178	Bacteria	Bacillati	Bacillota	Erysipelotrichia	Erysipelotrichales	Erysipelotrichaceae	Breznakia	Breznakia pachnodae	7.463642428285524	0.9386691330754542	0.12576555510190435	0.01
NR_146698.1	1	1480	7	1480	100.0	6.44257	40.0	0.857	884684	Bacteria	Bacillati	Bacillota	Clostridia	Eubacteriales	Oscillospiraceae	Mageeibacillus	Mageeibacillus indolicus	6.4425675675675675	1.1886621605490608	0.1845013107092407	0.01
NR_146707.1	1	1518	1	1211	79.776	0.79776	42.3	1.0	1436133	Bacteria	Bacillati	Actinomycetota	Actinomycetes	Kitasatosporales	Streptomycetaceae	Actinacidiphila	Actinacidiphila bryophytorum	0.7977602108036891	0.401670084599466	0.5034972654186535	0.0
NR_146812.2	1	1543	1	1519	98.4446	0.984446	40.4	0.0	1514105	Bacteria	Bacillati	Bacillota	Erysipelotrichia	Erysipelotrichales	Erysipelotrichaceae	Erysipelothrix	Erysipelothrix larvae	0.9844458846403111	0.12374241332326691	0.1256975271611592	0.0
NR_146815.1	1	1476	4	1454	98.5095	3.56572	31.3	4.75	1776381	Bacteria	Bacillati	Actinomycetota	Coriobacteriia	Coriobacteriales	Coriobacteriaceae	Olegusella	Olegusella massiliensis	3.5657181571815717	0.9321949135663631	0.261432584538087	0.0
NR_146816.1	1	1415	2	1164	82.2615	1.59223	41.7	1.0	1439717	Bacteria	Pseudomonadati	Pseudomonadota	Betaproteobacteria	Burkholderiales	Alcaligenaceae	Advenella	Advenella kashmirensis	1.592226148409894	0.7721817503481162	0.4849698964680801	0.0
NR_146821.1	1	1510	1	1472	97.4834	0.974834	41.5	14.0	1978490	Bacteria	Bacillati	Bacillota	Bacilli	Bacillales	Bacillaceae	Lysinibacillus	Lysinibacillus endophyticus	0.9748344370860927	0.1566277668778249	0.16067114672929048	0.0
NR_146830.1	1	1466	1	1339	91.337	0.91337	38.2	1.0	1720260	Bacteria	Bacillati	Actinomycetota	Actinomycetes	Kineosporiales	Kineosporiaceae	Thalassiella	Thalassiella azotivora	0.9133697135061392	0.28129251670787964	0.3079722400998891	0.0
NR_146837.2	1	1506	1	1072	71.1819	0.711819	24.1	1.0	1755100	Bacteria	Fusobacteriati	Fusobacteriota	Fusobacteriia	Fusobacteriales	Fusobacteriaceae	Fusobacterium	Fusobacterium gastrosuis	0.7118193891102258	0.45291560626342847	0.6362788274558986	0.0
NR_146840.1	1	1503	19	1489	99.0685	17.5642	37.3	11.8	1307763	Bacteria	Pseudomonadati	Kiritimatiellota	Kiritimatiellia	Kiritimatiellales	Kiritimatiellaceae	Kiritimatiella	Kiritimatiella glycovorans	17.56420492348636	2.7355808666350416	0.1557474920471407	0.02
NR_146844.1	1	1444	1	1397	96.7452	0.967452	42.3	1.0	1348472	Bacteria	Pseudomonadati	Pseudomonadota	Betaproteobacteria	Burkholderiales	Alcaligenaceae	Pusillimonas	Pusillimonas caeni	0.9674515235457064	0.1774516078676041	0.18342170491110976	0.0
NR_147368.1	1	1492	3	1482	99.3298	2.86327	40.4	12.0	1871023	Bacteria	Pseudomonadati	Bacteroidota	Bacteroidia	Bacteroidales	Rikenellaceae	Millionella	Millionella massiliensis	2.863270777479893	0.43328909063457016	0.15132662060551935	0.0
NR_147369.1	1	1499	1	1461	97.465	0.97465	38.9	60.0	1903263	Bacteria	Bacillati	Bacillota	Erysipelotrichia	Erysipelotrichales	Erysipelotrichaceae	Traorella	Traorella massiliensis	0.9746497665110073	0.15718651071592116	0.16127486623077741	0.0
NR_147370.1	1	1495	14	1495	100.0	12.4702	36.1	2.07	1870988	Bacteria	Bacillati	Bacillota	Clostridia	Eubacteriales	Oscillospiraceae	Pseudoflavonifractor	Pseudoflavonifractor phocaeensis	12.470234113712374	2.05255781664627	0.16459657436497202	0.02
NR_147371.1	1	1424	4	1401	98.3848	3.04635	39.6	12.5	1871029	Bacteria	Bacillati	Bacillota	Clostridia	Eubacteriales	Butyricicoccaceae	Intestinibacillus	Intestinibacillus massiliensis	3.0463483146067416	1.1227164749710137	0.36854501160874215	0.0
NR_147372.1	1	1492	3	1483	99.3968	2.65684	38.4	1.0	1871003	Bacteria	Pseudomonadati	Bacteroidota	Bacteroidia	Bacteroidales	Rikenellaceae	Tidjanibacter	Tidjanibacter massiliensis	2.6568364611260056	0.6247252844489476	0.23513878012054232	0.0
NR_147375.1	1	1487	5	1486	99.9328	4.73436	40.6	3.6	1870986	Bacteria	Bacillati	Bacillota	Clostridia	Eubacteriales	unclassified Eubacteriales family	Colidextribacter	Colidextribacter massiliensis	4.734364492266308	0.5810698886517615	0.12273450631039337	0.01
NR_147378.1	1	1479	27	1479	100.0	25.9709	38.1	5.78	1871035	Bacteria	Bacillati	Bacillota	unclassified Bacillota class	unclassified Bacillota order	unclassified Bacillota family	Negativibacillus	Negativibacillus massiliensis	25.970926301555103	1.8908251185080007	0.0728054554756016	0.03
NR_147380.1	1	1472	2	1463	99.3886	1.87364	39.7	1.0	1871008	Bacteria	Bacillati	Actinomycetota	Coriobacteriia	Eggerthellales	Eggerthellaceae	Eggerthella	Eggerthella timonensis	1.8736413043478262	0.35017200995342385	0.1868938356241624	0.0
NR_147391.1	1	1482	1	1472	99.3252	0.993252	41.5	20.0	1852362	Bacteria	Pseudomonadati	Bacteroidota	Bacteroidia	Bacteroidales	Bacteroidaceae	Bacteroides	Bacteroides ihuae	0.9932523616734144	0.08186640155521238	0.08242255917447333	0.0
NR_147394.1	1	1495	4	1493	99.8662	3.47492	36.5	10.8	1870994	Bacteria	Bacillati	Bacillota	Tissierellia	Tissierellales	Tissierellaceae	Urmitella	Urmitella timonensis	3.4749163879598663	0.6243709152673439	0.17967940679974573	0.0
NR_147396.1	1	1453	49	1453	100.0	47.2416	38.8	1.53	1917870	Bacteria	Bacillati	Bacillota	Clostridia	Lachnospirales	Lachnospiraceae	Enterocloster	Enterocloster hominis (ex Hitch et al. 2024)	47.24156916724019	4.950005333601423	0.10478071369894332	0.05
NR_147398.1	1	1490	15	1490	100.0	14.0456	38.5	2.27	1720200	Bacteria	Bacillati	Bacillota	Clostridia	Eubacteriales	Oscillospiraceae	Anaerotruncus	Anaerotruncus rubiinfantis	14.045637583892617	1.7953886951413254	0.12782536103596018	0.02
NR_147400.1	1	1482	41	1482	100.0	39.776	37.3	4.07	1958780	Bacteria	Bacillati	Bacillota	Clostridia	Eubacteriales	Clostridiaceae	Clostridium	Clostridium merdae	39.77597840755735	2.2911589791675104	0.05760157438973758	0.05
NR_147401.1	1	1498	4	1355	90.4539	3.23832	29.0	1.0	1816689	Bacteria	Pseudomonadati	Pseudomonadota	Betaproteobacteria	Burkholderiales	Sutterellaceae	Sutterella	Sutterella massiliensis	3.2383177570093458	1.3479749338897087	0.4162577717927816	0.0
NR_147709.1	1	1571	1	1171	74.5385	0.745385	34.8	1.0	1335616	Bacteria	Bacillati	Bacillota	Bacilli	Lactobacillales	Lactobacillaceae	Paucilactobacillus	Paucilactobacillus wasatchensis	0.7453851050286442	0.43564452278214477	0.5844556321868056	0.0
NR_147741.1	1	1516	1	1437	94.7889	0.947889	29.9	1.0	1387834	Bacteria	Bacillati	Bacillota	Bacilli	Bacillales	Paenibacillaceae	Paenibacillus	Paenibacillus terreus	0.9478891820580475	0.22225049065271826	0.23446885443947174	0.0
NR_147752.1	1	1516	6	1512	99.7361	5.81926	38.3	10.7	1670831	Bacteria	Bacillati	Actinomycetota	Nitriliruptoria	Egibacterales	Egibacteraceae	Egibacter	Egibacter rhizosphaerae	5.819261213720317	0.6387227383745964	0.10976010784129313	0.01
NR_147774.1	1	1528	1	1282	83.9005	0.839005	43.9	1.0	1686310	Bacteria	Pseudomonadati	Pseudomonadota	Alphaproteobacteria	Hyphomicrobiales	Bartonellaceae	Bartonella	Bartonella apis	0.8390052356020943	0.36752612183948097	0.4380498550473689	0.0
NR_147778.1	1	1490	24	1487	99.7987	22.3302	37.0	7.12	1211803	Bacteria	Pseudomonadati	Pseudomonadota	Betaproteobacteria	Burkholderiales	Comamonadaceae	Comamonas	Comamonas phosphati	22.330201342281878	2.70638580408174	0.12119845059154222	0.03
NR_148244.1	1	1513	24	1513	100.0	23.0674	36.8	1.96	1178537	Bacteria	Bacillati	Bacillota	Bacilli	Bacillales	Bacillaceae	Bacillus	Bacillus xiamenensis	23.06741573033708	1.501073331673885	0.06507332027227265	0.03
NR_148266.1	1	1412	1	1193	84.4901	0.844901	43.4	1.0	1157312	Bacteria	Bacillati	Bacillota	Clostridia	Eubacteriales	Clostridiaceae	Clostridium	Clostridium vulturis	0.8449008498583569	0.36199917647279656	0.4284516656995715	0.0
NR_148308.1	1	1510	11	1465	97.0199	8.91325	40.1	0.909	1544730	Bacteria	Bacillati	Actinomycetota	Actinomycetes	Propionibacteriales	Kribbellaceae	Kribbella	Kribbella qitaiheensis	8.913245033112583	3.9313340589430625	0.44106653012883756	0.01
NR_148318.1	1	1443	1	1384	95.9113	0.959113	46.3	1.0	1636859	Bacteria	Pseudomonadati	Pseudomonadota	Betaproteobacteria	Burkholderiales	Alcaligenaceae	Paralcaligenes	Paralcaligenes ginsengisoli	0.9591129591129591	0.19802851000435082	0.20647047683257097	0.0
NR_148321.1	1	1450	1	1442	99.4483	0.994483	40.0	60.0	1172363	Bacteria	Pseudomonadati	Pseudomonadota	Alphaproteobacteria	Sphingomonadales	Sphingomonadaceae	Sphingomonas	Sphingomonas chloroacetimidivorans	0.9944827586206897	0.07407294665984858	0.07448389227238587	0.0
NR_148574.1	1	1472	299	1472	100.0	286.11	38.2	31.2	1907662	Bacteria	Bacillati	Actinomycetota	Coriobacteriia	Eggerthellales	Eggerthellaceae	Raoultibacter	Raoultibacter timonensis	286.11005434782606	24.307559590751136	0.08495877450430407	0.33
NR_148596.1	1	1521	14	1249	82.117	10.737	41.4	0.786	242600	Bacteria	Pseudomonadati	Bacteroidota	Flavobacteriia	Flavobacteriales	Ichthyobacteriaceae	Ichthyobacterium	Ichthyobacterium seriolicida	10.737015121630506	5.491539488080441	0.5114586713226594	0.02
NR_148598.1	1	1490	363	1490	100.0	348.848	38.4	28.7	1742923	Bacteria	Pseudomonadati	Planctomycetota	Planctomycetia	Pirellulales	Thermoguttaceae	Thermostilla	Thermostilla marina	348.848322147651	27.686642053371553	0.07936584554261696	0.4
NR_148613.1	1	1431	1	1430	99.9301	0.999301	41.4	34.0	1660197	Bacteria	Bacillati	Bacillota	Bacilli	Bacillales	Paenibacillaceae	Paenibacillus	Paenibacillus cavernae	0.9993011879804332	0.02642581467671501	0.026444294267398027	0.0
NR_148616.1	1	1354	16	1354	100.0	15.2393	37.2	22.9	1655277	Bacteria	Bacillati	Bacillota	Bacilli	Bacillales	Paenibacillaceae	Brevibacillus	Brevibacillus gelatini	15.239290989660265	0.949410809809384	0.062300195622850926	0.02
NR_148619.1	1	1434	2	1381	96.304	1.8947	41.3	0.5	1712665	Bacteria	Bacillati	Bacillota	Clostridia	Lachnospirales	Lachnospiraceae	Agathobacter	Agathobacter ruminis	1.894700139470014	0.4100376900899027	0.21641297298083198	0.0
NR_148623.1	1	1431	110	1424	99.5108	103.54	37.7	15.1	1481665	Bacteria	Pseudomonadati	Pseudomonadota	Betaproteobacteria	Burkholderiales	Alcaligenaceae	Advenella	Advenella alkanexedens	103.54018169112508	16.296806792655644	0.15739596479820087	0.12
NR_148635.1	1	1423	1	1321	92.832	0.92832	46.6	1.0	1562974	Bacteria	Pseudomonadati	Pseudomonadota	Betaproteobacteria	Burkholderiales	Comamonadaceae	Comamonas	Comamonas piscis	0.9283204497540407	0.2579565706131513	0.2778744890102304	0.0
NR_148643.1	1	1523	1	1474	96.7827	0.967827	34.3	1.0	1324350	Bacteria	Pseudomonadati	Pseudomonadota	Gammaproteobacteria	Moraxellales	Moraxellaceae	Acinetobacter	Acinetobacter equi	0.9678266579120157	0.17646024523068285	0.18232629137471507	0.0
NR_148651.1	1	1521	2	1253	82.38	1.61538	35.9	1.0	1750598	Bacteria	unclassified Bacteria kingdom	unclassified Bacteria phylum	Deltaproteobacteria	unclassified Deltaproteobacteria order	unclassified Deltaproteobacteria family	Dissulfurimicrobium	Dissulfurimicrobium hydrothermale	1.6153846153846154	0.7675194639536276	0.47513109673319803	0.0
NR_148737.1	1	1555	3	1529	98.328	2.71768	37.1	1.0	1462996	Bacteria	Bacillati	Bacillota	Bacilli	Bacillales	Paenibacillaceae	Paenibacillus	Paenibacillus yonginensis	2.717684887459807	0.6112891157375546	0.2249300934623515	0.0
NR_148739.1	1	1555	12	1523	97.9421	11.3177	38.4	3.5	1462996	Bacteria	Bacillati	Bacillota	Bacilli	Bacillales	Paenibacillaceae	Paenibacillus	Paenibacillus yonginensis	11.317684887459807	2.3532236445529087	0.20792447112220996	0.01
NR_148741.1	1	1555	1	1434	92.2186	0.922186	39.1	1.0	1462996	Bacteria	Bacillati	Bacillota	Bacilli	Bacillales	Paenibacillaceae	Paenibacillus	Paenibacillus yonginensis	0.9221864951768489	0.2678778887670474	0.29048125316091955	0.0
NR_148743.1	1	1555	1	1400	90.0322	0.900322	41.0	1.0	1462996	Bacteria	Bacillati	Bacillota	Bacilli	Bacillales	Paenibacillaceae	Paenibacillus	Paenibacillus yonginensis	0.9003215434083601	0.2995707961119496	0.332737562824344	0.0
NR_148778.1	1	1508	7	1508	100.0	6.84881	38.6	2.43	1642469	Bacteria	Bacillati	Actinomycetota	Actinomycetes	Propionibacteriales	Propionibacteriaceae	Mariniluteicoccus	Mariniluteicoccus endophyticus	6.848806366047746	0.526189350959258	0.07682935139877624	0.01
NR_148786.1	1	1513	11	1513	100.0	10.6953	37.2	4.36	1178540	Bacteria	Bacillati	Bacillota	Bacilli	Bacillales	Bacillaceae	Bacillus	Bacillus zhangzhouensis	10.695307336417713	0.7154866443160852	0.0668972495890642	0.01
NR_148787.1	1	1513	2	1513	100.0	1.96034	42.1	1.0	1326968	Bacteria	Bacillati	Bacillota	Bacilli	Bacillales	Bacillaceae	Bacillus	Bacillus australimaris	1.9603436880370126	0.19515042629849383	0.09954908799380349	0.0
NR_148788.1	1	1589	2	1422	89.4902	1.78414	39.7	19.5	1329262	Bacteria	Bacillati	Bacillota	Clostridia	Lachnospirales	Lachnospiraceae	Mobilisporobacter	Mobilisporobacter senegalensis	1.7841409691629957	0.6160024357869639	0.3452655627744217	0.0
NR_148802.1	1	1534	1	1063	69.296	0.69296	36.7	1.0	1513270	Bacteria	Pseudomonadati	Pseudomonadota	Gammaproteobacteria	Cellvibrionales	Cellvibrionaceae	Marinagarivorans	Marinagarivorans algicola	0.6929595827900913	0.46126629988486606	0.6656467582534191	0.0
NR_148807.1	1	1416	3	1411	99.6469	2.8863	37.6	1.0	1642647	Bacteria	Pseudomonadati	Bacteroidota	Bacteroidia	Bacteroidales	Dysgonomonadaceae	Proteiniphilum	Proteiniphilum saccharofermentans	2.8862994350282487	0.3929949909108701	0.13615877345969954	0.0
NR_148809.1	1	1523	55	1523	100.0	52.3388	37.9	17.1	1562970	Bacteria	Pseudomonadati	Bacteroidota	Bacteroidia	Bacteroidales	Dysgonomonadaceae	Fermentimonas	Fermentimonas caenicola	52.33880499015102	4.63147306599659	0.08849023333391216	0.06
NR_148815.1	1	1490	284	1490	100.0	269.981	38.6	3.16	1629550	Bacteria	Bacillati	Bacillota	Clostridia	Peptostreptococcales	Peptostreptococcaceae	Paraclostridium	Paraclostridium benzoelyticum	269.9805369127517	23.779530359980868	0.08807868386329487	0.32
NR_148816.1	1	1438	97	1438	100.0	90.8602	39.3	3.52	913099	Bacteria	Bacillati	Bacillota	Tissierellia	unclassified Tissierellia order	unclassified Tissierellia family	Sedimentibacter	Sedimentibacter acidaminivorans	90.86022253129346	11.038020798556536	0.12148353251891823	0.11
NR_148817.1	1	1609	86	1448	89.9938	68.8782	38.6	4.84	913099	Bacteria	Bacillati	Bacillota	Tissierellia	unclassified Tissierellia order	unclassified Tissierellia family	Sedimentibacter	Sedimentibacter acidaminivorans	68.87818520820386	29.288306966859004	0.42521891188518957	0.1
NR_148830.1	1	1396	1	1353	96.9198	0.969198	40.2	25.0	1610493	Bacteria	Bacillati	Actinomycetota	Actinomycetes	Propionibacteriales	Propionibacteriaceae	Tessaracoccus	Tessaracoccus flavus	0.9691977077363897	0.17278168610971978	0.17827290008068647	0.0
NR_148837.1	1	1520	6	1515	99.6711	5.68684	39.9	6.83	1675854	Bacteria	Bacillati	Bacillota	Clostridia	Lachnospirales	Vallitaleaceae	Abyssivirga	Abyssivirga alkaniphila	5.686842105263158	0.7975855184741959	0.14025103980573553	0.01
NR_148841.1	1	1403	2	1361	97.0064	1.89237	39.8	1.0	1210932	Bacteria	Pseudomonadati	Pseudomonadota	Alphaproteobacteria	Hyphomicrobiales	Rhizobiaceae	Peteryoungia	Peteryoungia ipomoeae	1.8923734853884533	0.3948604202204022	0.20865882093002797	0.0
NR_148846.1	1	1490	5	1484	99.5973	4.7443	38.1	3.8	1776741	Bacteria	Pseudomonadati	Pseudomonadota	Gammaproteobacteria	Moraxellales	Moraxellaceae	Acinetobacter	Acinetobacter proteolyticus	4.744295302013422	0.5836568991145165	0.12302288579440226	0.01
NR_148862.1	1	1487	24	1241	83.4566	18.3369	36.2	0.958	1539049	Bacteria	Pseudomonadati	Bacteroidota	Chitinophagia	Chitinophagales	Chitinophagaceae	Dinghuibacter	Dinghuibacter silviterrae	18.3369199731002	9.813876616253944	0.5351976575483044	0.03
NR_148884.1	1	1555	3	1515	97.4277	2.8373	39.5	1.0	1616788	Bacteria	Bacillati	Bacillota	Bacilli	Bacillales	Paenibacillaceae	Paenibacillus	Paenibacillus bovis	2.837299035369775	0.5725986658395624	0.2018111798233272	0.0
NR_148885.1	1	1555	1	1514	97.3633	0.973633	37.7	1.0	1616788	Bacteria	Bacillati	Bacillota	Bacilli	Bacillales	Paenibacillaceae	Paenibacillus	Paenibacillus bovis	0.9736334405144694	0.16022285737817388	0.16456178548418784	0.0
NR_148890.1	1	1555	1	1434	92.2186	0.922186	38.9	1.0	1616788	Bacteria	Bacillati	Bacillota	Bacilli	Bacillales	Paenibacillaceae	Paenibacillus	Paenibacillus bovis	0.9221864951768489	0.2678778887670472	0.2904812531609194	0.0
NR_149183.1	1	1518	18	1513	99.6706	17.1746	37.3	7.33	1805971	Bacteria	Pseudomonadati	Pseudomonadota	Betaproteobacteria	Burkholderiales	Comamonadaceae	Hydrogenophaga	Hydrogenophaga laconesensis	17.174571805006586	1.5702140350050298	0.0914266773479205	0.02
NR_149186.1	1	1507	1	1459	96.8149	0.968149	40.8	16.0	1795032	Bacteria	Bacillati	Actinomycetota	Actinomycetes	Mycobacteriales	Mycobacteriaceae	Mycolicibacter	Mycolicibacter virginiensis	0.9681486396814863	0.17560424586089327	0.1813814931544662	0.0
NR_149205.1	1	1520	2	1500	98.6842	1.91053	34.6	4.5	1347368	Bacteria	Bacillati	Bacillota	Bacilli	Bacillales	Bacillaceae	Bacillus	Bacillus ndiopicus	1.9105263157894736	0.3283046352368606	0.17183989172177278	0.0
NR_149213.1	1	1515	3	1233	81.3861	2.37162	44.7	1.0	1124743	Bacteria	Bacillati	Actinomycetota	Actinomycetes	Propionibacteriales	Kribbellaceae	Kribbella	Kribbella soli	2.3716171617161717	1.1800820964767416	0.49758540945234164	0.0
NR_149225.1	1	1484	1	1468	98.9218	0.989218	40.7	1.0	1774216	Bacteria	Bacillati	Actinomycetota	Actinomycetes	Propionibacteriales	Nocardioidaceae	Nocardioides	Nocardioides rotundus	0.9892183288409704	0.10327355288769705	0.10439915019437494	0.0
NR_149240.1	1	1485	1	1290	86.8687	0.868687	38.2	1.0	1553431	Bacteria	Pseudomonadati	Pseudomonadota	Betaproteobacteria	Burkholderiales	Burkholderiaceae	Mycoavidus	Mycoavidus cysteinexigens	0.8686868686868687	0.3377424948949568	0.3887965929604735	0.0
NR_149306.1	1	1549	4	1523	98.3215	3.47127	39.4	2.75	1707966	Bacteria	Pseudomonadati	Myxococcota	unclassified Myxococcota class	Polyangiales	Polyangiaceae	Racemicystis	Racemicystis crocea	3.471271788250484	1.1242877652400418	0.32388353140353815	0.0
NR_149761.1	1	1524	1	1124	73.7533	0.737533	23.5	1.0	1307839	Bacteria	Pseudomonadati	Bacteroidota	Bacteroidia	Bacteroidales	Salinivirgaceae	Salinivirga	Salinivirga cyanobacteriivorans	0.7375328083989501	0.4399751867254638	0.5965499862718923	0.0
NR_149765.1	1	1512	3	1508	99.7354	2.9623	39.3	4.33	1544732	Bacteria	Bacillati	Actinomycetota	Actinomycetes	Micromonosporales	Micromonosporaceae	Plantactinospora	Plantactinospora soyae	2.9623015873015874	0.231242317870676	0.07806170676947133	0.0
NR_149774.1	1	1494	1	321	21.4859	0.214859	36.2	1.0	1685017	Bacteria	Bacillati	Actinomycetota	Actinomycetes	Glycomycetales	Glycomycetaceae	Salilacibacter	Salilacibacter albus	0.21485943775100402	0.41072479808300755	1.9115976583676426	0.0
NR_149778.1	1	1480	5	1480	100.0	4.9027	37.9	14.4	1776858	Bacteria	Bacillati	Bacillota	Bacilli	Bacillales	Paenibacillaceae	Paenibacillus	Paenibacillus cucumis (ex Kampfer et al. 2016)	4.902702702702703	0.30088741405821695	0.061371743771521645	0.01
NR_149782.1	1	1521	13	1256	82.5773	10.6036	40.5	1.46	1765737	Bacteria	unclassified Bacteria kingdom	unclassified Bacteria phylum	Deltaproteobacteria	unclassified Deltaproteobacteria order	Dissulfurirhabdaceae	Dissulfurirhabdus	Dissulfurirhabdus thermomarina	10.603550295857989	4.962312987210599	0.467985990423321	0.01
NR_149795.1	1	1446	6	1446	100.0	5.7787	37.7	44.3	1678841	Bacteria	Pseudomonadati	Bacteroidota	Bacteroidia	Bacteroidales	Lentimicrobiaceae	Lentimicrobium	Lentimicrobium saccharophilum	5.7786998616874135	0.4928141700301906	0.08528115005548775	0.01
NR_149800.1	1	1468	10	1395	95.0272	9.05518	42.0	3.8	1752076	Bacteria	Pseudomonadati	Pseudomonadota	Gammaproteobacteria	Moraxellales	Moraxellaceae	Acinetobacter	Acinetobacter halotolerans	9.05517711171662	2.3646653325246634	0.26113960040218204	0.01
NR_151862.1	1	1485	2	1406	94.6801	1.76566	26.7	1.0	1867036	Bacteria	Bacillati	Cyanobacteriota	Cyanophyceae	Coleofasciculales	Wilmottiaceae	Potamolinea	Potamolinea magna	1.7656565656565657	0.5346250045787858	0.3027910495040034	0.0
NR_151894.1	1	1479	14	1479	100.0	13.4003	36.8	15.5	433293	Bacteria	Bacillati	Bacillota	Clostridia	Lachnospirales	Lachnospiraceae	Anaerotaenia	Anaerotaenia torta	13.40027045300879	1.2042969865406785	0.08987109556958794	0.02
NR_151895.1	1	1478	3	1470	99.4587	2.84235	34.9	25.3	433286	Bacteria	Bacillati	Bacillota	Clostridia	Lachnospirales	Lachnospiraceae	Anaerocolumna	Anaerocolumna cellulosilytica	2.842354533152909	0.4537235856424218	0.1596294833562246	0.0
NR_151896.1	1	1548	2	1537	99.2894	1.76615	23.7	13.5	1490051	Bacteria	Bacillati	Bacillota	Bacilli	Bacillales	Anoxybacillaceae	Anoxybacteroides	Anoxybacteroides rupiense	1.7661498708010337	0.43974553161744145	0.24898539975998513	0.0
NR_151898.1	1	1497	2	1480	98.8644	1.81496	44.4	1.0	861532	Bacteria	Bacillati	Bacillota	Bacilli	Bacillales	Paenibacillaceae	Ammoniphilus	Ammoniphilus resinae	1.8149632598530394	0.41654559869372243	0.22950635305281653	0.0
NR_151900.1	1	1519	436	1519	100.0	418.6	38.1	19.1	1550024	Bacteria	Bacillati	Bacillota	Clostridia	Eubacteriales	Oscillospiraceae	Ruthenibacterium	Ruthenibacterium lactatiformans	418.5997366688611	25.183757055236295	0.060161903721306545	0.49
NR_151901.1	1	1423	1	1367	96.0647	0.960647	44.9	42.0	1658519	Bacteria	Bacillati	Bacillota	Bacilli	Bacillales	Paenibacillaceae	Paenibacillus	Paenibacillus cisolokensis	0.960646521433591	0.19443451928896838	0.2023996495597674	0.0
NR_151903.1	1	1412	6	1398	99.0085	5.42351	43.4	1.0	1806172	Bacteria	Bacillati	Bacillota	Bacilli	Bacillales	Bacillaceae	Tepidibacillus	Tepidibacillus infernus	5.423512747875354	1.5326335388099133	0.2825905663096889	0.01
NR_151905.1	1	1515	2	1505	99.3399	1.90891	37.4	18.5	1612172	Bacteria	Pseudomonadati	Acidobacteriota	Vicinamibacteria	Vicinamibacterales	Vicinamibacteraceae	Vicinamibacter	Vicinamibacter silvestris	1.9089108910891088	0.3098276993438813	0.16230600432433617	0.0
NR_151907.1	1	1552	7	1549	99.8067	5.86405	37.8	8.0	1548207	Bacteria	Pseudomonadati	Verrucomicrobiota	Opitutia	Opitutales	Opitutaceae	Cephaloticoccus	Cephaloticoccus primus	5.864046391752577	1.0571046422431112	0.18026880614891866	0.01
NR_151910.1	1	1493	1	1218	81.5807	0.815807	41.1	1.0	1547922	Bacteria	Pseudomonadati	Pseudomonadota	Betaproteobacteria	Burkholderiales	Sphaerotilaceae	Piscinibacter	Piscinibacter sakaiensis	0.8158070997990623	0.38764142672901275	0.47516309532546475	0.0
NR_151920.1	1	1506	1	1229	81.6069	0.816069	33.7	1.0	1743157	Bacteria	Pseudomonadati	Pseudomonadota	Betaproteobacteria	Burkholderiales	Burkholderiaceae	Polynucleobacter	Polynucleobacter sinensis	0.8160690571049137	0.3874278657257531	0.47474887370462504	0.0
NR_151925.1	1	1407	1	1395	99.1471	0.991471	44.4	1.0	1783356	Bacteria	Pseudomonadati	Pseudomonadota	Alphaproteobacteria	Rhodobacterales	unclassified Rhodobacterales family	Rhodobacter	Rhodobacter sediminis	0.9914712153518124	0.09195675331704822	0.09274777915203358	0.0
NR_151947.1	1	1403	55	1400	99.7862	51.3193	38.7	34.0	1610489	Bacteria	Bacillati	Actinomycetota	Actinomycetes	Mycobacteriales	Corynebacteriaceae	Corynebacterium	Corynebacterium pollutisoli	51.31931575196008	6.4134651286101265	0.12497175838446699	0.06
NR_151982.1	1	1383	10	1383	100.0	9.55893	36.7	8.8	1628085	Bacteria	Bacillati	Bacillota	Clostridia	Eubacteriales	Butyricicoccaceae	Agathobaculum	Agathobaculum butyriciproducens	9.558929862617498	0.830086465539801	0.0868388488533695	0.01
NR_151987.1	1	1528	1	1322	86.5183	0.865183	41.3	1.0	1458336	Bacteria	Pseudomonadati	Acidobacteriota	Blastocatellia	Blastocatellales	Arenimicrobiaceae	Brevitalea	Brevitalea aridisoli	0.8651832460732984	0.3415277394112623	0.3947461314829113	0.0
NR_152022.1	1	1511	3	1510	99.9338	2.97684	40.1	6.33	1701090	Bacteria	Bacillati	Actinomycetota	Actinomycetes	Mycobacteriales	Gordoniaceae	Gordonia	Gordonia hongkongensis	2.9768365320979484	0.17101185731727345	0.057447513651934234	0.0
NR_152023.1	1	1511	2	1509	99.8676	1.95831	39.1	6.5	1701090	Bacteria	Bacillati	Actinomycetota	Actinomycetes	Mycobacteriales	Gordoniaceae	Gordonia	Gordonia hongkongensis	1.958305757776307	0.20640514979913965	0.10539985851520785	0.0
NR_152039.1	1	1524	25	1307	85.7612	19.7231	33.6	6.28	1738054	Bacteria	Pseudomonadati	Bacteroidota	Chitinophagia	Chitinophagales	Chitinophagaceae	Arvibacter	Arvibacter aurantiibacter	19.72309711286089	9.117818318015145	0.46229140716797795	0.03
NR_152052.1	1	1509	1	1434	95.0298	0.950298	19.6	1.0	1794912	Bacteria	Bacillati	Bacillota	Negativicutes	Selenomonadales	Sporomusaceae	Anaerosporomusa	Anaerosporomusa subterranea	0.9502982107355865	0.21732814223732846	0.228694676873172	0.0
NR_152053.1	1	1483	2	1480	99.7977	1.77748	33.6	28.0	1670801	Bacteria	Bacillati	Bacillota	Bacilli	Bacillales	Paenibacillaceae	Paenibacillus	Paenibacillus silagei	1.777478084962913	0.42077519575895245	0.236725954214919	0.0
NR_152056.1	1	1475	41	1475	100.0	35.6176	39.7	10.2	640938	Bacteria	Bacillati	Bacillota	Bacilli	Lactobacillales	Carnobacteriaceae	Trichococcus	Trichococcus ilyis	35.617627118644066	10.726881856785475	0.301167784733489	0.05
NR_152057.1	1	1495	1	1067	71.3712	0.713712	23.0	1.0	1413210	Bacteria	Bacillati	Bacillota	Clostridia	Halanaerobiales	Halobacteroidaceae	Orenia	Orenia metallireducens	0.7137123745819398	0.4520254649359363	0.6333440206928067	0.0
NR_152058.1	1	1493	1	1213	81.2458	0.812458	17.4	1.0	1413211	Bacteria	Bacillati	Bacillota	Bacilli	Bacillales	Bacillaceae	Tepidibacillus	Tepidibacillus decaturensis	0.8124581379772271	0.39034588765837225	0.48045046189113744	0.0
NR_152059.1	1	1363	311	1342	98.4593	294.579	39.6	1.62	1849041	Bacteria	Bacillati	Bacillota	Clostridia	Eubacteriales	Oscillospiraceae	Harryflintia	Harryflintia acetispora	294.57887013939836	49.631172838100596	0.16848178151615054	0.35
NR_152060.1	1	1418	2	1370	96.615	1.90056	36.1	1.0	1712515	Bacteria	Bacillati	Bacillota	Clostridia	Eubacteriales	Butyricicoccaceae	Butyricicoccus	Butyricicoccus faecihominis	1.9005641748942173	0.396546755247577	0.20864686417108133	0.0
NR_152086.1	1	1545	1	1467	94.9515	0.949515	33.4	1.0	1792846	Bacteria	Pseudomonadati	Pseudomonadota	Gammaproteobacteria	Lysobacterales	Lysobacteraceae	Lysobacter	Lysobacter firmicutimachus	0.9495145631067962	0.21894441658764988	0.2305856330115331	0.0
NR_152095.1	1	1521	13	1521	100.0	12.5786	38.9	20.1	1679721	Bacteria	Bacillati	Bacillota	Clostridia	Lachnospirales	Lachnospiraceae	Herbinix	Herbinix luporum	12.578566732412886	0.9726237164517826	0.07732389048312573	0.01
NR_152635.1	1	1484	5	1476	99.4609	4.87264	38.4	1.0	1938558	Bacteria	Pseudomonadati	Pseudomonadota	Alphaproteobacteria	Rhodospirillales	Kiloniellaceae	Kiloniella	Kiloniella majae	4.872641509433962	0.5833085097751991	0.11971094295483273	0.01
NR_152636.1	1	1507	1	1119	74.2535	0.742535	33.1	1.0	1936991	Bacteria	Pseudomonadati	Campylobacterota	Epsilonproteobacteria	Nautiliales	Nautiliaceae	Lebetimonas	Lebetimonas natsushimae	0.7425348374253484	0.43723775298464423	0.5888447665307049	0.0
NR_152684.1	1	1421	4	1382	97.2555	3.57565	31.3	6.75	1677857	Bacteria	Bacillati	Bacillota	Clostridia	Eubacteriales	Oscillospiraceae	Acetivibrio	Acetivibrio saccincola	3.5756509500351865	0.9465361581646156	0.26471715818774233	0.0
NR_152687.1	1	1473	2	1470	99.7963	1.97556	42.8	26.0	1851510	Bacteria	Bacillati	Bacillota	Bacilli	Bacillales	Paenibacillaceae	Paenibacillus	Paenibacillus hispanicus	1.9755600814663952	0.16708060531156022	0.0845737909360578	0.0
NR_152688.1	1	1484	7	1483	99.9326	6.77965	33.7	17.9	433279	Bacteria	Bacillati	Bacillota	Clostridia	Eubacteriales	Clostridiaceae	Falcatimonas	Falcatimonas natans	6.7796495956873315	0.5958896821857255	0.08789387619159295	0.01
NR_152695.1	1	1438	11	1438	100.0	10.3498	40.3	15.7	1679444	Bacteria	Pseudomonadati	Verrucomicrobiota	Verrucomicrobiia	Verrucomicrobiales	Akkermansiaceae	Akkermansia	Akkermansia glycaniphila	10.349791376912378	1.5265510449300022	0.14749582762946603	0.01
NR_153669.1	1	1525	2	1295	84.918	1.61639	39.8	1.0	1236314	Bacteria	Bacillati	Actinomycetota	Actinomycetes	Kitasatosporales	Streptomycetaceae	Streptomyces	Streptomyces litoralis	1.616393442622951	0.733547483655064	0.4538174087521186	0.0
NR_153676.1	1	1438	1	1118	77.7469	0.777469	31.9	1.0	222534	Bacteria	Bacillati	Actinomycetota	Actinomycetes	Frankiales	Frankiaceae	Parafrankia	Parafrankia elaeagni	0.7774687065368567	0.41594605045938954	0.5350003761722738	0.0
NR_153687.1	1	1376	2	1230	89.3895	1.72311	44.0	1.0	1577474	Bacteria	Bacillati	Actinomycetota	Actinomycetes	Propionibacteriales	Propionibacteriaceae	Raineyella	Raineyella antarctica	1.723110465116279	0.6422079279183477	0.3727027030011162	0.0
NR_153707.1	1	1423	4	1417	99.5784	3.69642	39.1	17.2	1844972	Bacteria	Bacillati	Bacillota	Bacilli	Bacillales	Paenibacillaceae	Paenibacillus	Paenibacillus oryzae	3.696416022487702	0.6388960314027351	0.17284202522549277	0.0
NR_153710.1	1	1488	12	1488	100.0	10.9597	39.2	15.4	1643805	Bacteria	Bacillati	Bacillota	Clostridia	Eubacteriales	Peptococcaceae	Peptococcus	Peptococcus simiae	10.959677419354838	1.6951029731229246	0.1546672322790601	0.01
NR_153728.1	1	1411	1	1379	97.7321	0.977321	43.3	47.0	1737444	Bacteria	Pseudomonadati	Pseudomonadota	Alphaproteobacteria	Sphingomonadales	Sphingomonadaceae	Novosphingobium	Novosphingobium bradum	0.9773210489014883	0.14887785690149763	0.1523326004989218	0.0
NR_153730.1	1	1397	2	1390	99.4989	1.97566	39.2	1.0	1945662	Bacteria	Pseudomonadati	Pseudomonadota	Alphaproteobacteria	Rhodobacterales	Paracoccaceae	Paracoccus	Paracoccus contaminans	1.9756621331424482	0.18375801936998543	0.09301085255792378	0.0
NR_153732.1	1	1527	1	1226	80.2881	0.802881	36.9	1.0	1768907	Bacteria	Pseudomonadati	Pseudomonadota	Gammaproteobacteria	Pseudomonadales	Pseudohongiellaceae	Pseudohongiella	Pseudohongiella nitratireducens	0.8028814669286182	0.3978225948725975	0.4954935582140754	0.0
NR_156018.1	1	1508	9	1508	100.0	8.25663	40.7	46.9	1408281	Bacteria	Pseudomonadati	Elusimicrobiota	Endomicrobiia	Endomicrobiales	Endomicrobiaceae	Endomicrobium	Endomicrobium proavitum	8.256631299734748	0.6624064355143185	0.08022720301627118	0.01
NR_156071.1	1	1442	1	1374	95.2843	0.952843	43.2	1.0	1849719	Bacteria	Pseudomonadati	Bacteroidota	Bacteroidia	Marinilabiliales	Marinilabiliaceae	Saccharicrinis	Saccharicrinis aurantiacus	0.9528432732316228	0.21197398399065565	0.22246469062192537	0.0
NR_156077.1	1	1412	14	1412	100.0	13.3881	38.1	0.929	1469948	Bacteria	Bacillati	Bacillota	Clostridia	Lachnospirales	Lachnospiraceae	Kineothrix	Kineothrix alysoides	13.388101983002834	1.404999196846916	0.10494386722110904	0.02
NR_156078.1	1	1412	15	1412	100.0	14.369	40.5	0.133	1469948	Bacteria	Bacillati	Bacillota	Clostridia	Lachnospirales	Lachnospiraceae	Kineothrix	Kineothrix alysoides	14.368980169971671	1.3147564460213101	0.09149963535817882	0.02
NR_156079.1	1	1412	8	1412	100.0	7.81374	40.4	0.0	1469948	Bacteria	Bacillati	Bacillota	Clostridia	Lachnospirales	Lachnospiraceae	Kineothrix	Kineothrix alysoides	7.813739376770538	0.6909027719519067	0.08842152759866694	0.01
NR_156081.1	1	1411	7	1407	99.7165	6.78242	36.5	0.286	1469948	Bacteria	Bacillati	Bacillota	Clostridia	Lachnospirales	Lachnospiraceae	Kineothrix	Kineothrix alysoides	6.782423812898654	0.702432803235712	0.1035666337895078	0.01
NR_156087.1	1	1447	1	1438	99.378	0.99378	38.8	1.0	1867774	Bacteria	Pseudomonadati	Pseudomonadota	Alphaproteobacteria	Rhodospirillales	Dongiaceae	Aliidongia	Aliidongia dinghuensis	0.9937802349689012	0.07861984198697443	0.079111899412484	0.0
NR_156089.1	1	1385	8	1385	100.0	7.52852	38.0	1.0	1909699	Bacteria	Pseudomonadati	Thermodesulfobacteriota	Desulfobulbia	Desulfobulbales	Desulfobulbaceae	Desulfobulbus	Desulfobulbus oligotrophicus	7.528519855595668	0.9195523419216389	0.12214251400800516	0.01
NR_156094.1	1	1491	3	1474	98.8598	2.81288	30.1	1.0	1664035	Bacteria	Bacillati	Bacillota	Desulfitisporia	Desulfitisporales	Desulfitisporaceae	Desulfitispora	Desulfitispora elongata	2.812877263581489	0.5261713683577219	0.18705806156923305	0.0
NR_156104.1	1	1484	1	1214	81.8059	0.818059	18.6	1.0	1850347	Bacteria	Pseudomonadati	Pseudomonadota	Alphaproteobacteria	Sphingomonadales	Sphingomonadaceae	Novosphingobium	Novosphingobium guangzhouense	0.8180592991913747	0.385795648236074	0.4715986342523343	0.0
NR_156155.1	1	1502	4	1493	99.4008	3.70706	38.0	45.2	1662055	Bacteria	Bacillati	Bacillota	Clostridia	Eubacteriales	Clostridiaceae	Clostridium	Clostridium guangxiense	3.7070572569906792	0.5890168709114406	0.15889068608279164	0.0
NR_156156.1	1	1493	1	1161	77.7629	0.777629	36.5	1.0	1728934	Bacteria	Bacillati	Bacillota	Clostridia	Eubacteriales	Clostridiaceae	Clostridium	Clostridium neuense	0.7776289350301406	0.41583912085568525	0.5347526334517986	0.0
NR_156161.1	1	1453	1	1149	79.0778	0.790778	15.1	1.0	1549637	Bacteria	Pseudomonadati	Pseudomonadota	Betaproteobacteria	Burkholderiales	Alcaligenaceae	Caenimicrobium	Caenimicrobium hargitense	0.7907777013076394	0.40675340001313226	0.514371357893021	0.0
NR_156810.1	1	1511	1	1223	80.9398	0.809398	40.4	1.0	1960309	Bacteria	Bacillati	Actinomycetota	Actinomycetes	Geodermatophilales	Geodermatophilaceae	Klenkia	Klenkia marina	0.8093977498345467	0.3927760588392808	0.48526952159129455	0.0
NR_156836.1	1	1421	2	1421	100.0	1.94792	28.8	3.5	1325358	Bacteria	Bacillati	Bacillota	Bacilli	Bacillales	Paenibacillaceae	Paenibacillus	Paenibacillus silvae	1.947923997185081	0.22218031583769995	0.11406005375916604	0.0
NR_156841.1	1	1502	1	1481	98.6019	0.986019	34.0	22.0	869555	Bacteria	Bacillati	Bacillota	Bacilli	Bacillales	Paenibacillaceae	Paenibacillus	Paenibacillus aceris	0.9860186418109188	0.11741328635324744	0.11907816077149065	0.0
NR_156842.1	1	1484	1	1429	96.2938	0.962938	31.9	1.0	1917181	Bacteria	Bacillati	Bacillota	Bacilli	Bacillales	Paenibacillaceae	Paenibacillus	Paenibacillus rhizoplanae	0.9629380053908356	0.18891374530392455	0.19618474319875717	0.0
NR_156844.1	1	1471	1	1442	98.0286	0.980286	34.1	52.0	1804625	Bacteria	Pseudomonadati	Verrucomicrobiota	Opitutia	Puniceicoccales	Cerasicoccaceae	Ruficoccus	Ruficoccus amylovorans	0.9802855200543847	0.13901733426479346	0.14181310589702578	0.0
NR_156896.1	1	1520	5	1519	99.9342	4.18684	34.2	1.0	1859103	Bacteria	Bacillati	Bacillota	Tissierellia	Tissierellales	Thermohalobacteraceae	Sporosalibacterium	Sporosalibacterium tautonense	4.186842105263158	0.7268066609750248	0.17359304284758606	0.01
NR_156898.1	1	1456	319	1444	99.1758	303.225	39.2	32.4	1868793	Bacteria	Bacillati	Bacillota	Bacilli	Lactobacillales	Carnobacteriaceae	Jeotgalibaca	Jeotgalibaca porci	303.2245879120879	44.00636473503375	0.14512795627177916	0.36
NR_156899.1	1	1435	27	1433	99.8606	24.2167	37.8	11.7	1868794	Bacteria	Bacillati	Bacillota	Bacilli	Lactobacillales	Carnobacteriaceae	Jeotgalibaca	Jeotgalibaca arthritidis	24.216724738675957	5.995561575919368	0.2475793750235761	0.03
NR_156901.1	1	1544	9	1490	96.5026	7.52267	41.3	2.11	1794699	Bacteria	Pseudomonadati	Thermodesulfobiota	Thermodesulfobiia	Thermodesulfobiales	Thermodesulfobiaceae	Thermodesulfobium	Thermodesulfobium acidiphilum	7.522668393782383	2.2065033714860594	0.2933139221329725	0.01
NR_156907.1	1	1492	19	1489	99.7989	18.1937	38.4	5.79	1912855	Bacteria	Bacillati	Bacillota	Clostridia	Lachnospirales	Lachnospiraceae	Faecalimonas	Faecalimonas umbilicata	18.193699731903486	1.8652711454456445	0.10252291578577645	0.02
NR_156911.1	1	1491	55	1491	100.0	46.7847	36.0	1.16	1650663	Bacteria	Bacillati	Bacillota	Clostridia	Eubacteriales	Oscillospiraceae	Allofournierella	Allofournierella massiliensis	46.78470824949698	10.942073297154279	0.23388140498390145	0.06
NR_156913.1	1	1453	2	1435	98.7612	1.89677	44.0	1.0	1852309	Bacteria	Pseudomonadati	Calditrichota	unclassified Calditrichota class	unclassified Calditrichota order	unclassified Calditrichota family	Calorithrix	Calorithrix insularis	1.896765313145217	0.3425691333584039	0.18060702132429637	0.0
NR_156915.1	1	1501	10	1501	100.0	8.82079	36.9	53.0	1652145	Bacteria	Pseudomonadati	Spirochaetota	Spirochaetia	Spirochaetales	Rectinemataceae	Rectinema	Rectinema cohabitans	8.820786142571619	1.4534279066336266	0.16477305799524725	0.01
NR_156917.1	1	1450	1	1202	82.8966	0.828966	38.9	1.0	1839801	Bacteria	Bacillati	Chloroflexota	Dehalococcoidia	Dehalococcoidales	Dehalococcoidaceae	Dehalogenimonas	Dehalogenimonas formicexedens	0.8289655172413793	0.3765390928789635	0.4542276910769526	0.0
NR_156927.1	1	1531	12	1521	99.3468	10.8739	38.1	4.83	1917811	Bacteria	Pseudomonadati	Pseudomonadota	Betaproteobacteria	Burkholderiales	Comamonadaceae	Tibeticola	Tibeticola sediminis	10.87393860222077	2.0939198706512703	0.1925631500460773	0.01
NR_156956.1	1	1511	1	1469	97.2204	0.972204	35.1	1.0	1730526	Bacteria	Bacillati	Actinomycetota	Actinomycetes	Propionibacteriales	Propionibacteriaceae	Naumannella	Naumannella huperziae	0.972203838517538	0.16438836604000462	0.16908837378246902	0.0
NR_156976.1	1	1529	12	1528	99.9346	10.8875	35.7	1.83	2018669	Bacteria	Bacillati	Bacillota	Clostridia	Eubacteriales	Desulfitobacteriaceae	Desulfosporosinus	Desulfosporosinus fructosivorans	10.88750817527796	2.0351154358525445	0.1869220581136866	0.01
NR_156977.1	1	1448	3	1293	89.2956	2.51105	30.8	2.67	2018668	Bacteria	Bacillati	Bacillota	Clostridia	Eubacteriales	Desulfitobacteriaceae	Desulfosporosinus	Desulfosporosinus nitroreducens	2.5110497237569063	0.9633559566354499	0.3836467066028964	0.0
NR_156979.1	1	1453	3	1374	94.563	2.31796	35.6	1.0	1792175	Bacteria	Bacillati	Bacillota	Bacilli	Bacillales	Paenibacillaceae	Paenibacillus	Paenibacillus intestini	2.3179628355127324	0.9129718872404129	0.3938682161996199	0.0
NR_156981.1	1	1474	1	1360	92.2659	0.922659	32.2	1.0	1454184	Bacteria	Bacillati	Bacillota	Clostridia	Peptostreptococcales	Natronincolaceae	Alkaliphilus	Alkaliphilus namsaraevii	0.9226594301221167	0.26713106545074145	0.2895229341723477	0.0
NR_156982.1	1	1517	1	1095	72.1819	0.721819	31.6	1.0	1914305	Bacteria	Pseudomonadati	Aquificota	Aquificia	Desulfurobacteriales	Desulfurobacteriaceae	Desulfurobacterium	Desulfurobacterium indicum	0.7218193803559657	0.4481028481258481	0.6207963658510608	0.0
NR_156984.1	1	1408	2	1404	99.7159	1.95384	43.3	38.0	1735103	Bacteria	Pseudomonadati	Pseudomonadota	Alphaproteobacteria	Hyphomicrobiales	Phyllobacteriaceae	Nitratireductor	Nitratireductor aestuarii	1.9538352272727273	0.22296951510941934	0.11411889395640219	0.0
NR_156991.1	1	1428	1	1422	99.5798	0.995798	40.1	1.0	1917182	Bacteria	Pseudomonadati	Pseudomonadota	Betaproteobacteria	Burkholderiales	Alcaligenaceae	Paracandidimonas	Paracandidimonas soli	0.9957983193277311	0.06468405175773387	0.06495698024616313	0.0
NR_156998.1	1	1451	1	1120	77.1881	0.771881	34.2	1.0	1906745	Bacteria	Pseudomonadati	Pseudomonadota	Gammaproteobacteria	Pasteurellales	Pasteurellaceae	Rodentibacter	Rodentibacter ratti	0.771881461061337	0.41961943607410845	0.5436319658424387	0.0
NR_157608.1	1	1507	1	1394	92.5017	0.925017	36.6	1.0	1925020	Bacteria	Bacillati	Bacillota	Bacilli	Bacillales	Bacillaceae	Bacillus	Bacillus swezeyi	0.9250165892501659	0.2633645740454774	0.28471335228589273	0.0
NR_157609.1	1	1508	1	1499	99.4032	0.994032	43.0	12.0	1925021	Bacteria	Bacillati	Bacillota	Bacilli	Bacillales	Bacillaceae	Bacillus	Bacillus haynesii	0.9940318302387268	0.07702305311381709	0.07748549973024428	0.0
NR_157610.1	1	1495	1	1466	98.0602	0.980602	42.4	2.0	1803177	Bacteria	Bacillati	Actinomycetota	Actinomycetes	Actinomycetales	Actinomycetaceae	Arcanobacterium	Arcanobacterium wilhelmae	0.9806020066889632	0.13791921971407975	0.14064749895808268	0.0
NR_157637.1	1	1484	5	1481	99.7978	4.469	39.1	46.6	1714840	Bacteria	Bacillati	Bacillota	Bacilli	Bacillales	Bacillaceae	Lysinibacillus	Lysinibacillus telephonicus	4.46900269541779	0.6676860532922106	0.14940381530241867	0.01
NR_157639.1	1	1512	2	1505	99.537	1.96759	38.2	1.0	1962263	Bacteria	Bacillati	Bacillota	Clostridia	Eubacteriales	Clostridiaceae	Clostridium	Clostridium tepidum	1.9675925925925926	0.2015351746266578	0.10242728875143078	0.0
NR_157661.1	1	1411	1	1307	92.6293	0.926293	29.4	17.0	1776423	Bacteria	Pseudomonadati	Pseudomonadota	Alphaproteobacteria	Hyphomicrobiales	Phyllobacteriaceae	Mesorhizobium	Mesorhizobium helmanticense	0.926293408929837	0.2612928041546085	0.2820842744163371	0.0
NR_157662.1	1	1452	1	1421	97.865	0.97865	41.7	1.0	1905846	Bacteria	Pseudomonadati	Pseudomonadota	Alphaproteobacteria	Hyphomicrobiales	Rhizobiaceae	Rhizobium	Rhizobium zeae	0.9786501377410468	0.14454772789800968	0.14770112660655177	0.0
NR_157667.1	1	1480	6	1402	94.7297	5.48243	41.2	0.833	1737443	Bacteria	Pseudomonadati	Pseudomonadota	Alphaproteobacteria	Sphingomonadales	Sphingomonadaceae	Novosphingobium	Novosphingobium fontis	5.482432432432432	1.4141044447175053	0.2579337661057318	0.01
NR_157674.1	1	1465	1	1112	75.9044	0.759044	33.9	1.0	1796921	Bacteria	Pseudomonadati	Verrucomicrobiota	Opitutia	Opitutales	Opitutaceae	Ereboglobus	Ereboglobus luteus	0.7590443686006826	0.4276634367072687	0.5634235024965365	0.0
NR_157675.1	1	1423	1	1213	85.2424	0.852424	36.3	1.0	2055845	Bacteria	Bacillati	Actinomycetota	Actinomycetes	Micrococcales	Micrococcaceae	Rothia	Rothia uropygialis	0.8524244553759662	0.3546787324508659	0.41608230525769346	0.0
NR_157697.1	1	1427	3	1426	99.9299	2.92712	42.4	52.0	1572761	Bacteria	Bacillati	Actinomycetota	Actinomycetes	Micrococcales	Micrococcaceae	Micrococcoides	Micrococcoides hystricis	2.9271198318149967	0.2806795019898176	0.09588931035180026	0.0
NR_157701.1	1	1483	1	1259	84.8955	0.848955	18.3	9.0	1884992	Bacteria	Bacillati	Actinomycetota	Actinomycetes	Geodermatophilales	Geodermatophilaceae	Cumulibacter	Cumulibacter manganitolerans	0.8489548213081591	0.35809291068909854	0.4218044372930366	0.0
NR_157755.1	1	1526	48	1362	89.2529	32.8237	37.9	3.0	1815559	Bacteria	Pseudomonadati	Pseudomonadota	Gammaproteobacteria	Cellvibrionales	Cellvibrionaceae	Cellvibrio	Cellvibrio fontiphilus	32.82372214941022	20.43061302065766	0.6224343762008343	0.05
NR_157778.1	1	1537	1	1223	79.5706	0.795706	29.6	1.0	1785161	Bacteria	Pseudomonadati	Pseudomonadota	Gammaproteobacteria	Pseudomonadales	Pseudomonadaceae	Pseudomonas	Pseudomonas wadenswilerensis	0.7957059206245933	0.4031848316933061	0.5067008064698377	0.0
NR_157797.1	1	1526	3	1455	95.3473	2.77588	37.1	1.67	571177	Bacteria	Pseudomonadati	Thermodesulfobacteriota	Desulfobacteria	Desulfobacterales	Desulfosarcinaceae	Desulfosarcina	Desulfosarcina alkanivorans	2.7758846657929226	0.6760034799581902	0.243527221533569	0.0
NR_157799.1	1	1457	1	1398	95.9506	0.959506	43.2	1.0	2282397	Bacteria	Pseudomonadati	Pseudomonadota	Alphaproteobacteria	Sphingomonadales	Sphingomonadaceae	Novosphingobium	Novosphingobium humi	0.9595058339052849	0.1971151658472974	0.20543404623713327	0.0
NR_157992.1	1	1491	1	1431	95.9759	0.959759	28.9	1.0	2029869	Bacteria	Pseudomonadati	Pseudomonadota	Alphaproteobacteria	Hyphomicrobiales	Tepidamorphaceae	Butyratibacter	Butyratibacter algicola	0.959758551307847	0.19652499713601063	0.2047650389446484	0.0
NR_158005.1	1	1518	1	1436	94.5982	0.945982	26.3	1.0	1927124	Bacteria	Bacillati	Actinomycetota	Actinomycetes	Mycobacteriales	Mycobacteriaceae	Mycobacterium	Mycobacterium aquaticum	0.9459815546772069	0.2260540928355448	0.23896247418130712	0.0
NR_158006.1	1	1421	1	1342	94.4405	0.944405	23.3	1.0	1940617	Bacteria	Bacillati	Actinomycetota	Actinomycetes	Kineosporiales	Kineosporiaceae	Angustibacter	Angustibacter speluncae	0.944405348346235	0.22913726532640033	0.24262597170552525	0.0
NR_158037.1	1	1352	1	1299	96.0799	0.960799	35.1	17.0	2035356	Bacteria	Pseudomonadati	Pseudomonadota	Alphaproteobacteria	Hyphomicrobiales	Reyranellaceae	Reyranella	Reyranella aquatilis	0.9607988165680473	0.19407331256380161	0.20199162323807526	0.0
NR_158077.1	1	1439	25	1439	100.0	24.0841	38.8	51.9	1837344	Bacteria	Bacillati	Actinomycetota	Actinomycetes	Propionibacteriales	Propionibacteriaceae	Propioniciclava	Propioniciclava sinopodophylli	24.08408617095205	1.9487573013786819	0.0809147288191108	0.03
NR_158084.1	1	1508	1	1189	78.8462	0.788462	43.1	1.0	2040258	Bacteria	Bacillati	Actinomycetota	Actinomycetes	Micromonosporales	Micromonosporaceae	Longispora	Longispora urticae	0.7884615384615384	0.40839924195375527	0.5179697702828115	0.0
NR_158111.1	1	1490	11	1486	99.7315	10.3826	37.3	8.91	2038680	Bacteria	Bacillati	Bacillota	Clostridia	Eubacteriales	Oscillospiraceae	Paludihabitans	Paludihabitans psychrotolerans	10.38255033557047	1.2796670888182253	0.12325171055844575	0.01
NR_158113.1	1	1471	6	1471	100.0	5.87627	44.1	3.0	433287	Bacteria	Bacillati	Bacillota	Clostridia	Lachnospirales	Anaerotignaceae	Anaerotignum	Anaerotignum aminivorans	5.876274643099932	0.45570780368717545	0.07755046034519147	0.01
NR_158114.1	1	1469	1	1267	86.2491	0.862491	42.4	9.0	1612150	Bacteria	Bacillati	Mycoplasmatota	Mollicutes	Mycoplasmatales	Mycoplasmataceae	Mycoplasma	Mycoplasma tullyi	0.8624914908100749	0.3443833896840728	0.39928902876551137	0.0
NR_158120.1	1	1489	13	1489	100.0	12.6642	35.0	32.7	1854763	Bacteria	Pseudomonadati	Pseudomonadota	Betaproteobacteria	Burkholderiales	Comamonadaceae	Hydrogenophaga	Hydrogenophaga aquatica	12.664204163868368	0.6934898663408064	0.054759845732696655	0.01
NR_158124.1	1	1489	1	1136	76.2928	0.762928	39.0	1.0	1781167	Bacteria	Pseudomonadati	Pseudomonadota	Betaproteobacteria	Burkholderiales	Comamonadaceae	Ramlibacter	Ramlibacter rhizophilus	0.7629281396910679	0.42528671900095033	0.5574400744651541	0.0
NR_158145.1	1	1458	2	1381	94.7188	1.84568	40.2	11.5	2025714	Bacteria	Pseudomonadati	Pseudomonadota	Betaproteobacteria	Burkholderiales	Comamonadaceae	Hydrogenophaga	Hydrogenophaga soli	1.845679012345679	0.48593226182760985	0.26328102480291904	0.0
NR_158148.1	1	1479	1	1239	83.7728	0.837728	42.1	1.0	2039722	Bacteria	Pseudomonadati	Pseudomonadota	Alphaproteobacteria	Rhodospirillales	Rhodospirillaceae	Marivibrio	Marivibrio halodurans	0.8377281947261663	0.3686999681136463	0.4401188481356601	0.0
NR_159093.1	1	1554	2	1528	98.3269	1.81725	35.6	0.0	1903056	Bacteria	Bacillati	Bacillota	Bacilli	Bacillales	Staphylococcaceae	Macrococcoides	Macrococcoides bohemicum	1.8172458172458172	0.42757119278790273	0.2352852810171391	0.0
NR_159130.1	1	1487	1	1083	72.8312	0.728312	20.8	1.0	1978412	Bacteria	Pseudomonadati	Bacteroidota	Chitinophagia	Chitinophagales	Chitinophagaceae	Sediminibacterium	Sediminibacterium roseum	0.7283120376597175	0.444829870242174	0.6107682521238346	0.0
NR_159146.1	1	1525	5	1515	99.3443	4.7823	35.6	1.2	1715347	Bacteria	Bacillati	Bacillota	Clostridia	Eubacteriales	Eubacteriaceae	Rhabdanaerobium	Rhabdanaerobium thermarum	4.782295081967213	0.5960096639183039	0.1246283748080918	0.01
NR_159172.1	1	1493	1	1363	91.2927	0.912927	41.6	60.0	1572859	Bacteria	Pseudomonadati	Pseudomonadota	Alphaproteobacteria	Hyphomicrobiales	Rhizobiaceae	Gellertiella	Gellertiella hungarica	0.9129269926322839	0.2819420131084715	0.3088330341679736	0.0
NR_159181.1	1	1453	1	1320	90.8465	0.908465	23.9	60.0	1549638	Bacteria	Pseudomonadati	Pseudomonadota	Betaproteobacteria	Burkholderiales	Burkholderiaceae	Quisquiliibacterium	Quisquiliibacterium transsilvanicum	0.9084652443220922	0.28836807066818904	0.31742333839460507	0.0
NR_159196.1	1	1524	4	1506	98.8189	3.86286	40.7	0.0	2048550	Bacteria	Bacillati	Actinomycetota	Actinomycetes	Mycobacteriales	Mycobacteriaceae	Mycobacterium	Mycobacterium lehmannii	3.8628608923884515	0.6020186549966988	0.15584787331662459	0.0
NR_159197.1	1	1524	7	1504	98.6877	6.61024	35.0	0.429	2048551	Bacteria	Bacillati	Actinomycetota	Actinomycetes	Mycobacteriales	Mycobacteriaceae	Mycobacterium	Mycobacterium neumannii	6.610236220472441	1.0863264672941126	0.16434003733931185	0.01
NR_159205.1	1	1515	2	1514	99.934	1.81914	38.7	12.5	1983706	Bacteria	Bacillati	Actinomycetota	Actinomycetes	Micrococcales	Microbacteriaceae	Leucobacter	Leucobacter weissii	1.8191419141914191	0.3866116534966912	0.21252418543087342	0.0
NR_159224.1	1	1433	1	1433	100.0	1.0	41.3	54.0	1849278	Bacteria	Bacillati	Bacillota	Clostridia	Eubacteriales	Clostridiaceae	Clostridium	Clostridium pabulibutyricum	1.0	0.0	0.0	0.0
NR_159227.1	1	1493	80	1489	99.7321	77.3041	39.1	13.1	1981510	Bacteria	Bacillati	Bacillota	Clostridia	Monoglobales	Monoglobaceae	Monoglobus	Monoglobus pectinilyticus	77.30408573342264	7.024879004996953	0.09087332109743493	0.09
NR_159252.1	1	1409	2	1407	99.8581	1.99503	42.9	4.0	1007511	Bacteria	Pseudomonadati	Pseudomonadota	Alphaproteobacteria	Sphingomonadales	Sphingomonadaceae	Sphingobium	Sphingobium limneticum	1.9950319375443577	0.08821719584567637	0.04421843790343579	0.0
NR_159263.1	1	1449	4	1443	99.5859	3.78813	36.0	2.0	1784719	Bacteria	Bacillati	Actinomycetota	Actinomycetes	Micrococcales	Microbacteriaceae	Leucobacter	Leucobacter triazinivorans	3.7881297446514837	0.5767258622832583	0.15224554098167994	0.0
NR_159287.1	1	1437	213	1437	100.0	202.054	39.5	2.02	2052942	Bacteria	Bacillati	Bacillota	Bacilli	Lactobacillales	Carnobacteriaceae	Trichococcus	Trichococcus paludicola	202.053583855254	23.442921012772608	0.1160232873155396	0.24
NR_159288.1	1	1436	42	1436	100.0	38.3649	39.2	5.19	2052943	Bacteria	Bacillati	Bacillota	Bacilli	Lactobacillales	Carnobacteriaceae	Trichococcus	Trichococcus alkaliphilus	38.36490250696379	7.906345565392902	0.20608277484760415	0.05
NR_159296.1	1	1460	276	1460	100.0	265.035	38.3	22.8	433296	Bacteria	Bacillati	Bacillota	Clostridia	Peptostreptococcales	Anaerovoracaceae	Aminipila	Aminipila butyrica	265.0349315068493	22.650580120381665	0.08546262181970644	0.31
NR_159313.1	1	1497	2	1492	99.666	1.97729	42.5	60.0	2019431	Bacteria	Pseudomonadati	Pseudomonadota	Betaproteobacteria	Rhodocyclales	Zoogloeaceae	Thauera	Thauera propionica	1.9772879091516367	0.1699302165530491	0.08594105884456571	0.0
NR_159324.1	1	1498	1	1141	76.1682	0.761682	13.0	1.0	1630173	Bacteria	Bacillati	Actinomycetota	Actinomycetes	Bifidobacteriales	Bifidobacteriaceae	Bifidobacterium	Bifidobacterium catulorum	0.7616822429906542	0.42605446095937255	0.5593598444497283	0.0
NR_159340.1	1	1549	2	1512	97.6114	1.91091	41.0	1.0	2069301	Bacteria	Bacillati	Bacillota	Bacilli	Bacillales	Bacillaceae	Evansella	Evansella tamaricis	1.9109102646868947	0.3590619876735989	0.18790101990081243	0.0
NR_159344.1	1	1475	1	1197	81.1525	0.811525	17.9	1.0	1981099	Bacteria	Pseudomonadati	Pseudomonadota	Alphaproteobacteria	Rhodospirillales	Azospirillaceae	Niveispirillum	Niveispirillum lacus	0.8115254237288135	0.39109066771093126	0.481920413428257	0.0
NR_159881.1	1	1450	1	1380	95.1724	0.951724	39.1	16.0	1891644	Bacteria	Bacillati	Actinomycetota	Actinomycetes	Sporichthyales	Sporichthyaceae	Epidermidibacterium	Epidermidibacterium keratini	0.9517241379310345	0.2143485554195862	0.22522130823072462	0.0
NR_159882.1	1	1415	11	1415	100.0	10.4318	37.2	6.73	2072922	Bacteria	Bacillati	Actinomycetota	Actinomycetes	Micrococcales	Cellulomonadaceae	Actinotalea	Actinotalea solisilvae	10.431802120141343	1.2381363244880197	0.11868863214894301	0.01
NR_159883.1	1	1512	1	1474	97.4868	0.974868	35.2	0.0	1970234	Bacteria	Bacillati	Actinomycetota	Actinomycetes	Mycobacteriales	Tsukamurellaceae	Tsukamurella	Tsukamurella ocularis	0.9748677248677249	0.1565268152073354	0.1605621062371039	0.0
NR_159899.1	1	1556	8	1555	99.9357	7.74936	34.2	2.25	1572762	Bacteria	Bacillati	Bacillota	Bacilli	Bacillales	Paenibacillaceae	Xylanibacillus	Xylanibacillus composti	7.749357326478149	0.6971523777987718	0.08996260572689409	0.01
NR_159900.1	1	1556	1	1473	94.6658	0.946658	27.5	1.0	1572762	Bacteria	Bacillati	Bacillota	Bacilli	Bacillales	Paenibacillaceae	Xylanibacillus	Xylanibacillus composti	0.9466580976863753	0.22471436040268514	0.237376473039089	0.0
NR_159901.1	1	1557	1	1516	97.3667	0.973667	41.4	1.0	1572762	Bacteria	Bacillati	Bacillota	Bacilli	Bacillales	Paenibacillaceae	Xylanibacillus	Xylanibacillus composti	0.9736673089274245	0.16012270436590734	0.16445319966867925	0.0
NR_159902.1	1	1557	1	1442	92.614	0.92614	28.4	0.0	1572762	Bacteria	Bacillati	Bacillota	Bacilli	Bacillales	Paenibacillaceae	Xylanibacillus	Xylanibacillus composti	0.9261400128452152	0.26154290174325484	0.28240103884483203	0.0
NR_159908.1	1	1537	1	1312	85.3611	0.853611	34.1	1.0	1938353	Bacteria	Bacillati	Bacillota	Clostridia	Thermoanaerobacterales	Thermoanaerobacteraceae	Desulfothermobacter	Desulfothermobacter acidiphilus	0.8536109303838647	0.3534958414367275	0.4141182227806785	0.0
NR_159920.1	1	1447	2	1292	89.2882	1.68763	30.1	1.0	2024550	Bacteria	Pseudomonadati	Pseudomonadota	Betaproteobacteria	Rhodocyclales	Zoogloeaceae	Uliginosibacterium	Uliginosibacterium sediminicola	1.6876295784381479	0.6550049559860611	0.38812128227347686	0.0
NR_159921.1	1	1456	7	1378	94.6429	6.50412	38.9	11.3	2083185	Bacteria	Pseudomonadati	Pseudomonadota	Betaproteobacteria	Burkholderiales	Comamonadaceae	Simplicispira	Simplicispira soli	6.5041208791208796	1.6069849410535395	0.24707181353473637	0.01
NR_160523.1	1	1527	3	1523	99.738	2.93451	39.6	17.0	1851544	Bacteria	Pseudomonadati	Pseudomonadota	Betaproteobacteria	Burkholderiales	Alcaligenaceae	Orrella	Orrella dioscoreae	2.934512115258677	0.28890327534571036	0.09845019001403699	0.0
NR_163608.1	1	1389	1	1146	82.5054	0.825054	42.8	16.0	1332264	Bacteria	Bacillati	Actinomycetota	Actinomycetes	Propionibacteriales	Propionibacteriaceae	Tessaracoccus	Tessaracoccus aquimaris	0.8250539956803455	0.37992091268083966	0.4604800590869863	0.0
NR_163612.1	1	1470	14	1470	100.0	13.3469	38.8	15.8	2093781	Bacteria	Bacillati	Actinomycetota	Actinomycetes	Micrococcales	Bogoriellaceae	Georgenia	Georgenia deserti	13.346938775510203	1.2689545819080523	0.09507457876681126	0.02
NR_163613.1	1	1478	1	1337	90.4601	0.904601	28.0	0.0	2003188	Bacteria	Bacillati	Actinomycetota	Coriobacteriia	Coriobacteriales	Atopobiaceae	Parolsenella	Parolsenella catena	0.9046008119079838	0.29376552385091215	0.3247460316018311	0.0
NR_163636.1	1	1454	1	1266	87.0702	0.870702	13.8	1.0	2025493	Bacteria	Bacillati	Bacillota	Clostridia	Lachnospirales	Lachnospiraceae	Blautia	Blautia hominis	0.8707015130674003	0.3355300108925296	0.38535595247846605	0.0
NR_163640.1	1	1404	3	1332	94.8718	2.56125	38.1	1.0	1930071	Bacteria	Bacillati	Bacillota	Negativicutes	Selenomonadales	Sporomusaceae	Methylomusa	Methylomusa anaerophila	2.561253561253561	0.8938425778291652	0.3489863679844683	0.0
NR_163656.1	1	1446	104	1443	99.7925	87.0947	38.0	12.7	1778406	Bacteria	Pseudomonadati	Pseudomonadota	Betaproteobacteria	Burkholderiales	Comamonadaceae	Comamonas	Comamonas aquatilis	87.09474412171508	34.02289543223706	0.39064234903417355	0.12
NR_164620.1	1	1490	6	1488	99.8658	5.31141	35.7	12.2	2173034	Bacteria	Bacillati	Bacillota	Clostridia	Lachnospirales	Vallitaleaceae	Petrocella	Petrocella atlantisensis	5.311409395973154	0.7752488408768282	0.14595915755704753	0.01
NR_164627.1	1	1466	5	1461	99.6589	4.47613	32.7	8.4	40214	Bacteria	Pseudomonadati	Pseudomonadota	Gammaproteobacteria	Moraxellales	Moraxellaceae	Acinetobacter	Acinetobacter johnsonii	4.47612551159618	0.9757161965017564	0.21798231393958775	0.01
NR_164907.1	1	1482	2	1111	74.9663	1.4359	35.5	2.0	2665495	Bacteria	Pseudomonadati	Pseudomonadota	Alphaproteobacteria	Caulobacterales	Caulobacteraceae	Phenylobacterium	Phenylobacterium terrae	1.435897435897436	0.864040291368487	0.601742345774482	0.0
NR_164909.1	1	1515	2	1510	99.67	1.80528	34.2	1.0	2665498	Bacteria	Bacillati	Actinomycetota	Actinomycetes	Kitasatosporales	Streptomycetaceae	Streptomyces	Streptomyces urticae	1.8052805280528053	0.404233174365739	0.22391709658650627	0.0
NR_164911.1	1	1448	3	1447	99.9309	2.86948	39.7	3.33	1926868	Bacteria	Pseudomonadati	Pseudomonadota	Betaproteobacteria	Burkholderiales	Comamonadaceae	Paenacidovorax	Paenacidovorax monticola	2.869475138121547	0.46887281161343247	0.16340020005204578	0.0
NR_164950.1	1	1519	1	1314	86.5043	0.865043	30.4	1.0	2040292	Bacteria	Pseudomonadati	Bacteroidota	Bacteroidia	Bacteroidales	Dysgonomonadaceae	Dysgonomonas	Dysgonomonas massiliensis	0.8650427913100724	0.3416778607293007	0.39498376746408503	0.0
NR_164970.1	1	1480	1	1131	76.4189	0.764189	14.1	1.0	2056873	Bacteria	Pseudomonadati	Pseudomonadota	Alphaproteobacteria	Sphingomonadales	Sphingomonadaceae	Chakrabartia	Chakrabartia godavariana	0.7641891891891892	0.4245045021145954	0.5554966075416456	0.0
NR_164984.1	1	1513	2	1513	100.0	1.95836	31.5	1.0	2486026	Bacteria	Bacillati	Actinomycetota	Actinomycetes	Micrococcales	Microbacteriaceae	Cryobacterium	Cryobacterium tepidiphilum	1.9583608724388633	0.1997631362816597	0.10200527343710804	0.0
NR_165010.1	1	1465	2	1448	98.8396	1.60137	40.5	19.5	2250708	Bacteria	Pseudomonadati	Pseudomonadota	Alphaproteobacteria	Rhodobacterales	Paracoccaceae	Pseudogemmobacter	Pseudogemmobacter bohemicus	1.6013651877133106	0.5127702115432714	0.32020816705494143	0.0
NR_165014.1	1	1472	1	1373	93.2745	0.932745	33.7	14.0	2676064	Bacteria	Pseudomonadati	Pseudomonadota	Betaproteobacteria	Nitrosomonadales	Methylophilaceae	Pseudomethylobacillus	Pseudomethylobacillus aquaticus	0.9327445652173914	0.2504638522318367	0.26852351819757	0.0
NR_165017.1	1	1518	6	1507	99.2754	5.40843	25.1	1.5	2305463	Bacteria	Pseudomonadati	Bacteroidota	Bacteroidia	Marinilabiliales	Prolixibacteraceae	Maribellus	Maribellus luteus	5.408432147562582	0.9755820088215297	0.1803816674045167	0.01
NR_165020.1	1	1470	13	1470	100.0	12.0884	38.9	1.0	2282477	Bacteria	Bacillati	Actinomycetota	Actinomycetes	Propionibacteriales	Propionibacteriaceae	Desertihabitans	Desertihabitans aurantiacus	12.08843537414966	1.088124955734806	0.09001371327688042	0.01
NR_165666.1	1	1580	47	1539	97.4051	44.5481	39.0	4.85	2004650	Bacteria	Pseudomonadati	Pseudomonadota	Gammaproteobacteria	Moraxellales	Moraxellaceae	Acinetobacter	Acinetobacter chinensis	44.54810126582279	8.605979092563778	0.1931839707647937	0.05
NR_165667.1	1	1469	2	1451	98.7747	1.82165	41.0	1.0	2065379	Bacteria	Pseudomonadati	Pseudomonadota	Alphaproteobacteria	Rhodobacterales	Paracoccaceae	Paracoccus	Paracoccus jeotgali	1.8216473791695031	0.4135812259493172	0.22703692859474847	0.0
NR_165668.1	1	1549	2	1532	98.9025	1.9051	37.0	1.0	1778678	Bacteria	Bacillati	Bacillota	Bacilli	Bacillales	Paenibacillaceae	Paenibacillus	Paenibacillus psychroresistens	1.9051000645577791	0.3283954668193501	0.17237701731723937	0.0
NR_165673.1	1	1562	3	1540	98.5915	2.81562	33.9	0.667	2707005	Bacteria	Bacillati	Bacillota	Bacilli	Bacillales	Paenibacillaceae	Paenibacillus	Paenibacillus lutimineralis	2.81562099871959	0.5227836257517923	0.18567258377087303	0.0
NR_165674.1	1	1562	3	1509	96.6069	2.5557	38.8	1.0	2707005	Bacteria	Bacillati	Bacillota	Bacilli	Bacillales	Paenibacillaceae	Paenibacillus	Paenibacillus lutimineralis	2.5556978233034573	0.8571661799404507	0.335394181630006	0.0
NR_165675.1	1	1562	3	1499	95.9667	2.45006	32.0	1.0	2707005	Bacteria	Bacillati	Bacillota	Bacilli	Bacillales	Paenibacillaceae	Paenibacillus	Paenibacillus lutimineralis	2.450064020486556	0.8715906667671561	0.35574199673119883	0.0
NR_165681.1	1	1456	1	1244	85.4396	0.854396	44.9	1.0	1433543	Bacteria	Bacillati	Bacillota	Bacilli	Bacillales	Bacillaceae	Calculibacillus	Calculibacillus koreensis	0.8543956043956044	0.3527091657230837	0.41281715859550633	0.0
NR_165685.1	1	1474	2	1270	86.1601	1.6479	43.8	0.5	2679916	Bacteria	Bacillati	Bacillota	Bacilli	Bacillales	Bacillaceae	Bacillus	Bacillus piscis	1.647896879240163	0.7105802855044981	0.4312043395774517	0.0
NR_165686.1	1	1400	1	1350	96.4286	0.964286	32.4	60.0	1706825	Bacteria	Bacillati	Actinomycetota	Actinomycetes	Propionibacteriales	Nocardioidaceae	Nocardioides	Nocardioides suum	0.9642857142857143	0.18557687223952196	0.19245008972987462	0.0
NR_165689.1	1	1423	1	747	52.4947	0.524947	33.1	0.0	1101404	Bacteria	Pseudomonadati	Pseudomonadota	Betaproteobacteria	Rhodocyclales	Rhodocyclaceae	Viridibacterium	Viridibacterium curvum	0.5249472944483485	0.4993772446755139	0.9512902532439844	0.0
NR_165699.1	1	1523	30	1519	99.7374	29.3414	38.3	6.87	2685834	Bacteria	Pseudomonadati	Bacteroidota	Bacteroidia	Bacteroidales	Tannerellaceae	Parabacteroides	Parabacteroides chongii	29.341431385423505	2.2301073174021275	0.07600540301213866	0.03
NR_165702.1	1	1394	2	1389	99.6413	1.96413	41.9	5.0	2685820	Bacteria	Bacillati	Bacillota	Bacilli	Bacillales	Paenibacillaceae	Paenibacillus	Paenibacillus seodonensis	1.964131994261119	0.2043406299563875	0.10403609867027179	0.0
NR_165710.1	1	1461	1	1070	73.2375	0.732375	18.5	28.0	2678302	Bacteria	Pseudomonadati	Bacteroidota	Chitinophagia	Chitinophagales	Chitinophagaceae	Mucibacter	Mucibacter soli	0.7323750855578371	0.44272092746106656	0.6045002570286151	0.0
NR_165727.1	1	1535	28	1527	99.4788	26.1629	38.8	39.6	2358141	Bacteria	Bacillati	Bacillota	Clostridia	Lachnospirales	Anaerotignaceae	Anaerotignum	Anaerotignum faecicola	26.1628664495114	3.6230607201872775	0.13848103101313422	0.03
NR_165757.1	1	1387	124	1387	100.0	118.467	38.0	10.7	2708319	Bacteria	Pseudomonadati	Pseudomonadota	Betaproteobacteria	Burkholderiales	Comamonadaceae	Comamonas	Comamonas aquatica	118.46719538572458	10.27850310562385	0.0867624414687749	0.14
NR_165766.1	1	1549	4	1441	93.0278	3.65784	38.2	1.0	2109333	Bacteria	Bacillati	Actinomycetota	Actinomycetes	Kitasatosporales	Streptomycetaceae	Streptomyces	Streptomyces dioscori	3.657843770174306	1.0618865747368806	0.2903039718085825	0.0
NR_165778.1	1	1491	1	1487	99.7317	0.997317	41.9	51.0	2698682	Bacteria	Pseudomonadati	Pseudomonadota	Gammaproteobacteria	Lysobacterales	Lysobacteraceae	Solilutibacter	Solilutibacter oculi	0.9973172367538564	0.05172587386897071	0.051865015426116566	0.0
NR_165781.1	1	1515	2	1478	97.5578	1.92277	38.5	0.5	2594267	Bacteria	Bacillati	Actinomycetota	Actinomycetes	Propionibacteriales	Propionibacteriaceae	Microlunatus	Microlunatus speluncae	1.9227722772277227	0.3465667123313136	0.1802432437974391	0.0
NR_169318.1	1	1508	21	1501	99.5358	19.9218	37.0	5.9	2527970	Bacteria	Pseudomonadati	Planctomycetota	Planctomycetia	Pirellulales	Pirellulaceae	Blastopirellula	Blastopirellula retiformator	19.921750663129973	2.696983108972998	0.13537882059554227	0.02
NR_169319.1	1	1506	14	1497	99.4024	12.4794	38.2	12.4	2527984	Bacteria	Pseudomonadati	Planctomycetota	Planctomycetia	Pirellulales	Pirellulaceae	Bremerella	Bremerella volcania	12.47941567065073	2.5747602533848215	0.20632057792899547	0.02
NR_169329.1	1	1540	1	1267	82.2727	0.822727	35.3	1.0	2527989	Bacteria	Pseudomonadati	Planctomycetota	Planctomycetia	Planctomycetales	Planctomycetaceae	Alienimonas	Alienimonas californiensis	0.8227272727272728	0.3818993420235459	0.4641870455534812	0.0
NR_169331.1	1	1532	1	1487	97.0627	0.970627	37.0	1.0	2714738	Bacteria	Pseudomonadati	Planctomycetota	Planctomycetia	Pirellulales	Pirellulaceae	Neorhodopirellula	Neorhodopirellula pilleata	0.970626631853786	0.16885074293576677	0.17396055022030577	0.0
NR_169340.1	1	1539	2	1490	96.8161	1.8616	38.3	1.0	1349432	Bacteria	Bacillati	Bacillota	Bacilli	Bacillales	Paenibacillaceae	Paenibacillus	Paenibacillus helianthi	1.861598440545809	0.4276964818599325	0.22974690596245587	0.0
NR_169341.1	1	1518	1	1411	92.9513	0.929513	43.4	1.0	2034511	Bacteria	Bacillati	Actinomycetota	Actinomycetes	Mycobacteriales	Mycobacteriaceae	Mycolicibacterium	Mycolicibacterium palauense	0.9295125164690382	0.2559667911984562	0.2753774550242782	0.0
NR_169356.1	1	1440	2	1436	99.7222	1.98194	38.8	45.0	1148196	Bacteria	Pseudomonadati	Pseudomonadota	Gammaproteobacteria	Lysobacterales	Lysobacteraceae	Luteimonas	Luteimonas dalianensis	1.9819444444444445	0.1525945871408662	0.07699236351886732	0.0
NR_169361.1	1	1517	1	1091	71.9183	0.719183	42.3	1.0	1527293	Bacteria	Bacillati	Bacillota	Bacilli	Bacillales	Paenibacillaceae	Paenibacillus	Paenibacillus dakarensis	0.7191825972313777	0.44939847470914746	0.6248739561262848	0.0
NR_169384.1	1	1452	95	1450	99.8623	90.259	38.6	8.66	1324625	Bacteria	Bacillati	Actinomycetota	Actinomycetes	Micrococcales	Microbacteriaceae	Leucobacter	Leucobacter humi	90.25895316804407	12.116759606716364	0.13424440658155415	0.11
NR_169389.1	1	1484	2	1467	98.8544	1.80391	36.3	30.5	1387849	Bacteria	Pseudomonadati	Pseudomonadota	Betaproteobacteria	Burkholderiales	Comamonadaceae	Comamonas	Comamonas faecalis	1.8039083557951483	0.4249126527779872	0.23555113063972094	0.0
NR_169412.1	1	1515	1	1402	92.5413	0.925413	42.9	0.0	1816691	Bacteria	Bacillati	Bacillota	Bacilli	Bacillales	Paenibacillaceae	Cohnella	Cohnella massiliensis	0.9254125412541254	0.2627245130240189	0.28389988390255966	0.0
NR_169434.1	1	1396	5	1392	99.7135	4.95487	40.4	42.8	1224307	Bacteria	Pseudomonadati	Pseudomonadota	Alphaproteobacteria	Hyphomicrobiales	Rhizobiaceae	Rhizobium	Rhizobium arsenicireducens	4.95487106017192	0.3592383665547107	0.07250206154552206	0.01
NR_169440.1	1	1403	1	1319	94.0128	0.940128	40.3	1.0	1578756	Bacteria	Bacillati	Actinomycetota	Actinomycetes	Micrococcales	Brevibacteriaceae	Brevibacterium	Brevibacterium metallicus	0.940128296507484	0.23724898864572688	0.25235809785440094	0.0
NR_169458.1	1	1477	14	1463	99.0521	12.589	36.8	21.4	2164149	Bacteria	Bacillati	Bacillota	Clostridia	Eubacteriales	Oscillospiraceae	Tepidibaculum	Tepidibaculum saccharolyticum	12.58903182125931	2.9982552267176215	0.2381640835679212	0.02
NR_170392.1	1	1532	1	1474	96.2141	0.962141	41.0	1.0	2485784	Bacteria	Bacillati	Bacillota	Erysipelotrichia	Erysipelotrichales	Erysipelotrichaceae	Erysipelothrix	Erysipelothrix piscisicarius	0.9621409921671018	0.19085518949928046	0.19836509519192516	0.0
NR_170414.1	1	1361	1	1105	81.1903	0.811903	26.3	1.0	2664430	Bacteria	Bacillati	Actinomycetota	Acidimicrobiia	Acidimicrobiales	Acidimicrobiaceae	Acidiferrimicrobium	Acidiferrimicrobium australe	0.8119030124908155	0.39078959914403405	0.48132547007695053	0.0
NR_170425.1	1	1489	1	1385	93.0154	0.930154	42.9	1.0	2508720	Bacteria	Pseudomonadati	Verrucomicrobiota	Opitutia	Opitutales	Opitutaceae	Oleiharenicola	Oleiharenicola lentus	0.9301544660846206	0.25488651456570866	0.2740260073562023	0.0
NR_170430.1	1	1492	1	1450	97.185	0.97185	29.8	1.0	2683198	Bacteria	Pseudomonadati	Pseudomonadota	Alphaproteobacteria	Hyphomicrobiales	Devosiaceae	Devosia	Devosia marina	0.9718498659517426	0.16540164449400996	0.1701925886793537	0.0
NR_170437.1	1	1537	1	701	45.6083	0.456083	42.1	1.0	2586642	Bacteria	Pseudomonadati	Thermodesulfobacteriota	Desulfobacteria	Desulfobacterales	Desulfobacteraceae	Desulfobotulus	Desulfobotulus mexicanus	0.4560832791151594	0.49806758740829943	1.092054039724046	0.0
NR_170494.1	1	1576	1	1534	97.335	0.97335	42.2	1.0	2039284	Bacteria	Bacillati	Bacillota	Bacilli	Bacillales	Bacillaceae	Bacillus	Bacillus fungorum	0.9733502538071066	0.16105755871969457	0.16546721808490134	0.0
NR_170495.1	1	1534	6	1526	99.4785	5.05215	36.0	6.83	2509240	Bacteria	Bacillati	Bacillota	Clostridia	Lachnospirales	Lachnospiraceae	Blautia	Blautia faecicola	5.052151238591916	1.052664063375004	0.20835957073771047	0.01
NR_170509.1	1	1538	9	1509	98.1144	8.0104	37.1	10.3	2530391	Bacteria	Pseudomonadati	Bacteroidota	Bacteroidia	Bacteroidales	Muribaculaceae	Duncaniella	Duncaniella freteri	8.010403120936282	1.6001124696460995	0.19975430018796272	0.01
NR_170538.1	1	1495	1	70	4.68227	0.0468227	32.6	1.0	2666083	Bacteria	Pseudomonadati	Pseudomonadota	Betaproteobacteria	Burkholderiales	Oxalobacteraceae	Duganella	Duganella rivi	0.046822742474916385	0.21125901936259203	4.511889056386788	0.0
NR_170543.1	1	1439	20	1223	84.9896	16.5177	36.9	5.1	1849015	Bacteria	Pseudomonadati	Campylobacterota	Epsilonproteobacteria	Campylobacterales	Arcobacteraceae	Arcobacter	Arcobacter acticola	16.51772063933287	7.098008320306985	0.4297208116842	0.02
NR_171388.1	1	1530	5	1515	99.0196	4.25752	37.2	0.8	1912897	Bacteria	Bacillati	Bacillota	Clostridia	Lachnospirales	Lachnospiraceae	Blautia	Blautia argi	4.257516339869281	1.063518197124716	0.24979779576309727	0.01
NR_171390.1	1	1531	7	1523	99.4775	6.54931	40.4	3.86	1912897	Bacteria	Bacillati	Bacillota	Clostridia	Lachnospirales	Lachnospiraceae	Blautia	Blautia argi	6.549314173742652	1.0302501011831482	0.1573065627716565	0.01
NR_171397.1	1	1532	5	1522	99.3473	4.44648	40.3	0.4	2028345	Bacteria	Pseudomonadati	Pseudomonadota	Betaproteobacteria	Burkholderiales	Alcaligenaceae	Pollutimonas	Pollutimonas thiosulfatoxidans	4.446475195822455	1.1387464381630985	0.2561009311899393	0.01
NR_171398.1	1	1533	10	1525	99.4781	8.76125	39.1	0.4	2028345	Bacteria	Pseudomonadati	Pseudomonadota	Betaproteobacteria	Burkholderiales	Alcaligenaceae	Pollutimonas	Pollutimonas thiosulfatoxidans	8.761252446183953	2.590894084307772	0.29572188453903764	0.01
NR_171403.1	1	1513	1	1501	99.2069	0.992069	41.1	0.0	2068654	Bacteria	Bacillati	Bacillota	Clostridia	Eubacteriales	Clostridiaceae	Clostridium	Clostridium fermenticellae	0.9920687376074026	0.08870376243123704	0.089412919759135	0.0
NR_171405.1	1	1513	1	1462	96.6292	0.966292	37.5	2.0	2068654	Bacteria	Bacillati	Bacillota	Clostridia	Eubacteriales	Clostridiaceae	Clostridium	Clostridium fermenticellae	0.9662921348314607	0.18047616184504361	0.1867718419094056	0.0
NR_171409.1	1	1525	1	1225	80.3279	0.803279	21.6	0.0	2079791	Bacteria	Bacillati	Actinomycetota	Actinomycetes	Micrococcales	Microbacteriaceae	Salinibacterium	Salinibacterium hongtaonis	0.8032786885245902	0.39751985747482455	0.49487165930539384	0.0
NR_171410.1	1	1525	1	1432	93.9016	0.939016	24.1	1.0	2079792	Bacteria	Bacillati	Actinomycetota	Actinomycetes	Micrococcales	Microbacteriaceae	Mycetocola	Mycetocola zhujimingii	0.939016393442623	0.23930024297654248	0.2548413900413598	0.0
NR_171412.1	1	1525	2	1488	97.5738	1.90164	36.7	1.0	2079792	Bacteria	Bacillati	Actinomycetota	Actinomycetes	Micrococcales	Microbacteriaceae	Mycetocola	Mycetocola zhujimingii	1.901639344262295	0.37041925881963145	0.19478943782756483	0.0
NR_171416.1	1	1525	2	1520	99.6721	1.92459	40.9	1.0	2136183	Bacteria	Pseudomonadati	Pseudomonadota	Gammaproteobacteria	Moraxellales	Moraxellaceae	Acinetobacter	Acinetobacter sichuanensis	1.9245901639344263	0.2761893729659439	0.1435055515410782	0.0
NR_171438.1	1	1405	2	1370	97.5089	1.75801	35.9	2.0	1576874	Bacteria	Bacillati	Actinomycetota	Actinomycetes	Mycobacteriales	Corynebacteriaceae	Corynebacterium	Corynebacterium alimapuense	1.7580071174377223	0.48296417197180275	0.2747225350689809	0.0
NR_171468.1	1	1496	164	1496	100.0	153.184	36.8	1.68	2094020	Bacteria	Bacillati	Bacillota	Bacilli	Lactobacillales	Carnobacteriaceae	Trichococcus	Trichococcus shcherbakoviae	153.18382352941177	26.855580890251005	0.1753160371081523	0.18
NR_171478.1	1	1488	1	1116	75.0	0.75	45.1	1.0	2077091	Bacteria	Pseudomonadati	Bacteroidota	Chitinophagia	Chitinophagales	Chitinophagaceae	Flavipsychrobacter	Flavipsychrobacter stenotrophus	0.75	0.4330127018922193	0.5773502691896257	0.0
NR_171479.1	1	1520	1	1250	82.2368	0.822368	21.8	0.0	2028345	Bacteria	Pseudomonadati	Pseudomonadota	Betaproteobacteria	Burkholderiales	Alcaligenaceae	Pollutimonas	Pollutimonas thiosulfatoxidans	0.8223684210526315	0.38220230390204735	0.4647580015448896	0.0
NR_171486.1	1	1404	1	1310	93.3048	0.933048	30.8	1.0	2082392	Bacteria	Pseudomonadati	Pseudomonadota	Alphaproteobacteria	Hyphomicrobiales	Devosiaceae	Devosia	Devosia naphthalenivorans	0.9330484330484331	0.2499381016057689	0.2678725913393126	0.0
NR_171489.1	1	1542	5	1519	98.5084	4.56031	38.6	12.2	2174842	Bacteria	Pseudomonadati	Verrucomicrobiota	Opitutia	Puniceicoccales	Coraliomargaritaceae	Coraliomargarita	Coraliomargarita sinensis	4.560311284046692	0.9568820457118821	0.20982823016037006	0.01
NR_171508.1	1	1487	2	1477	99.3275	1.83524	39.6	6.0	2233532	Bacteria	Pseudomonadati	Pseudomonadota	Alphaproteobacteria	Hyphomicrobiales	Phyllobacteriaceae	Mesorhizobium	Mesorhizobium atlanticum	1.8352387357094821	0.3886706693406064	0.21178207596536525	0.0
NR_171519.1	1	1517	1	1355	89.321	0.89321	32.7	3.0	2184757	Bacteria	Pseudomonadati	Pseudomonadota	Gammaproteobacteria	Legionellales	Legionellaceae	Legionella	Legionella qingyii	0.8932102834541858	0.30884571064834043	0.34577043767788374	0.0
NR_171520.1	1	1523	1	1471	96.5857	0.965857	43.0	0.0	2079791	Bacteria	Bacillati	Actinomycetota	Actinomycetes	Micrococcales	Microbacteriaceae	Salinibacterium	Salinibacterium hongtaonis	0.9658568614576494	0.1815967638280742	0.18801622794708156	0.0
NR_171535.1	1	1523	1	1187	77.9383	0.779383	43.3	1.0	2291814	Bacteria	Pseudomonadati	Bacteroidota	Chitinophagia	Chitinophagales	Chitinophagaceae	Chitinophaga	Chitinophaga silvisoli	0.7793827971109653	0.4146628180563723	0.532039993175952	0.0
NR_172600.1	1	1344	1	1221	90.8482	0.908482	43.1	1.0	2799740	Bacteria	Bacillati	Cyanobacteriota	Cyanophyceae	Aegeococcales	Aegeococcaceae	Aegeococcus	Aegeococcus thureti	0.9084821428571429	0.28834413288089933	0.31739108484187445	0.0
NR_172603.1	1	1477	1	1103	74.6784	0.746784	44.3	0.0	2816234	Bacteria	Bacillati	Cyanobacteriota	Cyanophyceae	Chroococcales	Chroococcaceae	Neochroococcus	Neochroococcus gongqingensis	0.7467840216655383	0.43485359220153824	0.5823016823949883	0.0
NR_172605.1	1	1477	3	1104	74.7461	2.24103	44.2	0.0	2816234	Bacteria	Bacillati	Cyanobacteriota	Cyanophyceae	Chroococcales	Chroococcaceae	Neochroococcus	Neochroococcus gongqingensis	2.241029113067028	1.3031376217826915	0.5814907152184396	0.0
NR_172660.2	1	1483	1	1437	96.8982	0.968982	30.1	1.0	693223	Bacteria	Bacillati	Cyanobacteriota	Cyanophyceae	Chroococcales	Chroococcaceae	Gloeocapsopsis	Gloeocapsopsis crepidinum	0.968981793661497	0.17336688615201257	0.17891655682911248	0.0
NR_172708.1	1	1484	1	1462	98.5175	0.985175	41.6	1.0	2862349	Bacteria	Bacillati	Cyanobacteriota	Cyanophyceae	Oscillatoriales	Microcoleaceae	Sodalinema	Sodalinema stali	0.9851752021563343	0.12085124414982294	0.12266979912334969	0.0
NR_173518.1	1	1511	31	1508	99.8015	29.7426	38.7	48.8	2036206	Bacteria	Bacillati	Bacillota	Bacilli	Lactobacillales	Aerococcaceae	Suicoccus	Suicoccus acidiformans	29.74255459960291	2.5600470683603636	0.08607354354136555	0.03
NR_173523.1	1	1428	1	1407	98.5294	0.985294	42.5	60.0	913108	Bacteria	Bacillati	Chloroflexota	Anaerolineae	Aggregatilineales	Aggregatilineaceae	Aggregatilinea	Aggregatilinea lenta	0.9852941176470589	0.12037283488047923	0.12216944435630728	0.0
NR_173526.1	1	1413	41	1392	98.5138	38.7403	39.2	29.8	2053367	Bacteria	Bacillati	Bacillota	Tissierellia	Tissierellales	Peptoniphilaceae	Citroniella	Citroniella saccharovorans	38.740268931351736	6.186399180297081	0.15968911292948074	0.05
NR_173529.1	1	1495	1	1236	82.6756	0.826756	40.6	1.0	76116	Bacteria	Pseudomonadati	Pseudomonadota	Betaproteobacteria	Rhodocyclales	Rhodocyclaceae	Aromatoleum	Aromatoleum petrolei	0.8267558528428094	0.37845820460516766	0.45776295783553855	0.0
NR_173532.1	1	1489	2	1485	99.7314	1.82001	34.6	1.0	75796	Bacteria	Pseudomonadati	Pseudomonadota	Betaproteobacteria	Rhodocyclales	Rhodocyclaceae	Aromatoleum	Aromatoleum diolicum	1.8200134318334453	0.39110629862518936	0.21489198474277008	0.0
NR_173549.1	1	1366	25	1201	87.9209	20.3982	36.4	2.48	2714855	Bacteria	Pseudomonadati	Campylobacterota	Epsilonproteobacteria	Nautiliales	Nitratiruptoraceae	Nitrosophilus	Nitrosophilus alvini	20.398243045387993	9.01988026298012	0.4421890769175583	0.03
NR_173551.1	1	1538	1	1400	91.0273	0.910273	37.5	1.0	2741497	Bacteria	Bacillati	Actinomycetota	Actinomycetes	Actinomycetales	Actinomycetaceae	Peptidiphaga	Peptidiphaga gingivicola	0.9102730819245773	0.28579012972478207	0.31396087108336773	0.0
NR_173554.1	1	1520	1	1480	97.3684	0.973684	36.8	1.0	2527979	Bacteria	Pseudomonadati	Planctomycetota	Planctomycetia	Pirellulales	Pirellulaceae	Stieleria	Stieleria neptunia	0.9736842105263158	0.16007269816574066	0.16439898730535527	0.0
NR_173556.1	1	1517	23	1516	99.9341	21.8932	37.6	8.7	2528021	Bacteria	Pseudomonadati	Planctomycetota	Planctomycetia	Pirellulales	Pirellulaceae	Anatilimnocola	Anatilimnocola aggregata	21.893210283454184	2.6042787248950905	0.11895371629729774	0.03
NR_173557.1	1	1526	5	1517	99.4102	4.62385	40.4	12.8	1930274	Bacteria	Pseudomonadati	Planctomycetota	Planctomycetia	Pirellulales	Pirellulaceae	Roseimaritima	Roseimaritima multifibrata	4.623853211009174	0.8413041984548019	0.18194872545947105	0.01
NR_173562.1	1	1535	11	1518	98.8925	8.70619	37.6	5.27	2527972	Bacteria	Pseudomonadati	Planctomycetota	Planctomycetia	Pirellulales	Lacipirellulaceae	Aeoliella	Aeoliella mucimassa	8.706188925081433	2.8525651300163033	0.3276479702615254	0.01
NR_173563.1	1	1528	38	1520	99.4764	33.5334	37.2	2.26	2528009	Bacteria	Pseudomonadati	Planctomycetota	Planctomycetia	Pirellulales	Lacipirellulaceae	Pirellulimonas	Pirellulimonas nuda	33.53337696335078	6.9034240012958215	0.20586724709654786	0.04
NR_173564.1	1	1528	93	1520	99.4764	89.5759	38.5	4.58	2528010	Bacteria	Pseudomonadati	Planctomycetota	Planctomycetia	Pirellulales	Pirellulaceae	Lignipirellula	Lignipirellula cremea	89.57591623036649	10.126464528471192	0.11304896399193394	0.1
NR_173566.1	1	1522	1	1432	94.0867	0.940867	19.3	1.0	2527968	Bacteria	Pseudomonadati	Planctomycetota	Planctomycetia	Pirellulales	Pirellulaceae	Aureliella	Aureliella helgolandensis	0.9408672798948752	0.23587293511145718	0.2506973514243281	0.0
NR_173569.1	1	1462	3	1462	100.0	2.90698	36.8	1.0	2778876	Bacteria	Pseudomonadati	Pseudomonadota	Betaproteobacteria	Nitrosomonadales	Methylophilaceae	Methyloradius	Methyloradius palustris	2.9069767441860463	0.29281038019136735	0.10072677078583038	0.0
NR_173570.1	1	1471	4	1469	99.864	3.93542	39.7	1.0	1912090	Bacteria	Bacillati	Bacillota	Clostridia	Lachnospirales	Lachnospiraceae	Gluceribacter	Gluceribacter canis	3.9354180829367778	0.33069228610455437	0.0840297724753497	0.0
NR_173573.1	1	1532	21	1524	99.4778	19.7063	36.5	3.38	2528024	Bacteria	Pseudomonadati	Planctomycetota	Planctomycetia	Pirellulales	Lacipirellulaceae	Lacipirellula	Lacipirellula limnantheis	19.70626631853786	2.590631323620373	0.1314623116192915	0.02
NR_173575.1	1	1525	1	1251	82.0328	0.820328	34.2	1.0	2528007	Bacteria	Pseudomonadati	Planctomycetota	Planctomycetia	Planctomycetales	Planctomycetaceae	Polystyrenella	Polystyrenella longa	0.820327868852459	0.383914126383026	0.4680008335204754	0.0
NR_173576.1	1	1523	6	1498	98.3585	4.20814	39.9	2.33	2528022	Bacteria	Pseudomonadati	Planctomycetota	Planctomycetia	Pirellulales	Lacipirellulaceae	Botrimarina	Botrimarina mediterranea	4.208141825344715	1.948620914323373	0.46305970549453845	0.01
NR_173578.1	1	1523	16	1513	99.3434	14.26	35.8	1.12	1938618	Bacteria	Pseudomonadati	Planctomycetota	Planctomycetia	Pirellulales	Lacipirellulaceae	Posidoniimonas	Posidoniimonas corsicana	14.260013131976363	2.619568112811869	0.18370025949960753	0.02
NR_173580.1	1	1529	40	1520	99.4114	35.894	36.0	2.85	2527991	Bacteria	Pseudomonadati	Planctomycetota	Planctomycetia	Pirellulales	Lacipirellulaceae	Pseudobythopirellula	Pseudobythopirellula maris	35.89404839764552	6.386649941538	0.17793061041163954	0.04
NR_173581.1	1	1526	21	1518	99.4758	17.7923	34.7	1.71	2528001	Bacteria	Pseudomonadati	Planctomycetota	Planctomycetia	Pirellulales	Lacipirellulaceae	Botrimarina	Botrimarina colliarenosi	17.79226736566186	3.584328489062714	0.20145428434715856	0.02
NR_173585.1	1	1525	2	1515	99.3443	1.95016	40.2	1.0	2528000	Bacteria	Pseudomonadati	Planctomycetota	Planctomycetia	Pirellulales	Lacipirellulaceae	Botrimarina	Botrimarina hoheduenensis	1.9501639344262296	0.24590076502576683	0.12609235597319918	0.0
NR_173586.1	1	1523	59	1516	99.5404	55.9186	36.8	6.71	2528002	Bacteria	Pseudomonadati	Planctomycetota	Planctomycetia	Pirellulales	Lacipirellulaceae	Posidoniimonas	Posidoniimonas polymericola	55.91858174655285	7.293666656794938	0.1304336846355114	0.07
NR_173587.1	1	1528	20	1516	99.2147	18.6126	38.4	1.4	2528005	Bacteria	Pseudomonadati	Planctomycetota	Planctomycetia	Pirellulales	Pirellulaceae	Stieleria	Stieleria varia	18.612565445026178	2.7137229724810736	0.14580058726972858	0.02
NR_173588.1	1	1523	9	1514	99.4091	8.68089	36.8	2.0	2592654	Bacteria	Bacillati	Actinomycetota	Actinomycetes	Micrococcales	Microbacteriaceae	Protaetiibacter	Protaetiibacter larvae	8.680892974392647	1.218944891464474	0.14041699339689842	0.01
NR_173590.1	1	1477	2	1466	99.2552	1.87136	28.4	21.5	2772457	Bacteria	Bacillati	Bacillota	Negativicutes	Selenomonadales	Sporomusaceae	Pelorhabdus	Pelorhabdus rhamnosifermentans	1.8713608666215302	0.35635118112782377	0.1904235508414601	0.0
NR_173594.1	1	1461	1	1224	83.7782	0.837782	29.7	1.0	2775968	Bacteria	Bacillati	Actinomycetota	Actinomycetes	Micrococcales	Dermatophilaceae	Agilicoccus	Agilicoccus flavus	0.837782340862423	0.36865036308337124	0.44003119319020045	0.0
NR_173597.1	1	1517	6	1503	99.0771	5.60844	34.9	4.5	2662126	Bacteria	Bacillati	Bacillota	Clostridia	Eubacteriales	unclassified Eubacteriales family	Anaerotalea	Anaerotalea alkaliphila	5.608437705998681	0.9154831646521512	0.16323318767951497	0.01
NR_173606.1	1	1366	7	1366	100.0	6.75549	37.7	20.9	2748684	Bacteria	Bacillati	Bacillota	Bacilli	Lactobacillales	Aerococcaceae	Ruoffia	Ruoffia halotolerans	6.755490483162518	0.5400055727277917	0.07993580541245812	0.01
NR_173621.1	1	1520	528	1513	99.5395	499.199	38.1	29.0	2818044	Bacteria	Bacillati	Bacillota	Clostridia	Eubacteriales	Eubacteriales Family XIII. Incertae Sedis	Sinanaerobacter	Sinanaerobacter chloroacetimidivorans	499.19934210526316	54.60350263094089	0.10938216064280584	0.59
NR_173626.1	1	1459	1	1387	95.0651	0.950651	33.7	1.0	2816476	Bacteria	Bacillati	Bacillota	Clostridia	Eubacteriales	Peptococcaceae	Paradesulfitobacterium	Paradesulfitobacterium ferrireducens	0.9506511309115833	0.21659537900913406	0.2278389747471713	0.0
NR_173627.1	1	1535	2	1292	84.1694	1.6456	35.9	3.0	2790348	Bacteria	Thermotogati	Synergistota	unclassified Synergistota class	unclassified Synergistota order	Thermosynergistaceae	Thermosynergistes	Thermosynergistes pyruvativorans	1.6456026058631923	0.738520317266904	0.44878411995435374	0.0
NR_173637.1	1	1451	8	1444	99.5176	6.66299	38.8	3.38	2755051	Bacteria	Bacillati	Bacillota	Clostridia	Lachnospirales	Lachnospiraceae	Variimorphobacter	Variimorphobacter saccharofermentans	6.662991040661613	1.991401678983827	0.29887503477508615	0.01
NR_173642.1	1	1520	161	1520	100.0	152.612	37.5	28.2	2678306	Bacteria	Bacillati	Bacillota	Clostridia	Eubacteriales	Oscillospiraceae	Ruminococcoides	Ruminococcoides bili	152.61184210526315	13.222563123464916	0.08664178966101942	0.18
NR_173648.1	1	1427	2	1336	93.623	1.70147	36.3	1.0	2798583	Bacteria	Pseudomonadati	Thermodesulfobacteriota	Desulfuromonadia	Geobacterales	Geobacteraceae	Geomonas	Geomonas anaerohicana	1.7014716187806587	0.580473497370606	0.3411596708187211	0.0
NR_173654.1	1	1379	29	1364	98.9123	27.9869	38.7	1.41	2843215	Bacteria	Bacillati	Actinomycetota	Thermoleophilia	Miltoncostaeales	Miltoncostaeaceae	Miltoncostaea	Miltoncostaea marina	27.986947063089197	3.7619295427742263	0.13441728868439803	0.03
NR_173655.1	1	1403	53	1400	99.7862	50.866	39.8	3.19	2843216	Bacteria	Bacillati	Actinomycetota	Thermoleophilia	Miltoncostaeales	Miltoncostaeaceae	Miltoncostaea	Miltoncostaea oceani	50.86600142551675	6.071844059565121	0.11936939978378568	0.06
NR_173668.1	1	1397	1	1167	83.5361	0.835361	28.8	60.0	2766537	Bacteria	Bacillati	Bacillota	Clostridia	Eubacteriales	Oscillospiraceae	Caproicibacterium	Caproicibacterium amylolyticum	0.835361488904796	0.3708539763297128	0.44394430585484895	0.0
NR_173679.1	1	1515	5	1515	100.0	4.53003	35.6	3.8	2591847	Bacteria	Bacillati	Actinomycetota	Actinomycetes	Micrococcales	Microbacteriaceae	Microcella	Microcella pacifica	4.53003300330033	0.8860426716995543	0.19559298377164866	0.01
NR_173681.1	1	1523	7	1515	99.4747	6.7216	33.1	9.86	2751370	Bacteria	Bacillati	Actinomycetota	Acidimicrobiia	Acidimicrobiales	Iamiaceae	Rhabdothermincola	Rhabdothermincola sediminis	6.721602101116218	0.7452891187766116	0.11087968427242155	0.01
NR_173683.1	1	1395	1	1132	81.147	0.81147	41.3	1.0	2778368	Bacteria	Bacillati	Chloroflexota	Ktedonobacteria	Ktedonobacterales	Dictyobacteraceae	Dictyobacter	Dictyobacter formicarum	0.8114695340501792	0.3911351804153712	0.48200845996417213	0.0
NR_173686.1	1	1391	1	1119	80.4457	0.804457	40.3	1.0	2778369	Bacteria	Bacillati	Chloroflexota	Ktedonobacteria	Ktedonobacterales	Reticulibacteraceae	Reticulibacter	Reticulibacter mediterranei	0.8044572250179727	0.3966179498388279	0.49302553013924005	0.0
NR_173687.1	1	1465	1	1436	98.0205	0.980205	42.1	15.0	2751153	Bacteria	Pseudomonadati	Bacteroidota	Bacteroidia	Bacteroidales	Barnesiellaceae	Coprobacter	Coprobacter secundus	0.9802047781569966	0.13929598355727424	0.1421090640051579	0.0
NR_173688.1	1	1453	71	1453	100.0	67.9601	38.4	7.94	2780922	Bacteria	Bacillati	Bacillota	Clostridia	Eubacteriales	Oscillospiraceae	Solibaculum	Solibaculum mannosilyticum	67.96008258774948	4.886860678229898	0.07190780958690014	0.08
NR_173691.1	1	1434	3	1433	99.9303	2.71967	40.4	8.67	1871031	Bacteria	Bacillati	Actinomycetota	Coriobacteriia	Coriobacteriales	Atopobiaceae	Thermophilibacter	Thermophilibacter mediterraneus	2.719665271966527	0.5805455036605366	0.21346211596133577	0.0
NR_173692.1	1	1429	6	1386	96.9909	5.24003	37.8	3.67	1871033	Bacteria	Bacillati	Actinomycetota	Coriobacteriia	Coriobacteriales	Atopobiaceae	Olsenella	Olsenella urininfantis	5.24002799160252	1.581176537722241	0.30174963573785824	0.01
NR_173693.1	1	1478	34	1478	100.0	31.7923	37.4	10.2	1852385	Bacteria	Bacillati	Actinomycetota	Coriobacteriia	Coriobacteriales	Atopobiaceae	Olsenella	Olsenella phocaeensis	31.79228687415426	3.5284684152599066	0.11098504581400205	0.04
NR_173695.1	1	1491	5	1490	99.9329	4.78806	33.6	1.0	1689303	Bacteria	Bacillati	Bacillota	Tissierellia	Tissierellales	Peptoniphilaceae	Lagierella	Lagierella massiliensis	4.7880617035546615	0.5727008378846713	0.11961016238773566	0.01
NR_173696.1	1	1482	8	1480	99.865	7.72672	40.5	10.0	1522317	Bacteria	Bacillati	Actinomycetota	Actinomycetes	Propionibacteriales	Propionibacteriaceae	Nigerium	Nigerium massiliense	7.72672064777328	0.6521643931146014	0.08440377526817214	0.01
NR_173697.1	1	1481	23	1481	100.0	21.239	38.9	2.57	2108523	Bacteria	Bacillati	Bacillota	Clostridia	Eubacteriales	Oscillospiraceae	Lawsonibacter	Lawsonibacter asaccharolyticus	21.2390276839973	3.0271541958132038	0.14252790856777475	0.03
NR_174194.1	1	1473	1	1366	92.7359	0.927359	25.7	1.0	995039	Bacteria	Bacillati	Actinomycetota	Actinomycetes	Micrococcales	Microbacteriaceae	Cryobacterium	Cryobacterium melibiosiphilum	0.9273591310251188	0.25954609056861977	0.2798765676482994	0.0
NR_174200.1	1	1574	1	1230	78.1449	0.781449	25.2	1.0	1644114	Bacteria	Bacillati	Bacillota	Bacilli	Bacillales	Paenibacillaceae	Brevibacillus	Brevibacillus migulae	0.7814485387547649	0.4132634995167238	0.5288428847474173	0.0
NR_174205.1	1	1366	1	1287	94.2167	0.942167	35.7	1.0	1850373	Bacteria	Pseudomonadati	Pseudomonadota	Alphaproteobacteria	Hyphomicrobiales	Rhizobiaceae	Rhizobium	Rhizobium rhizophilum	0.9421669106881405	0.23342755427006714	0.24775605216232457	0.0
NR_174227.1	1	1486	2	1480	99.5962	1.96972	37.8	39.5	2559073	Bacteria	Bacillati	Actinomycetota	Actinomycetes	Propionibacteriales	Propionibacteriaceae	Cutibacterium	Cutibacterium modestum	1.9697173620457604	0.19349669225571514	0.0982357651834618	0.0
NR_174232.1	1	1354	1	1042	76.9572	0.769572	31.4	1.0	1912876	Bacteria	Pseudomonadati	Campylobacterota	Epsilonproteobacteria	Campylobacterales	Arcobacteraceae	Arcobacter	Arcobacter lacus	0.7695716395864106	0.42110703049307485	0.5471966595850513	0.0
NR_174244.1	1	1465	11	1465	100.0	10.8102	36.3	10.7	2528630	Bacteria	Pseudomonadati	Pseudomonadota	Betaproteobacteria	Burkholderiales	unclassified Burkholderiales family	Aquabacterium	Aquabacterium lacunae	10.810238907849829	0.4504426464438311	0.04166814908380454	0.01
NR_174247.1	1	1483	1	1359	91.6386	0.916386	30.1	1.0	2079535	Bacteria	Bacillati	Actinomycetota	Actinomycetes	Mycobacteriales	Corynebacteriaceae	Corynebacterium	Corynebacterium liangguodongii	0.916385704652731	0.2768084987149949	0.3020654919752299	0.0
NR_174253.1	1	1501	1	1482	98.7342	0.987342	38.1	60.0	2259674	Bacteria	Pseudomonadati	Pseudomonadota	Betaproteobacteria	Burkholderiales	Sphaerotilaceae	Azohydromonas	Azohydromonas sediminis	0.9873417721518988	0.11179444134592272	0.11322770341446019	0.0
NR_174259.1	1	1528	17	1516	99.2147	16.3154	38.0	2.24	2080742	Bacteria	Bacillati	Actinomycetota	Actinomycetes	Micrococcales	Microbacteriaceae	Agromyces	Agromyces badenianii	16.31544502617801	2.5778399549555617	0.1579999779852426	0.02
NR_174267.1	1	1547	1	1381	89.2696	0.892696	34.8	1.0	2419773	Bacteria	Bacillati	Bacillota	Bacilli	Lactobacillales	Streptococcaceae	Lactococcus	Lactococcus allomyrinae	0.8926955397543633	0.3094999403183034	0.3467026847736534	0.0
NR_174274.1	1	1391	30	1389	99.8562	28.8749	39.4	22.5	2487892	Bacteria	Bacillati	Actinomycetota	Actinomycetes	Mycobacteriales	Corynebacteriaceae	Corynebacterium	Corynebacterium urogenitale	28.87491013659238	2.796248174975048	0.09684006501656398	0.03
NR_174281.1	1	1428	1	1241	86.9048	0.869048	35.5	0.0	2603857	Bacteria	Pseudomonadati	Thermodesulfobacteriota	Desulfuromonadia	Geobacterales	Geobacteraceae	Oryzomonas	Oryzomonas sagensis	0.8690476190476191	0.3373482694120176	0.38818157028232164	0.0
NR_174302.1	1	1532	11	1528	99.7389	10.4471	36.7	2.27	2420890	Bacteria	Pseudomonadati	Pseudomonadota	Gammaproteobacteria	Moraxellales	Moraxellaceae	Acinetobacter	Acinetobacter chengduensis	10.447127937336814	1.0260056401942306	0.09820934962683919	0.01
NR_174322.1	1	1485	1	1439	96.9024	0.969024	28.1	3.0	1183401	Bacteria	Pseudomonadati	Pseudomonadota	Alphaproteobacteria	Hyphomicrobiales	Rhizobiaceae	Agrobacterium	Agrobacterium tumefaciens	0.969023569023569	0.17325383603370664	0.178792179645625	0.0
NR_174324.1	1	1520	385	1515	99.6711	369.774	38.6	13.0	2576756	Bacteria	Bacillati	Bacillota	Clostridia	Eubacteriales	Acutalibacteraceae	Caproicibacter	Caproicibacter fermentans	369.7736842105263	36.333199869298426	0.09825793835726976	0.43
NR_174327.1	1	1442	1	1413	97.9889	0.979889	40.3	1.0	2692584	Bacteria	Pseudomonadati	Bacteroidota	Bacteroidia	Marinilabiliales	Prolixibacteraceae	Sunxiuqinia	Sunxiuqinia indica	0.9798890429958391	0.14037986469767763	0.14326098010902416	0.0
NR_174336.1	1	1331	1	1253	94.1397	0.941397	23.8	22.0	2714901	Bacteria	Pseudomonadati	Pseudomonadota	Alphaproteobacteria	Rhodobacterales	Paracoccaceae	Paracoccus	Paracoccus xiamenensis	0.941397445529677	0.23487932024738922	0.24950069852296491	0.0
NR_175426.1	1	1475	3	1243	84.2712	2.41966	38.8	1.0	2527691	Bacteria	Pseudomonadati	Pseudomonadota	Betaproteobacteria	Burkholderiales	Comamonadaceae	Rhodoferax	Rhodoferax aquaticus	2.4196610169491524	1.0976800900106327	0.4536503594187961	0.0
NR_175427.1	1	1490	1	1462	98.1208	0.981208	45.2	7.0	1461031	Bacteria	Bacillati	Actinomycetota	Actinomycetes	Kineosporiales	Kineosporiaceae	Pseudokineococcus	Pseudokineococcus galaxeicola	0.9812080536912752	0.13578957641385644	0.1383901975763653	0.0
NR_175432.1	1	1430	3	1403	98.1119	2.66224	36.9	2.0	1655242	Bacteria	Bacillati	Bacillota	Bacilli	Bacillales	Paenibacillaceae	Fontibacillus	Fontibacillus pullulanilyticus	2.6622377622377624	0.635687414476386	0.23877935453145047	0.0
NR_175442.1	1	1528	2	1293	84.6204	1.59293	36.5	1.0	2184758	Bacteria	Pseudomonadati	Pseudomonadota	Betaproteobacteria	Burkholderiales	Comamonadaceae	Rhodoferax	Rhodoferax lacus	1.5929319371727748	0.7409151625455971	0.4651266920171209	0.0
NR_175447.1	1	1368	1	1272	92.9825	0.929825	40.2	1.0	2080758	Bacteria	Pseudomonadati	Pseudomonadota	Betaproteobacteria	Nitrosomonadales	Methylophilaceae	Methylotenera	Methylotenera oryzisoli	0.9298245614035088	0.2554424522554567	0.27472112789737796	0.0
NR_175464.1	1	1395	16	1395	100.0	15.4803	38.4	11.8	2480747	Bacteria	Pseudomonadati	Pseudomonadota	Betaproteobacteria	Burkholderiales	Alcaligenaceae	Paracandidimonas	Paracandidimonas caeni	15.480286738351255	1.413252149551238	0.0912936674519091	0.02
NR_175474.1	1	1517	2	1510	99.5386	1.96309	38.6	1.0	2917965	Bacteria	Pseudomonadati	Pseudomonadota	Betaproteobacteria	Burkholderiales	Sphaerotilaceae	Roseateles	Roseateles chitinivorans	1.963085036255768	0.21161519352837382	0.1077972627879594	0.0
NR_175476.1	1	1515	1	1269	83.7624	0.837624	39.1	1.0	2137476	Bacteria	Bacillati	Bacillota	Bacilli	Bacillales	Thermoactinomycetaceae	Thermoflavimicrobium	Thermoflavimicrobium daqui	0.8376237623762376	0.36879560067727885	0.4402878920615268	0.0
NR_175485.1	1	1406	1	746	53.0583	0.530583	42.3	1.0	2851599	Bacteria	Pseudomonadati	Bacteroidota	Chitinophagia	Chitinophagales	Chitinophagaceae	Pinibacter	Pinibacter aurantiacus	0.5305832147937412	0.49906379048462524	0.9405947579375108	0.0
NR_175501.1	1	1452	1	631	43.4573	0.434573	41.9	1.0	2496270	Bacteria	Pseudomonadati	Bacteroidota	Bacteroidia	Bacteroidales	Dysgonomonadaceae	Seramator	Seramator thermalis	0.4345730027548209	0.49570082512688773	1.1406618036200333	0.0
NR_175502.1	1	1479	1	1462	98.8506	0.988506	37.8	4.0	2575440	Bacteria	Bacillati	Actinomycetota	Actinomycetes	Propionibacteriales	Nocardioidaceae	Nocardioides	Nocardioides jishulii	0.9885057471264368	0.10659331604018321	0.10783277320344116	0.0
NR_175528.1	1	1431	1	1353	94.5493	0.945493	39.2	1.0	2662261	Bacteria	Bacillati	Actinomycetota	Actinomycetes	Propionibacteriales	Propionibacteriaceae	Raineyella	Raineyella fluvialis	0.9454926624737946	0.22701605159549773	0.24010345146574813	0.0
NR_175531.1	1	1577	1	1529	96.9562	0.969562	37.4	1.0	2666135	Bacteria	Bacillati	Bacillota	Bacilli	Bacillales	Bacillaceae	Lysinibacillus	Lysinibacillus cavernae	0.9695624603677869	0.17178793849787738	0.17718088882351382	0.0
NR_175534.1	1	1381	1	1291	93.483	0.93483	34.8	1.0	2668052	Bacteria	Pseudomonadati	Bacteroidota	Bacteroidia	Marinilabiliales	Prolixibacteraceae	Mangrovibacterium	Mangrovibacterium lignilyticum	0.9348298334540188	0.24682588182431486	0.26403295336899985	0.0
NR_175548.1	1	1528	6	1520	99.4764	5.62696	40.0	8.67	2739389	Bacteria	Pseudomonadati	Bacteroidota	Bacteroidia	Bacteroidales	Bacteroidaceae	Phocaeicola	Phocaeicola faecicola	5.62696335078534	0.8302877150460143	0.1475552022086892	0.01
NR_175549.1	1	1532	1	1490	97.2585	0.972585	40.3	1.0	2763498	Bacteria	Pseudomonadati	Pseudomonadota	Gammaproteobacteria	Lysobacterales	Rhodanobacteraceae	Dyella	Dyella telluris	0.9725848563968669	0.16328978383338064	0.1678925831092209	0.0
NR_175555.1	1	1555	2	1525	98.0707	1.90225	38.4	0.5	2817476	Bacteria	Bacillati	Bacillota	Bacilli	Bacillales	Bacillaceae	Bacillus	Bacillus sanguinis	1.9022508038585209	0.3560610899809045	0.18717883533478924	0.0
NR_175557.1	1	1504	1	1267	84.242	0.84242	25.8	1.0	2817478	Bacteria	Bacillati	Bacillota	Bacilli	Bacillales	Bacillaceae	Bacillus	Bacillus hominis	0.8424202127659575	0.3643465354429989	0.4324997547800081	0.0
NR_175560.1	1	1543	1	1453	94.1672	0.941672	33.9	0.0	2806205	Bacteria	Bacillati	Bacillota	unclassified Bacillota class	Caldicellulosiruptorales	Caldicellulosiruptoraceae	Caldicellulosiruptor	Caldicellulosiruptor diazotrophicus	0.9416720674011666	0.2343625074059003	0.24887911144343025	0.0
NR_175563.1	1	1539	5	1523	98.9604	4.66147	32.9	8.0	413882	Bacteria	Pseudomonadati	Pseudomonadota	Betaproteobacteria	Burkholderiales	Sphaerotilaceae	Caldimonas	Caldimonas brevitalea	4.661468486029889	0.715840033359642	0.15356534866747826	0.01
NR_175564.1	1	1540	51	1530	99.3506	43.4214	36.0	4.73	2527691	Bacteria	Pseudomonadati	Pseudomonadota	Betaproteobacteria	Burkholderiales	Comamonadaceae	Rhodoferax	Rhodoferax aquaticus	43.42142857142857	13.40114098789235	0.3086296657846569	0.06
NR_175569.1	1	1524	7	1511	99.147	6.75	38.6	1.0	2320868	Bacteria	Bacillati	Bacillota	Clostridia	Eubacteriales	Clostridiaceae	Clostridium	Clostridium manihotivorum	6.75	0.8564063045833933	0.12687500808642863	0.01
NR_175570.1	1	1526	3	1513	99.1481	2.87549	38.1	1.0	2320868	Bacteria	Bacillati	Bacillota	Clostridia	Eubacteriales	Clostridiaceae	Clostridium	Clostridium manihotivorum	2.875491480996068	0.4316624735609645	0.15011780643893158	0.0
NR_175577.1	1	1526	1	1086	71.1664	0.711664	23.3	1.0	2320868	Bacteria	Bacillati	Bacillota	Clostridia	Eubacteriales	Clostridiaceae	Clostridium	Clostridium manihotivorum	0.7116644823066841	0.4529880207354735	0.6365190788603431	0.0
NR_175578.1	1	1526	2	1507	98.7549	1.90826	28.5	4.5	2320868	Bacteria	Bacillati	Bacillota	Clostridia	Eubacteriales	Clostridiaceae	Clostridium	Clostridium manihotivorum	1.908256880733945	0.3289802777282776	0.17239831861722238	0.0
NR_175580.1	1	1525	6	1512	99.1475	5.68984	38.6	1.0	2320868	Bacteria	Bacillati	Bacillota	Clostridia	Eubacteriales	Clostridiaceae	Clostridium	Clostridium manihotivorum	5.68983606557377	0.8025747333636322	0.1410541049186976	0.01
NR_176499.1	1	1489	2	1489	100.0	1.95366	35.1	1.0	1812858	Bacteria	Bacillati	Bacillota	Clostridia	Lachnospirales	Lachnospiraceae	Anaerosacchariphilus	Anaerosacchariphilus polymeriproducens	1.953660174613835	0.2102199942187798	0.10760315276444245	0.0
NR_176530.1	1	1428	2	1413	98.9496	1.94888	41.1	1.0	2093857	Bacteria	Bacillati	Bacillota	Clostridia	Eubacteriales	Oscillospiraceae	Dysosmobacter	Dysosmobacter welbionis	1.9488795518207283	0.2636580196363589	0.13528697522124344	0.0
NR_176534.1	1	1517	1	664	43.7706	0.437706	38.4	7.0	2116657	Bacteria	Pseudomonadati	Pseudomonadota	Betaproteobacteria	Burkholderiales	Comamonadaceae	Pulveribacter	Pulveribacter suum	0.4377059986816084	0.4961042807714346	1.1334189667624492	0.0
NR_176535.1	1	1481	2	1465	98.9196	1.83727	40.3	1.0	2171757	Bacteria	Pseudomonadati	Pseudomonadota	Alphaproteobacteria	Rhodospirillales	Azospirillaceae	Oleisolibacter	Oleisolibacter albus	1.837272113436867	0.3973091287399228	0.2162494743343718	0.0
NR_176537.1	1	1471	1	118	8.02175	0.0802175	25.5	0.0	2304676	Archaea	Methanobacteriati	Methanobacteriota	Halobacteria	Halobacteriales	Haladaptataceae	Halomicrococcus	Halomicrococcus hydrotolerans	0.08021753908905506	0.27162968451837305	3.3861632705637863	0.0
NR_176541.1	1	1526	18	1518	99.4758	17.213	38.7	4.61	2419774	Bacteria	Bacillati	Actinomycetota	Actinomycetes	Micrococcales	Microbacteriaceae	Protaetiibacter	Protaetiibacter intestinalis	17.212975098296198	2.7283981893392437	0.158508228458967	0.02
NR_176555.1	1	1488	1	1087	73.0511	0.730511	38.9	1.0	2886350	Bacteria	Bacillati	Cyanobacteriota	Cyanophyceae	Coleofasciculales	Coleofasciculaceae	Crassifilum	Crassifilum sonorensis	0.730510752688172	0.4436944814792416	0.6073757023377291	0.0
NR_176800.1	1	1454	1	1395	95.9422	0.959422	39.1	46.0	35833	Bacteria	Pseudomonadati	Thermodesulfobacteriota	Desulfovibrionia	Desulfovibrionales	Desulfovibrionaceae	Bilophila	Bilophila wadsworthia	0.9594222833562586	0.19730982123483687	0.2056548244268479	0.0
NR_176802.2	1	1415	1	1366	96.5371	0.965371	36.6	1.0	226526	Bacteria	Bacillati	Bacillota	Clostridia	Peptostreptococcales	Peptostreptococcaceae	Peptostreptococcus	Candidatus Peptostreptococcus massiliensis	0.9653710247349824	0.18283820535411166	0.18939682326212884	0.0
NR_176987.1	1	1485	7	1476	99.3939	6.49899	38.0	0.0	2907343	Bacteria	Bacillati	Cyanobacteriota	Cyanophyceae	Gloeobacterales	Gloeobacteraceae	Gloeobacter	Gloeobacter morelensis	6.498989898989899	0.8243959056943314	0.1268498518242754	0.01
NR_177019.1	1	1464	1	1205	82.3087	0.823087	28.5	1.0	2228355	Bacteria	Bacillati	Cyanobacteriota	Cyanophyceae	Oculatellales	Oculatellaceae	Oculatella	Oculatella ucrainica	0.8230874316939891	0.38159469530036955	0.4636138040827726	0.0
NR_177034.1	1	1470	1	1429	97.2109	0.972109	38.0	0.0	2584818	Bacteria	Bacillati	Cyanobacteriota	Cyanophyceae	Nodosilineales	Nodosilineaceae	Nodosilinea	Nodosilinea ramsarensis	0.972108843537415	0.1646609846131289	0.16938533756563992	0.0
NR_177707.1	1	1477	1	1140	77.1835	0.771835	37.2	1.0	2066957	Bacteria	Bacillati	Cyanobacteriota	Cyanophyceae	Oscillatoriales	Sirenicapillariaceae	Neolyngbya	Neolyngbya arenicola	0.7718348002708192	0.41964966503230344	0.5437039958357125	0.0
NR_177726.1	1	1485	3	1448	97.5084	2.66734	42.8	1.0	2661616	Bacteria	Bacillati	Cyanobacteriota	Cyanophyceae	Pseudanabaenales	Pseudanabaenaceae	Pseudanabaena	Pseudanabaena cinerea	2.667340067340067	0.7835282341956634	0.2937489088059986	0.0
NR_177727.1	1	1450	1	1235	85.1724	0.851724	39.0	1.0	2661616	Bacteria	Bacillati	Cyanobacteriota	Cyanophyceae	Pseudanabaenales	Pseudanabaenaceae	Pseudanabaena	Pseudanabaena cinerea	0.8517241379310345	0.35537322746187666	0.4172398217163734	0.0
NR_177732.1	1	1485	1	1297	87.3401	0.873401	40.3	1.0	1933271	Bacteria	Bacillati	Cyanobacteriota	Cyanophyceae	Pseudanabaenales	Pseudanabaenaceae	Pseudanabaena	Pseudanabaena foetida	0.8734006734006734	0.33252358879322313	0.3807228445319478	0.0
NR_177742.1	1	1483	3	1320	89.0088	2.65813	40.7	1.0	2594593	Bacteria	Bacillati	Cyanobacteriota	Cyanophyceae	Chroococcidiopsidales	Sinocapsaceae	Sinocapsa	Sinocapsa zengkensis	2.658125421443021	0.9433264868914402	0.35488411467783	0.0
NR_177753.1	1	1478	5	1425	96.4141	4.66712	42.3	1.4	33070	Bacteria	Bacillati	Cyanobacteriota	Cyanophyceae	Acaryochloridales	Thermosynechococcaceae	Parathermosynechococcus	Parathermosynechococcus lividus	4.667117726657645	0.9939675699532495	0.21297246569888414	0.01
NR_177772.1	1	1480	1	1412	95.4054	0.954054	37.9	1.0	2027961	Bacteria	Bacillati	Cyanobacteriota	Cyanophyceae	Leptolyngbyales	Leptolyngbyaceae	Chroakolemma	Chroakolemma pellucida	0.9540540540540541	0.20936789629042712	0.21945076948288395	0.0
NR_177875.1	1	1449	1	1133	78.1919	0.781919	23.5	0.0	2584818	Bacteria	Bacillati	Cyanobacteriota	Cyanophyceae	Nodosilineales	Nodosilineaceae	Nodosilinea	Nodosilinea ramsarensis	0.7819185645272602	0.4129430020897432	0.5281151015251879	0.0
NR_177914.1	1	1461	1	1219	83.436	0.83436	36.1	1.0	2586171	Bacteria	Bacillati	Cyanobacteriota	Cyanophyceae	Coleofasciculales	Wilmottiaceae	Ramsaria	Ramsaria avicennae	0.8343600273785079	0.37175714127834186	0.44555962543696265	0.0
NR_178247.1	1	1523	1	1236	81.1556	0.811556	16.6	1.0	1229250	Bacteria	Bacillati	Bacillota	Bacilli	Bacillales	Paenibacillaceae	Ammoniibacillus	Ammoniibacillus agariperforans	0.8115561391989494	0.39106619916255136	0.4818720237253768	0.0
NR_178253.1	1	1404	2	1403	99.9288	1.94801	35.6	58.0	1338420	Bacteria	Pseudomonadati	Pseudomonadota	Gammaproteobacteria	Lysobacterales	Lysobacteraceae	Denitratimonas	Denitratimonas tolerans	1.9480056980056981	0.22520079036035437	0.1156058170625	0.0
NR_178255.1	1	1469	1	1441	98.0939	0.980939	42.5	8.0	1408099	Bacteria	Bacillati	Bacillota	Clostridia	Lachnospirales	Lachnospiraceae	Fusimonas	Fusimonas intestini	0.9809394145677331	0.13673799587256452	0.13939494513310013	0.0
NR_178262.1	1	1411	3	1396	98.9369	2.8129	41.2	53.7	1501662	Bacteria	Bacillati	Bacillota	Bacilli	Lactobacillales	Streptococcaceae	Streptococcus	Streptococcus parasuis	2.8128986534372786	0.5750575384932504	0.20443592512319886	0.0
NR_178263.1	1	1410	2	1404	99.5745	1.85745	37.5	25.5	89152	Bacteria	Bacillati	Bacillota	Clostridia	Peptostreptococcales	Peptostreptococcaceae	Peptacetobacter	Peptacetobacter hiranonis	1.8574468085106384	0.36158320948770784	0.19466679090403513	0.0
NR_178273.1	1	1465	17	1465	100.0	16.2457	39.5	46.0	137838	Bacteria	Bacillati	Bacillota	Clostridia	Eubacteriales	Clostridiaceae	Clostridium	Clostridium neonatale	16.245733788395903	1.3336126705568943	0.08209002362881723	0.02
NR_178280.1	1	1466	2	1454	99.1814	1.95566	39.8	1.0	411483	Bacteria	Bacillati	Bacillota	Clostridia	Eubacteriales	Oscillospiraceae	Faecalibacterium	Faecalibacterium duncaniae	1.955661664392906	0.2423706363512404	0.12393280533342114	0.0
NR_178281.1	1	1482	11	1480	99.865	10.7686	36.4	32.6	105843	Bacteria	Bacillati	Bacillota	Clostridia	Lachnospirales	Lachnospiraceae	Anaerobutyricum	Anaerobutyricum soehngenii	10.76855600539811	0.7911516016857263	0.07346868060017836	0.01
NR_178290.1	1	1374	3	1374	100.0	2.96361	41.4	1.0	485895	Bacteria	Pseudomonadati	Pseudomonadota	Gammaproteobacteria	Pseudomonadales	Pseudomonadaceae	Pseudomonas	Pseudomonas wayambapalatensis	2.963609898107715	0.1985766214931377	0.06700497984567072	0.0
NR_178354.1	1	1497	2	1396	93.2532	1.80227	39.3	1.0	553814	Bacteria	Pseudomonadati	Pseudomonadota	Betaproteobacteria	Burkholderiales	Comamonadaceae	Acidovorax	Acidovorax carolinensis	1.8022712090848363	0.5418197633019228	0.30063164776240864	0.0
NR_178385.1	1	1536	1	1423	92.6432	0.926432	23.7	1.0	1033264	Bacteria	Bacillati	Bacillota	Bacilli	Bacillales	Paenibacillaceae	Paenibacillus	Paenibacillus marinum	0.9264322916666666	0.2610660847829754	0.28179726368703456	0.0
NR_178400.1	1	1497	3	1492	99.666	2.70741	36.8	10.0	52	Bacteria	Pseudomonadati	Myxococcota	unclassified Myxococcota class	Polyangiales	Polyangiaceae	Chondromyces	Chondromyces crocatus	2.7074148296593186	0.681783044548276	0.25182068040680217	0.0
NR_178401.1	1	1550	2	1547	99.8065	1.95613	33.4	5.0	83447	Bacteria	Pseudomonadati	Myxococcota	unclassified Myxococcota class	Polyangiales	Polyangiaceae	Chondromyces	Chondromyces pediculatus	1.9561290322580644	0.21404969907303617	0.10942514299578036	0.0
NR_178418.1	1	1402	1	1394	99.4294	0.994294	41.3	25.0	1132659	Bacteria	Pseudomonadati	Pseudomonadota	Alphaproteobacteria	Hyphomicrobiales	Rhizobiaceae	Rhizobium	Rhizobium alvei	0.9942938659058488	0.07532313142621438	0.07575540190785693	0.0
NR_178423.1	1	1512	3	1314	86.9048	2.48611	34.4	1.0	86176	Bacteria	Pseudomonadati	Pseudomonadota	Gammaproteobacteria	Pseudomonadales	Pseudomonadaceae	Pseudomonas	Pseudomonas meliae	2.486111111111111	1.0464440711301883	0.4209160509573942	0.0
NR_178427.1	1	1477	1	1451	98.2397	0.982397	44.5	1.0	1347366	Bacteria	Bacillati	Bacillota	Clostridia	Eubacteriales	Clostridiaceae	Clostridium	Clostridium massiliamazoniense	0.982396750169262	0.13150427911720106	0.133860661789184	0.0
NR_178466.1	1	1566	1	1497	95.5939	0.955939	42.8	1.0	872396	Bacteria	Bacillati	Bacillota	Bacilli	Bacillales	Bacillaceae	Bacillus	Bacillus daqingensis	0.9559386973180076	0.2052313433371135	0.21469090425245138	0.0
NR_178483.1	1	1386	2	1305	94.1558	1.74242	30.0	1.0	980252	Bacteria	Pseudomonadati	Planctomycetota	Planctomycetia	Pirellulales	Pirellulaceae	Bremerella	Bremerella alba	1.7424242424242424	0.5550798172949113	0.31856754731707954	0.0
NR_178486.1	1	1447	1	1415	97.7885	0.977885	33.5	45.0	1089681	Bacteria	Bacillati	Bacillota	Bacilli	Bacillales	Paenibacillaceae	Paenibacillus	Paenibacillus piscarius	0.9778852798894264	0.1470566532497068	0.15038231607938213	0.0
NR_178502.1	1	1446	1	1394	96.4039	0.964039	23.4	54.0	1104773	Bacteria	Pseudomonadati	Pseudomonadota	Alphaproteobacteria	Sphingomonadales	Erythrobacteraceae	Altererythrobacter	Altererythrobacter segetis	0.9640387275242047	0.18619360718810088	0.19313913629411325	0.0
NR_178505.1	1	1554	1	1182	76.0618	0.760618	14.3	1.0	1158996	Bacteria	Bacillati	Bacillota	Bacilli	Bacillales	Bacillaceae	Paraliobacillus	Paraliobacillus salinarum	0.7606177606177607	0.4267064363828898	0.560999832604916	0.0
NR_178508.1	1	1476	1	1413	95.7317	0.957317	46.6	1.0	1842532	Bacteria	Pseudomonadati	Thermodesulfobacteriota	Desulfuromonadia	Desulfuromonadales	Syntrophotaleaceae	Syntrophotalea	Syntrophotalea acetylenivorans	0.9573170731707317	0.20214127383232663	0.21115394209236668	0.0
NR_178513.1	1	1469	1	1441	98.0939	0.980939	31.0	13.0	1176533	Bacteria	Pseudomonadati	Pseudomonadota	Gammaproteobacteria	Lysobacterales	Lysobacteraceae	Luteimonas	Luteimonas granuli	0.9809394145677331	0.13673799587256721	0.13939494513310288	0.0
NR_178537.1	1	1524	2	1504	98.6877	1.93898	35.3	1.0	2358193	Bacteria	Bacillati	Actinomycetota	Actinomycetes	Mycobacteriales	Mycobacteriaceae	Mycolicibacterium	Mycolicibacterium stellerae	1.938976377952756	0.289044042940832	0.1490704302679621	0.0
NR_178562.1	1	1417	1	1208	85.2505	0.852505	35.5	1.0	1261403	Bacteria	Pseudomonadati	Bacteroidota	Bacteroidia	Marinilabiliales	Prolixibacteraceae	Mangrovibacterium	Mangrovibacterium diazotrophicum	0.8525052928722654	0.3545983904321025	0.4159486086442792	0.0
NR_178576.1	1	1438	4	1363	94.7844	3.1815	38.1	1.0	1564138	Bacteria	Pseudomonadati	Campylobacterota	Epsilonproteobacteria	Campylobacterales	Arcobacteraceae	Aliarcobacter	Aliarcobacter faecis	3.1815020862308763	1.34299500150109	0.4221260791603426	0.0
NR_178579.1	1	1534	1	1512	98.5658	0.985658	43.1	1.0	1307759	Bacteria	Pseudomonadati	Thermodesulfobacteriota	Desulfovibrionia	Desulfovibrionales	Desulfovibrionaceae	Desulfohalovibrio	Desulfohalovibrio reitneri	0.9856584093872229	0.11889453053640703	0.12062447740929126	0.0
NR_178587.1	1	1500	1	1283	85.5333	0.855333	33.8	4.0	1323375	Bacteria	Bacillati	Bacillota	Clostridia	Halanaerobiales	unclassified Halanaerobiales family	Anoxybacter	Anoxybacter fermentans	0.8553333333333333	0.3517644413840398	0.4112600639719873	0.0
NR_178620.1	1	1412	3	1368	96.8839	2.6466	25.7	1.0	1417629	Bacteria	Bacillati	Bacillota	Clostridia	Peptostreptococcales	Thermotaleaceae	Anaerosolibacter	Anaerosolibacter carboniphilus	2.646600566572238	0.70943344246763	0.2680545947991152	0.0
NR_178625.1	1	1433	1	1190	83.0426	0.830426	45.7	1.0	1552750	Bacteria	Pseudomonadati	Pseudomonadota	Betaproteobacteria	Rhodocyclales	Zoogloeaceae	Zoogloea	Zoogloea oleivorans	0.8304256803907886	0.3752584039542424	0.4518868007280919	0.0
NR_178626.1	1	1522	1	1420	93.2983	0.932983	17.9	1.0	486505	Bacteria	Bacillati	Actinomycetota	Actinomycetes	Pseudonocardiales	Pseudonocardiaceae	Amycolatopsis	Amycolatopsis flava	0.9329829172141918	0.25005158148007745	0.2680130331075196	0.0
NR_178628.1	1	1490	2	1477	99.1275	1.95906	41.6	8.0	1217715	Bacteria	Pseudomonadati	Pseudomonadota	Gammaproteobacteria	Moraxellales	Moraxellaceae	Acinetobacter	Acinetobacter bohemicus	1.9590604026845637	0.23814535711748772	0.1215610079154014	0.0
NR_178633.1	1	1500	1	1471	98.0667	0.980667	43.6	1.0	1433544	Bacteria	Pseudomonadati	Pseudomonadota	Gammaproteobacteria	Moraxellales	Moraxellaceae	Acinetobacter	Acinetobacter refrigeratoris	0.9806666666666667	0.13769370194586128	0.1404082616715105	0.0
NR_178656.1	1	1441	1	612	42.4705	0.424705	43.0	1.0	1445034	Bacteria	Pseudomonadati	Pseudomonadota	Alphaproteobacteria	Caulobacterales	Caulobacteraceae	Phenylobacterium	Phenylobacterium kunshanense	0.42470506592644	0.4942981619456592	1.163862175430874	0.0
NR_178660.1	1	1400	1	1258	89.8571	0.898571	38.5	1.0	1482732	Bacteria	Bacillati	Bacillota	Clostridia	Peptostreptococcales	Natronincolaceae	Alkaliphilus	Alkaliphilus pronyensis	0.8985714285714286	0.3018953731452853	0.3359725933254367	0.0
NR_178662.1	1	1539	3	1512	98.2456	2.5614	38.8	1.0	1482737	Bacteria	Thermotogati	Synergistota	Synergistia	Synergistales	Aminobacteriaceae	Aminobacterium	Aminobacterium thunnarium	2.56140350877193	0.8120867993843087	0.31704758606099726	0.0
NR_178663.1	1	1449	1	989	68.254	0.68254	16.7	1.0	1481894	Bacteria	Pseudomonadati	Pseudomonadota	Gammaproteobacteria	Thiotrichales	Thiotrichaceae	Leucothrix	Leucothrix arctica	0.6825396825396826	0.4654881999560374	0.6819943394704734	0.0
NR_178667.1	1	1493	1	1442	96.5841	0.965841	35.7	1.0	1473580	Bacteria	Bacillati	Bacillota	Clostridia	Lachnospirales	Defluviitaleaceae	Defluviitalea	Defluviitalea phaphyphila	0.9658405894172807	0.18163850156660127	0.18806260945834652	0.0
NR_178669.1	1	1516	1	1479	97.5594	0.975594	38.1	1.0	1488331	Bacteria	Bacillati	Bacillota	Clostridia	Eubacteriales	Eubacteriales Family XII. Incertae Sedis	Fusibacter	Fusibacter bizertensis	0.9755936675461742	0.15430704258062963	0.15816732694539185	0.0
NR_178677.1	1	1532	3	1262	82.376	2.39491	34.5	1.0	1420916	Bacteria	Pseudomonadati	Pseudomonadota	Gammaproteobacteria	Pseudomonadales	Marinobacteraceae	Marinobacter	Marinobacter similis	2.3949086161879896	1.1522710822551583	0.4811336326014997	0.0
NR_178703.1	1	1357	24	1357	100.0	23.3213	36.2	47.1	1506996	Bacteria	Pseudomonadati	Thermodesulfobacteriota	Desulfobulbia	Desulfobulbales	Desulfobulbaceae	Desulfoprunum	Desulfoprunum benzoelyticum	23.32129697862933	1.2586954790589655	0.053971933045249665	0.03
NR_178704.1	1	1547	155	1509	97.5436	110.522	39.4	1.58	1523623	Bacteria	Pseudomonadati	Thermodesulfobacteriota	Desulfuromonadia	Desulfuromonadales	Desulfuromonadaceae	Desulfuromonas	Desulfuromonas carbonis	110.52165481577246	66.4673567861756	0.601396684631346	0.17
NR_178715.1	1	1409	1	1403	99.5742	0.995742	38.4	4.0	1538103	Bacteria	Pseudomonadati	Pseudomonadota	Alphaproteobacteria	Hyphomicrobiales	Chelatococcaceae	Pseudochelatococcus	Pseudochelatococcus contaminans	0.9957416607523066	0.06511686259752615	0.065395338132512	0.0
NR_178723.1	1	1461	1	1268	86.7899	0.867899	38.9	1.0	1548548	Bacteria	unclassified Bacteria kingdom	unclassified Bacteria phylum	Deltaproteobacteria	Bradymonadales	Bradymonadaceae	Bradymonas	Bradymonas sediminis	0.8678986995208761	0.3386008666422005	0.39013869571313486	0.0
NR_178732.1	1	1408	2	1378	97.8693	1.89844	36.5	4.0	1549636	Bacteria	Pseudomonadati	Pseudomonadota	Alphaproteobacteria	Hyphomicrobiales	Rhizobiaceae	Rhizobium	Rhizobium aquaticum	1.8984375	0.36587046199083406	0.19272188944373153	0.0
NR_178771.1	1	1497	6	1494	99.7996	5.56246	39.3	17.3	1582259	Bacteria	Bacillati	Bacillota	Tissierellia	Tissierellales	Tissierellaceae	Gudongella	Gudongella oleilytica	5.562458249832999	0.8550256761686004	0.15371363482939773	0.01
NR_178773.1	1	1544	1	1499	97.0855	0.970855	40.2	1.0	1630595	Bacteria	Bacillati	Actinomycetota	Actinomycetes	Propionibacteriales	Nocardioidaceae	Nocardioides	Nocardioides ginkgobilobae	0.9708549222797928	0.1682130855935121	0.17326284466736672	0.0
NR_178819.1	1	1463	68	1352	92.4129	59.8066	39.3	35.5	1712410	Bacteria	Bacillati	Bacillota	Clostridia	Eubacteriales	Peptococcaceae	Thermanaerosceptrum	Thermanaerosceptrum fracticalcis	59.80656185919344	19.062373014377588	0.31873380481655844	0.08
NR_178820.1	1	1476	1	519	35.1626	0.351626	44.6	1.0	1633874	Bacteria	Pseudomonadati	Pseudomonadota	Alphaproteobacteria	Acetobacterales	Acetobacteraceae	Acetobacter	Acetobacter oryzifermentans	0.3516260162601626	0.47747791671361245	1.3579140752780192	0.0
NR_178823.1	1	1501	1	1361	90.6729	0.906729	39.9	1.0	1716543	Bacteria	Bacillati	Bacillota	Clostridia	Eubacteriales	Clostridiaceae	Clostridium	Clostridium thermarum	0.9067288474350433	0.2908120435335531	0.32072658144295607	0.0
NR_178825.1	1	1448	1	1418	97.9282	0.979282	43.8	1.0	1655435	Bacteria	Bacillati	Actinomycetota	Actinomycetes	Micrococcales	Beutenbergiaceae	Serinibacter	Serinibacter arcticus	0.9792817679558011	0.14243941485825443	0.14545294267613004	0.0
NR_178840.1	1	1521	10	1521	100.0	9.51479	37.9	1.7	1796616	Bacteria	Bacillati	Bacillota	Clostridia	Lachnospirales	Lachnospiraceae	Blautia	Blautia pseudococcoides	9.514792899408285	0.9144601953562943	0.09610931157662546	0.01
NR_178860.1	1	1439	1	1395	96.9423	0.969423	46.4	1.0	1706839	Bacteria	Pseudomonadati	Pseudomonadota	Alphaproteobacteria	Rhodobacterales	Paracoccaceae	Paracoccus	Paracoccus gahaiensis	0.9694232105628909	0.17216808468711206	0.17759847588871272	0.0
NR_178864.1	1	1491	3068	1491	100.0	2966.49	38.6	30.8	1507512	Bacteria	Bacillati	Bacillota	Clostridia	Peptostreptococcales	Peptostreptococcaceae	Romboutsia	Romboutsia hominis	2966.4949698189134	174.053004855353	0.058672947915356786	3.42
NR_178871.1	1	1480	70	1477	99.7973	66.5	37.6	11.7	1792311	Bacteria	Bacillati	Bacillota	Clostridia	Eubacteriales	Oscillospiraceae	Petroclostridium	Petroclostridium xylanilyticum	66.5	5.510554982596237	0.0828654884600938	0.08
NR_178897.1	1	1471	1	1168	79.4018	0.794018	43.6	1.0	1825660	Bacteria	Pseudomonadati	Thermodesulfobacteriota	Desulfobulbia	Desulfobulbales	Desulfobulbaceae	Desulfogranum	Desulfogranum aggregans	0.7940176750509857	0.40441761430186696	0.5093307454092862	0.0
NR_178918.1	1	1500	1	1391	92.7333	0.927333	43.1	60.0	1498499	Bacteria	Pseudomonadati	Pseudomonadota	Gammaproteobacteria	Legionellales	Legionellaceae	Legionella	Legionella norrlandica	0.9273333333333333	0.25958856335020297	0.27993015458325265	0.0
NR_178933.1	1	1521	2	1290	84.8126	1.68836	41.1	1.0	1812259	Bacteria	Bacillati	Actinomycetota	Actinomycetes	Kitasatosporales	Streptomycetaceae	Streptomyces	Streptomyces ginkgonis	1.6883629191321499	0.7199075949125552	0.4263938675475064	0.0
NR_178943.1	1	1506	2	752	49.9336	0.980744	41.2	1.0	1834164	Bacteria	Pseudomonadati	Pseudomonadota	Gammaproteobacteria	Lysobacterales	Lysobacteraceae	Lysobacter	Lysobacter tongrenensis	0.9807436918990704	0.9908082093653272	1.0102621281680317	0.0
NR_178955.1	1	1366	82	1328	97.2182	75.6449	37.8	2.0	1851429	Bacteria	Bacillati	Bacillota	Clostridia	Christensenellales	Christensenellaceae	Christensenella	Christensenella intestinihominis	75.64494875549049	15.397913953959407	0.20355508473844777	0.09
NR_178977.1	1	1545	1	1256	81.2945	0.812945	37.2	1.0	2219559	Bacteria	Pseudomonadati	Pseudomonadota	Gammaproteobacteria	Lysobacterales	Rhodanobacteraceae	Frateuria	Frateuria defendens	0.8129449838187702	0.3899556860755722	0.47968275078563616	0.0
NR_178990.1	1	1421	1	1364	95.9887	0.959887	44.5	1.0	1485545	Bacteria	Pseudomonadati	Pseudomonadota	Zetaproteobacteria	Mariprofundales	unclassified Mariprofundales family	Ghiorsea	Ghiorsea bivora	0.9598874032371569	0.1962232818596843	0.20442322838901128	0.0
NR_179030.1	1	1426	1	1420	99.5792	0.995792	42.4	60.0	1903704	Bacteria	Bacillati	Bacillota	Bacilli	Bacillales	Alicyclobacillaceae	Tumebacillus	Tumebacillus avium	0.9957924263674615	0.06472920482027669	0.06500270850261589	0.0
NR_179036.1	1	1440	5	1136	78.8889	3.73542	29.7	0.8	2011099	Bacteria	Pseudomonadati	Campylobacterota	Epsilonproteobacteria	Campylobacterales	Arcobacteraceae	Aliarcobacter	Aliarcobacter vitoriensis	3.7354166666666666	2.009732180540485	0.5380208849188136	0.01
NR_179083.1	1	1527	4	1527	100.0	3.88933	32.5	19.2	1792543	Bacteria	Pseudomonadati	Pseudomonadota	Betaproteobacteria	Rhodocyclales	Zoogloeaceae	Thauera	Thauera phenolivorans	3.889325474787164	0.34361612317256196	0.08834851323194176	0.0
NR_179099.1	1	1480	1	1185	80.0676	0.800676	24.8	1.0	2509675	Bacteria	Bacillati	Chloroflexota	Ktedonobacteria	Ktedonobacterales	Ktedonosporobacteraceae	Ktedonosporobacter	Ktedonosporobacter rubrisoli	0.8006756756756757	0.39949235043612064	0.4989440326122013	0.0
NR_179106.1	1	1532	18	1529	99.8042	17.1325	37.8	19.1	1936003	Bacteria	Pseudomonadati	Planctomycetota	Phycisphaerae	Sedimentisphaerales	Anaerohalosphaeraceae	Anaerohalosphaera	Anaerohalosphaera lusitana	17.132506527415142	1.7711978317217436	0.10338229428878391	0.02
NR_179142.1	1	1493	3	1404	94.0388	2.28935	35.9	10.3	2006564	Bacteria	Pseudomonadati	Bacteroidota	Bacteroidia	Marinilabiliales	Marinilabiliaceae	Carboxylicivirga	Carboxylicivirga sediminis	2.289350301406564	0.7879707928534315	0.3441896997455159	0.0
NR_179145.1	1	1535	2	1525	99.3485	1.7544	39.4	1.0	1879050	Bacteria	Pseudomonadati	Pseudomonadota	Gammaproteobacteria	Moraxellales	Moraxellaceae	Acinetobacter	Acinetobacter wuhouensis	1.7543973941368078	0.44532154879065167	0.2538316291844227	0.0
NR_179168.1	1	1532	78	1529	99.8042	73.9445	39.8	37.9	1876757	Bacteria	Pseudomonadati	Pseudomonadota	Gammaproteobacteria	Pseudomonadales	Pseudomonadaceae	Pseudomonas	Pseudomonas defluvii	73.94451697127937	4.966091545335959	0.06715969957941341	0.09
NR_179170.1	1	1523	1	1238	81.2869	0.812869	41.1	1.0	1981512	Bacteria	Bacillati	Actinomycetota	Actinomycetes	Jiangellales	Jiangellaceae	Phytoactinopolyspora	Phytoactinopolyspora halotolerans	0.8128693368351937	0.3900163817947977	0.4798020593485274	0.0
NR_179173.1	1	1401	12	1401	100.0	11.6146	39.4	2.58	2126740	Bacteria	Bacillati	Bacillota	Clostridia	Eubacteriales	Clostridiaceae	Clostridium	Clostridium fessum	11.61456102783726	0.9676652973982247	0.08331484031802561	0.01
NR_179183.1	1	1459	8	1459	100.0	7.8499	39.2	23.0	1727145	Bacteria	Bacillati	Bacillota	Clostridia	Lachnospirales	Lachnospiraceae	Anaerocolumna	Anaerocolumna chitinilytica	7.849897189856065	0.47423506069094234	0.06041290085986946	0.01
NR_179186.1	1	1388	1	1236	89.049	0.89049	43.4	1.0	1511	Bacteria	Bacillati	Bacillota	Clostridia	Peptostreptococcales	Filifactoraceae	Acetoanaerobium	Acetoanaerobium sticklandii	0.8904899135446686	0.31227812510625425	0.3506812602325897	0.0
NR_179191.1	1	1461	2	1461	100.0	1.96783	35.7	7.0	288769	Bacteria	Pseudomonadati	Pseudomonadota	Betaproteobacteria	Burkholderiales	unclassified Burkholderiales family	Tepidimonas	Tepidimonas arfidensis	1.9678302532511978	0.1764507130700264	0.08966764932010733	0.0
NR_179196.1	1	1451	1	1205	83.0462	0.830462	44.5	13.0	2315236	Bacteria	Pseudomonadati	Pseudomonadota	Betaproteobacteria	Burkholderiales	Sphaerotilaceae	Pseudaquabacterium	Pseudaquabacterium pictum	0.8304617505168849	0.37522664010610235	0.4518289251402112	0.0
NR_179198.1	1	1500	2	1448	96.5333	1.86933	40.8	1.5	1921010	Bacteria	Pseudomonadati	Pseudomonadota	Zetaproteobacteria	Mariprofundales	Mariprofundaceae	Mariprofundus	Mariprofundus micogutta	1.8693333333333333	0.4276987517192674	0.22879747773855247	0.0
NR_179204.1	1	1468	1	1109	75.545	0.75545	36.2	1.0	2211106	Bacteria	Pseudomonadati	Pseudomonadota	Gammaproteobacteria	Thiotrichales	Piscirickettsiaceae	Thiomicrorhabdus	Thiomicrorhabdus aquaedulcis	0.7554495912806539	0.4298203186385505	0.568959628278983	0.0
NR_179215.1	1	1533	7	1533	100.0	6.75669	39.4	33.0	1501662	Bacteria	Bacillati	Bacillota	Bacilli	Lactobacillales	Streptococcaceae	Streptococcus	Streptococcus parasuis	6.756686236138291	0.541942079260358	0.08020826486832677	0.01
NR_179228.1	1	1440	5	1434	99.5833	4.35486	35.6	1.2	2010828	Bacteria	Pseudomonadati	Bacteroidota	Bacteroidia	Marinilabiliales	Prolixibacteraceae	Aquipluma	Aquipluma nitroreducens	4.354861111111111	1.1345783517524992	0.2605314665162811	0.01
NR_179235.1	1	1431	9	1430	99.9301	8.45842	36.4	9.89	2219043	Bacteria	Bacillati	Armatimonadota	Armatimonadia	Capsulimonadales	Capsulimonadaceae	Capsulimonas	Capsulimonas corticalis	8.45842068483578	1.2186748685287505	0.1440782994765897	0.01
NR_179248.1	1	1532	1	1444	94.2559	0.942559	23.0	31.0	2493639	Bacteria	Pseudomonadati	Bdellovibrionota	Oligoflexia	Silvanigrellales	Silvanigrellaceae	Fluviispira	Fluviispira sanaruensis	0.9425587467362925	0.23268381053954518	0.24686398735912965	0.0
NR_179249.1	1	1389	1	1379	99.2801	0.992801	42.3	48.0	2807096	Bacteria	Pseudomonadati	Pseudomonadota	Alphaproteobacteria	Rhodobacterales	Paracoccaceae	Neotabrizicola	Neotabrizicola shimadae	0.9928005759539237	0.0845434346326258	0.08515651247622714	0.0
NR_179270.1	1	1482	15	1482	100.0	13.5371	34.9	5.73	2654621	Bacteria	Bacillati	Bacillota	Negativicutes	Acidaminococcales	Acidaminococcaceae	Phascolarctobacterium	Phascolarctobacterium wakonense	13.537112010796221	2.2388513477281666	0.16538618768483415	0.02
NR_179276.1	1	1493	37	1490	99.7991	35.5064	38.4	7.16	2316025	Bacteria	Bacillati	Bacillota	Clostridia	Lachnospirales	Lachnospiraceae	Mediterraneibacter	Mediterraneibacter butyricigenes	35.50636302746149	3.6440033731528727	0.10262958699359073	0.04
NR_179296.1	1	1464	2	1454	99.3169	1.95082	35.8	1.0	2585119	Bacteria	Pseudomonadati	Bacteroidota	Bacteroidia	Bacteroidales	Rikenellaceae	Alistipes	Alistipes dispar	1.9508196721311475	0.24581054779109074	0.12600372617862635	0.0
NR_179317.1	1	1433	2	1310	91.4166	1.82484	41.5	1.0	2740186	Bacteria	Pseudomonadati	Thermodesulfobacteriota	Desulfuromonadia	Geobacterales	Geobacteraceae	Geomonas	Geomonas limicola	1.8248429867411027	0.562267608610851	0.30811834919286785	0.0
NR_179327.1	1	1418	4	1410	99.4358	3.71157	41.4	15.8	2708063	Bacteria	Pseudomonadati	Pseudomonadota	Gammaproteobacteria	Pseudomonadales	Pseudomonadaceae	Pseudomonas	Pseudomonas brassicae	3.711565585331453	0.6950511768965902	0.1872663060686614	0.0
NR_179329.1	1	1453	160	1453	100.0	149.902	37.8	6.12	2714353	Bacteria	Bacillati	Bacillota	Clostridia	Eubacteriales	Oscillospiraceae	Vescimonas	Vescimonas fastidiosa	149.9022711631108	21.055168292871112	0.14045930144687857	0.18
NR_179330.1	1	1451	76	1451	100.0	70.685	37.7	2.55	2714355	Bacteria	Bacillati	Bacillota	Clostridia	Eubacteriales	Oscillospiraceae	Vescimonas	Vescimonas coprocola	70.68504479669194	12.372104231279415	0.17503142661739432	0.08
NR_179331.1	1	1453	3	1399	96.2836	2.63111	39.3	13.3	2714358	Bacteria	Bacillati	Bacillota	Clostridia	Eubacteriales	Oscillospiraceae	Pusillibacter	Pusillibacter faecalis	2.6311080523055748	0.8247187328566556	0.31344920712548274	0.0
NR_179340.1	1	1556	1	1488	95.6298	0.956298	41.3	5.0	2748301	Bacteria	Bacillati	Bacillota	Bacilli	Lactobacillales	Streptococcaceae	Streptococcus	Streptococcus vaginalis	0.9562982005141388	0.20443080053544022	0.21377306830184473	0.0
NR_179352.1	1	1550	1	924	59.6129	0.596129	40.6	1.0	2772557	Bacteria	Pseudomonadati	Thermodesulfobacteriota	Desulfobulbia	Desulfobulbales	Desulfobulbaceae	Desulfomarina	Desulfomarina profundi	0.5961290322580645	0.4906722013290828	0.8230973074243273	0.0
NR_179369.1	1	1504	14	1500	99.734	13.377	37.2	20.9	2707299	Bacteria	Bacillati	Actinomycetota	Coriobacteriia	Eggerthellales	Eggerthellaceae	Adlercreutzia	Adlercreutzia hattorii	13.376994680851064	1.2169142655746004	0.09097067724162229	0.02
NR_179371.1	1	1527	1	1231	80.6156	0.806156	28.1	1.0	2725414	Bacteria	Pseudomonadati	Bacteroidota	Chitinophagia	Chitinophagales	Chitinophagaceae	Chitinophaga	Chitinophaga oryzae	0.8061558611656844	0.39530821984104597	0.49036202412451435	0.0
NR_179378.1	1	1545	45	1545	100.0	42.945	38.9	15.8	2847858	Bacteria	Bacillati	Bacillota	Bacilli	Lactobacillales	Aerococcaceae	Fundicoccus	Fundicoccus fermenti	42.944983818770226	3.4214555868915943	0.07967066890350434	0.05
NR_179382.1	1	1532	1	856	55.8747	0.558747	22.0	1.0	2725477	Bacteria	Pseudomonadati	Pseudomonadota	Gammaproteobacteria	Pseudomonadales	Pseudomonadaceae	Pseudomonas	Pseudomonas tohonis	0.5587467362924282	0.496536827410605	0.8886617051320641	0.0
NR_179387.1	1	1536	1	1275	83.0078	0.830078	38.4	1.0	2764705	Bacteria	Pseudomonadati	Pseudomonadota	Betaproteobacteria	Nitrosomonadales	Gallionellaceae	Sideroxyarcus	Sideroxyarcus emersonii	0.830078125	0.37556415084041816	0.4524443417183391	0.0
NR_179388.1	1	1472	2	1449	98.4375	1.56793	23.7	1.0	2935520	Bacteria	Bacillati	Bacillota	Clostridia	Eubacteriales	Oscillospiraceae	Faecalibacterium	Faecalibacterium hattorii	1.5679347826086956	0.525960897132013	0.33544819782423013	0.0
NR_179389.1	1	1571	8	1563	99.4908	7.71674	37.1	60.0	2847778	Bacteria	Pseudomonadati	Atribacterota	Atribacteria	Atribacterales	Atribacteraceae	Atribacter	Atribacter laminatus	7.7167409293443665	0.7673101950505663	0.09943448951781239	0.01
NR_179391.1	1	1472	1148	1471	99.9321	1112.77	38.5	46.9	1499684	Bacteria	Bacillati	Bacillota	Clostridia	Eubacteriales	Clostridiaceae	Clostridium	Clostridium jeddahitimonense	1112.7697010869565	59.32198965793262	0.053310212885906885	1.28
NR_179396.1	1	1493	1	1474	98.7274	0.987274	36.8	51.0	1522309	Bacteria	Bacillati	Actinomycetota	Actinomycetes	Actinomycetales	Actinomycetaceae	Flaviflexus	Flaviflexus massiliensis	0.9872739450770261	0.11208970715044042	0.11353455412185044	0.0
NR_179399.1	1	1447	1	1200	82.9302	0.829302	44.2	8.0	2483112	Bacteria	Pseudomonadati	Pseudomonadota	Gammaproteobacteria	Lysobacterales	Lysobacteraceae	Solilutibacter	Solilutibacter pythonis	0.82930200414651	0.3762448538719037	0.45368858629387054	0.0
NR_179404.1	1	1522	6	1521	99.9343	5.85742	42.1	22.2	1608583	Bacteria	Bacillati	Bacillota	Bacilli	Lactobacillales	Streptococcaceae	Streptococcus	Streptococcus varani	5.85742444152431	0.5126911705954844	0.08752843091938611	0.01
NR_179407.1	1	1475	1	1451	98.3729	0.983729	43.1	1.0	1622073	Bacteria	Bacillati	Bacillota	Clostridia	Eubacteriales	Clostridiaceae	Clostridium	Clostridium niameyense	0.9837288135593221	0.12651654015380984	0.12860916383657442	0.0
NR_179410.1	1	1495	38	1492	99.7993	35.6314	37.7	4.76	1650661	Bacteria	Bacillati	Bacillota	Clostridia	Eubacteriales	Clostridiaceae	Clostridium	Clostridium phoceensis	35.6314381270903	4.4989721909120455	0.12626412032164128	0.04
NR_179411.1	1	1490	5	1486	99.7315	4.59262	31.9	1.4	1686285	Bacteria	Bacillati	Actinomycetota	Actinomycetes	Micrococcales	Microbacteriaceae	Leucobacter	Leucobacter massiliensis	4.59261744966443	0.6280462898910001	0.13675127457804911	0.01
NR_179413.1	1	1476	2	1476	100.0	1.96748	33.1	1.0	1658110	Bacteria	Bacillati	Bacillota	Clostridia	Eubacteriales	Clostridiaceae	Haloimpatiens	Haloimpatiens massiliensis	1.967479674796748	0.17737743275830578	0.09015464557550253	0.0
NR_179414.1	1	1491	1	1296	86.9215	0.869215	36.5	1.0	1658111	Bacteria	Bacillati	Bacillota	Clostridia	Peptostreptococcales	Thermotaleaceae	Inediibacterium	Inediibacterium massiliense	0.869215291750503	0.3371647495477413	0.38789555677135973	0.0
NR_179416.1	1	1504	3	1491	99.1356	2.92487	42.2	10.0	1673718	Bacteria	Pseudomonadati	Bacteroidota	Bacteroidia	Bacteroidales	Porphyromonadaceae	Massilibacteroides	Massilibacteroides vaginae	2.924867021276596	0.3741212873331411	0.12791052879041695	0.0
NR_179417.1	1	1482	580	1482	100.0	553.821	38.1	22.4	1673720	Bacteria	Bacillati	Bacillota	Clostridia	Eubacteriales	Oscillospiraceae	Anaerotruncus	Anaerotruncus massiliensis (ex Togo et al. 2019)	553.8205128205128	61.62869453007091	0.11127918360446157	0.65
NR_179418.1	1	1519	60	1519	100.0	56.6327	36.1	5.45	1673721	Bacteria	Bacillati	Bacillota	Clostridia	Eubacteriales	unclassified Eubacteriales family	Intestinimonas	Intestinimonas massiliensis (ex Afouda et al. 2020)	56.63265306122449	5.891548962918246	0.1040309546605384	0.07
NR_179419.1	1	1490	47	1490	100.0	44.802	38.3	43.7	1673724	Bacteria	Bacillati	Bacillota	Clostridia	Eubacteriales	unclassified Eubacteriales family	Neofamilia	Neofamilia massiliensis	44.80201342281879	3.1489418655006673	0.07028572211214133	0.05
NR_179421.1	1	1430	9	1427	99.7902	8.74126	37.1	34.0	1675792	Bacteria	Pseudomonadati	Pseudomonadota	Betaproteobacteria	Burkholderiales	Comamonadaceae	Acidovorax	Acidovorax cavernicola	8.741258741258742	0.8194598827804324	0.09374621059008145	0.01
NR_179423.1	1	1495	174	1495	100.0	167.534	37.8	2.94	1689270	Bacteria	Bacillati	Bacillota	Clostridia	Eubacteriales	unclassified Eubacteriales family	Intestinimonas	Intestinimonas timonensis	167.53377926421405	13.651761721175106	0.08148662186892588	0.19
NR_179425.1	1	1491	9	1491	100.0	8.38028	36.3	1.56	1689304	Bacteria	Bacillati	Bacillota	Clostridia	Eubacteriales	Oscillospiraceae	Gorbachella	Gorbachella massiliensis	8.380281690140846	1.1399048878657876	0.13602226393020322	0.01
NR_179426.1	1	1492	4	1490	99.866	3.74263	37.4	15.8	1702285	Bacteria	Bacillati	Bacillota	Clostridia	Eubacteriales	unclassified Eubacteriales family	Intestinimonas	Intestinimonas gabonensis	3.742627345844504	0.5041176965883915	0.134696204031139	0.0
NR_179430.1	1	1490	4	1473	98.8591	3.61007	35.0	5.75	1720313	Bacteria	Bacillati	Bacillota	Clostridia	Eubacteriales	Oscillospiraceae	Bittarella (ex Durand et al. 2017)	Bittarella massiliensis (ex Durand et al. 2017)	3.6100671140939595	0.8863048217777412	0.2455092367445314	0.0
NR_179433.1	1	1515	2	1285	84.8185	1.58218	28.6	1.0	1720296	Bacteria	Bacillati	Bacillota	Bacilli	Bacillales	Paenibacillaceae	Paenibacillus	Paenibacillus rubinfantis	1.5821782178217823	0.7395113951467835	0.4674008192104201	0.0
NR_179434.1	1	1495	1	1361	91.0368	0.910368	34.3	1.0	1720300	Bacteria	Bacillati	Bacillota	Clostridia	Lachnospirales	Lachnospiraceae	Mediterraneibacter	Mediterraneibacter massiliensis	0.9103678929765886	0.2856539732157682	0.31377861128403634	0.0
NR_179435.1	1	1486	1	1459	98.183	0.98183	41.1	1.0	1723382	Bacteria	Bacillati	Bacillota	Tissierellia	Tissierellales	Peptoniphilaceae	Urinicoccus	Urinicoccus massiliensis	0.9818304172274562	0.13356440032589256	0.13603611986585082	0.0
NR_179445.1	1	1491	1	1001	67.1362	0.671362	39.5	15.0	1776390	Bacteria	Bacillati	Bacillota	Tissierellia	Tissierellales	Peptoniphilaceae	Aedoeadaptatus	Aedoeadaptatus pacaensis	0.6713615023474179	0.4697182512030344	0.6996502622814428	0.0
NR_179447.1	1	1528	21	1525	99.8037	18.5661	39.9	3.52	2479838	Bacteria	Bacillati	Bacillota	Clostridia	Eubacteriales	Clostridiaceae	Clostridium	Clostridium transplantifaecale	18.566099476439792	1.8232292479630796	0.09820206178883942	0.02
NR_179448.1	1	1521	3	1275	83.8264	2.29191	34.9	1.0	2479839	Bacteria	Bacillati	Actinomycetota	Actinomycetes	Micrococcales	Microbacteriaceae	Gulosibacter	Gulosibacter massiliensis	2.2919132149901382	1.093399758813564	0.47706856946512644	0.0
NR_179452.1	1	1512	1	1481	97.9497	0.979497	40.8	24.0	2490412	Bacteria	Bacillati	Actinomycetota	Actinomycetes	Micromonosporales	Micromonosporaceae	Micromonospora	Micromonospora fluminis	0.9794973544973545	0.14171198619043532	0.14467827354486035	0.0
NR_179475.1	1	1549	10	1523	98.3215	8.43125	37.3	1.6	2697500	Bacteria	Bacillati	Bacillota	Bacilli	Bacillales	Caryophanaceae	Bhargavaea	Bhargavaea massiliensis	8.4312459651388	2.8100997980398885	0.33329591019630833	0.01
NR_179479.1	1	1524	1	1424	93.4383	0.934383	35.6	1.0	2712865	Bacteria	Pseudomonadati	Planctomycetota	Planctomycetia	Isosphaerales	Isosphaeraceae	Paludisphaera	Paludisphaera soli	0.9343832020997376	0.24761105333482164	0.2649994700015928	0.0
NR_179493.1	1	1522	1	1497	98.3574	0.983574	42.7	1.0	2220000	Bacteria	Bacillati	Actinomycetota	Actinomycetes	Propionibacteriales	Propionibacteriaceae	Arachnia	[Pseudopropionibacterium] massiliense	0.9835742444152431	0.1271060586212395	0.12922873829093287	0.0
NR_179494.1	1	1530	2	1305	85.2941	1.64641	34.6	8.0	2219695	Bacteria	Bacillati	Bacillota	Clostridia	Lachnospirales	Lachnospiraceae	Luxibacter	Luxibacter massiliensis	1.6464052287581699	0.7229682953291212	0.4391192901363857	0.0
NR_179499.1	1	1525	4	1268	83.1475	3.10033	39.2	3.0	2364787	Bacteria	Pseudomonadati	Bacteroidota	Bacteroidia	Bacteroidales	Rikenellaceae	Alistipes	Alistipes megaguti	3.100327868852459	1.4820565764439266	0.47803220792660495	0.0
NR_179501.1	1	1556	1	1482	95.2442	0.952442	43.3	4.0	2364791	Bacteria	Bacillati	Bacillota	Bacilli	Lactobacillales	Enterococcaceae	Enterococcus	Enterococcus mediterraneensis	0.9524421593830334	0.212828786616889	0.22345586503095768	0.0
NR_179502.1	1	1541	3	1520	98.6372	2.66256	34.7	7.0	2364794	Bacteria	Bacillati	Actinomycetota	Actinomycetes	Actinomycetales	Actinomycetaceae	Neoactinobaculum	Neoactinobaculum massilliense	2.6625567813108373	0.661605585575062	0.24848506150893748	0.0
NR_179506.1	1	1478	7	1478	100.0	6.6272	37.3	4.43	1805478	Bacteria	Bacillati	Actinomycetota	Coriobacteriia	Coriobacteriales	Atopobiaceae	Olsenella	Olsenella timonensis	6.627198917456021	0.7035511141166377	0.10616115841392451	0.01
NR_179507.1	1	1517	3	1511	99.6045	2.62821	31.6	20.3	1806837	Bacteria	Bacillati	Bacillota	Negativicutes	Veillonellales	Veillonellaceae	Massilibacillus	Massilibacillus massiliensis	2.6282135794330914	0.618497796752895	0.23533011228345665	0.0
NR_179513.1	1	1480	1	1151	77.7703	0.777703	39.2	1.0	1816679	Bacteria	Bacillati	Bacillota	Clostridia	Peptostreptococcales	Anaerovoracaceae	Mobilibacterium	Mobilibacterium massiliense	0.7777027027027027	0.41578986148247377	0.5346385708028334	0.0
NR_179516.1	1	1481	4	1480	99.9325	3.98177	42.4	39.0	1816684	Bacteria	Bacillati	Actinomycetota	Actinomycetes	Mycobacteriales	Corynebacteriaceae	Corynebacterium	Corynebacterium pacaense	3.9817690749493586	0.1612488504711875	0.040496786085777295	0.0
NR_179517.1	1	1523	1	861	56.5332	0.565332	43.5	1.0	1792835	Bacteria	Bacillati	Actinomycetota	Actinomycetes	Mycobacteriales	Mycobacteriaceae	Mycolicibacter	Mycolicibacter icosiumassiliensis	0.5653315824031516	0.4957134094824366	0.8768542655537177	0.0
NR_179525.1	1	1471	7	1471	100.0	6.67301	35.9	3.86	1841863	Bacteria	Bacillati	Actinomycetota	Coriobacteriia	Eggerthellales	Eggerthellaceae	Gordonibacter	Gordonibacter massiliensis (ex Traore et al. 2017)	6.673011556764106	0.6594595148058188	0.09882487227784835	0.01
NR_179526.1	1	1494	25	1494	100.0	23.3882	38.3	1.88	1841866	Bacteria	Bacillati	Bacillota	Clostridia	Eubacteriales	Oscillospiraceae	Oscillibacter	Oscillibacter massiliensis	23.388219544846052	2.8614635539659665	0.12234636110197337	0.03
NR_179527.1	1	1477	465	1477	100.0	450.525	38.2	2.95	1841868	Bacteria	Bacillati	Bacillota	Clostridia	Eubacteriales	Oscillospiraceae	Provencibacterium	Provencibacterium massiliense	450.52538930264046	40.116252005265416	0.08904326583538519	0.52
NR_179531.1	1	1492	28	1492	100.0	27.1582	38.8	3.07	1852369	Bacteria	Bacillati	Bacillota	Clostridia	Eubacteriales	Oscillospiraceae	Marseillibacter	Marseillibacter massiliensis	27.158176943699733	2.4558665115552567	0.0904282535844137	0.03
NR_179533.1	1	1488	5	1487	99.9328	4.92473	38.2	1.0	1852373	Bacteria	Bacillati	Bacillota	Tissierellia	Tissierellales	Peptoniphilaceae	Murdochiella	Murdochiella vaginalis	4.924731182795699	0.31915746407861845	0.06480708331727406	0.01
NR_179534.1	1	1520	1	1214	79.8684	0.798684	16.9	1.0	1852375	Bacteria	Bacillati	Bacillota	Negativicutes	Acidaminococcales	Acidaminococcaceae	Acidaminococcus	Acidaminococcus massiliensis	0.7986842105263158	0.4009834689638365	0.502055084699367	0.0
NR_179538.1	1	1493	4	1482	99.2632	3.88011	37.6	1.0	1852382	Bacteria	Bacillati	Bacillota	Clostridia	Lachnospirales	Lachnospiraceae	Lachnoclostridium	Lachnoclostridium urinimassiliense	3.880107166778299	0.490730679055146	0.1264734859018355	0.0
NR_179539.1	1	1490	5	1489	99.9329	4.54497	36.4	1.4	1852384	Bacteria	Bacillati	Bacillota	Clostridia	Eubacteriales	Oscillospiraceae	Massiliimalia	Massiliimalia massiliensis	4.5449664429530205	0.8287968348786138	0.18235488540595607	0.01
NR_179544.1	1	1471	2	1442	98.0286	1.85996	39.2	8.5	1870985	Bacteria	Bacillati	Actinomycetota	Coriobacteriia	Eggerthellales	Eggerthellaceae	Arabiibacter	Arabiibacter massiliensis	1.8599592114208021	0.3998228682861267	0.21496324533950745	0.0
NR_179547.1	1	1488	50	1488	100.0	47.7198	39.5	8.5	1870991	Bacteria	Bacillati	Bacillota	Clostridia	Eubacteriales	Clostridiaceae	Massilioclostridium	Massilioclostridium coli	47.71975806451613	3.4266644092652316	0.07180808428727681	0.06
NR_179548.1	1	1494	15	1494	100.0	14.757	36.3	17.6	1870993	Bacteria	Bacillati	Bacillota	Clostridia	Lachnospirales	Lachnospiraceae	Coprococcus	Coprococcus phoceensis	14.757028112449799	0.6710703975441181	0.045474630286701706	0.02
NR_179551.1	1	1520	20	1520	100.0	17.0395	34.3	1.7	1871002	Bacteria	Bacillati	Bacillota	Negativicutes	Acidaminococcales	Acidaminococcaceae	Acidaminococcus	Acidaminococcus timonensis	17.039473684210527	5.48380579878461	0.32182952950396165	0.02
NR_179553.1	1	1492	2	1473	98.7265	1.95509	40.3	1.0	1871009	Bacteria	Thermotogati	Synergistota	Synergistia	Synergistales	Synergistaceae	Pacaella	Pacaella massiliensis	1.9550938337801609	0.2614551039013808	0.13373020741201927	0.0
NR_179556.1	1	1449	1	1295	89.372	0.89372	42.1	1.0	1871013	Bacteria	Pseudomonadati	Bacteroidota	Bacteroidia	Bacteroidales	Tannerellaceae	Parabacteroides	Parabacteroides timonensis	0.893719806763285	0.30819590159877513	0.344846225032143	0.0
NR_179558.1	1	1491	1	1452	97.3843	0.973843	41.8	1.0	1871017	Bacteria	Bacillati	Bacillota	Tissierellia	Tissierellales	Peptoniphilaceae	Aedoeadaptatus	Aedoeadaptatus urinae	0.9738430583501007	0.1596018673243626	0.16388869433927317	0.0
NR_179559.1	1	1473	39	1473	100.0	38.3184	38.5	26.4	1871018	Bacteria	Bacillati	Bacillota	Clostridia	Eubacteriales	Oscillospiraceae	Angelakisella	Angelakisella massiliensis	38.3183978275628	1.5571640756521978	0.040637504800164544	0.04
NR_179561.1	1	1492	3	1475	98.8606	2.5945	31.2	16.0	1871025	Bacteria	Bacillati	Bacillota	unclassified Bacillota class	unclassified Bacillota order	unclassified Bacillota family	Ndongobacter	Ndongobacter massiliensis	2.594504021447721	0.7816918704187168	0.3012875925251164	0.0
NR_179568.1	1	1481	2	1467	99.0547	1.69818	24.9	0.5	1907655	Bacteria	Bacillati	Bacillota	Clostridia	Eubacteriales	Eubacteriales Family XIII. Incertae Sedis	Congobacterium	Congobacterium massiliense	1.6981769074949358	0.47919939256294675	0.2821846124794132	0.0
NR_179580.1	1	1440	43	1440	100.0	40.9292	38.5	42.0	1917867	Bacteria	Bacillati	Bacillota	Clostridia	Peptostreptococcales	Anaerovoracaceae	Bacilliculturomica	Bacilliculturomica massiliensis	40.92916666666667	3.927005414788381	0.0959463808967944	0.05
NR_179581.1	1	1449	55	1449	100.0	51.1463	38.5	4.8	1917873	Bacteria	Bacillati	Bacillota	Clostridia	Eubacteriales	Oscillospiraceae	Pygmaiobacter	Pygmaiobacter massiliensis	51.146307798481715	7.164390449189413	0.14007639568856795	0.06
NR_179587.1	1	1453	1	1146	78.8713	0.788713	43.3	1.0	1926283	Bacteria	Bacillati	Bacillota	Clostridia	Lachnospirales	Lachnospiraceae	Lachnoclostridium	Lachnoclostridium edouardi	0.7887130075705437	0.40822150759063536	0.5175792762034844	0.0
NR_179590.1	1	1432	1	1189	83.0307	0.830307	43.5	1.0	1936059	Bacteria	Bacillati	Bacillota	Clostridia	Lachnospirales	Lachnospiraceae	Blautia	Blautia provencensis	0.8303072625698324	0.37536264104679345	0.4520767888805788	0.0
NR_179594.1	1	1523	6	1123	73.736	4.21077	33.9	1.0	1937191	Bacteria	Bacillati	Mycoplasmatota	Mollicutes	Mycoplasmatales	Mycoplasmataceae	Mycoplasma	Mycoplasma todarodis	4.210768220617203	2.6130818177895274	0.6205712784178155	0.01
NR_179603.1	1	1435	24	1435	100.0	22.6822	37.6	3.12	1944642	Bacteria	Bacillati	Bacillota	Clostridia	Eubacteriales	Oscillospiraceae	Marasmitruncus	Marasmitruncus massiliensis	22.682229965156793	2.6214203220024097	0.11557154327547568	0.03
NR_179611.1	1	1516	29	1515	99.934	23.9354	36.2	2.93	1935379	Bacteria	Bacillati	Actinomycetota	Actinomycetes	Micrococcales	Microbacteriaceae	Leucobacter	Leucobacter muris	23.935356200527703	6.313054746263539	0.26375436794729445	0.03
NR_179615.1	1	1481	1	1240	83.7272	0.837272	39.8	28.0	1964384	Bacteria	Bacillati	Actinomycetota	Coriobacteriia	Coriobacteriales	Atopobiaceae	Olsenella	Olsenella congonensis	0.837272113436867	0.3691172191835934	0.4408569367829853	0.0
NR_179618.1	1	1458	1	1151	78.9438	0.789438	44.0	17.0	1907941	Bacteria	Pseudomonadati	Pseudomonadota	Gammaproteobacteria	Moraxellales	Moraxellaceae	Alkanindiges	Alkanindiges hydrocarboniclasticus	0.789437585733882	0.4077080867048657	0.5164538578763633	0.0
NR_179626.1	1	1514	99	1514	100.0	92.7701	38.2	2.64	1987501	Bacteria	Bacillati	Bacillota	Clostridia	Eubacteriales	Oscillospiraceae	Massiliimalia	Massiliimalia timonensis	92.77014531043594	10.04060483344614	0.10823099176839004	0.11
NR_179627.1	1	1512	50	1512	100.0	47.5813	39.3	16.4	2002841	Bacteria	Bacillati	Bacillota	Clostridia	Lachnospirales	Lachnospiraceae	Konateibacter	Konateibacter massiliensis	47.58134920634921	3.274883782381842	0.06882704750929687	0.06
NR_179628.1	1	1454	2	1402	96.4237	1.8652	30.2	1.0	2002838	Bacteria	Bacillati	Actinomycetota	Actinomycetes	Actinomycetales	Actinomycetaceae	Actinomyces	Actinomyces minihominis	1.8651994497936726	0.43376973664475116	0.2325594384518688	0.0
NR_179630.1	1	1552	1	1446	93.1701	0.931701	19.8	1.0	2004408	Bacteria	Bacillati	Bacillota	Bacilli	Bacillales	Bacillaceae	Virgibacillus	Virgibacillus ndiopensis	0.9317010309278351	0.25225824049145157	0.2707502000295524	0.0
NR_179631.1	1	1494	5	1494	100.0	4.9083	35.1	10.0	2014528	Bacteria	Bacillati	Actinomycetota	Actinomycetes	Mycobacteriales	Corynebacteriaceae	Corynebacterium	Corynebacterium dentalis	4.908299866131191	0.33973479859071126	0.06921639016698795	0.01
NR_179632.1	1	1502	8	1502	100.0	7.63715	32.0	11.0	2014781	Bacteria	Bacillati	Bacillota	Clostridia	Eubacteriales	Oscillospiraceae	Scatolibacter	Scatolibacter rhodanostii	7.637150466045273	0.7358279321070226	0.09634849219987342	0.01
NR_179634.1	1	1512	4	1512	100.0	3.68783	36.3	1.75	2024205	Bacteria	Bacillati	Bacillota	Tissierellia	Tissierellales	Peptoniphilaceae	Urinicoccus	Urinicoccus timonensis	3.687830687830688	0.5602909796841432	0.1519296917651407	0.0
NR_179636.1	1	1520	1	1447	95.1974	0.951974	32.8	1.0	2040296	Bacteria	Bacillati	Bacillota	Tissierellia	Tissierellales	Peptoniphilaceae	Anaerosphaera	Anaerosphaera massiliensis	0.9519736842105263	0.21382186226193844	0.22460900527860847	0.0
NR_179637.1	1	1420	108	1418	99.8592	103.692	38.3	14.5	2041841	Bacteria	Bacillati	Bacillota	Tissierellia	Tissierellales	Peptoniphilaceae	Miniphocaeibacter	Miniphocaeibacter massiliensis	103.69154929577465	10.629248068470863	0.10250833496711961	0.12
NR_179638.1	1	1519	9	1519	100.0	8.62739	35.7	17.1	2040291	Bacteria	Bacillati	Bacillota	Clostridia	Lachnospirales	Lachnospiraceae	Dorea	Dorea phocaeensis	8.627386438446345	0.7590146084755207	0.08797735141353041	0.01
NR_179639.1	1	1499	3	1492	99.533	2.81855	34.3	2.0	2040295	Bacteria	Bacillati	Bacillota	Clostridia	Eubacteriales	Clostridiaceae	Clostridium	Clostridium rectalis	2.818545697131421	0.46965590687269243	0.16663058092358957	0.0
NR_179645.1	1	1522	3	1516	99.6058	2.83968	32.8	8.67	2044573	Bacteria	Bacillati	Bacillota	Erysipelotrichia	Erysipelotrichales	Erysipelotrichaceae	Anaerolactibacter	Anaerolactibacter massiliensis	2.839684625492773	0.41401455012317273	0.1457959614269942	0.0
NR_179648.1	1	1507	37	1507	100.0	32.4917	36.7	2.14	2045012	Bacteria	Bacillati	Bacillota	Clostridia	Eubacteriales	Clostridiaceae	Clostridium	Clostridium minihomine	32.49170537491705	4.421297788226292	0.1360746608160323	0.04
NR_179651.1	1	1478	860	1474	99.7294	834.655	37.9	7.45	2058289	Bacteria	Bacillati	Bacillota	Negativicutes	Acidaminococcales	Acidaminococcaceae	Acidaminococcus	Acidaminococcus provencensis	834.6549391069012	89.80872780874707	0.107599827905942	0.96
NR_179652.1	1	1546	2	1309	84.6701	1.49224	41.5	1.0	2058294	Bacteria	Bacillati	Bacillota	Bacilli	Lactobacillales	Aerococcaceae	Vaginisenegalia	Vaginisenegalia massiliensis	1.4922380336351875	0.7460143586340974	0.4999298649537558	0.0
NR_179655.1	1	1511	5	1506	99.6691	4.61549	39.7	4.6	2080751	Bacteria	Bacillati	Bacillota	Clostridia	Eubacteriales	Clostridiaceae	Clostridium	Clostridium cagae	4.615486432825943	0.8174137264445439	0.17710240043844364	0.01
NR_179657.1	1	1517	1	1427	94.0672	0.940672	31.4	1.0	2079482	Bacteria	Bacillati	Actinomycetota	Actinomycetes	Mycobacteriales	Corynebacteriaceae	Corynebacterium	Corynebacterium neomassiliense	0.94067237969677	0.23623685947028994	0.2511361708594463	0.0
NR_179658.1	1	1528	9	1526	99.8691	8.44241	39.8	9.78	2086584	Bacteria	Bacillati	Bacillota	Clostridia	Eubacteriales	unclassified Eubacteriales family	Massilistercora	Massilistercora timonensis	8.442408376963352	1.0729088809102283	0.12708564108766113	0.01
NR_179659.1	1	1547	1	1249	80.7369	0.807369	15.0	1.0	2086577	Bacteria	Bacillati	Bacillota	Bacilli	Bacillales	Bacillaceae	Lysinibacillus	Lysinibacillus timonensis	0.8073691014867486	0.3943656113953479	0.48845764678030684	0.0
NR_179661.1	1	1515	241	1509	99.604	228.856	36.7	8.09	2086583	Bacteria	Bacillati	Bacillota	Clostridia	Eubacteriales	Acutalibacteraceae	Pseudoruminococcus	Pseudoruminococcus massiliensis	228.85610561056106	22.013686577102927	0.0961900776838486	0.27
NR_179663.1	1	1515	3	1509	99.604	2.68251	35.7	1.0	2094145	Bacteria	Bacillati	Actinomycetota	Coriobacteriia	Coriobacteriales	Atopobiaceae	Atopobium	Atopobium massiliense	2.6825082508250824	0.5304500042677325	0.19774403456338946	0.0
NR_179667.1	1	1522	2	1512	99.343	1.94809	38.7	41.5	2161814	Bacteria	Bacillati	Bacillota	Erysipelotrichia	Erysipelotrichales	Erysipelotrichaceae	Lactimicrobium	Lactimicrobium massiliense	1.9480946123521683	0.24970346983726088	0.12817830728239832	0.0
NR_179684.1	1	1488	1	1454	97.7151	0.977151	30.3	1.0	2303751	Bacteria	Pseudomonadati	Acidobacteriota	Terriglobia	Terriglobales	Acidobacteriaceae	Paracidobacterium	Paracidobacterium acidisoli	0.9771505376344086	0.14942344004604768	0.15291752323832114	0.0
NR_179687.1	1	1403	15	1252	89.2373	12.9073	38.0	17.3	2662455	Bacteria	Bacillati	Bacillota	Clostridia	Peptostreptococcales	Peptostreptococcaceae	Paraclostridium	Paraclostridium dentum	12.907341411261582	4.669852537843776	0.3617981727646374	0.02
NR_179700.1	1	1498	1	1400	93.4579	0.934579	40.2	7.0	2282554	Bacteria	Pseudomonadati	Pseudomonadota	Gammaproteobacteria	Pseudomonadales	Pseudomonadaceae	Pseudomonas	Pseudomonas tianjinensis	0.9345794392523364	0.24726647766958765	0.2645751311064588	0.0
NR_179701.1	1	1581	2	1499	94.8134	1.88615	43.1	16.5	2137581	Bacteria	Bacillati	Actinomycetota	Coriobacteriia	Eggerthellales	Eggerthellaceae	Ellagibacter	Ellagibacter isourolithinifaciens	1.886148007590133	0.45235111533071254	0.23982800581417052	0.0
NR_179713.1	1	1455	4	1448	99.5189	3.51409	40.5	0.75	1945634	Bacteria	Bacillati	Bacillota	Clostridia	Eubacteriales	Butyricicoccaceae	Butyricicoccus	Butyricicoccus porcorum	3.5140893470790378	0.9856221257839806	0.2804772526922925	0.0
NR_179716.1	1	1456	1	1275	87.5687	0.875687	37.6	1.0	2016505	Bacteria	Bacillati	Actinomycetota	Actinomycetes	Propionibacteriales	Propionibacteriaceae	Parenemella	Parenemella sanctibonifatiensis	0.8756868131868132	0.3299385069941616	0.3767768362223524	0.0
NR_179717.1	1	1448	8	1448	100.0	7.79972	32.4	20.5	2016507	Bacteria	Bacillati	Actinomycetota	Actinomycetes	Propionibacteriales	Propionibacteriaceae	Enemella	Enemella dayhoffiae	7.7997237569060776	0.5461567691674369	0.07002257851553467	0.01
NR_179770.1	1	1526	1	1414	92.6606	0.926606	14.1	34.0	2184082	Bacteria	Pseudomonadati	Bacteroidota	Bacteroidia	Marinilabiliales	Marinifilaceae	Marinifilum	Marinifilum breve	0.926605504587156	0.2607829431844374	0.2814390178921156	0.0
NR_179784.1	1	1425	104	1425	100.0	89.407	38.3	8.17	2020948	Bacteria	Bacillati	Bacillota	Clostridia	Peptostreptococcales	Peptostreptococcaceae	Romboutsia	Romboutsia maritimum	89.40701754385965	30.196246191992316	0.3377391061856995	0.12
NR_179801.1	1	1512	11	1512	100.0	10.1396	35.6	11.4	2041044	Bacteria	Bacillati	Bacillota	Clostridia	Eubacteriales	Eubacteriaceae	Eubacterium	Eubacterium maltosivorans	10.139550264550264	1.6341176635967023	0.16116273611363993	0.01
NR_179811.1	1	1319	1	1176	89.1585	0.891585	43.6	1.0	2220096	Bacteria	Pseudomonadati	Pseudomonadota	Alphaproteobacteria	Rhodospirillales	Azospirillaceae	Indioceanicola	Indioceanicola profundi	0.8915845337376801	0.3109044112543983	0.34870996466373416	0.0
NR_179814.1	1	1411	1	1279	90.6449	0.906449	36.2	1.0	2306996	Bacteria	Pseudomonadati	Pseudomonadota	Alphaproteobacteria	Sphingomonadales	Erythrobacteraceae	Tsuneonella	Tsuneonella suprasediminis	0.9064493267186393	0.29120258379685526	0.32125632973992396	0.0
NR_179819.1	1	1428	1	1382	96.7787	0.967787	32.5	23.0	2185115	Bacteria	Pseudomonadati	Pseudomonadota	Alphaproteobacteria	Rhodobacterales	Paracoccaceae	Tabrizicola	Tabrizicola soli	0.9677871148459384	0.17656504519330013	0.18244202933142734	0.0
NR_179841.1	1	1441	1	1330	92.297	0.92297	45.1	1.0	2602015	Bacteria	Pseudomonadati	Pseudomonadota	Alphaproteobacteria	Rhodospirillales	Dongiaceae	Hypericibacter	Hypericibacter terrae	0.922970159611381	0.26663878952306025	0.2888921020321277	0.0
NR_179859.1	1	1487	2	1467	98.655	1.82717	30.5	1.5	2078660	Bacteria	Bacillati	Bacillota	Clostridia	Lachnospirales	Vallitaleaceae	Vallitalea	Vallitalea okinawensis	1.8271687962340282	0.4121412100509893	0.22556274543460475	0.0
NR_179862.1	1	1407	2	1407	100.0	1.9666	42.2	18.5	2055946	Bacteria	Bacillati	Actinomycetota	Actinomycetes	Micrococcales	Micrococcaceae	Kocuria	Kocuria tytonicola	1.9665955934612651	0.17969015599784371	0.09137117798661587	0.0
NR_179894.1	1	1509	65	1509	100.0	63.3406	37.5	39.2	2213010	Bacteria	Pseudomonadati	Pseudomonadota	Betaproteobacteria	Burkholderiales	Comamonadaceae	Simplicispira	Simplicispira lacusdiani	63.34062292909211	2.0775105875820246	0.032799023620398146	0.07
NR_179899.1	1	1360	1	1189	87.4265	0.874265	40.9	2.0	2171554	Bacteria	Bacillati	Bacillota	Bacilli	Bacillales	Bacillaceae	Peribacillus	Peribacillus acanthi	0.8742647058823529	0.33155079540063764	0.3792338786752458	0.0
NR_179900.1	1	1542	1	1500	97.2763	0.972763	34.4	1.0	2171751	Bacteria	Bacillati	Bacillota	Bacilli	Bacillales	Bacillaceae	Pueribacillus	Pueribacillus theae	0.9727626459143969	0.16277432422842072	0.1673320053068165	0.0
NR_179930.1	1	1366	7	1366	100.0	6.87628	38.4	1.0	2072026	Bacteria	Bacillati	Actinomycetota	Actinomycetes	Propionibacteriales	Propionibacteriaceae	Propioniciclava	Propioniciclava flava	6.876281112737921	0.4749134991382881	0.06906545723654867	0.01
NR_179938.1	1	1451	1	1333	91.8677	0.918677	40.4	1.0	2093420	Bacteria	Pseudomonadati	Myxococcota	unclassified Myxococcota class	Polyangiales	Polyangiaceae	Sorangium	Sorangium orientale	0.9186767746381805	0.27333085881138697	0.2975266887736853	0.0
NR_179947.1	1	1468	1	1290	87.8747	0.878747	43.5	0.0	271865	Bacteria	Pseudomonadati	Pseudomonadota	Alphaproteobacteria	Hyphomicrobiales	Brucellaceae	Ochrobactrum	Ochrobactrum quorumnocens	0.8787465940054496	0.32642153349506603	0.3714626443184162	0.0
NR_179970.1	1	1497	3	1489	99.4656	2.92251	39.3	9.33	2233999	Bacteria	Pseudomonadati	Pseudomonadota	Alphaproteobacteria	Rhodospirillales	Azospirillaceae	Skermanella	Skermanella pratensis	2.9225116900467603	0.3299879110004286	0.1129124349183181	0.0
NR_179986.1	1	1463	5	1463	100.0	4.73206	39.6	43.0	2108432	Bacteria	Bacillati	Actinomycetota	Actinomycetes	Propionibacteriales	Propionibacteriaceae	Tessaracoccus	Tessaracoccus nasisuum	4.732057416267943	0.5142976331723543	0.10868372632257033	0.01
NR_179988.1	1	1466	1	1360	92.7694	0.927694	40.4	1.0	2109267	Bacteria	Bacillati	Actinomycetota	Actinomycetes	Propionibacteriales	Propionibacteriaceae	Propionibacterium	Propionibacterium westphaliense	0.927694406548431	0.25899323274399605	0.279179470001984	0.0
NR_179990.1	1	1525	14	1525	100.0	12.3351	37.6	6.86	2109914	Bacteria	Pseudomonadati	Pseudomonadota	Betaproteobacteria	Burkholderiales	Comamonadaceae	Ottowia	Ottowia oryzae	12.335081967213116	2.5645468221729155	0.20790675157161745	0.02
NR_179992.1	1	1523	2	1520	99.803	1.80039	37.7	8.5	2109915	Bacteria	Pseudomonadati	Pseudomonadota	Betaproteobacteria	Burkholderiales	Comamonadaceae	Simplicispira	Simplicispira suum	1.8003939592908733	0.40460235062378747	0.22472989788476597	0.0
NR_179996.1	1	1536	144	1511	98.3724	134.713	38.0	7.39	2764322	Bacteria	Bacillati	Bacillota	Clostridia	Eubacteriales	Acutalibacteraceae	Hydrogeniiclostridium	Hydrogeniiclostridium mannosilyticum	134.712890625	21.132863193340693	0.15687335558827997	0.16
NR_180005.1	1	1499	1	1468	97.932	0.97932	28.6	1.0	742719	Bacteria	Pseudomonadati	Pseudomonadota	Gammaproteobacteria	Moraxellales	Moraxellaceae	Acinetobacter	Acinetobacter oryzae	0.9793195463642428	0.1423122358519341	0.14531746699049675	0.0
NR_180026.1	1	1440	2	1433	99.5139	1.96528	43.7	1.0	2696678	Bacteria	Bacillati	Bacillota	Clostridia	Lachnospirales	Lachnospiraceae	Blautia	Blautia brookingsii	1.9652777777777777	0.20793944245475962	0.10580664209712151	0.0
NR_180028.1	1	1489	1	1454	97.6494	0.976494	30.9	1.0	2483799	Bacteria	Bacillati	Actinomycetota	Actinomycetes	Micrococcales	Bogoriellaceae	Georgenia	Georgenia faecalis	0.9764942914707858	0.15150310292450636	0.15515001393025443	0.0
NR_180033.1	1	1508	1	1208	80.1061	0.801061	28.6	1.0	795642	Bacteria	Bacillati	Actinomycetota	Actinomycetes	Frankiales	Frankiaceae	Parafrankia	Parafrankia irregularis	0.8010610079575596	0.39920204093613637	0.49834162063881926	0.0
NR_180048.1	1	1509	16	1508	99.9337	15.0848	39.8	2.31	759821	Bacteria	Bacillati	Bacillota	Clostridia	Lachnospirales	Lachnospiraceae	Lacrimispora	Lacrimispora amygdalina	15.084824387011265	1.3329545051121805	0.0883639392089918	0.02
NR_180080.1	1	1439	1	1252	87.0049	0.870049	41.0	21.0	2175228	Bacteria	Bacillati	Actinomycetota	Actinomycetes	Actinomycetales	Actinomycetaceae	Ancrocorticia	Ancrocorticia populi	0.8700486448922863	0.3362499076778789	0.3864725376585205	0.0
NR_180085.1	1	1502	1	1465	97.5366	0.975366	37.9	1.0	2184719	Bacteria	Bacillati	Bacillota	Clostridia	Eubacteriales	Clostridiaceae	Clostridium	Clostridium bovifaecis	0.9753661784287616	0.15500643988568527	0.1589212782991804	0.0
NR_180096.1	1	1287	1	1274	98.9899	0.989899	40.2	1.0	2041044	Bacteria	Bacillati	Bacillota	Clostridia	Eubacteriales	Eubacteriaceae	Eubacterium	Eubacterium maltosivorans	0.98989898989899	0.09999489834961188	0.10101525445522017	0.0
NR_180104.1	1	1528	1	1484	97.1204	0.971204	40.2	1.0	2213162	Bacteria	Bacillati	Actinomycetota	Actinomycetes	Kitasatosporales	Streptomycetaceae	Streptomyces	Streptomyces alkaliterrae	0.9712041884816754	0.16723221208046576	0.17219057955454964	0.0
NR_180110.1	1	1441	3	1439	99.8612	2.93754	39.9	4.0	2602016	Bacteria	Pseudomonadati	Pseudomonadota	Alphaproteobacteria	Rhodospirillales	Dongiaceae	Hypericibacter	Hypericibacter adhaerens	2.9375433726578764	0.31211808422532933	0.10625139602378918	0.0
NR_180120.1	1	1426	1	1155	80.9958	0.809958	14.0	8.0	2233774	Bacteria	Pseudomonadati	Pseudomonadota	Alphaproteobacteria	Rhodobacterales	Paracoccaceae	Paracoccus	Paracoccus endophyticus	0.8099579242636746	0.392334149910704	0.4843883097598821	0.0
NR_180133.1	1	1511	2	1509	99.8676	1.9272	37.7	6.0	2479848	Bacteria	Bacillati	Actinomycetota	Actinomycetes	Propionibacteriales	Propionibacteriaceae	Tessaracoccus	Tessaracoccus antarcticus	1.9272005294506949	0.26485271588482073	0.13742872723281735	0.0
NR_180145.1	1	1524	2	1291	84.7113	1.6168	36.6	1.0	2600176	Bacteria	unclassified Bacteria kingdom	unclassified Bacteria phylum	Deltaproteobacteria	Bradymonadales	Lujinxingiaceae	Lujinxingia	Lujinxingia vulgaris	1.6167979002624673	0.7362964951087994	0.45540416337086453	0.0
NR_180148.1	1	1390	1	1338	96.259	0.96259	42.3	8.0	2211183	Bacteria	Bacillati	Bacillota	Clostridia	Eubacteriales	unclassified Eubacteriales family	Evtepia	Evtepia gabavorous	0.962589928057554	0.18976448155465334	0.19713948382733046	0.0
NR_180151.1	1	1501	1	1258	83.8108	0.838108	37.7	1.0	2282420	Bacteria	Bacillati	Bacillota	Bacilli	Lactobacillales	Streptococcaceae	Streptococcus	Streptococcus hillyeri	0.8381079280479681	0.3683517734328286	0.43950398404028274	0.0
NR_180153.1	1	1399	1	1397	99.857	0.99857	45.4	30.0	2490941	Bacteria	Pseudomonadati	Pseudomonadota	Alphaproteobacteria	Hyphomicrobiales	Devosiaceae	Devosia	Devosia equisanguinis	0.9985704074338814	0.037782917187712685	0.037837008694065886	0.0
NR_180160.1	1	1555	1	1475	94.8553	0.948553	44.5	1.0	1886670	Bacteria	Bacillati	Bacillota	Bacilli	Bacillales	Paenibacillaceae	Paenibacillus	Paenibacillus nuruki	0.9485530546623794	0.22090757604267053	0.23288900389583234	0.0
NR_180169.1	1	1497	2	1163	77.6887	1.47027	36.6	1.0	2040648	Bacteria	Pseudomonadati	Campylobacterota	Epsilonproteobacteria	Campylobacterales	Helicobacteraceae	Helicobacter	Helicobacter didelphidarum	1.4702738810955245	0.8338717783676446	0.5671540446235184	0.0
NR_180177.1	1	1524	112	1524	100.0	105.44	37.0	31.6	2528631	Bacteria	Pseudomonadati	Bacteroidota	Bacteroidia	Marinilabiliales	Prolixibacteraceae	Puteibacter	Puteibacter caeruleilacunae	105.44028871391076	12.134838630079194	0.11508730465452759	0.12
NR_180193.1	1	1495	4	1495	100.0	3.72241	33.5	1.0	2498136	Bacteria	Bacillati	Bacillota	Clostridia	Eubacteriales	Clostridiaceae	Anaerophilus	Anaerophilus nitritogenes	3.722408026755853	0.6238296499657402	0.16758765978414764	0.0
NR_180201.1	1	1498	1	847	56.5421	0.565421	40.8	1.0	2316076	Bacteria	Pseudomonadati	Campylobacterota	Epsilonproteobacteria	Campylobacterales	Helicobacteraceae	Helicobacter	Helicobacter vulpis	0.5654205607476636	0.49570167463047904	0.8766955237266323	0.0
NR_180203.1	1	1498	1	1068	71.2951	0.712951	31.3	1.0	2316080	Bacteria	Pseudomonadati	Campylobacterota	Epsilonproteobacteria	Campylobacterales	Helicobacteraceae	Helicobacter	Helicobacter mehlei	0.7129506008010681	0.45238483796261597	0.6345248008127329	0.0
NR_180205.1	1	1520	1	1204	79.2105	0.792105	35.7	1.0	2564100	Bacteria	Bacillati	Bacillota	Bacilli	Bacillales	Paenibacillaceae	Cohnella	Cohnella pontilimi	0.7921052631578948	0.4058010784059788	0.5123070092832954	0.0
NR_180215.1	1	1518	21	1508	99.3412	20.2286	39.0	1.24	2615112	Bacteria	Bacillati	Actinomycetota	Actinomycetes	Kitasatosporales	Streptomycetaceae	Streptomyces	Streptomyces luteolifulvus	20.22859025032938	3.1670319999164893	0.15656217070613318	0.02
NR_180224.1	1	1547	1	1273	82.2883	0.822883	33.9	1.0	2268407	Bacteria	Bacillati	Bacillota	Bacilli	Bacillales	Listeriaceae	Listeria	Listeria thailandensis	0.8228829993535876	0.3817676894767673	0.46393921101379343	0.0
NR_180240.1	1	1506	2	1311	87.0518	1.65803	37.4	1.0	2202201	Bacteria	Pseudomonadati	Spirochaetota	Spirochaetia	Leptospirales	Leptospiraceae	Leptospira	Leptospira yasudae	1.658034528552457	0.695693345671425	0.4195891784466024	0.0
NR_180241.1	1	1506	1	1470	97.6096	0.976096	43.2	1.0	2202203	Bacteria	Pseudomonadati	Spirochaetota	Spirochaetia	Leptospirales	Leptospiraceae	Leptospira	Leptospira stimsonii	0.9760956175298805	0.15275131085801275	0.15649215928718857	0.0
NR_180260.1	1	1525	1	1433	93.9672	0.939672	43.3	1.0	2448482	Bacteria	Pseudomonadati	Pseudomonadota	Gammaproteobacteria	Pseudomonadales	Pseudomonadaceae	Pseudomonas	Pseudomonas leptonychotis	0.939672131147541	0.23809329493326684	0.25337911707831956	0.0
NR_180276.1	1	1450	1	274	18.8966	0.188966	15.2	0.0	2486010	Bacteria	Bacillati	Bacillota	Bacilli	Lactobacillales	Lactobacillaceae	Lacticaseibacillus	Lacticaseibacillus hegangensis	0.1889655172413793	0.3914812262868778	2.0717072194013606	0.0
NR_180303.1	1	1548	1	845	54.5866	0.545866	36.3	1.0	1969733	Bacteria	Pseudomonadati	Thermodesulfobacteriota	Desulfuromonadia	Desulfuromonadales	Geothermobacteraceae	Geothermobacter	Geothermobacter hydrogeniphilus	0.5458656330749354	0.49789189961540237	0.912114391248098	0.0
NR_180309.1	1	1412	24	1412	100.0	22.262	37.9	1.25	2487273	Bacteria	Bacillati	Bacillota	Clostridia	Eubacteriales	Oscillospiraceae	Acetivibrio	Acetivibrio mesophilus	22.262039660056658	4.107190313387277	0.18449299238095168	0.03
NR_180310.1	1	1422	1	1094	76.9339	0.769339	14.3	1.0	2487351	Bacteria	Bacillati	Bacillota	Tissierellia	Tissierellales	Peptoniphilaceae	Anaerosphaera	Anaerosphaera multitolerans	0.7693389592123769	0.42125589022634957	0.5475556452485092	0.0
NR_180311.1	1	1408	1	1239	87.9972	0.879972	38.5	1.0	2743610	Bacteria	Bacillati	Bacillota	Clostridia	Peptostreptococcales	Peptostreptococcaceae	Peptacetobacter	Peptacetobacter hominis	0.8799715909090909	0.3249947539607603	0.3693241433226396	0.0
NR_180315.1	1	1455	3	1375	94.5017	2.60756	19.3	1.67	2496273	Bacteria	Bacillati	Bacillota	Clostridia	Caldicoprobacterales	Xylanivirgaceae	Xylanivirga	Xylanivirga thermophila	2.6075601374570447	0.8202408658428378	0.31456258824494704	0.0
NR_180318.1	1	1513	5	1512	99.9339	4.87905	37.7	43.8	2488791	Bacteria	Bacillati	Actinomycetota	Actinomycetes	Micrococcales	Microbacteriaceae	Gulosibacter	Gulosibacter macacae	4.8790482485128885	0.3679724456244456	0.07541889870357439	0.01
NR_180319.1	1	1457	2	1284	88.1263	1.7138	38.6	11.5	2488730	Bacteria	Pseudomonadati	Pseudomonadota	Alphaproteobacteria	Rhodobacterales	Paracoccaceae	Falsigemmobacter	Falsigemmobacter faecalis	1.7137954701441318	0.6646546164200012	0.38782610177170274	0.0
NR_180321.1	1	1373	1	1344	97.8878	0.978878	38.2	1.0	2488819	Bacteria	Bacillati	Actinomycetota	Actinomycetes	Mycobacteriales	Corynebacteriaceae	Corynebacterium	Corynebacterium endometrii	0.9788783685360525	0.14378980543922068	0.14689241284825147	0.0
NR_180323.1	1	1410	1	1312	93.0496	0.930496	41.4	1.0	2489173	Bacteria	Pseudomonadati	Pseudomonadota	Alphaproteobacteria	Sphingomonadales	Erythrobacteraceae	Alteraurantiacibacter	Alteraurantiacibacter aquimixticola	0.9304964539007092	0.2543084803519427	0.27330408330506034	0.0
NR_180334.1	1	1344	2	1331	99.0327	1.96949	36.6	1.0	2763028	Bacteria	Bacillati	Bacillota	Clostridia	Lachnospirales	Lachnospiraceae	Blautia	Blautia intestinalis	1.9694940476190477	0.22117996596781098	0.1123029370082123	0.0
NR_180337.1	1	1495	2	1472	98.4615	1.88896	42.7	14.5	2758573	Bacteria	Bacillati	Actinomycetota	Actinomycetes	Actinomycetales	Actinomycetaceae	Flaviflexus	Flaviflexus equikiangi	1.888963210702341	0.3598289197512591	0.19049016821109502	0.0
NR_180349.1	1	1459	1	1290	88.4167	0.884167	36.3	1.0	2495591	Bacteria	Pseudomonadati	Pseudomonadota	Betaproteobacteria	Burkholderiales	Oxalobacteraceae	Undibacterium	Undibacterium piscinae	0.884167237834133	0.32002426997790884	0.3619499301533093	0.0
NR_180375.1	1	1474	3	1451	98.4396	2.74152	40.8	1.0	2509675	Bacteria	Bacillati	Chloroflexota	Ktedonobacteria	Ktedonobacterales	Ktedonosporobacteraceae	Ktedonosporobacter	Ktedonosporobacter rubrisoli	2.7415196743554953	0.5850460070333139	0.21340208224872673	0.0
NR_180394.1	1	1495	1	1251	83.6789	0.836789	42.9	1.0	2707176	Bacteria	Pseudomonadati	Pseudomonadota	Betaproteobacteria	Burkholderiales	Sphaerotilaceae	Ideonella	Ideonella livida	0.8367892976588629	0.3695578019504535	0.44163782087604153	0.0
NR_180398.1	1	1514	1	1484	98.0185	0.980185	28.4	1.0	2306973	Bacteria	Bacillati	Actinomycetota	Actinomycetes	Bifidobacteriales	Bifidobacteriaceae	Bifidobacterium	Bifidobacterium callimiconis	0.9801849405548216	0.13936435291839386	0.14218169158925087	0.0
NR_180400.1	1	1502	48	1502	100.0	46.3289	38.5	32.0	2697024	Bacteria	Pseudomonadati	Pseudomonadota	Betaproteobacteria	Burkholderiales	Alcaligenaceae	Pusillimonas	Pusillimonas minor	46.328894806924104	2.1685817902364244	0.04680840756668165	0.05
NR_180403.1	1	1460	1	1441	98.6986	0.986986	40.6	29.0	2586908	Bacteria	Pseudomonadati	Pseudomonadota	Alphaproteobacteria	Hyphomicrobiales	unclassified Hyphomicrobiales family	Vineibacter	Vineibacter terrae	0.986986301369863	0.11333288259856839	0.11482720929487152	0.0
NR_180416.1	1	1450	1	1222	84.2759	0.842759	41.8	1.0	2510188	Bacteria	Pseudomonadati	Campylobacterota	Epsilonproteobacteria	Campylobacterales	Campylobacteraceae	Campylobacter	Campylobacter taeniopygiae	0.8427586206896551	0.3640281966316952	0.4319483511587219	0.0
NR_180418.1	1	1524	1	1254	82.2835	0.822835	18.7	1.0	2172043	Bacteria	Bacillati	Actinomycetota	Actinomycetes	Bifidobacteriales	Bifidobacteriaceae	Bifidobacterium	Bifidobacterium tibiigranuli	0.8228346456692913	0.3818085797301857	0.46401616866730705	0.0
NR_180419.1	1	1550	5	1542	99.4839	4.75355	39.5	0.2	2487276	Bacteria	Bacillati	Bacillota	Bacilli	Bacillales	Bacillaceae	Bacillus	Bacillus cabrialesii	4.7535483870967745	0.5621706111544562	0.11826336146707479	0.01
NR_180422.1	1	1525	1	1446	94.8197	0.948197	40.1	1.0	2509458	Bacteria	Bacillati	Actinomycetota	Actinomycetes	Micrococcales	Microbacteriaceae	Microbacterium	Microbacterium protaetiae	0.9481967213114754	0.2216296437881075	0.2337380406479004	0.0
NR_180424.1	1	1553	11	1545	99.4849	10.3754	35.1	2.91	2509456	Bacteria	Bacillati	Bacillota	Bacilli	Bacillales	Paenibacillaceae	Paenibacillus	Paenibacillus protaetiae	10.375402446877013	1.6299949974977594	0.1571018575754993	0.01
NR_180431.1	1	1538	1	1487	96.684	0.96684	40.5	1.0	2530390	Bacteria	Pseudomonadati	Bacteroidota	Bacteroidia	Bacteroidales	Muribaculaceae	Muribaculum	Muribaculum gordoncarteri	0.9668400520156046	0.17905408633724426	0.1851951478054349	0.0
NR_180437.1	1	1488	17	1485	99.7984	16.1882	36.7	49.1	2528202	Bacteria	Pseudomonadati	Pseudomonadota	Betaproteobacteria	Nitrosomonadales	Thiobacillaceae	Parasulfuritortus	Parasulfuritortus cantonensis	16.188172043010752	1.5686169144073152	0.09689895253396236	0.02
NR_180439.1	1	1542	1	1202	77.9507	0.779507	45.8	1.0	2527971	Bacteria	Pseudomonadati	Planctomycetota	Planctomycetia	Planctomycetales	Planctomycetaceae	Gimesia	Gimesia algae	0.7795071335927367	0.4145790181265474	0.5318476255833079	0.0
NR_180444.1	1	1527	4	1520	99.5416	3.26326	40.3	1.0	2795974	Bacteria	Pseudomonadati	Planctomycetota	Planctomycetia	Pirellulales	Pirellulaceae	Stieleria	Stieleria maiorica	3.2632612966601178	0.670341358437706	0.20542068118289727	0.0
NR_180447.1	1	1428	4	1372	96.0784	3.57143	42.8	5.0	2528593	Bacteria	Bacillati	Bacillota	Clostridia	Moorellales	Zhaonellaceae	Zhaonella	Zhaonella formicivorans	3.5714285714285716	0.9693171979966798	0.2714088154390703	0.0
NR_180448.1	1	1507	5	1277	84.7379	3.83875	40.5	6.4	2527982	Bacteria	Pseudomonadati	Planctomycetota	Phycisphaerae	Phycisphaerales	Phycisphaeraceae	Mucisphaera	Mucisphaera calidilacus	3.838752488387525	1.7291399365459257	0.45044319522466897	0.01
NR_180468.1	1	1517	2	1512	99.6704	1.96045	40.0	1.0	2320431	Bacteria	Bacillati	Actinomycetota	Actinomycetes	Mycobacteriales	Corynebacteriaceae	Corynebacterium	Corynebacterium silvaticum	1.96044825313118	0.21113825802046005	0.10769897021420238	0.0
NR_180481.1	1	1411	2	1406	99.6456	1.82849	40.0	22.5	2547811	Bacteria	Bacillati	Bacillota	Bacilli	Bacillales	Bacillaceae	Bacillus	Bacillus salipaludis	1.8284904323175053	0.38623983235051446	0.2112342649017736	0.0
NR_180507.1	1	1492	1	1463	98.0563	0.980563	38.5	1.0	2562294	Bacteria	Bacillati	Bacillota	Tissierellia	Tissierellales	Tissierellaceae	Soehngenia	Soehngenia longivitae	0.9805630026809652	0.13805506312429947	0.1407916296523956	0.0
NR_180520.1	1	1519	31	1512	99.5392	29.0941	36.8	12.8	2564099	Bacteria	Bacillati	Bacillota	Clostridia	Eubacteriales	Oscillospiraceae	Ruminococcus	Ruminococcus bovis	29.094140882159316	3.2497063070672807	0.11169624565405258	0.03
NR_180525.1	1	1458	1	1424	97.668	0.97668	41.4	31.0	2787712	Bacteria	Bacillati	Bacillota	Clostridia	Eubacteriales	Eubacteriaceae	Alkalibacter	Alkalibacter mobilis	0.9766803840877915	0.15091657107791107	0.15451991617387242	0.0
NR_180563.1	1	1408	20	1408	100.0	18.598	37.8	4.75	2488810	Bacteria	Bacillati	Bacillota	Clostridia	Eubacteriales	Oscillospiraceae	Ruminiclostridium	Ruminiclostridium herbifermentans	18.598011363636363	3.2171056514510306	0.17298116387546975	0.02
NR_180566.1	1	1421	2	1420	99.9296	1.8677	42.4	39.0	2528239	Bacteria	Pseudomonadati	Pseudomonadota	Alphaproteobacteria	Hyphomicrobiales	Rhizobiaceae	Agrobacterium	Agrobacterium cavarae	1.867698803659395	0.3408886171801503	0.1825179822957775	0.0
NR_180567.1	1	1571	1	1435	91.3431	0.913431	29.1	12.0	2582848	Bacteria	Bacillati	Bacillota	Bacilli	Bacillales	Paenibacillaceae	Paenibacillus	Paenibacillus antri	0.913430935709739	0.28120252736803225	0.3078530804844451	0.0
NR_180570.1	1	1478	12	1475	99.797	11.4628	34.9	9.75	2268447	Bacteria	Bacillati	Actinomycetota	Actinomycetes	Propionibacteriales	Propionibacteriaceae	Desertihabitans	Desertihabitans brevis	11.462787550744249	1.3544527167464562	0.11816084968429125	0.01
NR_180596.1	1	1442	5	1437	99.6533	4.90083	37.6	1.0	2798801	Bacteria	Pseudomonadati	Pseudomonadota	Alphaproteobacteria	Hyphomicrobiales	Devosiaceae	Devosia	Devosia sediminis	4.900832177531207	0.4932407208745315	0.100644278972842	0.01
NR_180597.1	1	1525	2	1513	99.2131	1.91213	39.8	1.0	2571105	Bacteria	Pseudomonadati	Pseudomonadota	Gammaproteobacteria	Pseudomonadales	Pseudomonadaceae	Pseudomonas	Pseudomonas nicosulfuronedens	1.9121311475409837	0.3096540362155617	0.16194183992754854	0.0
NR_180604.1	1	1391	1	1310	94.1769	0.941769	41.3	1.0	2585135	Bacteria	Bacillati	Actinomycetota	Actinomycetes	Micrococcales	Bogoriellaceae	Georgenia	Georgenia wutianyii	0.9417685118619699	0.23418066087373612	0.24866053379799002	0.0
NR_180605.1	1	1500	5	1425	95.0	3.57867	36.5	1.0	2771352	Bacteria	Pseudomonadati	Thermodesulfobacteriota	Desulfuromonadia	Geobacterales	Geobacteraceae	Pelovirga	Pelovirga terrestris	3.578666666666667	1.6616693079216955	0.46432637143862576	0.01
NR_180617.1	1	1469	46	1469	100.0	44.5773	40.2	13.9	2779355	Bacteria	Bacillati	Bacillota	Clostridia	Eubacteriales	Oscillospiraceae	Ructibacterium	Ructibacterium gallinarum	44.577263444520085	3.492916160992778	0.07835645104908666	0.05
NR_180618.1	1	1435	3	1435	100.0	2.92125	34.5	1.0	2779357	Bacteria	Bacillati	Actinomycetota	Coriobacteriia	Coriobacteriales	Atopobiaceae	Thermophilibacter	Thermophilibacter gallinarum	2.9212543554006967	0.2844417996601817	0.09736974773672728	0.0
NR_180619.1	1	1433	15	1433	100.0	14.4361	35.0	7.13	2779352	Bacteria	Bacillati	Bacillota	Clostridia	Eubacteriales	Oscillospiraceae	Pseudoflavonifractor	Pseudoflavonifractor gallinarum	14.436147941381718	1.4182558941613441	0.09824337488921574	0.02
NR_180622.1	1	1472	344	1472	100.0	335.565	38.1	13.7	2779354	Bacteria	Bacillati	Bacillota	Clostridia	Eubacteriales	unclassified Eubacteriales family	Gemmiger	Gemmiger gallinarum	335.56453804347825	25.515365533717194	0.07603713337078316	0.38
NR_180645.1	1	1445	3	1353	93.6332	2.47682	34.4	1.0	2714933	Bacteria	Bacillati	Actinomycetota	Actinomycetes	Micrococcales	Microbacteriaceae	Leucobacter	Leucobacter coleopterorum	2.4768166089965398	0.9369291503650308	0.37827958152485874	0.0
NR_180646.1	1	1445	195	1445	100.0	187.23	38.7	10.3	2714934	Bacteria	Bacillati	Actinomycetota	Actinomycetes	Micrococcales	Microbacteriaceae	Leucobacter	Leucobacter insecticola	187.22975778546711	23.253852907160077	0.12419955664208553	0.22
NR_180647.1	1	1445	6	1445	100.0	5.61038	37.9	1.0	2714935	Bacteria	Bacillati	Actinomycetota	Actinomycetes	Micrococcales	Microbacteriaceae	Leucobacter	Leucobacter viscericola	5.61038062283737	1.0839005210605475	0.19319554125231173	0.01
NR_180648.1	1	1439	8	1439	100.0	7.66227	38.1	7.12	2714937	Bacteria	Bacillati	Actinomycetota	Actinomycetes	Propionibacteriales	Propionibacteriaceae	Propioniciclava	Propioniciclava coleopterorum	7.662265462126476	0.662644172935953	0.08648149508931946	0.01
NR_180680.1	1	1522	2	1515	99.5401	1.9724	40.0	6.0	2593973	Bacteria	Bacillati	Actinomycetota	Actinomycetes	Micrococcales	Ornithinimicrobiaceae	Ornithinimicrobium	Ornithinimicrobium pratense	1.9724047306176085	0.18982147828306767	0.09623860424611225	0.0
NR_180686.1	1	1038	8	1038	100.0	7.91329	35.6	32.5	2594913	Bacteria	Bacillati	Actinomycetota	Actinomycetes	Mycobacteriales	Corynebacteriaceae	Corynebacterium	Corynebacterium sanguinis	7.913294797687861	0.3374455380191093	0.042642861999493	0.01
NR_180699.1	1	1540	1	1232	80.0	0.8	42.0	1.0	2597703	Bacteria	Pseudomonadati	Pseudomonadota	Gammaproteobacteria	Pseudomonadales	Marinobacteraceae	Marinobacter	Marinobacter denitrificans	0.8	0.4000000000000015	0.5000000000000019	0.0
NR_180706.1	1	1421	7	1417	99.7185	6.57987	37.9	1.0	2599308	Bacteria	Bacillati	Bacillota	Clostridia	Eubacteriales	Clostridiaceae	Crassaminicella	Crassaminicella thermophila	6.579873328641802	0.9447005331081552	0.1435742735344052	0.01
NR_180728.1	1	1497	2	1455	97.1944	1.91984	40.3	2.5	2935737	Bacteria	Bacillati	Actinomycetota	Actinomycetes	Micrococcales	Micrococcaceae	Arthrobacter	Arthrobacter terrae	1.9198396793587174	0.3603427092156375	0.18769416690877153	0.0
NR_180730.1	1	1414	16	1367	96.6761	14.8444	37.6	1.19	2931922	Bacteria	Bacillati	Bacillota	Tissierellia	Tissierellales	Peptoniphilaceae	Miniphocaeibacter	Miniphocaeibacter halophilus	14.844413012729845	3.3749399767097588	0.22735422234719385	0.02
NR_180733.1	1	1466	8	1466	100.0	7.06071	37.6	1.5	2606214	Bacteria	Pseudomonadati	Pseudomonadota	Betaproteobacteria	Burkholderiales	Comamonadaceae	Comamonas	Comamonas suwonensis	7.060709413369714	1.8146735661202626	0.2570100906127239	0.01
NR_180737.1	1	1460	2	1175	80.4795	1.59178	44.5	19.0	2609961	Bacteria	Pseudomonadati	Pseudomonadota	Gammaproteobacteria	Pseudomonadales	Pseudomonadaceae	Pseudomonas	Pseudomonas akapageensis	1.5917808219178082	0.7949762509862828	0.499425699845083	0.0
NR_180756.1	1	1431	1	1306	91.2648	0.912648	30.6	1.0	2743470	Bacteria	Pseudomonadati	Pseudomonadota	Betaproteobacteria	Burkholderiales	Comamonadaceae	Comamonas	Comamonas antarctica	0.9126484975541579	0.2823494598300073	0.30937371900209837	0.0
NR_180779.1	1	1508	1	1471	97.5464	0.975464	36.1	4.0	2609562	Bacteria	Bacillati	Actinomycetota	Actinomycetes	Kineosporiales	Kineosporiaceae	Kineococcus	Kineococcus rubinsiae	0.9754641909814323	0.15470553672823764	0.158596838467833	0.0
NR_180781.1	1	1536	1	1238	80.599	0.80599	39.1	1.0	2686016	Bacteria	Pseudomonadati	Pseudomonadota	Betaproteobacteria	Rhodocyclales	Zoogloeaceae	Cognatazoarcus	Cognatazoarcus halotolerans	0.8059895833333334	0.39543694173849625	0.49062289378863505	0.0
NR_180786.1	1	1549	10	1541	99.4835	8.80116	38.4	8.4	2598861	Bacteria	Bacillati	Bacillota	Bacilli	Bacillales	Bacillaceae	Shouchella	Shouchella miscanthi	8.801162040025822	2.0857594425331496	0.2369868243588241	0.01
NR_180789.1	1	1463	1	1395	95.352	0.95352	22.1	1.0	2732868	Bacteria	Pseudomonadati	Pseudomonadota	Betaproteobacteria	Burkholderiales	Sphaerotilaceae	Pseudaquabacterium	Pseudaquabacterium terrae	0.9535201640464799	0.21052187725567967	0.22078387557351925	0.0
NR_180797.1	1	1468	129	1468	100.0	122.654	38.2	11.5	2605778	Bacteria	Bacillati	Bacillota	Clostridia	Eubacteriales	Clostridiaceae	Clostridium	Clostridium porci	122.65395095367847	16.89993403814079	0.1377854843381541	0.14
NR_180800.1	1	1432	5	1431	99.9302	4.79749	33.5	1.0	2652274	Bacteria	Bacillati	Bacillota	Clostridia	Lachnospirales	Lachnospiraceae	Eisenbergiella	Eisenbergiella porci	4.7974860335195535	0.5346061502063527	0.1114346444098249	0.01
NR_180806.1	1	1389	5	1384	99.64	4.7617	39.5	22.0	1531429	Bacteria	Bacillati	Actinomycetota	Coriobacteriia	Eggerthellales	Eggerthellaceae	Berryella	Berryella intestinalis	4.761699064074874	0.5805352351559492	0.12191766580459833	0.01
NR_180807.1	1	1461	12	1461	100.0	11.6099	36.7	29.2	2652293	Bacteria	Bacillati	Bacillota	Clostridia	Eubacteriales	Eubacteriales Family XIII. Incertae Sedis	Hornefia	Hornefia butyriciproducens	11.609856262833675	0.9668064060820782	0.0832746232334581	0.01
NR_180808.1	1	1474	1	1244	84.3962	0.843962	41.8	14.0	2607614	Bacteria	Bacillati	Bacillota	Tissierellia	Tissierellales	Tissierellaceae	Tissierella	Tissierella pigra	0.8439620081411127	0.36289135695898445	0.42998541813307317	0.0
NR_180809.1	1	1481	2	1470	99.2573	1.80284	40.7	2.5	2605789	Bacteria	Thermotogati	Synergistota	Synergistia	Synergistales	Dethiosulfovibrionaceae	Pyramidobacter	Pyramidobacter porci	1.8028359216745442	0.4161072366140324	0.23080704772486219	0.0
NR_180811.1	1	1489	1	1480	99.3956	0.993956	32.4	1.0	2605782	Bacteria	Pseudomonadati	Thermodesulfobacteriota	Desulfovibrionia	Desulfovibrionales	Desulfovibrionaceae	Desulfovibrio	Desulfovibrio porci	0.9939556749496307	0.0775099424916236	0.07798128673650509	0.0
NR_180813.1	1	1444	4	1431	99.0997	3.7313	40.4	36.8	2652290	Bacteria	Bacillati	Actinomycetota	Actinomycetes	Actinomycetales	Actinomycetaceae	Scrofimicrobium	Scrofimicrobium canadense	3.731301939058172	0.6593379708482741	0.176704534132314	0.0
NR_180814.1	1	1499	1	1391	92.7952	0.927952	16.5	1.0	2606638	Bacteria	Pseudomonadati	Spirochaetota	Spirochaetia	Spirochaetales	Spirochaetaceae	Bullifex	Bullifex porci	0.9279519679786524	0.25856742467526056	0.27864311257240515	0.0
NR_180816.1	1	1393	3	1363	97.8464	2.486	38.1	1.0	2606708	Bacteria	Bacillati	Bacillota	Clostridia	Peptostreptococcales	Anaerovoracaceae	Mogibacterium	Mogibacterium kristiansenii	2.4860014357501794	0.8657049743729412	0.34823188833424984	0.0
NR_180820.1	1	1475	95	1475	100.0	91.0983	38.2	41.8	2606632	Bacteria	Bacillati	Bacillota	Clostridia	Lachnospirales	Lachnospiraceae	Porcincola	Porcincola intestinalis	91.09830508474576	5.253489285192788	0.05766835376690751	0.11
NR_180822.1	1	1501	4	1489	99.2005	3.70753	40.5	1.0	2606636	Bacteria	Bacillati	Bacillota	Clostridia	Lachnospirales	Lachnospiraceae	Bilifractor	Bilifractor porci	3.707528314457029	0.6763369467856685	0.1824225978661794	0.0
NR_180824.1	1	1471	16	1467	99.7281	14.9558	37.2	28.0	2606640	Bacteria	Pseudomonadati	Lentisphaerota	Lentisphaeria	Victivallales	Victivallaceae	Victivallis	Victivallis lenta	14.95581237253569	2.093356134940213	0.1399694033862297	0.02
NR_180825.1	1	1432	4	1431	99.9302	3.78631	37.5	5.0	2605790	Bacteria	Bacillati	Bacillota	Clostridia	Lachnospirales	Lachnospiraceae	Roseburia	Roseburia porci	3.786312849162011	0.544533352988105	0.14381625995554526	0.0
NR_180831.1	1	1463	5	1463	100.0	4.90567	39.2	52.2	2652291	Bacteria	Bacillati	Bacillota	Clostridia	Eubacteriales	Clostridiaceae	Inconstantimicrobium	Inconstantimicrobium porci	4.905673274094327	0.3458403456096632	0.07049803896153507	0.01
NR_180833.1	1	1470	44	1470	100.0	42.8211	35.4	18.2	2606635	Bacteria	Bacillati	Bacillota	Clostridia	Lachnospirales	Lachnospiraceae	Waltera	Waltera intestinalis	42.82108843537415	2.4037875808140408	0.05613560207470793	0.05
NR_180859.1	1	1397	1	1372	98.2105	0.982105	39.7	60.0	2608632	Bacteria	Pseudomonadati	Pseudomonadota	Alphaproteobacteria	Hyphomicrobiales	Parvibaculaceae	Parvibaculum	Parvibaculum sedimenti	0.9821045096635648	0.13257164765534793	0.13498731178900952	0.0
NR_180873.1	1	1563	1	1469	93.9859	0.939859	41.1	1.0	2498856	Bacteria	Bacillati	Bacillota	Bacilli	Bacillales	Bacillaceae	Halobacillus	Halobacillus fulvus	0.9398592450415867	0.2377474385801932	0.25296068516054593	0.0
NR_180878.1	1	1498	1	1239	82.7103	0.827103	24.1	1.0	2654845	Bacteria	Pseudomonadati	Pseudomonadota	Gammaproteobacteria	Pseudomonadales	Pseudomonadaceae	Pseudomonas	Pseudomonas xionganensis	0.8271028037383178	0.3781583739473856	0.457208429518308	0.0
NR_180882.1	1	1541	2	1521	98.7021	1.94679	42.0	5.0	2652445	Bacteria	Bacillati	Bacillota	Bacilli	Bacillales	Bacillaceae	Peribacillus	Peribacillus tepidiphilus	1.9467878001297858	0.2762930189555785	0.14192251407018217	0.0
NR_180883.1	1	1456	2	1406	96.5659	1.76717	27.1	1.0	2608684	Bacteria	Bacillati	Bacillota	Bacilli	Bacillales	Paenibacillaceae	Paenibacillus	Paenibacillus tengchongensis	1.7671703296703296	0.49729401125004824	0.2814069492343841	0.0
NR_180889.1	1	1391	1	1293	92.9547	0.929547	26.3	0.0	2699427	Bacteria	Bacillati	Bacillota	unclassified Bacillota class	unclassified Bacillota order	unclassified Bacillota family	Capillibacterium	Capillibacterium thermochitinicola	0.9295470884255931	0.25590877051225935	0.275304794882098	0.0
NR_180892.1	1	1490	22	1490	100.0	20.9591	35.4	7.95	2684406	Bacteria	Bacillati	Actinomycetota	Actinomycetes	Mycobacteriales	Corynebacteriaceae	Corynebacterium	Corynebacterium anserum	20.959060402684564	1.223512021801363	0.058376282061034006	0.02
NR_180911.1	1	1486	13	1484	99.8654	12.2591	37.9	12.7	2664442	Bacteria	Bacillati	Bacillota	Bacilli	Lactobacillales	Aerococcaceae	Fundicoccus	Fundicoccus ignavus	12.259084791386272	2.1070369113931693	0.17187554758358947	0.01
NR_180913.1	1	1439	38	1439	100.0	35.3141	37.1	7.24	2697030	Bacteria	Bacillati	Bacillota	Clostridia	Peptostreptococcales	Anaerovoracaceae	Aminipila	Aminipila terrae	35.31410701876303	7.075293643673783	0.20035318010206374	0.04
NR_180914.1	1	1410	7	1403	99.5035	6.74255	40.7	2.29	2696063	Bacteria	Bacillati	Bacillota	Clostridia	Lachnospirales	Lachnospiraceae	Anaerocolumna	Anaerocolumna sedimenticola	6.742553191489361	0.8668631017880258	0.12856600121185616	0.01
NR_180916.1	1	1455	2	1449	99.5876	1.84674	43.0	30.5	2665159	Bacteria	Pseudomonadati	Pseudomonadota	Alphaproteobacteria	Hyphomicrobiales	Hyphomicrobiaceae	Hyphomicrobium	Hyphomicrobium album	1.8467353951890035	0.3715131066376275	0.201172895481112	0.0
NR_180955.1	1	1459	2	1449	99.3146	1.53735	41.1	7.5	2599412	Bacteria	Pseudomonadati	Pseudomonadota	Alphaproteobacteria	Rhodobacterales	Paracoccaceae	Paracoccus	Paracoccus aurantiacus	1.5373543522960933	0.5121646918284795	0.3331468057858901	0.0
NR_180958.1	1	1505	2	1501	99.7342	1.81794	32.1	3.5	2675216	Bacteria	Bacillati	Actinomycetota	Actinomycetes	Mycobacteriales	Corynebacteriaceae	Corynebacterium	Corynebacterium kalinowskii	1.8179401993355482	0.39272082229545296	0.21602515992494764	0.0
NR_180959.1	1	1509	1	1480	98.0782	0.980782	45.1	12.0	2675218	Bacteria	Bacillati	Actinomycetota	Actinomycetes	Mycobacteriales	Corynebacteriaceae	Corynebacterium	Corynebacterium comes	0.9807819748177601	0.13729054115391562	0.1399806936494991	0.0
NR_180967.1	1	1555	1	1265	81.3505	0.813505	34.7	1.0	2678611	Bacteria	Bacillati	Bacillota	Bacilli	Bacillales	Bacillaceae	Oceanobacillus	Oceanobacillus salinisoli	0.8135048231511254	0.38950574560715095	0.4787995529004899	0.0
NR_180969.1	1	1499	1	1477	98.5324	0.985324	43.6	24.0	2758440	Bacteria	Bacillati	Actinomycetota	Actinomycetes	Actinomycetales	Actinomycetaceae	Changpingibacter	Changpingibacter yushuensis	0.9853235490326885	0.12025411741107293	0.1220453094104254	0.0
NR_180998.1	1	1374	3	1319	95.9971	2.73071	43.7	1.0	2507160	Bacteria	Bacillati	Bacillota	Clostridia	Peptostreptococcales	Anaerovoracaceae	Aminipila	Aminipila luticellarii	2.7307132459970886	0.6911606070443589	0.25310625641763035	0.0
NR_181007.1	1	1550	4	1501	96.8387	3.77677	40.1	1.0	2662258	Bacteria	Bacillati	Actinomycetota	Actinomycetes	Micrococcales	Microbacteriaceae	Agromyces	Agromyces agglutinans	3.776774193548387	0.7962670450771987	0.21083257941060096	0.0
NR_181042.1	1	1573	97	1566	99.555	90.3045	38.4	7.99	2697043	Bacteria	Pseudomonadati	Kiritimatiellota	Tichowtungiia	Tichowtungiales	Tichowtungiaceae	Tichowtungia	Tichowtungia aerotolerans	90.30451366815004	13.252862276528507	0.14675747355475463	0.11
NR_181045.1	1	1533	3	1519	99.0868	2.72864	38.7	2.0	2697032	Bacteria	Pseudomonadati	Pseudomonadota	Betaproteobacteria	Burkholderiales	unclassified Burkholderiales family	Xylophilus	Xylophilus rhododendri	2.7286366601435095	0.5567078063199432	0.20402416138859022	0.0
NR_181055.1	1	1479	2	1473	99.5943	1.79108	28.2	5.0	2771427	Bacteria	Pseudomonadati	Pseudomonadota	Betaproteobacteria	Burkholderiales	Comamonadaceae	Limnohabitans	Limnohabitans radicicola	1.791075050709939	0.41639993409930753	0.2324860334212442	0.0
NR_181062.1	1	1419	1	1416	99.7886	0.997886	41.7	43.0	2699460	Bacteria	Bacillati	Bacillota	Bacilli	Bacillales	Bacillaceae	Neobacillus	Neobacillus sedimentimangrovi	0.9978858350951374	0.045931418567442775	0.04602873089491617	0.0
NR_181065.1	1	1508	2	1455	96.4854	1.77122	39.5	1.0	2565777	Bacteria	Bacillati	Bacillota	Clostridia	Eubacteriales	Clostridiaceae	Isachenkonia	Isachenkonia alkalipeptolytica	1.7712201591511936	0.49672064831082047	0.28043981192539025	0.0
NR_181078.1	1	1536	2	1487	96.8099	1.6862	21.9	1.5	2689078	Bacteria	Bacillati	Bacillota	Bacilli	Bacillales	Paenibacillaceae	Paenibacillus	Paenibacillus turpanensis	1.6861979166666667	0.5283298393639343	0.3133261132289587	0.0
NR_181082.1	1	1481	3	1481	100.0	2.95071	37.9	9.0	2709392	Bacteria	Bacillati	Actinomycetota	Actinomycetes	Mycobacteriales	Corynebacteriaceae	Corynebacterium	Corynebacterium qintianiae	2.950708980418636	0.2164749753897514	0.07336371591584023	0.0
NR_181106.1	1	1457	3	1228	84.2828	2.50583	41.3	1.0	2713505	Bacteria	Bacillati	Bacillota	Bacilli	Bacillales	Listeriaceae	Listeria	Listeria cossartiae	2.505833905284832	1.0928734052458555	0.43613162186886095	0.0
NR_181110.1	1	1550	1	1222	78.8387	0.788387	39.9	1.0	2713603	Bacteria	Bacillati	Bacillota	Bacilli	Bacillales	Listeriaceae	Listeria	Listeria cossartiae	0.7883870967741935	0.4084518116181561	0.5180853584354681	0.0
NR_181111.1	1	1543	1	1278	82.8257	0.828257	38.4	1.0	2656746	Bacteria	Pseudomonadati	Pseudomonadota	Gammaproteobacteria	Lysobacterales	Lysobacteraceae	Stenotrophomonas	Stenotrophomonas nematodicola	0.8282566429034348	0.3771572303294294	0.4553627593101014	0.0
NR_181115.1	1	1501	1	1460	97.2685	0.972685	34.5	1.0	2715164	Bacteria	Pseudomonadati	Pseudomonadota	Gammaproteobacteria	Moraxellales	Moraxellaceae	Acinetobacter	Acinetobacter shaoyimingii	0.9726848767488341	0.16300002237097908	0.16757742025947917	0.0
NR_181127.1	1	1487	1	1469	98.7895	0.987895	42.9	1.0	2607497	Bacteria	Bacillati	Actinomycetota	Actinomycetes	Micrococcales	Cellulomonadaceae	Actinotalea	Actinotalea subterranea	0.9878950907868191	0.10935437982139372	0.11069432457073686	0.0
NR_181129.1	1	1428	1	1349	94.4678	0.944678	39.8	1.0	2714956	Bacteria	Bacillati	Actinomycetota	Actinomycetes	Motilibacterales	Motilibacteraceae	Motilibacter	Motilibacter deserti	0.9446778711484594	0.22860794148689395	0.24199565637011458	0.0
NR_181157.1	1	1452	1	1234	84.9862	0.849862	40.8	11.0	1888891	Bacteria	Bacillati	Bacillota	Clostridia	Eubacteriales	Desulfitobacteriaceae	Desulfosporosinus	Desulfosporosinus metallidurans	0.849862258953168	0.3572063825860157	0.4203109137073702	0.0
NR_181160.1	1	1485	3	1482	99.798	2.967	35.6	1.33	2749967	Bacteria	Bacillati	Bacillota	Bacilli	Lactobacillales	Aerococcaceae	Facklamia	Facklamia lactis	2.967003367003367	0.21301612304126621	0.0717950392002452	0.0
NR_181176.1	1	1510	2	1505	99.6689	1.73311	39.3	1.0	2681766	Bacteria	Pseudomonadati	Bacteroidota	Bacteroidia	Marinilabiliales	Prolixibacteraceae	Maribellus	Maribellus comscasis	1.7331125827814569	0.4497566456487964	0.25950803780270637	0.0
NR_181198.1	1	1392	8	1390	99.8563	7.63003	39.8	36.6	2735723	Bacteria	Bacillati	Bacillota	Erysipelotrichia	Erysipelotrichales	Turicibacteraceae	Turicibacter	Turicibacter bilis	7.630028735632184	0.7980151377597982	0.10458874604666595	0.01
NR_181199.1	1	1475	1	1431	97.0169	0.970169	38.9	1.0	2715279	Bacteria	Pseudomonadati	Bacteroidota	Bacteroidia	Bacteroidales	Tenuifilaceae	Perlabentimonas	Perlabentimonas gracilis	0.9701694915254238	0.17011951457350583	0.1753503032815661	0.0
NR_181206.1	1	1434	4	1382	96.3738	3.56974	41.6	1.0	2171554	Bacteria	Bacillati	Bacillota	Bacilli	Bacillales	Bacillaceae	Peribacillus	Peribacillus acanthi	3.5697350069735005	0.9872006897005354	0.2765473313206814	0.0
NR_181210.1	1	1438	1	1150	79.9722	0.799722	43.9	1.0	2779519	Bacteria	Bacillati	Actinomycetota	Coriobacteriia	Coriobacteriales	Atopobiaceae	Thermophilibacter	Thermophilibacter immobilis	0.799721835883171	0.4002084720427855	0.5004345937369787	0.0
NR_181215.1	1	1459	1	850	58.2591	0.582591	31.1	2.0	2738446	Bacteria	Bacillati	Bacillota	Clostridia	Lachnospirales	Lachnospiraceae	Anaerostipes	Anaerostipes faecalis	0.5825908156271419	0.4931315820083328	0.8464458566472441	0.0
NR_181236.1	1	1548	3	1501	96.9638	2.57429	39.6	1.0	2715209	Bacteria	Bacillati	Bacillota	Bacilli	Bacillales	Bacillaceae	Bacillus	Bacillus rugosus	2.5742894056847545	0.8590815653257565	0.3337160007840078	0.0
NR_181255.1	1	1482	1	1462	98.6505	0.986505	36.7	5.0	2502215	Bacteria	Pseudomonadati	Pseudomonadota	Alphaproteobacteria	Hyphomicrobiales	Phyllobacteriaceae	Mesorhizobium	Mesorhizobium comanense	0.9865047233468286	0.11538264237408523	0.11696106429438735	0.0
NR_181265.1	1	1537	7	1530	99.5446	5.58556	38.2	5.43	2654755	Bacteria	Pseudomonadati	Pseudomonadota	Gammaproteobacteria	Pseudomonadales	Pseudomonadaceae	Pseudomonas	Pseudomonas pratensis	5.585556278464542	1.752217546456999	0.31370510994809636	0.01
NR_181301.1	1	1516	2	1509	99.5383	1.83179	40.7	21.5	2754045	Bacteria	Bacillati	Actinomycetota	Actinomycetes	Propionibacteriales	Nocardioidaceae	Aeromicrobium	Aeromicrobium phoceense	1.8317941952506596	0.3861961166221134	0.21082942484664166	0.0
NR_181312.1	1	1454	1	1237	85.0757	0.850757	39.4	0.0	2496867	Bacteria	Bacillati	Actinomycetota	Actinomycetes	Actinomycetales	Actinomycetaceae	Flaviflexus	Flaviflexus ciconiae	0.8507565337001376	0.35632829534947824	0.4188369777187885	0.0
NR_181315.1	1	1484	1	1215	81.8733	0.818733	41.1	1.0	2039288	Bacteria	Pseudomonadati	Pseudomonadota	Alphaproteobacteria	Acetobacterales	Acetobacteraceae	Bombella	Bombella mellum	0.818733153638814	0.3852391163569151	0.4705307396491045	0.0
NR_181318.1	1	1540	7	1535	99.6753	6.28506	33.9	8.57	2754044	Bacteria	Bacillati	Bacillota	Negativicutes	Selenomonadales	Selenomonadaceae	Selenomonas	Selenomonas timonae	6.285064935064935	1.2633331746095946	0.2010055882734555	0.01
NR_181346.1	1	1568	1	750	47.8316	0.478316	39.4	1.0	2759752	Bacteria	Bacillati	Bacillota	Bacilli	Lactobacillales	Lactobacillaceae	Limosilactobacillus	Limosilactobacillus albertensis	0.47831632653061223	0.4995295970259137	1.0443498775155102	0.0
NR_181358.1	1	1404	1	1372	97.7208	0.977208	40.4	1.0	2788944	Bacteria	Bacillati	Bacillota	Clostridia	Lachnospirales	Lachnospiraceae	Faecalicatena	Faecalicatena absiana	0.9772079772079773	0.14923989576875923	0.1527207096642405	0.0
NR_181369.1	1	1427	2	1394	97.6875	1.76384	42.7	1.0	2784388	Bacteria	Bacillati	Bacillota	Clostridia	Eubacteriales	Clostridiaceae	Clostridium	Clostridium vitabionis	1.7638402242466713	0.4760663945638557	0.2699033552016774	0.0
NR_181374.1	1	1535	3	1517	98.8274	2.68143	34.9	1.0	1458425	Bacteria	Pseudomonadati	Pseudomonadota	Betaproteobacteria	Burkholderiales	Comamonadaceae	Serpentinimonas	Serpentinimonas raichei	2.6814332247557005	0.6121574209970589	0.2282948593854435	0.0
NR_181376.1	1	1488	1	1443	96.9758	0.969758	39.1	1.0	2763107	Bacteria	Pseudomonadati	Acidobacteriota	Terriglobia	Terriglobales	Acidobacteriaceae	Alloacidobacterium	Alloacidobacterium dinghuense	0.969758064516129	0.17125233085146868	0.176592840129581	0.0
NR_181379.1	1	1525	3	1290	84.5902	2.48131	42.0	3.33	2725562	Bacteria	Pseudomonadati	Bacteroidota	Bacteroidia	Bacteroidales	Bacteroidaceae	Caecibacteroides	Caecibacteroides pullorum	2.481311475409836	1.093263238904722	0.4405989533112318	0.0
NR_181382.1	1	1426	64	1354	94.9509	59.2237	39.1	3.8	2763662	Bacteria	Bacillati	Bacillota	Clostridia	Eubacteriales	Yeguiaceae	Yeguia	Yeguia hominis	59.22370266479663	14.477279167603463	0.24445076069532803	0.07
NR_181383.1	1	1417	2802	1417	100.0	2592.88	38.9	10.7	2763654	Bacteria	Bacillati	Bacillota	Clostridia	Christensenellales	Christensenellaceae	Luoshenia	Luoshenia tenuis	2592.882145377558	560.2061530251888	0.21605538609762587	3.12
NR_181384.1	1	1354	39	1352	99.8523	37.4934	37.8	17.5	2763660	Bacteria	Bacillati	Bacillota	Clostridia	Eubacteriales	Feifaniaceae	Feifania	Feifania hominis	37.493353028064995	3.700417176494803	0.0986952853676469	0.04
NR_181385.1	1	1409	3	1350	95.8126	2.68985	40.8	46.7	2763661	Bacteria	Bacillati	Bacillota	Clostridia	Eubacteriales	Bianqueaceae	Bianquea	Bianquea renquensis	2.6898509581263306	0.7155699553761633	0.26602587523087445	0.0
NR_181386.1	1	1404	738	1404	100.0	681.058	37.9	3.48	2763655	Bacteria	Bacillati	Bacillota	Clostridia	Christensenellales	Christensenellaceae	Gehongia	Gehongia tenuis	681.0576923076923	147.68984674357935	0.21685365044941768	0.82
NR_181387.1	1	1396	1138	1396	100.0	1063.09	38.1	25.2	2763656	Bacteria	Bacillati	Bacillota	Clostridia	Christensenellales	Christensenellaceae	Guopingia	Guopingia tenuis	1063.086676217765	215.2638424279879	0.20248945569880586	1.27
NR_181388.1	1	1473	1	1175	79.7692	0.797692	34.2	1.0	2763658	Bacteria	Bacillati	Bacillota	Clostridia	Eubacteriales	Oscillospiraceae	Ligaoa	Ligaoa zhengdingensis	0.7976917854718262	0.40172079963899865	0.5036040322282936	0.0
NR_181389.1	1	1390	62	1390	100.0	58.2417	38.6	36.5	2763657	Bacteria	Bacillati	Bacillota	Clostridia	Eubacteriales	Oscillospiraceae	Congzhengia	Congzhengia minquanensis	58.24172661870504	9.778436850264663	0.16789400689100106	0.07
NR_181390.1	1	1395	19	1395	100.0	17.0315	35.9	14.5	2763659	Bacteria	Bacillati	Bacillota	Clostridia	Eubacteriales	Oscillospiraceae	Fumia	Fumia xinanensis	17.031541218637994	4.084467666571524	0.23981785407076375	0.02
NR_181391.1	1	1334	5	1334	100.0	4.94453	40.4	49.4	2763670	Bacteria	Bacillati	Bacillota	Clostridia	Lachnospirales	Lachnospiraceae	Wujia	Wujia chipingensis	4.944527736131934	0.2681144283360802	0.05422447656160263	0.01
NR_181393.1	1	1380	1	1287	93.2609	0.932609	27.9	2.0	2763664	Bacteria	Bacillati	Bacillota	Clostridia	Lachnospirales	Lachnospiraceae	Jutongia	Jutongia hominis	0.9326086956521739	0.2506984572073084	0.26881419653930505	0.0
NR_181394.1	1	1417	2	1347	95.06	1.75794	39.9	1.0	2763668	Bacteria	Bacillati	Bacillota	Clostridia	Lachnospirales	Lachnospiraceae	Jutongia	Jutongia huaianensis	1.757939308398024	0.5312886178619578	0.30222238920529676	0.0
NR_181396.1	1	1409	1	1290	91.5543	0.915543	37.4	1.0	2763666	Bacteria	Bacillati	Bacillota	Clostridia	Lachnospirales	Lachnospiraceae	Zhenhengia	Zhenhengia yiwuensis	0.915542938254081	0.2780720526539201	0.30372366061191736	0.0
NR_181398.1	1	1390	17	1387	99.7842	15.846	38.2	24.2	2763667	Bacteria	Bacillati	Bacillota	Clostridia	Lachnospirales	Lachnospiraceae	Wansuia	Wansuia hejianensis	15.846043165467625	2.874478775074236	0.1814004130279301	0.02
NR_181399.1	1	1321	9	1319	99.8486	8.53596	37.8	6.33	2763644	Bacteria	Bacillati	Bacillota	Clostridia	Eubacteriales	Eubacteriales Family XIII. Incertae Sedis	Zhenpiania	Zhenpiania hominis	8.535957607872824	1.080605296784321	0.12659450133487832	0.01
NR_181400.1	1	1321	141	1321	100.0	135.245	39.3	1.74	2764712	Bacteria	Bacillati	Bacillota	Clostridia	Eubacteriales	Eubacteriales Family XIII. Incertae Sedis	Lentihominibacter	Lentihominibacter faecis	135.2445117335352	13.298586456790208	0.09832995281162817	0.16
NR_181401.1	1	1390	91	1390	100.0	85.4079	37.3	8.71	2763645	Bacteria	Bacillati	Bacillota	Clostridia	Eubacteriales	Eubacteriales Family XIII. Incertae Sedis	Lentihominibacter	Lentihominibacter hominis	85.40791366906475	11.096882475866538	0.12992803592960137	0.1
NR_181402.1	1	1381	1	1269	91.8899	0.918899	29.8	1.0	2763028	Bacteria	Bacillati	Bacillota	Clostridia	Lachnospirales	Lachnospiraceae	Blautia	Blautia intestinalis	0.9188993482983345	0.2729896261677923	0.2970832732369749	0.0
NR_181403.1	1	1303	17	1303	100.0	16.7751	39.1	34.0	2763061	Bacteria	Bacillati	Bacillota	Clostridia	Lachnospirales	Lachnospiraceae	Roseburia	Roseburia lenta	16.775134305448965	0.8765357541138145	0.05225208562587154	0.02
NR_181406.1	1	1532	2	1492	97.389	1.47911	39.1	1.0	2850322	Bacteria	Bacillati	Bacillota	Clostridia	Lachnospirales	Lachnospiraceae	Diplocloster	Diplocloster modestus	1.4791122715404699	0.5493478169144037	0.3714037314708149	0.0
NR_181407.1	1	1530	13	1522	99.4771	12.3536	36.8	3.54	2850323	Bacteria	Bacillati	Bacillota	Clostridia	Lachnospirales	Lachnospiraceae	Diplocloster	Diplocloster agilis	12.35359477124183	1.411369619129845	0.11424768622129321	0.01
NR_181426.1	1	1485	1	1471	99.0572	0.990572	35.5	57.0	2772559	Bacteria	Bacillati	Bacillota	Bacilli	Bacillales	Bacillaceae	Peribacillus	Peribacillus faecalis	0.9905723905723905	0.09663710264743118	0.09755683034088056	0.0
NR_181427.1	1	1537	2	1529	99.4795	1.9447	40.8	1.0	2815362	Bacteria	Pseudomonadati	Pseudomonadota	Gammaproteobacteria	Pseudomonadales	Pseudomonadaceae	Pseudomonas	Pseudomonas palmensis	1.94469746258946	0.2503079226900716	0.128713040205634	0.0
NR_181428.1	1	1514	1	1457	96.2351	0.962351	27.7	1.0	2773713	Bacteria	Bacillati	Actinomycetota	Actinomycetes	Micrococcales	Microbacteriaceae	Microbacterium	Microbacterium helvum	0.9623513870541611	0.19034493659956916	0.19779151270538622	0.0
NR_181431.1	1	1486	1	1455	97.9139	0.979139	39.7	27.0	2773426	Bacteria	Bacillati	Actinomycetota	Actinomycetes	Propionibacteriales	Nocardioidaceae	Nocardioides	Nocardioides malaquae	0.9791386271870794	0.14292017330412277	0.14596520792434806	0.0
NR_181434.1	1	1509	2	1504	99.6687	1.94235	36.6	5.0	2773677	Bacteria	Bacillati	Actinomycetota	Actinomycetes	Propionibacteriales	Propionibacteriaceae	Aestuariimicrobium	Aestuariimicrobium ganziense	1.9423459244532804	0.2468946908194387	0.12711159619465473	0.0
NR_181436.1	1	1501	2	1500	99.9334	1.8481	32.8	30.5	2775081	Bacteria	Bacillati	Actinomycetota	Actinomycetes	Propionibacteriales	Propionibacteriaceae	Propioniciclava	Propioniciclava soli	1.8481012658227849	0.36077410351800865	0.19521338478029235	0.0
NR_181459.1	1	1532	25	1528	99.7389	24.0281	37.9	12.5	2699469	Bacteria	Pseudomonadati	Pseudomonadota	Gammaproteobacteria	Moraxellales	Moraxellaceae	Acinetobacter	Acinetobacter kanungonis	24.028067885117494	2.2407036090922343	0.09325359075084358	0.03
NR_181460.1	1	1523	4	1517	99.606	3.91793	39.8	31.0	2733571	Bacteria	Bacillati	Actinomycetota	Actinomycetes	Actinomycetales	Actinomycetaceae	Trueperella	Trueperella pecoris	3.917925147734734	0.4137656321357957	0.10560835557949	0.0
NR_181465.1	1	1493	3	1448	96.9859	2.79303	39.9	1.0	2796471	Bacteria	Bacillati	Actinomycetota	Actinomycetes	Micrococcales	Microbacteriaceae	Leucobacter	Leucobacter chromiisoli	2.7930341594105825	0.6397460330294125	0.2290505581086122	0.0
NR_181472.1	1	1512	1	1486	98.2804	0.982804	41.4	45.0	2779528	Bacteria	Pseudomonadati	Campylobacterota	Epsilonproteobacteria	Campylobacterales	Sulfurovaceae	Sulfurovum	Sulfurovum indicum	0.9828042328042328	0.13000027994706975	0.13227484742931997	0.0
NR_181482.1	1	1452	1	1201	82.7135	0.827135	25.5	13.0	2781738	Bacteria	Pseudomonadati	Pseudomonadota	Alphaproteobacteria	Hyphomicrobiales	Phyllobacteriaceae	Aquamicrobium	Aquamicrobium zhengzhouense	0.8271349862258953	0.378130534057993	0.4571569820584562	0.0
NR_181489.1	1	1414	1	1111	78.5714	0.785714	40.4	1.0	2782243	Bacteria	Pseudomonadati	Campylobacterota	Epsilonproteobacteria	Campylobacterales	Arcobacteraceae	Arcobacter	Arcobacter vandammei	0.7857142857142857	0.41032590332414454	0.5222329678670931	0.0
NR_181490.1	1	1500	1	255	17.0	0.17	19.9	60.0	2782349	Bacteria	Pseudomonadati	Bacteroidota	Cytophagia	Cytophagales	Chryseotaleaceae	Chryseosolibacter	Chryseosolibacter histidini	0.17	0.37563279941985844	2.2096047024697554	0.0
NR_181492.1	1	1501	1	1167	77.7482	0.777482	22.3	9.0	2782351	Bacteria	Pseudomonadati	Bacteroidota	Cytophagia	Cytophagales	Chryseotaleaceae	Chryseosolibacter	Chryseosolibacter indicus	0.7774816788807462	0.41593739659415324	0.5349803190127027	0.0
NR_181520.1	1	1477	1	1400	94.7867	0.947867	45.8	2.0	2784339	Bacteria	Bacillati	Actinomycetota	Actinomycetes	Propionibacteriales	Nocardioidaceae	Nocardioides	Nocardioides acrostichi	0.9478672985781991	0.22229458577362216	0.23452078799117138	0.0
NR_181524.1	1	1414	1	1191	84.2291	0.842291	41.1	1.0	2816950	Bacteria	Pseudomonadati	Pseudomonadota	Betaproteobacteria	Burkholderiales	Comamonadaceae	Ottowia	Ottowia testudinis	0.8422913719943423	0.3644675797080317	0.4327096202411056	0.0
NR_181533.1	1	1462	1	824	56.3611	0.563611	40.0	1.0	2785627	Bacteria	Pseudomonadati	Pseudomonadota	Betaproteobacteria	Rhodocyclales	Rhodocyclaceae	Azospira	Azospira inquinata	0.5636114911080712	0.4959370708053676	0.8799271814532128	0.0
NR_181546.1	1	1508	10	1504	99.7347	8.98077	36.6	5.3	2800330	Bacteria	Pseudomonadati	Pseudomonadota	Betaproteobacteria	Burkholderiales	Alcaligenaceae	Advenella	Advenella mandrilli	8.98076923076923	1.98509738045148	0.22103868047853742	0.01
NR_181548.1	1	1545	1	1488	96.3107	0.963107	37.6	1.0	2822140	Bacteria	Bacillati	Bacillota	Bacilli	Bacillales	Bacillaceae	Bacillus	Bacillus suaedae	0.9631067961165048	0.18849958989532176	0.195720340314699	0.0
NR_181553.1	1	1294	1	1294	100.0	1.0	46.5	60.0	2794346	Bacteria	Bacillati	Bacillota	Clostridia	Eubacteriales	Clostridiaceae	Clostridium	Clostridium thailandense	1.0	0.0	0.0	0.0
NR_181570.1	1	1537	1	939	61.093	0.61093	22.9	1.0	2762577	Bacteria	Pseudomonadati	Pseudomonadota	Gammaproteobacteria	Pseudomonadales	Pseudomonadaceae	Pseudomonas	Pseudomonas kielensis	0.6109303838646715	0.48753917784690587	0.798027386954946	0.0
NR_181582.1	1	1523	1	1411	92.6461	0.926461	22.4	1.0	2782167	Bacteria	Bacillati	Actinomycetota	Actinomycetes	Micrococcales	Microbacteriaceae	Microbacterium	Microbacterium luteum	0.9264609323703218	0.26101929653157424	0.2817380500479005	0.0
NR_181584.1	1	1523	2	1506	98.8838	1.8759	29.5	1.0	2782168	Bacteria	Bacillati	Actinomycetota	Actinomycetes	Micrococcales	Microbacteriaceae	Microbacterium	Microbacterium atlanticum	1.875902823374918	0.3619688207496827	0.19295712775700619	0.0
NR_181586.1	1	1532	6	1507	98.3681	4.0111	41.0	4.5	2799636	Bacteria	Bacillati	Bacillota	Clostridia	Lachnospirales	Lachnospiraceae	Catonella	Catonella massiliensis	4.011096605744125	1.315902771081103	0.3280655891450366	0.01
NR_181589.1	1	1525	5	1291	84.6557	3.95738	38.2	1.2	1458426	Bacteria	Pseudomonadati	Pseudomonadota	Betaproteobacteria	Burkholderiales	Comamonadaceae	Serpentinimonas	Serpentinimonas maccroryi	3.957377049180328	1.81148060232176	0.4577477909760868	0.01
NR_181590.1	1	1525	4	1518	99.541	3.71803	37.8	1.25	1458427	Bacteria	Pseudomonadati	Pseudomonadota	Betaproteobacteria	Burkholderiales	Comamonadaceae	Serpentinimonas	Serpentinimonas barnesii	3.718032786885246	0.6139119915356418	0.1651174227675227	0.0
NR_181612.1	1	1481	5	1394	94.1256	4.37745	38.8	5.0	2804028	Bacteria	Bacillati	Bacillota	Clostridia	Eubacteriales	Clostridiaceae	Proteiniclasticum	Proteiniclasticum sediminis	4.37744767049291	1.288291099972242	0.2943018847846507	0.01
NR_181614.1	1	1345	8	1336	99.3309	7.40595	35.4	11.8	2817862	Bacteria	Bacillati	Bacillota	Clostridia	Eubacteriales	Clostridiaceae	Proteiniclasticum	Proteiniclasticum aestuarii	7.405947955390334	1.4116752726311672	0.19061371766779642	0.01
NR_181623.1	1	1400	1	1335	95.3571	0.953571	41.2	19.0	2822762	Bacteria	Pseudomonadati	Planctomycetota	Planctomycetia	Gemmatales	Gemmataceae	Gemmata	Gemmata palustris	0.9535714285714286	0.21041140459507837	0.22065615463154284	0.0
NR_181641.1	1	1535	350	1528	99.544	288.677	37.9	0.7	2796366	Bacteria	Pseudomonadati	Pseudomonadota	Betaproteobacteria	Burkholderiales	Comamonadaceae	Comamonas	Comamonas fluminis	288.6768729641694	96.80977596539125	0.33535688180122175	0.39
NR_181642.1	1	1535	518	1530	99.6743	455.694	38.0	4.61	2796366	Bacteria	Pseudomonadati	Pseudomonadota	Betaproteobacteria	Burkholderiales	Comamonadaceae	Comamonas	Comamonas fluminis	455.6944625407166	102.38473045931129	0.22467846084516147	0.58
NR_181643.1	1	1535	14	1528	99.544	12.2091	39.0	0.429	2796366	Bacteria	Pseudomonadati	Pseudomonadota	Betaproteobacteria	Burkholderiales	Comamonadaceae	Comamonas	Comamonas fluminis	12.209120521172638	3.17069976685482	0.25969927656593295	0.02
NR_181644.1	1	1535	91	1528	99.544	84.7557	37.7	2.73	2796366	Bacteria	Pseudomonadati	Pseudomonadota	Betaproteobacteria	Burkholderiales	Comamonadaceae	Comamonas	Comamonas fluminis	84.7557003257329	9.142782975418477	0.1078721896023625	0.1
NR_181645.1	1	1535	252	1529	99.6091	204.413	37.4	0.151	2796366	Bacteria	Pseudomonadati	Pseudomonadota	Betaproteobacteria	Burkholderiales	Comamonadaceae	Comamonas	Comamonas fluminis	204.4130293159609	72.07989658340786	0.3526188953053187	0.28
NR_181647.1	1	1444	39	1440	99.723	34.2292	40.3	13.0	2812850	Bacteria	Bacillati	Actinomycetota	Actinomycetes	Micrococcales	Microbacteriaceae	Leucobacter	Leucobacter soli	34.2292243767313	9.14060401618419	0.267040933080502	0.04
NR_181698.1	1	1486	1	1484	99.8654	0.998654	46.1	29.0	2806261	Bacteria	Bacillati	Actinomycetota	Actinomycetes	Micrococcales	Intrasporangiaceae	Janibacter	Janibacter endophyticus	0.9986541049798116	0.03666174555013799	0.03671115491071769	0.0
NR_181713.1	1	1525	2	1516	99.4098	1.83213	34.4	1.0	2796470	Bacteria	Bacillati	Bacillota	Bacilli	Bacillales	Paenibacillaceae	Brevibacillus	Brevibacillus composti	1.8321311475409836	0.3892199629022535	0.21244110358838103	0.0
NR_181721.1	1	1497	1	1450	96.8604	0.968604	35.2	0.0	2810036	Bacteria	Pseudomonadati	Spirochaetota	Spirochaetia	Leptospirales	Leptospiraceae	Leptospira	Leptospira abararensis	0.9686038744154977	0.17438580470550125	0.1800383100994037	0.0
NR_181722.1	1	1497	1	1473	98.3968	0.983968	34.7	1.0	2810035	Bacteria	Pseudomonadati	Spirochaetota	Spirochaetia	Leptospirales	Leptospiraceae	Leptospira	Leptospira chreensis	0.9839679358717435	0.12559871435665387	0.12764512925452196	0.0
NR_181727.1	1	1430	2	1426	99.7203	1.96783	34.9	60.0	2831900	Bacteria	Pseudomonadati	Pseudomonadota	Alphaproteobacteria	Caulobacterales	Caulobacteraceae	Pseudaquidulcibacter	Pseudaquidulcibacter saccharophilus	1.9678321678321677	0.19164411897018793	0.0973884470957245	0.0
NR_181736.1	1	1512	11	1509	99.8016	10.1567	36.8	2.09	2834113	Bacteria	Pseudomonadati	Bacteroidota	Bacteroidia	Bacteroidales	Rikenellaceae	Alistipes	Alistipes montrealensis	10.156746031746032	1.4723759706651292	0.1449653231520268	0.01
NR_181737.1	1	1518	28	1512	99.6047	26.5343	36.4	10.1	2697499	Bacteria	Bacillati	Actinomycetota	Actinomycetes	Mycobacteriales	Dietziaceae	Dietzia	Dietzia massiliensis	26.534255599472992	2.956616339177769	0.11142639099460892	0.03
NR_181747.1	1	1461	27	1405	96.167	22.2594	37.8	3.52	2837202	Bacteria	Bacillati	Bacillota	Clostridia	Eubacteriales	Peptococcaceae	Phosphitispora	Phosphitispora fastidiosa	22.259411362080765	8.201462411696228	0.36844920462126596	0.03
NR_181749.1	1	1512	2	1280	84.6561	1.55622	31.5	1.0	2600177	Bacteria	unclassified Bacteria kingdom	unclassified Bacteria phylum	Deltaproteobacteria	Bradymonadales	Microvenatoraceae	Microvenator	Microvenator marinus	1.5562169312169312	0.7441222772655454	0.47816102134530586	0.0
NR_181757.1	1	1381	9	1337	96.8139	8.50036	40.3	1.0	2841504	Bacteria	Bacillati	Bacillota	Clostridia	Eubacteriales	Oscillospiraceae	Dysosmobacter	Dysosmobacter acutus	8.50036205648081	1.771373015449794	0.2083879490873299	0.01
NR_181761.1	1	1367	1	1143	83.6138	0.836138	38.0	1.0	2841509	Bacteria	Bacillati	Bacillota	Clostridia	Eubacteriales	Butyricicoccaceae	Butyricicoccus	Butyricicoccus intestinisimiae	0.8361375274323336	0.37015072963817863	0.44269120508783044	0.0
NR_181763.1	1	1460	11	1457	99.7945	10.7123	42.6	1.64	2841534	Bacteria	Bacillati	Bacillota	Tissierellia	Tissierellales	Tissierellaceae	Tissierella	Tissierella simiarum	10.712328767123287	1.0920566503293798	0.10194390725581168	0.01
NR_181789.1	1	1495	1	753	50.3679	0.503679	44.6	1.0	2857064	Bacteria	Pseudomonadati	Pseudomonadota	Alphaproteobacteria	Emcibacterales	Emcibacteraceae	Pseudemcibacter	Pseudemcibacter aquimaris	0.5036789297658862	0.49998646529259044	0.9926690114374804	0.0
NR_181801.1	1	1523	1	1281	84.1103	0.841103	41.5	1.0	2834435	Bacteria	Bacillati	Actinomycetota	Actinomycetes	Bifidobacteriales	Bifidobacteriaceae	Bifidobacterium	Bifidobacterium miconis	0.8411030860144452	0.36557992930605804	0.4346434288314804	0.0
NR_181808.1	1	1526	1	212	13.8925	0.138925	15.5	0.0	2866212	Bacteria	Pseudomonadati	Bacteroidota	Chitinophagia	Chitinophagales	Chitinophagaceae	Chitinophaga	Chitinophaga rhizophila	0.13892529488859764	0.34586855498688246	2.489601013726333	0.0
NR_181809.1	1	1514	20	1506	99.4716	18.5522	39.2	4.9	2859781	Bacteria	Bacillati	Bacillota	Clostridia	Eubacteriales	Clostridiaceae	Clostridium	Clostridium weizhouense	18.55217965653897	2.892432823786046	0.15590797832569328	0.02
NR_181837.1	1	1488	40	1482	99.5968	39.0538	39.0	53.1	2870339	Bacteria	Pseudomonadati	Pseudomonadota	Betaproteobacteria	Burkholderiales	Comamonadaceae	Ottowia	Ottowia caeni	39.053763440860216	3.1095260898052373	0.07962167575767816	0.04
NR_181839.1	1	1310	2	1199	91.5267	1.82672	43.9	1.0	2867412	Bacteria	Pseudomonadati	Campylobacterota	Epsilonproteobacteria	Campylobacterales	Helicobacteraceae	Helicobacter	Helicobacter turcicus	1.8267175572519083	0.5592148841351623	0.3061310063589898	0.0
NR_181847.1	1	1486	1	1434	96.5007	0.965007	31.5	1.0	2870838	Bacteria	Pseudomonadati	Bacteroidota	Bacteroidia	Marinilabiliales	Prolixibacteraceae	Maribellus	Maribellus maritimus	0.9650067294751009	0.18376273164836782	0.19042637324231143	0.0
NR_181849.1	1	1533	1	1522	99.2825	0.992825	42.3	39.0	2872701	Bacteria	Pseudomonadati	Pseudomonadota	Gammaproteobacteria	Lysobacterales	Lysobacteraceae	Thermomonas	Thermomonas beijingensis	0.9928245270711024	0.0844037055889373	0.08501371922985604	0.0
NR_181857.1	1	1567	2	1272	81.1742	1.35163	41.8	0.5	2710591	Bacteria	Pseudomonadati	Pseudomonadota	Gammaproteobacteria	Pseudomonadales	Pseudomonadaceae	Pseudomonas	Pseudomonas arcuscaelestis	1.3516273133375878	0.7774967400728208	0.575230118835746	0.0
NR_181863.1	1	1484	1	1343	90.4987	0.904987	42.2	1.0	2859226	Bacteria	Bacillati	Actinomycetota	Actinomycetes	Micrococcales	Microbacteriaceae	Mycetocola	Mycetocola spongiae	0.9049865229110512	0.2932335524124362	0.3240198002829898	0.0
NR_181885.1	1	1463	6	1462	99.9316	5.61722	36.8	2.5	2885351	Bacteria	Bacillati	Bacillota	Clostridia	Lachnospirales	Lachnospiraceae	Hominisplanchenecus	Hominisplanchenecus faecis	5.617224880382775	0.9661551980515543	0.1719986681369462	0.01
NR_181897.1	1	1522	1	1501	98.6202	0.986202	36.4	1.0	2897774	Bacteria	Bacillati	Actinomycetota	Actinomycetes	Micrococcales	Ruaniaceae	Ruania	Ruania suaedae	0.9862023653088042	0.11665016060050842	0.11828217483942292	0.0
NR_181912.1	1	1353	2	1161	85.8093	1.67554	40.1	1.0	2905877	Bacteria	Pseudomonadati	Campylobacterota	Epsilonproteobacteria	Campylobacterales	Helicobacteraceae	Helicobacter	Helicobacter kayseriensis	1.6755358462675536	0.7092255733569663	0.42328284109041703	0.0
NR_181922.1	1	1538	3	1518	98.6996	2.60533	38.5	1.0	2929842	Bacteria	Pseudomonadati	Pseudomonadota	Betaproteobacteria	Rhodocyclales	Rhodocyclaceae	Rhodocyclus	Rhodocyclus gracilis	2.605331599479844	0.7823792032896302	0.30029927992499406	0.0
NR_181929.1	1	1423	56	1419	99.7189	53.0731	37.7	8.54	2930083	Bacteria	Bacillati	Actinomycetota	Coriobacteriia	Coriobacteriales	Atopobiaceae	Olsenella	Olsenella intestinalis	53.07308503162333	6.125554410447734	0.1154173420821091	0.06
NR_181938.1	1	1519	1	1205	79.3285	0.793285	42.3	3.0	2897352	Bacteria	Bacillati	Actinomycetota	Actinomycetes	Propionibacteriales	Nocardioidaceae	Nocardioides	Nocardioides alcanivorans	0.793285055957867	0.4049492263874471	0.5104712654626823	0.0
NR_181963.1	1	1319	139	1319	100.0	133.844	38.2	39.7	51515	Bacteria	Bacillati	Bacillota	Clostridia	Eubacteriales	Peptococcaceae	Dehalobacterium	Dehalobacterium formicoaceticum	133.84382107657316	10.453109390877978	0.0780993048972927	0.15
NR_181964.1	1	1555	4	1521	97.8135	3.5717	40.8	1.0	96561	Bacteria	Pseudomonadati	Thermodesulfobacteriota	Desulfobacteria	Desulfobacterales	Desulfosudaceae	Desulfosudis	Desulfosudis oleivorans	3.571704180064309	0.9491085626080606	0.2657298910434883	0.0
NR_181967.1	1	1462	3	1432	97.948	2.57592	37.2	8.67	1904031	Bacteria	Pseudomonadati	Pseudomonadota	Alphaproteobacteria	Holosporales	Holosporaceae	Holospora	Holospora caryophila	2.575923392612859	0.8048555211962064	0.3124532055201417	0.0
NR_181979.1	1	1508	1	1426	94.5623	0.945623	33.2	1.0	627089	Bacteria	Bacillati	Actinomycetota	Actinomycetes	Mycobacteriales	Mycobacteriaceae	Mycobacterium	Mycobacterium simulans	0.9456233421750663	0.2267594251816767	0.2397988872187717	0.0
NR_181987.1	1	1529	1	1479	96.7299	0.967299	14.2	3.0	2740579	Bacteria	Bacillati	Bacillota	Bacilli	Lactobacillales	Streptococcaceae	Streptococcus	Streptococcus vicugnae	0.9672988881621976	0.17785316731049006	0.18386578283822805	0.0
NR_181990.1	1	1515	1	750	49.505	0.49505	40.1	0.0	595434	Bacteria	Pseudomonadati	Planctomycetota	Planctomycetia	Pirellulales	Pirellulaceae	Rhodopirellula	Rhodopirellula islandica	0.49504950495049505	0.4999754919981234	1.0099504938362094	0.0
NR_181991.1	1	1521	1	1463	96.1867	0.961867	36.7	1.0	1987356	Bacteria	Bacillati	Actinomycetota	Actinomycetes	Micrococcales	Microbacteriaceae	Aurantimicrobium	Aurantimicrobium photophilum	0.9618671926364234	0.19151683050361346	0.19910943212303217	0.0
